case_id,repository,pr_number,language,code_changed_files,code_diff_excerpt,docs_before_excerpt,suggested_docs_update_required,suggested_doc_category,suggested_notes,human_docs_update_required,human_doc_category,human_label_notes,review_status,review_row_hash,review_context_hash,synthetic_category_by_design,source_project_key,mutation_template,patch_path
CRPP2-VAL-CONFIGURATION-141,controlled-v2/rbi-property-valuation-copy,9401701,csharp,"[""PropertyValuation/DocGuardContractLab-v2/configuration/contracts_05.json""]","--- a/PropertyValuation/DocGuardContractLab-v2/configuration/contracts_05.json
+++ b/PropertyValuation/DocGuardContractLab-v2/configuration/contracts_05.json
@@ -3,7 +3,7 @@
   ""contracts"": [
     {
       ""contractId"": ""VAL-CFG-141"",
-      ""default"": 171,
+      ""default"": 201,
       ""environmentVariable"": ""VAL_FEATURE_141_TIMEOUT_SECONDS"",
       ""key"": ""rbi_property_valuation.feature141.timeoutSeconds"",
       ""mode"": ""safe"",
","<!-- docs/docguard-contract-lab-v2/CONFIGURATION.md @ controlled-baseline:964bf0471796d05b -->
### VAL-CFG-141
- Configuration key: `rbi_property_valuation.feature141.timeoutSeconds`
- Environment variable: `VAL_FEATURE_141_TIMEOUT_SECONDS`
- Documented default: `171`
- Required: `false`
- Mode: `safe`
",True,configuration,Controlled design expectation: configuration; independent human/owner acceptance still required before merge.,True,configuration,"VAL-CFG-141: kod mijenja dokumentovanu konfiguraciju iz '171' u '201' (documented_default_change), dok docs-before eksplicitno navodi staru vrijednost; dokumentacija bi zato postala zastarjela.",approved,743cdc86bd02e2b70848bda0c6caf081b8a90ffe7dc5fac9b295717921c7141b,31a20782fcbb11126db1586a2b674e15fb11cfe546ca3326e0f582b258466958,configuration,rbi_property_valuation,documented_default_change,cases/patches/rbi_property_valuation/configuration/VAL-CFG-141.patch
CRPP2-VAL-CONFIGURATION-142,controlled-v2/rbi-property-valuation-copy,9401702,csharp,"[""PropertyValuation/DocGuardContractLab-v2/configuration/contracts_05.json""]","--- a/PropertyValuation/DocGuardContractLab-v2/configuration/contracts_05.json
+++ b/PropertyValuation/DocGuardContractLab-v2/configuration/contracts_05.json
@@ -12,7 +12,7 @@
     {
       ""contractId"": ""VAL-CFG-142"",
       ""default"": 172,
-      ""environmentVariable"": ""VAL_FEATURE_142_TIMEOUT_SECONDS"",
+      ""environmentVariable"": ""VAL_FEATURE_142_TIMEOUT_SECONDS_V2"",
       ""key"": ""rbi_property_valuation.feature142.timeoutSeconds"",
       ""mode"": ""safe"",
       ""required"": false
","<!-- docs/docguard-contract-lab-v2/CONFIGURATION.md @ controlled-baseline:964bf0471796d05b -->
### VAL-CFG-142
- Configuration key: `rbi_property_valuation.feature142.timeoutSeconds`
- Environment variable: `VAL_FEATURE_142_TIMEOUT_SECONDS`
- Documented default: `172`
- Required: `false`
- Mode: `safe`
",True,configuration,Controlled design expectation: configuration; independent human/owner acceptance still required before merge.,True,configuration,"VAL-CFG-142: kod mijenja dokumentovanu konfiguraciju iz 'VAL_FEATURE_142_TIMEOUT_SECONDS' u 'VAL_FEATURE_142_TIMEOUT_SECONDS_V2' (environment_variable_rename), dok docs-before eksplicitno navodi staru vrijednost; dokumentacija bi zato postala zastarjela.",approved,1f6a75986a9fd40e6d2994acaa28fb31bd62db7458278b7a3d34276229f3285d,14046234e15864e7e8a441023d70c5345b240985aa32f6cda3f01878126e97f1,configuration,rbi_property_valuation,environment_variable_rename,cases/patches/rbi_property_valuation/configuration/VAL-CFG-142.patch
CRPP2-VAL-CONFIGURATION-143,controlled-v2/rbi-property-valuation-copy,9401703,csharp,"[""PropertyValuation/DocGuardContractLab-v2/configuration/contracts_05.json""]","--- a/PropertyValuation/DocGuardContractLab-v2/configuration/contracts_05.json
+++ b/PropertyValuation/DocGuardContractLab-v2/configuration/contracts_05.json
@@ -23,7 +23,7 @@
       ""environmentVariable"": ""VAL_FEATURE_143_TIMEOUT_SECONDS"",
       ""key"": ""rbi_property_valuation.feature143.timeoutSeconds"",
       ""mode"": ""safe"",
-      ""required"": false
+      ""required"": true
     },
     {
       ""contractId"": ""VAL-CFG-144"",
","<!-- docs/docguard-contract-lab-v2/CONFIGURATION.md @ controlled-baseline:964bf0471796d05b -->
### VAL-CFG-143
- Configuration key: `rbi_property_valuation.feature143.timeoutSeconds`
- Environment variable: `VAL_FEATURE_143_TIMEOUT_SECONDS`
- Documented default: `173`
- Required: `false`
- Mode: `safe`
",True,configuration,Controlled design expectation: configuration; independent human/owner acceptance still required before merge.,True,configuration,"VAL-CFG-143: kod mijenja dokumentovanu konfiguraciju iz 'false' u 'true' (optional_to_required), dok docs-before eksplicitno navodi staru vrijednost; dokumentacija bi zato postala zastarjela.",approved,033d9ec1eb9a7993d181d12bae83efe8e811a23afeb232bbe73e438b57358c81,4d1eec74690a9b247d4e61f33414a309ec722965be72b9701615e1e9029427ec,configuration,rbi_property_valuation,optional_to_required,cases/patches/rbi_property_valuation/configuration/VAL-CFG-143.patch
CRPP2-VAL-CONFIGURATION-144,controlled-v2/rbi-property-valuation-copy,9401704,csharp,"[""PropertyValuation/DocGuardContractLab-v2/configuration/contracts_05.json""]","--- a/PropertyValuation/DocGuardContractLab-v2/configuration/contracts_05.json
+++ b/PropertyValuation/DocGuardContractLab-v2/configuration/contracts_05.json
@@ -30,7 +30,7 @@
       ""default"": 174,
       ""environmentVariable"": ""VAL_FEATURE_144_TIMEOUT_SECONDS"",
       ""key"": ""rbi_property_valuation.feature144.timeoutSeconds"",
-      ""mode"": ""safe"",
+      ""mode"": ""strict"",
       ""required"": false
     },
     {
","<!-- docs/docguard-contract-lab-v2/CONFIGURATION.md @ controlled-baseline:964bf0471796d05b -->
### VAL-CFG-144
- Configuration key: `rbi_property_valuation.feature144.timeoutSeconds`
- Environment variable: `VAL_FEATURE_144_TIMEOUT_SECONDS`
- Documented default: `174`
- Required: `false`
- Mode: `safe`
",True,configuration,Controlled design expectation: configuration; independent human/owner acceptance still required before merge.,True,configuration,"VAL-CFG-144: kod mijenja dokumentovanu konfiguraciju iz 'safe' u 'strict' (configuration_mode_change), dok docs-before eksplicitno navodi staru vrijednost; dokumentacija bi zato postala zastarjela.",approved,48a6900028fffd54d1bb29be224cbe86dcd5772c1b4f6b08dc7a138e76234f0c,5c4e736e795dd89b7b98f3cd96793b632c76d8625f0afb233c52adcbf893733b,configuration,rbi_property_valuation,configuration_mode_change,cases/patches/rbi_property_valuation/configuration/VAL-CFG-144.patch
CRPP2-VAL-CONFIGURATION-145,controlled-v2/rbi-property-valuation-copy,9401705,csharp,"[""PropertyValuation/DocGuardContractLab-v2/configuration/contracts_05.json""]","--- a/PropertyValuation/DocGuardContractLab-v2/configuration/contracts_05.json
+++ b/PropertyValuation/DocGuardContractLab-v2/configuration/contracts_05.json
@@ -35,7 +35,7 @@
     },
     {
       ""contractId"": ""VAL-CFG-145"",
-      ""default"": 175,
+      ""default"": 205,
       ""environmentVariable"": ""VAL_FEATURE_145_TIMEOUT_SECONDS"",
       ""key"": ""rbi_property_valuation.feature145.timeoutSeconds"",
       ""mode"": ""safe"",
","<!-- docs/docguard-contract-lab-v2/CONFIGURATION.md @ controlled-baseline:964bf0471796d05b -->
### VAL-CFG-145
- Configuration key: `rbi_property_valuation.feature145.timeoutSeconds`
- Environment variable: `VAL_FEATURE_145_TIMEOUT_SECONDS`
- Documented default: `175`
- Required: `false`
- Mode: `safe`
",True,configuration,Controlled design expectation: configuration; independent human/owner acceptance still required before merge.,True,configuration,"VAL-CFG-145: kod mijenja dokumentovanu konfiguraciju iz '175' u '205' (documented_default_change), dok docs-before eksplicitno navodi staru vrijednost; dokumentacija bi zato postala zastarjela.",approved,aa887b2223f649c33015ebd7bd2842c05eb3d036a105d84ebc312b11ab00d4a8,892005f0fba141896845d444dc5cff5f18ef2a53bc51a680b0a162525472703b,configuration,rbi_property_valuation,documented_default_change,cases/patches/rbi_property_valuation/configuration/VAL-CFG-145.patch
CRPP2-VAL-CONFIGURATION-146,controlled-v2/rbi-property-valuation-copy,9401706,csharp,"[""PropertyValuation/DocGuardContractLab-v2/configuration/contracts_05.json""]","--- a/PropertyValuation/DocGuardContractLab-v2/configuration/contracts_05.json
+++ b/PropertyValuation/DocGuardContractLab-v2/configuration/contracts_05.json
@@ -44,7 +44,7 @@
     {
       ""contractId"": ""VAL-CFG-146"",
       ""default"": 176,
-      ""environmentVariable"": ""VAL_FEATURE_146_TIMEOUT_SECONDS"",
+      ""environmentVariable"": ""VAL_FEATURE_146_TIMEOUT_SECONDS_V2"",
       ""key"": ""rbi_property_valuation.feature146.timeoutSeconds"",
       ""mode"": ""safe"",
       ""required"": false
","<!-- docs/docguard-contract-lab-v2/CONFIGURATION.md @ controlled-baseline:964bf0471796d05b -->
### VAL-CFG-146
- Configuration key: `rbi_property_valuation.feature146.timeoutSeconds`
- Environment variable: `VAL_FEATURE_146_TIMEOUT_SECONDS`
- Documented default: `176`
- Required: `false`
- Mode: `safe`
",True,configuration,Controlled design expectation: configuration; independent human/owner acceptance still required before merge.,True,configuration,"VAL-CFG-146: kod mijenja dokumentovanu konfiguraciju iz 'VAL_FEATURE_146_TIMEOUT_SECONDS' u 'VAL_FEATURE_146_TIMEOUT_SECONDS_V2' (environment_variable_rename), dok docs-before eksplicitno navodi staru vrijednost; dokumentacija bi zato postala zastarjela.",approved,378f7a176ad1d076ab6abfb9cf8c6f6ed10548b0f5e73c79ae645afa2176788d,963dbb7c852cf54d1644dee2e9cadedeef17d4dfa63ea630b6d5580efa482026,configuration,rbi_property_valuation,environment_variable_rename,cases/patches/rbi_property_valuation/configuration/VAL-CFG-146.patch
CRPP2-VAL-CONFIGURATION-147,controlled-v2/rbi-property-valuation-copy,9401707,csharp,"[""PropertyValuation/DocGuardContractLab-v2/configuration/contracts_05.json""]","--- a/PropertyValuation/DocGuardContractLab-v2/configuration/contracts_05.json
+++ b/PropertyValuation/DocGuardContractLab-v2/configuration/contracts_05.json
@@ -55,7 +55,7 @@
       ""environmentVariable"": ""VAL_FEATURE_147_TIMEOUT_SECONDS"",
       ""key"": ""rbi_property_valuation.feature147.timeoutSeconds"",
       ""mode"": ""safe"",
-      ""required"": false
+      ""required"": true
     },
     {
       ""contractId"": ""VAL-CFG-148"",
","<!-- docs/docguard-contract-lab-v2/CONFIGURATION.md @ controlled-baseline:964bf0471796d05b -->
### VAL-CFG-147
- Configuration key: `rbi_property_valuation.feature147.timeoutSeconds`
- Environment variable: `VAL_FEATURE_147_TIMEOUT_SECONDS`
- Documented default: `177`
- Required: `false`
- Mode: `safe`
",True,configuration,Controlled design expectation: configuration; independent human/owner acceptance still required before merge.,True,configuration,"VAL-CFG-147: kod mijenja dokumentovanu konfiguraciju iz 'false' u 'true' (optional_to_required), dok docs-before eksplicitno navodi staru vrijednost; dokumentacija bi zato postala zastarjela.",approved,d8effed9b20458ad1de0d090488490c2c5f712445ce426c63ebbc16acfdbcf94,596474f573ee8a24313abd7848fd7be8e03ef0003622ca76429fa2386b71b7fa,configuration,rbi_property_valuation,optional_to_required,cases/patches/rbi_property_valuation/configuration/VAL-CFG-147.patch
CRPP2-VAL-CONFIGURATION-148,controlled-v2/rbi-property-valuation-copy,9401708,csharp,"[""PropertyValuation/DocGuardContractLab-v2/configuration/contracts_05.json""]","--- a/PropertyValuation/DocGuardContractLab-v2/configuration/contracts_05.json
+++ b/PropertyValuation/DocGuardContractLab-v2/configuration/contracts_05.json
@@ -62,7 +62,7 @@
       ""default"": 178,
       ""environmentVariable"": ""VAL_FEATURE_148_TIMEOUT_SECONDS"",
       ""key"": ""rbi_property_valuation.feature148.timeoutSeconds"",
-      ""mode"": ""safe"",
+      ""mode"": ""strict"",
       ""required"": false
     },
     {
","<!-- docs/docguard-contract-lab-v2/CONFIGURATION.md @ controlled-baseline:964bf0471796d05b -->
### VAL-CFG-148
- Configuration key: `rbi_property_valuation.feature148.timeoutSeconds`
- Environment variable: `VAL_FEATURE_148_TIMEOUT_SECONDS`
- Documented default: `178`
- Required: `false`
- Mode: `safe`
",True,configuration,Controlled design expectation: configuration; independent human/owner acceptance still required before merge.,True,configuration,"VAL-CFG-148: kod mijenja dokumentovanu konfiguraciju iz 'safe' u 'strict' (configuration_mode_change), dok docs-before eksplicitno navodi staru vrijednost; dokumentacija bi zato postala zastarjela.",approved,ed1e09502965544920a0cda3c6e04cddd4f32d6edf5d5460fc7322428a81e308,b7ced0198fcdfc77e027f77a69085189b22488016fdb49afb01317be4f1df8c1,configuration,rbi_property_valuation,configuration_mode_change,cases/patches/rbi_property_valuation/configuration/VAL-CFG-148.patch
CRPP2-VAL-CONFIGURATION-149,controlled-v2/rbi-property-valuation-copy,9401709,csharp,"[""PropertyValuation/DocGuardContractLab-v2/configuration/contracts_05.json""]","--- a/PropertyValuation/DocGuardContractLab-v2/configuration/contracts_05.json
+++ b/PropertyValuation/DocGuardContractLab-v2/configuration/contracts_05.json
@@ -67,7 +67,7 @@
     },
     {
       ""contractId"": ""VAL-CFG-149"",
-      ""default"": 179,
+      ""default"": 209,
       ""environmentVariable"": ""VAL_FEATURE_149_TIMEOUT_SECONDS"",
       ""key"": ""rbi_property_valuation.feature149.timeoutSeconds"",
       ""mode"": ""safe"",
","<!-- docs/docguard-contract-lab-v2/CONFIGURATION.md @ controlled-baseline:964bf0471796d05b -->
### VAL-CFG-149
- Configuration key: `rbi_property_valuation.feature149.timeoutSeconds`
- Environment variable: `VAL_FEATURE_149_TIMEOUT_SECONDS`
- Documented default: `179`
- Required: `false`
- Mode: `safe`
",True,configuration,Controlled design expectation: configuration; independent human/owner acceptance still required before merge.,True,configuration,"VAL-CFG-149: kod mijenja dokumentovanu konfiguraciju iz '179' u '209' (documented_default_change), dok docs-before eksplicitno navodi staru vrijednost; dokumentacija bi zato postala zastarjela.",approved,cef0808f9f31f805c8797c9bf2d9ea7f099e76f5051ecc486f8a08c459360025,fa62ffb63a770e23f33e28ec352987173b9ac16dc61cf96b01e3ea7bc62373a3,configuration,rbi_property_valuation,documented_default_change,cases/patches/rbi_property_valuation/configuration/VAL-CFG-149.patch
CRPP2-VAL-CONFIGURATION-150,controlled-v2/rbi-property-valuation-copy,9401710,csharp,"[""PropertyValuation/DocGuardContractLab-v2/configuration/contracts_05.json""]","--- a/PropertyValuation/DocGuardContractLab-v2/configuration/contracts_05.json
+++ b/PropertyValuation/DocGuardContractLab-v2/configuration/contracts_05.json
@@ -76,7 +76,7 @@
     {
       ""contractId"": ""VAL-CFG-150"",
       ""default"": 180,
-      ""environmentVariable"": ""VAL_FEATURE_150_TIMEOUT_SECONDS"",
+      ""environmentVariable"": ""VAL_FEATURE_150_TIMEOUT_SECONDS_V2"",
       ""key"": ""rbi_property_valuation.feature150.timeoutSeconds"",
       ""mode"": ""safe"",
       ""required"": false
","<!-- docs/docguard-contract-lab-v2/CONFIGURATION.md @ controlled-baseline:964bf0471796d05b -->
### VAL-CFG-150
- Configuration key: `rbi_property_valuation.feature150.timeoutSeconds`
- Environment variable: `VAL_FEATURE_150_TIMEOUT_SECONDS`
- Documented default: `180`
- Required: `false`
- Mode: `safe`
",True,configuration,Controlled design expectation: configuration; independent human/owner acceptance still required before merge.,True,configuration,"VAL-CFG-150: kod mijenja dokumentovanu konfiguraciju iz 'VAL_FEATURE_150_TIMEOUT_SECONDS' u 'VAL_FEATURE_150_TIMEOUT_SECONDS_V2' (environment_variable_rename), dok docs-before eksplicitno navodi staru vrijednost; dokumentacija bi zato postala zastarjela.",approved,dfc1120b8631ba6b90d515e5f3767ddc9c24bf03366b3c45369782a8fe1cc27b,5b6ad38d2ffabb07b2503b008c2b542b972d579f0fb6650da47049c5c534f569,configuration,rbi_property_valuation,environment_variable_rename,cases/patches/rbi_property_valuation/configuration/VAL-CFG-150.patch
CRPP2-VAL-CONFIGURATION-151,controlled-v2/rbi-property-valuation-copy,9401711,csharp,"[""PropertyValuation/DocGuardContractLab-v2/configuration/contracts_06.json""]","--- a/PropertyValuation/DocGuardContractLab-v2/configuration/contracts_06.json
+++ b/PropertyValuation/DocGuardContractLab-v2/configuration/contracts_06.json
@@ -7,7 +7,7 @@
       ""environmentVariable"": ""VAL_FEATURE_151_TIMEOUT_SECONDS"",
       ""key"": ""rbi_property_valuation.feature151.timeoutSeconds"",
       ""mode"": ""safe"",
-      ""required"": false
+      ""required"": true
     },
     {
       ""contractId"": ""VAL-CFG-152"",
","<!-- docs/docguard-contract-lab-v2/CONFIGURATION.md @ controlled-baseline:964bf0471796d05b -->
### VAL-CFG-151
- Configuration key: `rbi_property_valuation.feature151.timeoutSeconds`
- Environment variable: `VAL_FEATURE_151_TIMEOUT_SECONDS`
- Documented default: `181`
- Required: `false`
- Mode: `safe`
",True,configuration,Controlled design expectation: configuration; independent human/owner acceptance still required before merge.,True,configuration,"VAL-CFG-151: kod mijenja dokumentovanu konfiguraciju iz 'false' u 'true' (optional_to_required), dok docs-before eksplicitno navodi staru vrijednost; dokumentacija bi zato postala zastarjela.",approved,4028cb666275264f719c83f39f86e3b2149ffa5f888af9c2e4657ef232f9a872,ec2f3274684254d1e714aa2ca99acb2518b1f05a3fb4ac037fc4bab0d58f5006,configuration,rbi_property_valuation,optional_to_required,cases/patches/rbi_property_valuation/configuration/VAL-CFG-151.patch
CRPP2-VAL-CONFIGURATION-152,controlled-v2/rbi-property-valuation-copy,9401712,csharp,"[""PropertyValuation/DocGuardContractLab-v2/configuration/contracts_06.json""]","--- a/PropertyValuation/DocGuardContractLab-v2/configuration/contracts_06.json
+++ b/PropertyValuation/DocGuardContractLab-v2/configuration/contracts_06.json
@@ -14,7 +14,7 @@
       ""default"": 182,
       ""environmentVariable"": ""VAL_FEATURE_152_TIMEOUT_SECONDS"",
       ""key"": ""rbi_property_valuation.feature152.timeoutSeconds"",
-      ""mode"": ""safe"",
+      ""mode"": ""strict"",
       ""required"": false
     },
     {
","<!-- docs/docguard-contract-lab-v2/CONFIGURATION.md @ controlled-baseline:964bf0471796d05b -->
### VAL-CFG-152
- Configuration key: `rbi_property_valuation.feature152.timeoutSeconds`
- Environment variable: `VAL_FEATURE_152_TIMEOUT_SECONDS`
- Documented default: `182`
- Required: `false`
- Mode: `safe`
",True,configuration,Controlled design expectation: configuration; independent human/owner acceptance still required before merge.,True,configuration,"VAL-CFG-152: kod mijenja dokumentovanu konfiguraciju iz 'safe' u 'strict' (configuration_mode_change), dok docs-before eksplicitno navodi staru vrijednost; dokumentacija bi zato postala zastarjela.",approved,2635a86b01b7b7afe1a78a8d8b4af0523b8dd32df4c21ebbbab2836533cd2f6d,dbdc1b38195d994dd2134e8426f9ff72a52667fcb153210755b16960c214685a,configuration,rbi_property_valuation,configuration_mode_change,cases/patches/rbi_property_valuation/configuration/VAL-CFG-152.patch
CRPP2-VAL-CONFIGURATION-153,controlled-v2/rbi-property-valuation-copy,9401713,csharp,"[""PropertyValuation/DocGuardContractLab-v2/configuration/contracts_06.json""]","--- a/PropertyValuation/DocGuardContractLab-v2/configuration/contracts_06.json
+++ b/PropertyValuation/DocGuardContractLab-v2/configuration/contracts_06.json
@@ -19,7 +19,7 @@
     },
     {
       ""contractId"": ""VAL-CFG-153"",
-      ""default"": 183,
+      ""default"": 213,
       ""environmentVariable"": ""VAL_FEATURE_153_TIMEOUT_SECONDS"",
       ""key"": ""rbi_property_valuation.feature153.timeoutSeconds"",
       ""mode"": ""safe"",
","<!-- docs/docguard-contract-lab-v2/CONFIGURATION.md @ controlled-baseline:964bf0471796d05b -->
### VAL-CFG-153
- Configuration key: `rbi_property_valuation.feature153.timeoutSeconds`
- Environment variable: `VAL_FEATURE_153_TIMEOUT_SECONDS`
- Documented default: `183`
- Required: `false`
- Mode: `safe`
",True,configuration,Controlled design expectation: configuration; independent human/owner acceptance still required before merge.,True,configuration,"VAL-CFG-153: kod mijenja dokumentovanu konfiguraciju iz '183' u '213' (documented_default_change), dok docs-before eksplicitno navodi staru vrijednost; dokumentacija bi zato postala zastarjela.",approved,5be5dce5b8b2814798e9efeac98c0472d8f90811a5c838c2c27537671fcbcf33,1d4b505a4cf0eeb6afbc0d0a14f6402f64a05769092dcf9cb553527bd305f28f,configuration,rbi_property_valuation,documented_default_change,cases/patches/rbi_property_valuation/configuration/VAL-CFG-153.patch
CRPP2-VAL-CONFIGURATION-154,controlled-v2/rbi-property-valuation-copy,9401714,csharp,"[""PropertyValuation/DocGuardContractLab-v2/configuration/contracts_06.json""]","--- a/PropertyValuation/DocGuardContractLab-v2/configuration/contracts_06.json
+++ b/PropertyValuation/DocGuardContractLab-v2/configuration/contracts_06.json
@@ -28,7 +28,7 @@
     {
       ""contractId"": ""VAL-CFG-154"",
       ""default"": 184,
-      ""environmentVariable"": ""VAL_FEATURE_154_TIMEOUT_SECONDS"",
+      ""environmentVariable"": ""VAL_FEATURE_154_TIMEOUT_SECONDS_V2"",
       ""key"": ""rbi_property_valuation.feature154.timeoutSeconds"",
       ""mode"": ""safe"",
       ""required"": false
","<!-- docs/docguard-contract-lab-v2/CONFIGURATION.md @ controlled-baseline:964bf0471796d05b -->
### VAL-CFG-154
- Configuration key: `rbi_property_valuation.feature154.timeoutSeconds`
- Environment variable: `VAL_FEATURE_154_TIMEOUT_SECONDS`
- Documented default: `184`
- Required: `false`
- Mode: `safe`
",True,configuration,Controlled design expectation: configuration; independent human/owner acceptance still required before merge.,True,configuration,"VAL-CFG-154: kod mijenja dokumentovanu konfiguraciju iz 'VAL_FEATURE_154_TIMEOUT_SECONDS' u 'VAL_FEATURE_154_TIMEOUT_SECONDS_V2' (environment_variable_rename), dok docs-before eksplicitno navodi staru vrijednost; dokumentacija bi zato postala zastarjela.",approved,ea4b156154e57f3baf632d6ce0ad088b430e90c44371691884b6953f83374f67,7c54a3d2aba18490a1196f74fe8bef2b156486be1281c5c18f2c706d77a0125d,configuration,rbi_property_valuation,environment_variable_rename,cases/patches/rbi_property_valuation/configuration/VAL-CFG-154.patch
CRPP2-VAL-CONFIGURATION-155,controlled-v2/rbi-property-valuation-copy,9401715,csharp,"[""PropertyValuation/DocGuardContractLab-v2/configuration/contracts_06.json""]","--- a/PropertyValuation/DocGuardContractLab-v2/configuration/contracts_06.json
+++ b/PropertyValuation/DocGuardContractLab-v2/configuration/contracts_06.json
@@ -39,7 +39,7 @@
       ""environmentVariable"": ""VAL_FEATURE_155_TIMEOUT_SECONDS"",
       ""key"": ""rbi_property_valuation.feature155.timeoutSeconds"",
       ""mode"": ""safe"",
-      ""required"": false
+      ""required"": true
     },
     {
       ""contractId"": ""VAL-CFG-156"",
","<!-- docs/docguard-contract-lab-v2/CONFIGURATION.md @ controlled-baseline:964bf0471796d05b -->
### VAL-CFG-155
- Configuration key: `rbi_property_valuation.feature155.timeoutSeconds`
- Environment variable: `VAL_FEATURE_155_TIMEOUT_SECONDS`
- Documented default: `185`
- Required: `false`
- Mode: `safe`
",True,configuration,Controlled design expectation: configuration; independent human/owner acceptance still required before merge.,True,configuration,"VAL-CFG-155: kod mijenja dokumentovanu konfiguraciju iz 'false' u 'true' (optional_to_required), dok docs-before eksplicitno navodi staru vrijednost; dokumentacija bi zato postala zastarjela.",approved,76d8819e1fa109a95dba34575d0959fc0cfe7999c18caf2ca9298880ca8b17fd,2eabb4a5249e027c63ae576774226c07fb4aff230fec1d59cf7e21d620b8140d,configuration,rbi_property_valuation,optional_to_required,cases/patches/rbi_property_valuation/configuration/VAL-CFG-155.patch
CRPP2-VAL-CONFIGURATION-156,controlled-v2/rbi-property-valuation-copy,9401716,csharp,"[""PropertyValuation/DocGuardContractLab-v2/configuration/contracts_06.json""]","--- a/PropertyValuation/DocGuardContractLab-v2/configuration/contracts_06.json
+++ b/PropertyValuation/DocGuardContractLab-v2/configuration/contracts_06.json
@@ -46,7 +46,7 @@
       ""default"": 186,
       ""environmentVariable"": ""VAL_FEATURE_156_TIMEOUT_SECONDS"",
       ""key"": ""rbi_property_valuation.feature156.timeoutSeconds"",
-      ""mode"": ""safe"",
+      ""mode"": ""strict"",
       ""required"": false
     },
     {
","<!-- docs/docguard-contract-lab-v2/CONFIGURATION.md @ controlled-baseline:964bf0471796d05b -->
### VAL-CFG-156
- Configuration key: `rbi_property_valuation.feature156.timeoutSeconds`
- Environment variable: `VAL_FEATURE_156_TIMEOUT_SECONDS`
- Documented default: `186`
- Required: `false`
- Mode: `safe`
",True,configuration,Controlled design expectation: configuration; independent human/owner acceptance still required before merge.,True,configuration,"VAL-CFG-156: kod mijenja dokumentovanu konfiguraciju iz 'safe' u 'strict' (configuration_mode_change), dok docs-before eksplicitno navodi staru vrijednost; dokumentacija bi zato postala zastarjela.",approved,63a6a9a8a27b2e81e2e3860ec206e37151014f78613c5fb5e4d711c9d76bb227,0373b7e627ef6037d08f581023b3a10c78d1f1a412bace99213d20d189b3b50b,configuration,rbi_property_valuation,configuration_mode_change,cases/patches/rbi_property_valuation/configuration/VAL-CFG-156.patch
CRPP2-VAL-CONFIGURATION-157,controlled-v2/rbi-property-valuation-copy,9401717,csharp,"[""PropertyValuation/DocGuardContractLab-v2/configuration/contracts_06.json""]","--- a/PropertyValuation/DocGuardContractLab-v2/configuration/contracts_06.json
+++ b/PropertyValuation/DocGuardContractLab-v2/configuration/contracts_06.json
@@ -51,7 +51,7 @@
     },
     {
       ""contractId"": ""VAL-CFG-157"",
-      ""default"": 187,
+      ""default"": 217,
       ""environmentVariable"": ""VAL_FEATURE_157_TIMEOUT_SECONDS"",
       ""key"": ""rbi_property_valuation.feature157.timeoutSeconds"",
       ""mode"": ""safe"",
","<!-- docs/docguard-contract-lab-v2/CONFIGURATION.md @ controlled-baseline:964bf0471796d05b -->
### VAL-CFG-157
- Configuration key: `rbi_property_valuation.feature157.timeoutSeconds`
- Environment variable: `VAL_FEATURE_157_TIMEOUT_SECONDS`
- Documented default: `187`
- Required: `false`
- Mode: `safe`
",True,configuration,Controlled design expectation: configuration; independent human/owner acceptance still required before merge.,True,configuration,"VAL-CFG-157: kod mijenja dokumentovanu konfiguraciju iz '187' u '217' (documented_default_change), dok docs-before eksplicitno navodi staru vrijednost; dokumentacija bi zato postala zastarjela.",approved,ce4eef0695bdfbbba5ac181735be8aa23083e228060c629919a2d9fc334ca1dd,48944007598fc653786389242e6f7fa18e258a6c8a774e1194ec9494d5c6642b,configuration,rbi_property_valuation,documented_default_change,cases/patches/rbi_property_valuation/configuration/VAL-CFG-157.patch
CRPP2-VAL-CONFIGURATION-158,controlled-v2/rbi-property-valuation-copy,9401718,csharp,"[""PropertyValuation/DocGuardContractLab-v2/configuration/contracts_06.json""]","--- a/PropertyValuation/DocGuardContractLab-v2/configuration/contracts_06.json
+++ b/PropertyValuation/DocGuardContractLab-v2/configuration/contracts_06.json
@@ -60,7 +60,7 @@
     {
       ""contractId"": ""VAL-CFG-158"",
       ""default"": 188,
-      ""environmentVariable"": ""VAL_FEATURE_158_TIMEOUT_SECONDS"",
+      ""environmentVariable"": ""VAL_FEATURE_158_TIMEOUT_SECONDS_V2"",
       ""key"": ""rbi_property_valuation.feature158.timeoutSeconds"",
       ""mode"": ""safe"",
       ""required"": false
","<!-- docs/docguard-contract-lab-v2/CONFIGURATION.md @ controlled-baseline:964bf0471796d05b -->
### VAL-CFG-158
- Configuration key: `rbi_property_valuation.feature158.timeoutSeconds`
- Environment variable: `VAL_FEATURE_158_TIMEOUT_SECONDS`
- Documented default: `188`
- Required: `false`
- Mode: `safe`
",True,configuration,Controlled design expectation: configuration; independent human/owner acceptance still required before merge.,True,configuration,"VAL-CFG-158: kod mijenja dokumentovanu konfiguraciju iz 'VAL_FEATURE_158_TIMEOUT_SECONDS' u 'VAL_FEATURE_158_TIMEOUT_SECONDS_V2' (environment_variable_rename), dok docs-before eksplicitno navodi staru vrijednost; dokumentacija bi zato postala zastarjela.",approved,fb45313b0c6bc93c18f1997738943c7888f5180ec45d0d6f74735757195da48d,60b3fb7dfa6536e84668486edbb3042a9687a31526e48cbf0aaaf139a0b401f9,configuration,rbi_property_valuation,environment_variable_rename,cases/patches/rbi_property_valuation/configuration/VAL-CFG-158.patch
CRPP2-VAL-CONFIGURATION-159,controlled-v2/rbi-property-valuation-copy,9401719,csharp,"[""PropertyValuation/DocGuardContractLab-v2/configuration/contracts_06.json""]","--- a/PropertyValuation/DocGuardContractLab-v2/configuration/contracts_06.json
+++ b/PropertyValuation/DocGuardContractLab-v2/configuration/contracts_06.json
@@ -71,7 +71,7 @@
       ""environmentVariable"": ""VAL_FEATURE_159_TIMEOUT_SECONDS"",
       ""key"": ""rbi_property_valuation.feature159.timeoutSeconds"",
       ""mode"": ""safe"",
-      ""required"": false
+      ""required"": true
     },
     {
       ""contractId"": ""VAL-CFG-160"",
","<!-- docs/docguard-contract-lab-v2/CONFIGURATION.md @ controlled-baseline:964bf0471796d05b -->
### VAL-CFG-159
- Configuration key: `rbi_property_valuation.feature159.timeoutSeconds`
- Environment variable: `VAL_FEATURE_159_TIMEOUT_SECONDS`
- Documented default: `189`
- Required: `false`
- Mode: `safe`
",True,configuration,Controlled design expectation: configuration; independent human/owner acceptance still required before merge.,True,configuration,"VAL-CFG-159: kod mijenja dokumentovanu konfiguraciju iz 'false' u 'true' (optional_to_required), dok docs-before eksplicitno navodi staru vrijednost; dokumentacija bi zato postala zastarjela.",approved,ca83e90ef45673aa7f7fba072980f502c038346062ab60d65c18a2afe013ee36,4fe7f6aea53ada4a488cccaf546f460e63709d6646abc640b4e97e1c5ee20e24,configuration,rbi_property_valuation,optional_to_required,cases/patches/rbi_property_valuation/configuration/VAL-CFG-159.patch
CRPP2-VAL-CONFIGURATION-160,controlled-v2/rbi-property-valuation-copy,9401720,csharp,"[""PropertyValuation/DocGuardContractLab-v2/configuration/contracts_06.json""]","--- a/PropertyValuation/DocGuardContractLab-v2/configuration/contracts_06.json
+++ b/PropertyValuation/DocGuardContractLab-v2/configuration/contracts_06.json
@@ -78,7 +78,7 @@
       ""default"": 190,
       ""environmentVariable"": ""VAL_FEATURE_160_TIMEOUT_SECONDS"",
       ""key"": ""rbi_property_valuation.feature160.timeoutSeconds"",
-      ""mode"": ""safe"",
+      ""mode"": ""strict"",
       ""required"": false
     }
   ],
","<!-- docs/docguard-contract-lab-v2/CONFIGURATION.md @ controlled-baseline:964bf0471796d05b -->
### VAL-CFG-160
- Configuration key: `rbi_property_valuation.feature160.timeoutSeconds`
- Environment variable: `VAL_FEATURE_160_TIMEOUT_SECONDS`
- Documented default: `190`
- Required: `false`
- Mode: `safe`
",True,configuration,Controlled design expectation: configuration; independent human/owner acceptance still required before merge.,True,configuration,"VAL-CFG-160: kod mijenja dokumentovanu konfiguraciju iz 'safe' u 'strict' (configuration_mode_change), dok docs-before eksplicitno navodi staru vrijednost; dokumentacija bi zato postala zastarjela.",approved,a0f1b1b8d18cc09f0d5763fda98436449082ad7e8b5c06da8b706b50d31a8a9d,a8a45c58c264b31af4ec3754d764869a5b886277bcd83367cef0333ec106a14a,configuration,rbi_property_valuation,configuration_mode_change,cases/patches/rbi_property_valuation/configuration/VAL-CFG-160.patch
CRPP2-VAL-CONFIGURATION-161,controlled-v2/rbi-property-valuation-copy,9401721,csharp,"[""PropertyValuation/DocGuardContractLab-v2/configuration/contracts_07.json""]","--- a/PropertyValuation/DocGuardContractLab-v2/configuration/contracts_07.json
+++ b/PropertyValuation/DocGuardContractLab-v2/configuration/contracts_07.json
@@ -3,7 +3,7 @@
   ""contracts"": [
     {
       ""contractId"": ""VAL-CFG-161"",
-      ""default"": 191,
+      ""default"": 221,
       ""environmentVariable"": ""VAL_FEATURE_161_TIMEOUT_SECONDS"",
       ""key"": ""rbi_property_valuation.feature161.timeoutSeconds"",
       ""mode"": ""safe"",
","<!-- docs/docguard-contract-lab-v2/CONFIGURATION.md @ controlled-baseline:964bf0471796d05b -->
### VAL-CFG-161
- Configuration key: `rbi_property_valuation.feature161.timeoutSeconds`
- Environment variable: `VAL_FEATURE_161_TIMEOUT_SECONDS`
- Documented default: `191`
- Required: `false`
- Mode: `safe`
",True,configuration,Controlled design expectation: configuration; independent human/owner acceptance still required before merge.,True,configuration,"VAL-CFG-161: kod mijenja dokumentovanu konfiguraciju iz '191' u '221' (documented_default_change), dok docs-before eksplicitno navodi staru vrijednost; dokumentacija bi zato postala zastarjela.",approved,ce2defce77d56c64dfd961d8f64ce0d6a5c04c97bd79b1d6bcaed12af75890e9,4c9a071a431c866b01fba502992628e067c079d976d43549cedf7dbdf254dae0,configuration,rbi_property_valuation,documented_default_change,cases/patches/rbi_property_valuation/configuration/VAL-CFG-161.patch
CRPP2-VAL-CONFIGURATION-162,controlled-v2/rbi-property-valuation-copy,9401722,csharp,"[""PropertyValuation/DocGuardContractLab-v2/configuration/contracts_07.json""]","--- a/PropertyValuation/DocGuardContractLab-v2/configuration/contracts_07.json
+++ b/PropertyValuation/DocGuardContractLab-v2/configuration/contracts_07.json
@@ -12,7 +12,7 @@
     {
       ""contractId"": ""VAL-CFG-162"",
       ""default"": 192,
-      ""environmentVariable"": ""VAL_FEATURE_162_TIMEOUT_SECONDS"",
+      ""environmentVariable"": ""VAL_FEATURE_162_TIMEOUT_SECONDS_V2"",
       ""key"": ""rbi_property_valuation.feature162.timeoutSeconds"",
       ""mode"": ""safe"",
       ""required"": false
","<!-- docs/docguard-contract-lab-v2/CONFIGURATION.md @ controlled-baseline:964bf0471796d05b -->
### VAL-CFG-162
- Configuration key: `rbi_property_valuation.feature162.timeoutSeconds`
- Environment variable: `VAL_FEATURE_162_TIMEOUT_SECONDS`
- Documented default: `192`
- Required: `false`
- Mode: `safe`
",True,configuration,Controlled design expectation: configuration; independent human/owner acceptance still required before merge.,True,configuration,"VAL-CFG-162: kod mijenja dokumentovanu konfiguraciju iz 'VAL_FEATURE_162_TIMEOUT_SECONDS' u 'VAL_FEATURE_162_TIMEOUT_SECONDS_V2' (environment_variable_rename), dok docs-before eksplicitno navodi staru vrijednost; dokumentacija bi zato postala zastarjela.",approved,b2c0eab8320b23ac577dac3b46cc5f546d9ae1d89746a8234545a5db244797bd,538aa7d13ecc483bc5ad16a2d944352e3ecfe7f91cc9f852d75accabfa5bb36d,configuration,rbi_property_valuation,environment_variable_rename,cases/patches/rbi_property_valuation/configuration/VAL-CFG-162.patch
CRPP2-VAL-CONFIGURATION-163,controlled-v2/rbi-property-valuation-copy,9401723,csharp,"[""PropertyValuation/DocGuardContractLab-v2/configuration/contracts_07.json""]","--- a/PropertyValuation/DocGuardContractLab-v2/configuration/contracts_07.json
+++ b/PropertyValuation/DocGuardContractLab-v2/configuration/contracts_07.json
@@ -23,7 +23,7 @@
       ""environmentVariable"": ""VAL_FEATURE_163_TIMEOUT_SECONDS"",
       ""key"": ""rbi_property_valuation.feature163.timeoutSeconds"",
       ""mode"": ""safe"",
-      ""required"": false
+      ""required"": true
     },
     {
       ""contractId"": ""VAL-CFG-164"",
","<!-- docs/docguard-contract-lab-v2/CONFIGURATION.md @ controlled-baseline:964bf0471796d05b -->
### VAL-CFG-163
- Configuration key: `rbi_property_valuation.feature163.timeoutSeconds`
- Environment variable: `VAL_FEATURE_163_TIMEOUT_SECONDS`
- Documented default: `193`
- Required: `false`
- Mode: `safe`
",True,configuration,Controlled design expectation: configuration; independent human/owner acceptance still required before merge.,True,configuration,"VAL-CFG-163: kod mijenja dokumentovanu konfiguraciju iz 'false' u 'true' (optional_to_required), dok docs-before eksplicitno navodi staru vrijednost; dokumentacija bi zato postala zastarjela.",approved,b0ec3b22de6c9625abbbca82899ddd40968d91fd810f7b65ce8c97be64c2fba6,2605e4ab2f33b878fbd4cf93d8d2eee52a8b8561c23b78ebaaaf3bd0001fb44f,configuration,rbi_property_valuation,optional_to_required,cases/patches/rbi_property_valuation/configuration/VAL-CFG-163.patch
CRPP2-VAL-CONFIGURATION-164,controlled-v2/rbi-property-valuation-copy,9401724,csharp,"[""PropertyValuation/DocGuardContractLab-v2/configuration/contracts_07.json""]","--- a/PropertyValuation/DocGuardContractLab-v2/configuration/contracts_07.json
+++ b/PropertyValuation/DocGuardContractLab-v2/configuration/contracts_07.json
@@ -30,7 +30,7 @@
       ""default"": 194,
       ""environmentVariable"": ""VAL_FEATURE_164_TIMEOUT_SECONDS"",
       ""key"": ""rbi_property_valuation.feature164.timeoutSeconds"",
-      ""mode"": ""safe"",
+      ""mode"": ""strict"",
       ""required"": false
     },
     {
","<!-- docs/docguard-contract-lab-v2/CONFIGURATION.md @ controlled-baseline:964bf0471796d05b -->
### VAL-CFG-164
- Configuration key: `rbi_property_valuation.feature164.timeoutSeconds`
- Environment variable: `VAL_FEATURE_164_TIMEOUT_SECONDS`
- Documented default: `194`
- Required: `false`
- Mode: `safe`
",True,configuration,Controlled design expectation: configuration; independent human/owner acceptance still required before merge.,True,configuration,"VAL-CFG-164: kod mijenja dokumentovanu konfiguraciju iz 'safe' u 'strict' (configuration_mode_change), dok docs-before eksplicitno navodi staru vrijednost; dokumentacija bi zato postala zastarjela.",approved,323c68fff80ab5f3eff61f42f8d3b3f0e8693374ee3e2534ffe13c6e13ab9b56,46eeb82912caff24f0a694830ec722e117eaa5682a24261923721b282761f852,configuration,rbi_property_valuation,configuration_mode_change,cases/patches/rbi_property_valuation/configuration/VAL-CFG-164.patch
CRPP2-VAL-CONFIGURATION-165,controlled-v2/rbi-property-valuation-copy,9401725,csharp,"[""PropertyValuation/DocGuardContractLab-v2/configuration/contracts_07.json""]","--- a/PropertyValuation/DocGuardContractLab-v2/configuration/contracts_07.json
+++ b/PropertyValuation/DocGuardContractLab-v2/configuration/contracts_07.json
@@ -35,7 +35,7 @@
     },
     {
       ""contractId"": ""VAL-CFG-165"",
-      ""default"": 195,
+      ""default"": 225,
       ""environmentVariable"": ""VAL_FEATURE_165_TIMEOUT_SECONDS"",
       ""key"": ""rbi_property_valuation.feature165.timeoutSeconds"",
       ""mode"": ""safe"",
","<!-- docs/docguard-contract-lab-v2/CONFIGURATION.md @ controlled-baseline:964bf0471796d05b -->
### VAL-CFG-165
- Configuration key: `rbi_property_valuation.feature165.timeoutSeconds`
- Environment variable: `VAL_FEATURE_165_TIMEOUT_SECONDS`
- Documented default: `195`
- Required: `false`
- Mode: `safe`
",True,configuration,Controlled design expectation: configuration; independent human/owner acceptance still required before merge.,True,configuration,"VAL-CFG-165: kod mijenja dokumentovanu konfiguraciju iz '195' u '225' (documented_default_change), dok docs-before eksplicitno navodi staru vrijednost; dokumentacija bi zato postala zastarjela.",approved,2bd3713be37efe206895c58ebcf133081265ffe606754ac97951adfc13a20067,e9d361065eda057b166e6d2bef7f69db2b23ee5c6c8dc32489a85b7e350130e4,configuration,rbi_property_valuation,documented_default_change,cases/patches/rbi_property_valuation/configuration/VAL-CFG-165.patch
CRPP2-VAL-CONFIGURATION-166,controlled-v2/rbi-property-valuation-copy,9401726,csharp,"[""PropertyValuation/DocGuardContractLab-v2/configuration/contracts_07.json""]","--- a/PropertyValuation/DocGuardContractLab-v2/configuration/contracts_07.json
+++ b/PropertyValuation/DocGuardContractLab-v2/configuration/contracts_07.json
@@ -44,7 +44,7 @@
     {
       ""contractId"": ""VAL-CFG-166"",
       ""default"": 196,
-      ""environmentVariable"": ""VAL_FEATURE_166_TIMEOUT_SECONDS"",
+      ""environmentVariable"": ""VAL_FEATURE_166_TIMEOUT_SECONDS_V2"",
       ""key"": ""rbi_property_valuation.feature166.timeoutSeconds"",
       ""mode"": ""safe"",
       ""required"": false
","<!-- docs/docguard-contract-lab-v2/CONFIGURATION.md @ controlled-baseline:964bf0471796d05b -->
### VAL-CFG-166
- Configuration key: `rbi_property_valuation.feature166.timeoutSeconds`
- Environment variable: `VAL_FEATURE_166_TIMEOUT_SECONDS`
- Documented default: `196`
- Required: `false`
- Mode: `safe`
",True,configuration,Controlled design expectation: configuration; independent human/owner acceptance still required before merge.,True,configuration,"VAL-CFG-166: kod mijenja dokumentovanu konfiguraciju iz 'VAL_FEATURE_166_TIMEOUT_SECONDS' u 'VAL_FEATURE_166_TIMEOUT_SECONDS_V2' (environment_variable_rename), dok docs-before eksplicitno navodi staru vrijednost; dokumentacija bi zato postala zastarjela.",approved,972268ed193f39f64bc202ac22cab1ad3d898b39a8b4a8b8b3bdfd1822b1eadf,d54b5363947dcb834aa6a08d626af36dd2af3577cd1fc55a619f8725aeea0004,configuration,rbi_property_valuation,environment_variable_rename,cases/patches/rbi_property_valuation/configuration/VAL-CFG-166.patch
CRPP2-VAL-CONFIGURATION-167,controlled-v2/rbi-property-valuation-copy,9401727,csharp,"[""PropertyValuation/DocGuardContractLab-v2/configuration/contracts_07.json""]","--- a/PropertyValuation/DocGuardContractLab-v2/configuration/contracts_07.json
+++ b/PropertyValuation/DocGuardContractLab-v2/configuration/contracts_07.json
@@ -55,7 +55,7 @@
       ""environmentVariable"": ""VAL_FEATURE_167_TIMEOUT_SECONDS"",
       ""key"": ""rbi_property_valuation.feature167.timeoutSeconds"",
       ""mode"": ""safe"",
-      ""required"": false
+      ""required"": true
     },
     {
       ""contractId"": ""VAL-CFG-168"",
","<!-- docs/docguard-contract-lab-v2/CONFIGURATION.md @ controlled-baseline:964bf0471796d05b -->
### VAL-CFG-167
- Configuration key: `rbi_property_valuation.feature167.timeoutSeconds`
- Environment variable: `VAL_FEATURE_167_TIMEOUT_SECONDS`
- Documented default: `197`
- Required: `false`
- Mode: `safe`
",True,configuration,Controlled design expectation: configuration; independent human/owner acceptance still required before merge.,True,configuration,"VAL-CFG-167: kod mijenja dokumentovanu konfiguraciju iz 'false' u 'true' (optional_to_required), dok docs-before eksplicitno navodi staru vrijednost; dokumentacija bi zato postala zastarjela.",approved,e50d703b53cab3a425021cebc55d40a71af8d7f62bed90100fe655f14111778f,0109d778f2ec0b8369a6a8e54dfb6466dc17f68d6dd0892508665997a3c2b1ca,configuration,rbi_property_valuation,optional_to_required,cases/patches/rbi_property_valuation/configuration/VAL-CFG-167.patch
CRPP2-VAL-CONFIGURATION-168,controlled-v2/rbi-property-valuation-copy,9401728,csharp,"[""PropertyValuation/DocGuardContractLab-v2/configuration/contracts_07.json""]","--- a/PropertyValuation/DocGuardContractLab-v2/configuration/contracts_07.json
+++ b/PropertyValuation/DocGuardContractLab-v2/configuration/contracts_07.json
@@ -62,7 +62,7 @@
       ""default"": 198,
       ""environmentVariable"": ""VAL_FEATURE_168_TIMEOUT_SECONDS"",
       ""key"": ""rbi_property_valuation.feature168.timeoutSeconds"",
-      ""mode"": ""safe"",
+      ""mode"": ""strict"",
       ""required"": false
     },
     {
","<!-- docs/docguard-contract-lab-v2/CONFIGURATION.md @ controlled-baseline:964bf0471796d05b -->
### VAL-CFG-168
- Configuration key: `rbi_property_valuation.feature168.timeoutSeconds`
- Environment variable: `VAL_FEATURE_168_TIMEOUT_SECONDS`
- Documented default: `198`
- Required: `false`
- Mode: `safe`
",True,configuration,Controlled design expectation: configuration; independent human/owner acceptance still required before merge.,True,configuration,"VAL-CFG-168: kod mijenja dokumentovanu konfiguraciju iz 'safe' u 'strict' (configuration_mode_change), dok docs-before eksplicitno navodi staru vrijednost; dokumentacija bi zato postala zastarjela.",approved,520bd9905c050e57735c45f5d59b1e9f78cc28f32247d1071c2019c74a77afa8,1e05715199f61b551112bbbebe5f5681ca65831eccf51cda425aee38d340fe3d,configuration,rbi_property_valuation,configuration_mode_change,cases/patches/rbi_property_valuation/configuration/VAL-CFG-168.patch
CRPP2-VAL-CONFIGURATION-169,controlled-v2/rbi-property-valuation-copy,9401729,csharp,"[""PropertyValuation/DocGuardContractLab-v2/configuration/contracts_07.json""]","--- a/PropertyValuation/DocGuardContractLab-v2/configuration/contracts_07.json
+++ b/PropertyValuation/DocGuardContractLab-v2/configuration/contracts_07.json
@@ -67,7 +67,7 @@
     },
     {
       ""contractId"": ""VAL-CFG-169"",
-      ""default"": 199,
+      ""default"": 229,
       ""environmentVariable"": ""VAL_FEATURE_169_TIMEOUT_SECONDS"",
       ""key"": ""rbi_property_valuation.feature169.timeoutSeconds"",
       ""mode"": ""safe"",
","<!-- docs/docguard-contract-lab-v2/CONFIGURATION.md @ controlled-baseline:964bf0471796d05b -->
### VAL-CFG-169
- Configuration key: `rbi_property_valuation.feature169.timeoutSeconds`
- Environment variable: `VAL_FEATURE_169_TIMEOUT_SECONDS`
- Documented default: `199`
- Required: `false`
- Mode: `safe`
",True,configuration,Controlled design expectation: configuration; independent human/owner acceptance still required before merge.,True,configuration,"VAL-CFG-169: kod mijenja dokumentovanu konfiguraciju iz '199' u '229' (documented_default_change), dok docs-before eksplicitno navodi staru vrijednost; dokumentacija bi zato postala zastarjela.",approved,5c8a673ea2d069fef7e43c7aa16dc2e1d4fefc14cc9c784ad31b75bf5f994b6b,b2300c2579b25e108439f4450d14867f8c6507f08023bed9888ba860da6dc9f0,configuration,rbi_property_valuation,documented_default_change,cases/patches/rbi_property_valuation/configuration/VAL-CFG-169.patch
CRPP2-VAL-CONFIGURATION-170,controlled-v2/rbi-property-valuation-copy,9401730,csharp,"[""PropertyValuation/DocGuardContractLab-v2/configuration/contracts_07.json""]","--- a/PropertyValuation/DocGuardContractLab-v2/configuration/contracts_07.json
+++ b/PropertyValuation/DocGuardContractLab-v2/configuration/contracts_07.json
@@ -76,7 +76,7 @@
     {
       ""contractId"": ""VAL-CFG-170"",
       ""default"": 200,
-      ""environmentVariable"": ""VAL_FEATURE_170_TIMEOUT_SECONDS"",
+      ""environmentVariable"": ""VAL_FEATURE_170_TIMEOUT_SECONDS_V2"",
       ""key"": ""rbi_property_valuation.feature170.timeoutSeconds"",
       ""mode"": ""safe"",
       ""required"": false
","<!-- docs/docguard-contract-lab-v2/CONFIGURATION.md @ controlled-baseline:964bf0471796d05b -->
### VAL-CFG-170
- Configuration key: `rbi_property_valuation.feature170.timeoutSeconds`
- Environment variable: `VAL_FEATURE_170_TIMEOUT_SECONDS`
- Documented default: `200`
- Required: `false`
- Mode: `safe`
",True,configuration,Controlled design expectation: configuration; independent human/owner acceptance still required before merge.,True,configuration,"VAL-CFG-170: kod mijenja dokumentovanu konfiguraciju iz 'VAL_FEATURE_170_TIMEOUT_SECONDS' u 'VAL_FEATURE_170_TIMEOUT_SECONDS_V2' (environment_variable_rename), dok docs-before eksplicitno navodi staru vrijednost; dokumentacija bi zato postala zastarjela.",approved,41d6e55025a6285d0f2e4380e137797b754c41f9f1f4c513b623314657cc8b33,a6fa53a43b39a4bb87e5d224446c67249029fcb3cb58d194e0eace13147d4fa7,configuration,rbi_property_valuation,environment_variable_rename,cases/patches/rbi_property_valuation/configuration/VAL-CFG-170.patch
CRPP2-VAL-CONFIGURATION-171,controlled-v2/rbi-property-valuation-copy,9401731,csharp,"[""PropertyValuation/DocGuardContractLab-v2/configuration/contracts_08.json""]","--- a/PropertyValuation/DocGuardContractLab-v2/configuration/contracts_08.json
+++ b/PropertyValuation/DocGuardContractLab-v2/configuration/contracts_08.json
@@ -7,7 +7,7 @@
       ""environmentVariable"": ""VAL_FEATURE_171_TIMEOUT_SECONDS"",
       ""key"": ""rbi_property_valuation.feature171.timeoutSeconds"",
       ""mode"": ""safe"",
-      ""required"": false
+      ""required"": true
     },
     {
       ""contractId"": ""VAL-CFG-172"",
","<!-- docs/docguard-contract-lab-v2/CONFIGURATION.md @ controlled-baseline:964bf0471796d05b -->
### VAL-CFG-171
- Configuration key: `rbi_property_valuation.feature171.timeoutSeconds`
- Environment variable: `VAL_FEATURE_171_TIMEOUT_SECONDS`
- Documented default: `201`
- Required: `false`
- Mode: `safe`
",True,configuration,Controlled design expectation: configuration; independent human/owner acceptance still required before merge.,True,configuration,"VAL-CFG-171: kod mijenja dokumentovanu konfiguraciju iz 'false' u 'true' (optional_to_required), dok docs-before eksplicitno navodi staru vrijednost; dokumentacija bi zato postala zastarjela.",approved,08a39088fa880050d1237771f7088f4ce82f5546daccbea2e297a4ecef45cfd5,c1ea62febf1c6f7158ebcd189a4c3a8339ba5ff214ff96aecea06b57645de70e,configuration,rbi_property_valuation,optional_to_required,cases/patches/rbi_property_valuation/configuration/VAL-CFG-171.patch
CRPP2-VAL-CONFIGURATION-172,controlled-v2/rbi-property-valuation-copy,9401732,csharp,"[""PropertyValuation/DocGuardContractLab-v2/configuration/contracts_08.json""]","--- a/PropertyValuation/DocGuardContractLab-v2/configuration/contracts_08.json
+++ b/PropertyValuation/DocGuardContractLab-v2/configuration/contracts_08.json
@@ -14,7 +14,7 @@
       ""default"": 202,
       ""environmentVariable"": ""VAL_FEATURE_172_TIMEOUT_SECONDS"",
       ""key"": ""rbi_property_valuation.feature172.timeoutSeconds"",
-      ""mode"": ""safe"",
+      ""mode"": ""strict"",
       ""required"": false
     },
     {
","<!-- docs/docguard-contract-lab-v2/CONFIGURATION.md @ controlled-baseline:964bf0471796d05b -->
### VAL-CFG-172
- Configuration key: `rbi_property_valuation.feature172.timeoutSeconds`
- Environment variable: `VAL_FEATURE_172_TIMEOUT_SECONDS`
- Documented default: `202`
- Required: `false`
- Mode: `safe`
",True,configuration,Controlled design expectation: configuration; independent human/owner acceptance still required before merge.,True,configuration,"VAL-CFG-172: kod mijenja dokumentovanu konfiguraciju iz 'safe' u 'strict' (configuration_mode_change), dok docs-before eksplicitno navodi staru vrijednost; dokumentacija bi zato postala zastarjela.",approved,cb3f94bb3869d4e27335c581cc9f6441c4a7c68cdfc65d13e7b8e8a3fa577243,aeffec181e2fd946a5bbaa6b207e963ae9803393e3ccea2675e845dbc6ed58dc,configuration,rbi_property_valuation,configuration_mode_change,cases/patches/rbi_property_valuation/configuration/VAL-CFG-172.patch
CRPP2-VAL-CONFIGURATION-173,controlled-v2/rbi-property-valuation-copy,9401733,csharp,"[""PropertyValuation/DocGuardContractLab-v2/configuration/contracts_08.json""]","--- a/PropertyValuation/DocGuardContractLab-v2/configuration/contracts_08.json
+++ b/PropertyValuation/DocGuardContractLab-v2/configuration/contracts_08.json
@@ -19,7 +19,7 @@
     },
     {
       ""contractId"": ""VAL-CFG-173"",
-      ""default"": 203,
+      ""default"": 233,
       ""environmentVariable"": ""VAL_FEATURE_173_TIMEOUT_SECONDS"",
       ""key"": ""rbi_property_valuation.feature173.timeoutSeconds"",
       ""mode"": ""safe"",
","<!-- docs/docguard-contract-lab-v2/CONFIGURATION.md @ controlled-baseline:964bf0471796d05b -->
### VAL-CFG-173
- Configuration key: `rbi_property_valuation.feature173.timeoutSeconds`
- Environment variable: `VAL_FEATURE_173_TIMEOUT_SECONDS`
- Documented default: `203`
- Required: `false`
- Mode: `safe`
",True,configuration,Controlled design expectation: configuration; independent human/owner acceptance still required before merge.,True,configuration,"VAL-CFG-173: kod mijenja dokumentovanu konfiguraciju iz '203' u '233' (documented_default_change), dok docs-before eksplicitno navodi staru vrijednost; dokumentacija bi zato postala zastarjela.",approved,a8b89959e074b84c7af7c1428c67e46c84889f87e68af1225e6956ae99666ae8,8e562bb678754b761a32e43268f96f1ed983e4db6400b2d8ec0458dbb7510cfc,configuration,rbi_property_valuation,documented_default_change,cases/patches/rbi_property_valuation/configuration/VAL-CFG-173.patch
CRPP2-VAL-CONFIGURATION-174,controlled-v2/rbi-property-valuation-copy,9401734,csharp,"[""PropertyValuation/DocGuardContractLab-v2/configuration/contracts_08.json""]","--- a/PropertyValuation/DocGuardContractLab-v2/configuration/contracts_08.json
+++ b/PropertyValuation/DocGuardContractLab-v2/configuration/contracts_08.json
@@ -28,7 +28,7 @@
     {
       ""contractId"": ""VAL-CFG-174"",
       ""default"": 204,
-      ""environmentVariable"": ""VAL_FEATURE_174_TIMEOUT_SECONDS"",
+      ""environmentVariable"": ""VAL_FEATURE_174_TIMEOUT_SECONDS_V2"",
       ""key"": ""rbi_property_valuation.feature174.timeoutSeconds"",
       ""mode"": ""safe"",
       ""required"": false
","<!-- docs/docguard-contract-lab-v2/CONFIGURATION.md @ controlled-baseline:964bf0471796d05b -->
### VAL-CFG-174
- Configuration key: `rbi_property_valuation.feature174.timeoutSeconds`
- Environment variable: `VAL_FEATURE_174_TIMEOUT_SECONDS`
- Documented default: `204`
- Required: `false`
- Mode: `safe`
",True,configuration,Controlled design expectation: configuration; independent human/owner acceptance still required before merge.,True,configuration,"VAL-CFG-174: kod mijenja dokumentovanu konfiguraciju iz 'VAL_FEATURE_174_TIMEOUT_SECONDS' u 'VAL_FEATURE_174_TIMEOUT_SECONDS_V2' (environment_variable_rename), dok docs-before eksplicitno navodi staru vrijednost; dokumentacija bi zato postala zastarjela.",approved,18a9f200e0df9f9cafa2ed73e332fc9225d99bd3ecd9ad64d9b937ea35f12f63,c9df49301af65377e4061ba8679b1f337846459e273ab5cfa79b25e4e87f1263,configuration,rbi_property_valuation,environment_variable_rename,cases/patches/rbi_property_valuation/configuration/VAL-CFG-174.patch
CRPP2-VAL-CONFIGURATION-175,controlled-v2/rbi-property-valuation-copy,9401735,csharp,"[""PropertyValuation/DocGuardContractLab-v2/configuration/contracts_08.json""]","--- a/PropertyValuation/DocGuardContractLab-v2/configuration/contracts_08.json
+++ b/PropertyValuation/DocGuardContractLab-v2/configuration/contracts_08.json
@@ -39,7 +39,7 @@
       ""environmentVariable"": ""VAL_FEATURE_175_TIMEOUT_SECONDS"",
       ""key"": ""rbi_property_valuation.feature175.timeoutSeconds"",
       ""mode"": ""safe"",
-      ""required"": false
+      ""required"": true
     },
     {
       ""contractId"": ""VAL-CFG-176"",
","<!-- docs/docguard-contract-lab-v2/CONFIGURATION.md @ controlled-baseline:964bf0471796d05b -->
### VAL-CFG-175
- Configuration key: `rbi_property_valuation.feature175.timeoutSeconds`
- Environment variable: `VAL_FEATURE_175_TIMEOUT_SECONDS`
- Documented default: `205`
- Required: `false`
- Mode: `safe`
",True,configuration,Controlled design expectation: configuration; independent human/owner acceptance still required before merge.,True,configuration,"VAL-CFG-175: kod mijenja dokumentovanu konfiguraciju iz 'false' u 'true' (optional_to_required), dok docs-before eksplicitno navodi staru vrijednost; dokumentacija bi zato postala zastarjela.",approved,276d175e1c7dc61d916f476aa654185ea1a0bf1c053d134277ee91b55c983e62,43bba602c22c2f426ddc3bc1df3ca2250a8724b5a9e49d42def8f561f5d57165,configuration,rbi_property_valuation,optional_to_required,cases/patches/rbi_property_valuation/configuration/VAL-CFG-175.patch
CRPP2-VAL-CONFIGURATION-176,controlled-v2/rbi-property-valuation-copy,9401736,csharp,"[""PropertyValuation/DocGuardContractLab-v2/configuration/contracts_08.json""]","--- a/PropertyValuation/DocGuardContractLab-v2/configuration/contracts_08.json
+++ b/PropertyValuation/DocGuardContractLab-v2/configuration/contracts_08.json
@@ -46,7 +46,7 @@
       ""default"": 206,
       ""environmentVariable"": ""VAL_FEATURE_176_TIMEOUT_SECONDS"",
       ""key"": ""rbi_property_valuation.feature176.timeoutSeconds"",
-      ""mode"": ""safe"",
+      ""mode"": ""strict"",
       ""required"": false
     },
     {
","<!-- docs/docguard-contract-lab-v2/CONFIGURATION.md @ controlled-baseline:964bf0471796d05b -->
### VAL-CFG-176
- Configuration key: `rbi_property_valuation.feature176.timeoutSeconds`
- Environment variable: `VAL_FEATURE_176_TIMEOUT_SECONDS`
- Documented default: `206`
- Required: `false`
- Mode: `safe`
",True,configuration,Controlled design expectation: configuration; independent human/owner acceptance still required before merge.,True,configuration,"VAL-CFG-176: kod mijenja dokumentovanu konfiguraciju iz 'safe' u 'strict' (configuration_mode_change), dok docs-before eksplicitno navodi staru vrijednost; dokumentacija bi zato postala zastarjela.",approved,b54ecad177a2651a57ebddeb1f6432b2a0bb46c55b0eb2872b97c01a8641f34f,e392141344c78a160416369b3b867f8f483d6db820595e3299a702fe95a06818,configuration,rbi_property_valuation,configuration_mode_change,cases/patches/rbi_property_valuation/configuration/VAL-CFG-176.patch
CRPP2-VAL-CONFIGURATION-177,controlled-v2/rbi-property-valuation-copy,9401737,csharp,"[""PropertyValuation/DocGuardContractLab-v2/configuration/contracts_08.json""]","--- a/PropertyValuation/DocGuardContractLab-v2/configuration/contracts_08.json
+++ b/PropertyValuation/DocGuardContractLab-v2/configuration/contracts_08.json
@@ -51,7 +51,7 @@
     },
     {
       ""contractId"": ""VAL-CFG-177"",
-      ""default"": 207,
+      ""default"": 237,
       ""environmentVariable"": ""VAL_FEATURE_177_TIMEOUT_SECONDS"",
       ""key"": ""rbi_property_valuation.feature177.timeoutSeconds"",
       ""mode"": ""safe"",
","<!-- docs/docguard-contract-lab-v2/CONFIGURATION.md @ controlled-baseline:964bf0471796d05b -->
### VAL-CFG-177
- Configuration key: `rbi_property_valuation.feature177.timeoutSeconds`
- Environment variable: `VAL_FEATURE_177_TIMEOUT_SECONDS`
- Documented default: `207`
- Required: `false`
- Mode: `safe`
",True,configuration,Controlled design expectation: configuration; independent human/owner acceptance still required before merge.,True,configuration,"VAL-CFG-177: kod mijenja dokumentovanu konfiguraciju iz '207' u '237' (documented_default_change), dok docs-before eksplicitno navodi staru vrijednost; dokumentacija bi zato postala zastarjela.",approved,25749c8a6608ac77249cfeefd5adedae91ad8cf9b3f19fe94ef27dab5b880d05,330d9d5de3ef932645ec6681a84f6ff650a5b38732df4d66cc393cb08bc14e4e,configuration,rbi_property_valuation,documented_default_change,cases/patches/rbi_property_valuation/configuration/VAL-CFG-177.patch
CRPP2-VAL-CONFIGURATION-178,controlled-v2/rbi-property-valuation-copy,9401738,csharp,"[""PropertyValuation/DocGuardContractLab-v2/configuration/contracts_08.json""]","--- a/PropertyValuation/DocGuardContractLab-v2/configuration/contracts_08.json
+++ b/PropertyValuation/DocGuardContractLab-v2/configuration/contracts_08.json
@@ -60,7 +60,7 @@
     {
       ""contractId"": ""VAL-CFG-178"",
       ""default"": 208,
-      ""environmentVariable"": ""VAL_FEATURE_178_TIMEOUT_SECONDS"",
+      ""environmentVariable"": ""VAL_FEATURE_178_TIMEOUT_SECONDS_V2"",
       ""key"": ""rbi_property_valuation.feature178.timeoutSeconds"",
       ""mode"": ""safe"",
       ""required"": false
","<!-- docs/docguard-contract-lab-v2/CONFIGURATION.md @ controlled-baseline:964bf0471796d05b -->
### VAL-CFG-178
- Configuration key: `rbi_property_valuation.feature178.timeoutSeconds`
- Environment variable: `VAL_FEATURE_178_TIMEOUT_SECONDS`
- Documented default: `208`
- Required: `false`
- Mode: `safe`
",True,configuration,Controlled design expectation: configuration; independent human/owner acceptance still required before merge.,True,configuration,"VAL-CFG-178: kod mijenja dokumentovanu konfiguraciju iz 'VAL_FEATURE_178_TIMEOUT_SECONDS' u 'VAL_FEATURE_178_TIMEOUT_SECONDS_V2' (environment_variable_rename), dok docs-before eksplicitno navodi staru vrijednost; dokumentacija bi zato postala zastarjela.",approved,ec5fb6c8ce4461de232af4583355d098fbf1e5c1f971166bc09f091a29a0d047,b973f59bba2a0761b99bc1872407dca9ca7e0f8d184f95a031d6ada82c5c716d,configuration,rbi_property_valuation,environment_variable_rename,cases/patches/rbi_property_valuation/configuration/VAL-CFG-178.patch
CRPP2-VAL-CONFIGURATION-179,controlled-v2/rbi-property-valuation-copy,9401739,csharp,"[""PropertyValuation/DocGuardContractLab-v2/configuration/contracts_08.json""]","--- a/PropertyValuation/DocGuardContractLab-v2/configuration/contracts_08.json
+++ b/PropertyValuation/DocGuardContractLab-v2/configuration/contracts_08.json
@@ -71,7 +71,7 @@
       ""environmentVariable"": ""VAL_FEATURE_179_TIMEOUT_SECONDS"",
       ""key"": ""rbi_property_valuation.feature179.timeoutSeconds"",
       ""mode"": ""safe"",
-      ""required"": false
+      ""required"": true
     },
     {
       ""contractId"": ""VAL-CFG-180"",
","<!-- docs/docguard-contract-lab-v2/CONFIGURATION.md @ controlled-baseline:964bf0471796d05b -->
### VAL-CFG-179
- Configuration key: `rbi_property_valuation.feature179.timeoutSeconds`
- Environment variable: `VAL_FEATURE_179_TIMEOUT_SECONDS`
- Documented default: `209`
- Required: `false`
- Mode: `safe`
",True,configuration,Controlled design expectation: configuration; independent human/owner acceptance still required before merge.,True,configuration,"VAL-CFG-179: kod mijenja dokumentovanu konfiguraciju iz 'false' u 'true' (optional_to_required), dok docs-before eksplicitno navodi staru vrijednost; dokumentacija bi zato postala zastarjela.",approved,222a4f3222217cb2c41c789ef8f35bc92ac0faa3a24a79da061e3e6f6d8a62e8,11d91eff90805de8bb4cdbd20d8d1c4f3756ede5bb8454c7d2475b80f210fe7e,configuration,rbi_property_valuation,optional_to_required,cases/patches/rbi_property_valuation/configuration/VAL-CFG-179.patch
CRPP2-VAL-CONFIGURATION-180,controlled-v2/rbi-property-valuation-copy,9401740,csharp,"[""PropertyValuation/DocGuardContractLab-v2/configuration/contracts_08.json""]","--- a/PropertyValuation/DocGuardContractLab-v2/configuration/contracts_08.json
+++ b/PropertyValuation/DocGuardContractLab-v2/configuration/contracts_08.json
@@ -78,7 +78,7 @@
       ""default"": 210,
       ""environmentVariable"": ""VAL_FEATURE_180_TIMEOUT_SECONDS"",
       ""key"": ""rbi_property_valuation.feature180.timeoutSeconds"",
-      ""mode"": ""safe"",
+      ""mode"": ""strict"",
       ""required"": false
     }
   ],
","<!-- docs/docguard-contract-lab-v2/CONFIGURATION.md @ controlled-baseline:964bf0471796d05b -->
### VAL-CFG-180
- Configuration key: `rbi_property_valuation.feature180.timeoutSeconds`
- Environment variable: `VAL_FEATURE_180_TIMEOUT_SECONDS`
- Documented default: `210`
- Required: `false`
- Mode: `safe`
",True,configuration,Controlled design expectation: configuration; independent human/owner acceptance still required before merge.,True,configuration,"VAL-CFG-180: kod mijenja dokumentovanu konfiguraciju iz 'safe' u 'strict' (configuration_mode_change), dok docs-before eksplicitno navodi staru vrijednost; dokumentacija bi zato postala zastarjela.",approved,a5b2d4e5e6a410ef2e09d6dd337ebb33658cb8f170a34526e5a48ccedcf5bc2c,e5f6f4886015acbb7a0664dd85bf8e27406c53c8cb560675580a69068fc79ee9,configuration,rbi_property_valuation,configuration_mode_change,cases/patches/rbi_property_valuation/configuration/VAL-CFG-180.patch
CRPP2-VAL-CONFIGURATION-181,controlled-v2/rbi-property-valuation-copy,9401741,csharp,"[""PropertyValuation/DocGuardContractLab-v2/configuration/contracts_09.json""]","--- a/PropertyValuation/DocGuardContractLab-v2/configuration/contracts_09.json
+++ b/PropertyValuation/DocGuardContractLab-v2/configuration/contracts_09.json
@@ -3,7 +3,7 @@
   ""contracts"": [
     {
       ""contractId"": ""VAL-CFG-181"",
-      ""default"": 211,
+      ""default"": 241,
       ""environmentVariable"": ""VAL_FEATURE_181_TIMEOUT_SECONDS"",
       ""key"": ""rbi_property_valuation.feature181.timeoutSeconds"",
       ""mode"": ""safe"",
","<!-- docs/docguard-contract-lab-v2/CONFIGURATION.md @ controlled-baseline:964bf0471796d05b -->
### VAL-CFG-181
- Configuration key: `rbi_property_valuation.feature181.timeoutSeconds`
- Environment variable: `VAL_FEATURE_181_TIMEOUT_SECONDS`
- Documented default: `211`
- Required: `false`
- Mode: `safe`
",True,configuration,Controlled design expectation: configuration; independent human/owner acceptance still required before merge.,True,configuration,"VAL-CFG-181: kod mijenja dokumentovanu konfiguraciju iz '211' u '241' (documented_default_change), dok docs-before eksplicitno navodi staru vrijednost; dokumentacija bi zato postala zastarjela.",approved,0a74b52093865b680f43e85c980356b70f2334419b591608b84984eb98f3c28d,2e60a2595341d798ea8994584ce5b0d008b5c6a0dd604676587a5c30fbf149fd,configuration,rbi_property_valuation,documented_default_change,cases/patches/rbi_property_valuation/configuration/VAL-CFG-181.patch
CRPP2-VAL-CONFIGURATION-182,controlled-v2/rbi-property-valuation-copy,9401742,csharp,"[""PropertyValuation/DocGuardContractLab-v2/configuration/contracts_09.json""]","--- a/PropertyValuation/DocGuardContractLab-v2/configuration/contracts_09.json
+++ b/PropertyValuation/DocGuardContractLab-v2/configuration/contracts_09.json
@@ -12,7 +12,7 @@
     {
       ""contractId"": ""VAL-CFG-182"",
       ""default"": 212,
-      ""environmentVariable"": ""VAL_FEATURE_182_TIMEOUT_SECONDS"",
+      ""environmentVariable"": ""VAL_FEATURE_182_TIMEOUT_SECONDS_V2"",
       ""key"": ""rbi_property_valuation.feature182.timeoutSeconds"",
       ""mode"": ""safe"",
       ""required"": false
","<!-- docs/docguard-contract-lab-v2/CONFIGURATION.md @ controlled-baseline:964bf0471796d05b -->
### VAL-CFG-182
- Configuration key: `rbi_property_valuation.feature182.timeoutSeconds`
- Environment variable: `VAL_FEATURE_182_TIMEOUT_SECONDS`
- Documented default: `212`
- Required: `false`
- Mode: `safe`
",True,configuration,Controlled design expectation: configuration; independent human/owner acceptance still required before merge.,True,configuration,"VAL-CFG-182: kod mijenja dokumentovanu konfiguraciju iz 'VAL_FEATURE_182_TIMEOUT_SECONDS' u 'VAL_FEATURE_182_TIMEOUT_SECONDS_V2' (environment_variable_rename), dok docs-before eksplicitno navodi staru vrijednost; dokumentacija bi zato postala zastarjela.",approved,33fa9b1322e84b38df41b41a3233f5749b6f0b4a5feacd4ab2b9932bfb03a2a2,77506a34c9bfd3ae168a0e0a93d1066e8ee829ad6c59c7b53e2400266ad25c06,configuration,rbi_property_valuation,environment_variable_rename,cases/patches/rbi_property_valuation/configuration/VAL-CFG-182.patch
CRPP2-VAL-CONFIGURATION-183,controlled-v2/rbi-property-valuation-copy,9401743,csharp,"[""PropertyValuation/DocGuardContractLab-v2/configuration/contracts_09.json""]","--- a/PropertyValuation/DocGuardContractLab-v2/configuration/contracts_09.json
+++ b/PropertyValuation/DocGuardContractLab-v2/configuration/contracts_09.json
@@ -23,7 +23,7 @@
       ""environmentVariable"": ""VAL_FEATURE_183_TIMEOUT_SECONDS"",
       ""key"": ""rbi_property_valuation.feature183.timeoutSeconds"",
       ""mode"": ""safe"",
-      ""required"": false
+      ""required"": true
     },
     {
       ""contractId"": ""VAL-CFG-184"",
","<!-- docs/docguard-contract-lab-v2/CONFIGURATION.md @ controlled-baseline:964bf0471796d05b -->
### VAL-CFG-183
- Configuration key: `rbi_property_valuation.feature183.timeoutSeconds`
- Environment variable: `VAL_FEATURE_183_TIMEOUT_SECONDS`
- Documented default: `213`
- Required: `false`
- Mode: `safe`
",True,configuration,Controlled design expectation: configuration; independent human/owner acceptance still required before merge.,True,configuration,"VAL-CFG-183: kod mijenja dokumentovanu konfiguraciju iz 'false' u 'true' (optional_to_required), dok docs-before eksplicitno navodi staru vrijednost; dokumentacija bi zato postala zastarjela.",approved,d2e7af3e4c31e30eebaa0cc425ecc6a0d9346f866e1fe009cca443267d5f80c6,fc241ebeb46822399cbe6253b0542cf29a019dc52308d3edd5d2492fdafb7c13,configuration,rbi_property_valuation,optional_to_required,cases/patches/rbi_property_valuation/configuration/VAL-CFG-183.patch
CRPP2-VAL-CONFIGURATION-184,controlled-v2/rbi-property-valuation-copy,9401744,csharp,"[""PropertyValuation/DocGuardContractLab-v2/configuration/contracts_09.json""]","--- a/PropertyValuation/DocGuardContractLab-v2/configuration/contracts_09.json
+++ b/PropertyValuation/DocGuardContractLab-v2/configuration/contracts_09.json
@@ -30,7 +30,7 @@
       ""default"": 214,
       ""environmentVariable"": ""VAL_FEATURE_184_TIMEOUT_SECONDS"",
       ""key"": ""rbi_property_valuation.feature184.timeoutSeconds"",
-      ""mode"": ""safe"",
+      ""mode"": ""strict"",
       ""required"": false
     },
     {
","<!-- docs/docguard-contract-lab-v2/CONFIGURATION.md @ controlled-baseline:964bf0471796d05b -->
### VAL-CFG-184
- Configuration key: `rbi_property_valuation.feature184.timeoutSeconds`
- Environment variable: `VAL_FEATURE_184_TIMEOUT_SECONDS`
- Documented default: `214`
- Required: `false`
- Mode: `safe`
",True,configuration,Controlled design expectation: configuration; independent human/owner acceptance still required before merge.,True,configuration,"VAL-CFG-184: kod mijenja dokumentovanu konfiguraciju iz 'safe' u 'strict' (configuration_mode_change), dok docs-before eksplicitno navodi staru vrijednost; dokumentacija bi zato postala zastarjela.",approved,1389c380a4db59901bd292754c904336a53dba68c9facef472ec86d6b3e8b6f5,c657b2a0acb2c162bb173c6c838abacfe4799f454b54fd89199789ac71dead93,configuration,rbi_property_valuation,configuration_mode_change,cases/patches/rbi_property_valuation/configuration/VAL-CFG-184.patch
CRPP2-VAL-CONFIGURATION-185,controlled-v2/rbi-property-valuation-copy,9401745,csharp,"[""PropertyValuation/DocGuardContractLab-v2/configuration/contracts_09.json""]","--- a/PropertyValuation/DocGuardContractLab-v2/configuration/contracts_09.json
+++ b/PropertyValuation/DocGuardContractLab-v2/configuration/contracts_09.json
@@ -35,7 +35,7 @@
     },
     {
       ""contractId"": ""VAL-CFG-185"",
-      ""default"": 215,
+      ""default"": 245,
       ""environmentVariable"": ""VAL_FEATURE_185_TIMEOUT_SECONDS"",
       ""key"": ""rbi_property_valuation.feature185.timeoutSeconds"",
       ""mode"": ""safe"",
","<!-- docs/docguard-contract-lab-v2/CONFIGURATION.md @ controlled-baseline:964bf0471796d05b -->
### VAL-CFG-185
- Configuration key: `rbi_property_valuation.feature185.timeoutSeconds`
- Environment variable: `VAL_FEATURE_185_TIMEOUT_SECONDS`
- Documented default: `215`
- Required: `false`
- Mode: `safe`
",True,configuration,Controlled design expectation: configuration; independent human/owner acceptance still required before merge.,True,configuration,"VAL-CFG-185: kod mijenja dokumentovanu konfiguraciju iz '215' u '245' (documented_default_change), dok docs-before eksplicitno navodi staru vrijednost; dokumentacija bi zato postala zastarjela.",approved,fbdd5143ee1ce66a813e2cc4418fc5fb6e1e3c9b8ab5c6dba7e7c297385da25c,facb67b244daff0e0998a5503871b7ca779b23152cd05bd722f1071669ea6202,configuration,rbi_property_valuation,documented_default_change,cases/patches/rbi_property_valuation/configuration/VAL-CFG-185.patch
CRPP2-VAL-CONFIGURATION-186,controlled-v2/rbi-property-valuation-copy,9401746,csharp,"[""PropertyValuation/DocGuardContractLab-v2/configuration/contracts_09.json""]","--- a/PropertyValuation/DocGuardContractLab-v2/configuration/contracts_09.json
+++ b/PropertyValuation/DocGuardContractLab-v2/configuration/contracts_09.json
@@ -44,7 +44,7 @@
     {
       ""contractId"": ""VAL-CFG-186"",
       ""default"": 216,
-      ""environmentVariable"": ""VAL_FEATURE_186_TIMEOUT_SECONDS"",
+      ""environmentVariable"": ""VAL_FEATURE_186_TIMEOUT_SECONDS_V2"",
       ""key"": ""rbi_property_valuation.feature186.timeoutSeconds"",
       ""mode"": ""safe"",
       ""required"": false
","<!-- docs/docguard-contract-lab-v2/CONFIGURATION.md @ controlled-baseline:964bf0471796d05b -->
### VAL-CFG-186
- Configuration key: `rbi_property_valuation.feature186.timeoutSeconds`
- Environment variable: `VAL_FEATURE_186_TIMEOUT_SECONDS`
- Documented default: `216`
- Required: `false`
- Mode: `safe`
",True,configuration,Controlled design expectation: configuration; independent human/owner acceptance still required before merge.,True,configuration,"VAL-CFG-186: kod mijenja dokumentovanu konfiguraciju iz 'VAL_FEATURE_186_TIMEOUT_SECONDS' u 'VAL_FEATURE_186_TIMEOUT_SECONDS_V2' (environment_variable_rename), dok docs-before eksplicitno navodi staru vrijednost; dokumentacija bi zato postala zastarjela.",approved,a246422fdf2db648123c4c3660d2c6a00d4fc085ee6024cb3971e46c441cf143,266e92cfd674376ef84c615464e072ae51554c56233d18a7bd55286b4e606611,configuration,rbi_property_valuation,environment_variable_rename,cases/patches/rbi_property_valuation/configuration/VAL-CFG-186.patch
CRPP2-VAL-CONFIGURATION-187,controlled-v2/rbi-property-valuation-copy,9401747,csharp,"[""PropertyValuation/DocGuardContractLab-v2/configuration/contracts_09.json""]","--- a/PropertyValuation/DocGuardContractLab-v2/configuration/contracts_09.json
+++ b/PropertyValuation/DocGuardContractLab-v2/configuration/contracts_09.json
@@ -55,7 +55,7 @@
       ""environmentVariable"": ""VAL_FEATURE_187_TIMEOUT_SECONDS"",
       ""key"": ""rbi_property_valuation.feature187.timeoutSeconds"",
       ""mode"": ""safe"",
-      ""required"": false
+      ""required"": true
     },
     {
       ""contractId"": ""VAL-CFG-188"",
","<!-- docs/docguard-contract-lab-v2/CONFIGURATION.md @ controlled-baseline:964bf0471796d05b -->
### VAL-CFG-187
- Configuration key: `rbi_property_valuation.feature187.timeoutSeconds`
- Environment variable: `VAL_FEATURE_187_TIMEOUT_SECONDS`
- Documented default: `217`
- Required: `false`
- Mode: `safe`
",True,configuration,Controlled design expectation: configuration; independent human/owner acceptance still required before merge.,True,configuration,"VAL-CFG-187: kod mijenja dokumentovanu konfiguraciju iz 'false' u 'true' (optional_to_required), dok docs-before eksplicitno navodi staru vrijednost; dokumentacija bi zato postala zastarjela.",approved,159904222f17787c5d04885686d91ef770563ce030e7326453551db4a17e7f99,9ecf038118592813fb42591a9a141131e5cfb7d52c781d11d2f4f8ef34fe8c04,configuration,rbi_property_valuation,optional_to_required,cases/patches/rbi_property_valuation/configuration/VAL-CFG-187.patch
CRPP2-VAL-CONFIGURATION-188,controlled-v2/rbi-property-valuation-copy,9401748,csharp,"[""PropertyValuation/DocGuardContractLab-v2/configuration/contracts_09.json""]","--- a/PropertyValuation/DocGuardContractLab-v2/configuration/contracts_09.json
+++ b/PropertyValuation/DocGuardContractLab-v2/configuration/contracts_09.json
@@ -62,7 +62,7 @@
       ""default"": 218,
       ""environmentVariable"": ""VAL_FEATURE_188_TIMEOUT_SECONDS"",
       ""key"": ""rbi_property_valuation.feature188.timeoutSeconds"",
-      ""mode"": ""safe"",
+      ""mode"": ""strict"",
       ""required"": false
     },
     {
","<!-- docs/docguard-contract-lab-v2/CONFIGURATION.md @ controlled-baseline:964bf0471796d05b -->
### VAL-CFG-188
- Configuration key: `rbi_property_valuation.feature188.timeoutSeconds`
- Environment variable: `VAL_FEATURE_188_TIMEOUT_SECONDS`
- Documented default: `218`
- Required: `false`
- Mode: `safe`
",True,configuration,Controlled design expectation: configuration; independent human/owner acceptance still required before merge.,True,configuration,"VAL-CFG-188: kod mijenja dokumentovanu konfiguraciju iz 'safe' u 'strict' (configuration_mode_change), dok docs-before eksplicitno navodi staru vrijednost; dokumentacija bi zato postala zastarjela.",approved,52245f7d00d7dd2a7e299ffd6b7a5856f55431c092763408af9b416622b02f83,90d65284e5cdcab51d81bc824fb59ea64fb7ab27b2aea0487653623ff4c04501,configuration,rbi_property_valuation,configuration_mode_change,cases/patches/rbi_property_valuation/configuration/VAL-CFG-188.patch
CRPP2-VAL-CONFIGURATION-189,controlled-v2/rbi-property-valuation-copy,9401749,csharp,"[""PropertyValuation/DocGuardContractLab-v2/configuration/contracts_09.json""]","--- a/PropertyValuation/DocGuardContractLab-v2/configuration/contracts_09.json
+++ b/PropertyValuation/DocGuardContractLab-v2/configuration/contracts_09.json
@@ -67,7 +67,7 @@
     },
     {
       ""contractId"": ""VAL-CFG-189"",
-      ""default"": 219,
+      ""default"": 249,
       ""environmentVariable"": ""VAL_FEATURE_189_TIMEOUT_SECONDS"",
       ""key"": ""rbi_property_valuation.feature189.timeoutSeconds"",
       ""mode"": ""safe"",
","<!-- docs/docguard-contract-lab-v2/CONFIGURATION.md @ controlled-baseline:964bf0471796d05b -->
### VAL-CFG-189
- Configuration key: `rbi_property_valuation.feature189.timeoutSeconds`
- Environment variable: `VAL_FEATURE_189_TIMEOUT_SECONDS`
- Documented default: `219`
- Required: `false`
- Mode: `safe`
",True,configuration,Controlled design expectation: configuration; independent human/owner acceptance still required before merge.,True,configuration,"VAL-CFG-189: kod mijenja dokumentovanu konfiguraciju iz '219' u '249' (documented_default_change), dok docs-before eksplicitno navodi staru vrijednost; dokumentacija bi zato postala zastarjela.",approved,7d7b30059b87b7de781bfa2e3ba5d858bcfd2a6790dc3b153e44e909b20f1d2e,b94b90ce59ce43a1e3f2df03f42c041bb20d75fb354af14df6aa1817f1c27a96,configuration,rbi_property_valuation,documented_default_change,cases/patches/rbi_property_valuation/configuration/VAL-CFG-189.patch
CRPP2-VAL-CONFIGURATION-190,controlled-v2/rbi-property-valuation-copy,9401750,csharp,"[""PropertyValuation/DocGuardContractLab-v2/configuration/contracts_09.json""]","--- a/PropertyValuation/DocGuardContractLab-v2/configuration/contracts_09.json
+++ b/PropertyValuation/DocGuardContractLab-v2/configuration/contracts_09.json
@@ -76,7 +76,7 @@
     {
       ""contractId"": ""VAL-CFG-190"",
       ""default"": 220,
-      ""environmentVariable"": ""VAL_FEATURE_190_TIMEOUT_SECONDS"",
+      ""environmentVariable"": ""VAL_FEATURE_190_TIMEOUT_SECONDS_V2"",
       ""key"": ""rbi_property_valuation.feature190.timeoutSeconds"",
       ""mode"": ""safe"",
       ""required"": false
","<!-- docs/docguard-contract-lab-v2/CONFIGURATION.md @ controlled-baseline:964bf0471796d05b -->
### VAL-CFG-190
- Configuration key: `rbi_property_valuation.feature190.timeoutSeconds`
- Environment variable: `VAL_FEATURE_190_TIMEOUT_SECONDS`
- Documented default: `220`
- Required: `false`
- Mode: `safe`
",True,configuration,Controlled design expectation: configuration; independent human/owner acceptance still required before merge.,True,configuration,"VAL-CFG-190: kod mijenja dokumentovanu konfiguraciju iz 'VAL_FEATURE_190_TIMEOUT_SECONDS' u 'VAL_FEATURE_190_TIMEOUT_SECONDS_V2' (environment_variable_rename), dok docs-before eksplicitno navodi staru vrijednost; dokumentacija bi zato postala zastarjela.",approved,1e5fead6610cffb31d8847922d3bb1200247b8f36fbef57b89e5775c68db4b7d,d827374148fc5f105aaf0c52e2ec8b1115eba5431cb62ea5d2dcf685ea5136e5,configuration,rbi_property_valuation,environment_variable_rename,cases/patches/rbi_property_valuation/configuration/VAL-CFG-190.patch
CRPP2-VAL-CONFIGURATION-191,controlled-v2/rbi-property-valuation-copy,9401751,csharp,"[""PropertyValuation/DocGuardContractLab-v2/configuration/contracts_10.json""]","--- a/PropertyValuation/DocGuardContractLab-v2/configuration/contracts_10.json
+++ b/PropertyValuation/DocGuardContractLab-v2/configuration/contracts_10.json
@@ -7,7 +7,7 @@
       ""environmentVariable"": ""VAL_FEATURE_191_TIMEOUT_SECONDS"",
       ""key"": ""rbi_property_valuation.feature191.timeoutSeconds"",
       ""mode"": ""safe"",
-      ""required"": false
+      ""required"": true
     },
     {
       ""contractId"": ""VAL-CFG-192"",
","<!-- docs/docguard-contract-lab-v2/CONFIGURATION.md @ controlled-baseline:964bf0471796d05b -->
### VAL-CFG-191
- Configuration key: `rbi_property_valuation.feature191.timeoutSeconds`
- Environment variable: `VAL_FEATURE_191_TIMEOUT_SECONDS`
- Documented default: `221`
- Required: `false`
- Mode: `safe`
",True,configuration,Controlled design expectation: configuration; independent human/owner acceptance still required before merge.,True,configuration,"VAL-CFG-191: kod mijenja dokumentovanu konfiguraciju iz 'false' u 'true' (optional_to_required), dok docs-before eksplicitno navodi staru vrijednost; dokumentacija bi zato postala zastarjela.",approved,a4eefad2f794810b4dea8baf265c1cd9fced7a00f65f96e7ef293448cb32bf8f,93549ae75daa321790df3f535e577c429acdb1281538d7ed3bc0768bf29ba6ba,configuration,rbi_property_valuation,optional_to_required,cases/patches/rbi_property_valuation/configuration/VAL-CFG-191.patch
CRPP2-VAL-CONFIGURATION-192,controlled-v2/rbi-property-valuation-copy,9401752,csharp,"[""PropertyValuation/DocGuardContractLab-v2/configuration/contracts_10.json""]","--- a/PropertyValuation/DocGuardContractLab-v2/configuration/contracts_10.json
+++ b/PropertyValuation/DocGuardContractLab-v2/configuration/contracts_10.json
@@ -14,7 +14,7 @@
       ""default"": 222,
       ""environmentVariable"": ""VAL_FEATURE_192_TIMEOUT_SECONDS"",
       ""key"": ""rbi_property_valuation.feature192.timeoutSeconds"",
-      ""mode"": ""safe"",
+      ""mode"": ""strict"",
       ""required"": false
     },
     {
","<!-- docs/docguard-contract-lab-v2/CONFIGURATION.md @ controlled-baseline:964bf0471796d05b -->
### VAL-CFG-192
- Configuration key: `rbi_property_valuation.feature192.timeoutSeconds`
- Environment variable: `VAL_FEATURE_192_TIMEOUT_SECONDS`
- Documented default: `222`
- Required: `false`
- Mode: `safe`
",True,configuration,Controlled design expectation: configuration; independent human/owner acceptance still required before merge.,True,configuration,"VAL-CFG-192: kod mijenja dokumentovanu konfiguraciju iz 'safe' u 'strict' (configuration_mode_change), dok docs-before eksplicitno navodi staru vrijednost; dokumentacija bi zato postala zastarjela.",approved,56b5e1a6b19fe165052cefa4b0bed058dcf26193e992ffcdcc137af192e4b12b,a7b75c5a97964bd3aa1825fd6bef1481e2941743ce22e0b6306e3bcc85010697,configuration,rbi_property_valuation,configuration_mode_change,cases/patches/rbi_property_valuation/configuration/VAL-CFG-192.patch
CRPP2-VAL-CONFIGURATION-193,controlled-v2/rbi-property-valuation-copy,9401753,csharp,"[""PropertyValuation/DocGuardContractLab-v2/configuration/contracts_10.json""]","--- a/PropertyValuation/DocGuardContractLab-v2/configuration/contracts_10.json
+++ b/PropertyValuation/DocGuardContractLab-v2/configuration/contracts_10.json
@@ -19,7 +19,7 @@
     },
     {
       ""contractId"": ""VAL-CFG-193"",
-      ""default"": 223,
+      ""default"": 253,
       ""environmentVariable"": ""VAL_FEATURE_193_TIMEOUT_SECONDS"",
       ""key"": ""rbi_property_valuation.feature193.timeoutSeconds"",
       ""mode"": ""safe"",
","<!-- docs/docguard-contract-lab-v2/CONFIGURATION.md @ controlled-baseline:964bf0471796d05b -->
### VAL-CFG-193
- Configuration key: `rbi_property_valuation.feature193.timeoutSeconds`
- Environment variable: `VAL_FEATURE_193_TIMEOUT_SECONDS`
- Documented default: `223`
- Required: `false`
- Mode: `safe`
",True,configuration,Controlled design expectation: configuration; independent human/owner acceptance still required before merge.,True,configuration,"VAL-CFG-193: kod mijenja dokumentovanu konfiguraciju iz '223' u '253' (documented_default_change), dok docs-before eksplicitno navodi staru vrijednost; dokumentacija bi zato postala zastarjela.",approved,f3dddebfa0ab4d46b655c1dd9fba905263cf5b8494b9ed823e4b6a90d2f5421f,e2964129016117d6a2608f417d5d8e53d3c10c11aaf55d2b645ca6094b7a166c,configuration,rbi_property_valuation,documented_default_change,cases/patches/rbi_property_valuation/configuration/VAL-CFG-193.patch
CRPP2-VAL-CONFIGURATION-194,controlled-v2/rbi-property-valuation-copy,9401754,csharp,"[""PropertyValuation/DocGuardContractLab-v2/configuration/contracts_10.json""]","--- a/PropertyValuation/DocGuardContractLab-v2/configuration/contracts_10.json
+++ b/PropertyValuation/DocGuardContractLab-v2/configuration/contracts_10.json
@@ -28,7 +28,7 @@
     {
       ""contractId"": ""VAL-CFG-194"",
       ""default"": 224,
-      ""environmentVariable"": ""VAL_FEATURE_194_TIMEOUT_SECONDS"",
+      ""environmentVariable"": ""VAL_FEATURE_194_TIMEOUT_SECONDS_V2"",
       ""key"": ""rbi_property_valuation.feature194.timeoutSeconds"",
       ""mode"": ""safe"",
       ""required"": false
","<!-- docs/docguard-contract-lab-v2/CONFIGURATION.md @ controlled-baseline:964bf0471796d05b -->
### VAL-CFG-194
- Configuration key: `rbi_property_valuation.feature194.timeoutSeconds`
- Environment variable: `VAL_FEATURE_194_TIMEOUT_SECONDS`
- Documented default: `224`
- Required: `false`
- Mode: `safe`
",True,configuration,Controlled design expectation: configuration; independent human/owner acceptance still required before merge.,True,configuration,"VAL-CFG-194: kod mijenja dokumentovanu konfiguraciju iz 'VAL_FEATURE_194_TIMEOUT_SECONDS' u 'VAL_FEATURE_194_TIMEOUT_SECONDS_V2' (environment_variable_rename), dok docs-before eksplicitno navodi staru vrijednost; dokumentacija bi zato postala zastarjela.",approved,0f55b14eb23b1633fec0384c058bbf34563bcba7fb582c1d2725620731cba3c5,4d4cde1a777be089e63a3f6b51c5d503dd8fa29b510a78c4ec0eb39a6fc1145a,configuration,rbi_property_valuation,environment_variable_rename,cases/patches/rbi_property_valuation/configuration/VAL-CFG-194.patch
CRPP2-VAL-CONFIGURATION-195,controlled-v2/rbi-property-valuation-copy,9401755,csharp,"[""PropertyValuation/DocGuardContractLab-v2/configuration/contracts_10.json""]","--- a/PropertyValuation/DocGuardContractLab-v2/configuration/contracts_10.json
+++ b/PropertyValuation/DocGuardContractLab-v2/configuration/contracts_10.json
@@ -39,7 +39,7 @@
       ""environmentVariable"": ""VAL_FEATURE_195_TIMEOUT_SECONDS"",
       ""key"": ""rbi_property_valuation.feature195.timeoutSeconds"",
       ""mode"": ""safe"",
-      ""required"": false
+      ""required"": true
     },
     {
       ""contractId"": ""VAL-CFG-196"",
","<!-- docs/docguard-contract-lab-v2/CONFIGURATION.md @ controlled-baseline:964bf0471796d05b -->
### VAL-CFG-195
- Configuration key: `rbi_property_valuation.feature195.timeoutSeconds`
- Environment variable: `VAL_FEATURE_195_TIMEOUT_SECONDS`
- Documented default: `225`
- Required: `false`
- Mode: `safe`
",True,configuration,Controlled design expectation: configuration; independent human/owner acceptance still required before merge.,True,configuration,"VAL-CFG-195: kod mijenja dokumentovanu konfiguraciju iz 'false' u 'true' (optional_to_required), dok docs-before eksplicitno navodi staru vrijednost; dokumentacija bi zato postala zastarjela.",approved,8fefb93f0cd1f52ce7c5590fcd66c225c08e46cd53b59fa1c151b4d7a8b6ed66,a0545ff2d38ee9c08bc77866d0134348a4e8555c8248e578b1179551848190ce,configuration,rbi_property_valuation,optional_to_required,cases/patches/rbi_property_valuation/configuration/VAL-CFG-195.patch
CRPP2-VAL-CONFIGURATION-196,controlled-v2/rbi-property-valuation-copy,9401756,csharp,"[""PropertyValuation/DocGuardContractLab-v2/configuration/contracts_10.json""]","--- a/PropertyValuation/DocGuardContractLab-v2/configuration/contracts_10.json
+++ b/PropertyValuation/DocGuardContractLab-v2/configuration/contracts_10.json
@@ -46,7 +46,7 @@
       ""default"": 226,
       ""environmentVariable"": ""VAL_FEATURE_196_TIMEOUT_SECONDS"",
       ""key"": ""rbi_property_valuation.feature196.timeoutSeconds"",
-      ""mode"": ""safe"",
+      ""mode"": ""strict"",
       ""required"": false
     },
     {
","<!-- docs/docguard-contract-lab-v2/CONFIGURATION.md @ controlled-baseline:964bf0471796d05b -->
### VAL-CFG-196
- Configuration key: `rbi_property_valuation.feature196.timeoutSeconds`
- Environment variable: `VAL_FEATURE_196_TIMEOUT_SECONDS`
- Documented default: `226`
- Required: `false`
- Mode: `safe`
",True,configuration,Controlled design expectation: configuration; independent human/owner acceptance still required before merge.,True,configuration,"VAL-CFG-196: kod mijenja dokumentovanu konfiguraciju iz 'safe' u 'strict' (configuration_mode_change), dok docs-before eksplicitno navodi staru vrijednost; dokumentacija bi zato postala zastarjela.",approved,99514ed874222953932ce53b459d795086da297c581212f84aba88db5bffb6a5,55506ab5acf8c49fe47c2aa925367f9133e71d2a3fdf4b565b990a9a38c21fdc,configuration,rbi_property_valuation,configuration_mode_change,cases/patches/rbi_property_valuation/configuration/VAL-CFG-196.patch
CRPP2-VAL-CONFIGURATION-197,controlled-v2/rbi-property-valuation-copy,9401757,csharp,"[""PropertyValuation/DocGuardContractLab-v2/configuration/contracts_10.json""]","--- a/PropertyValuation/DocGuardContractLab-v2/configuration/contracts_10.json
+++ b/PropertyValuation/DocGuardContractLab-v2/configuration/contracts_10.json
@@ -51,7 +51,7 @@
     },
     {
       ""contractId"": ""VAL-CFG-197"",
-      ""default"": 227,
+      ""default"": 257,
       ""environmentVariable"": ""VAL_FEATURE_197_TIMEOUT_SECONDS"",
       ""key"": ""rbi_property_valuation.feature197.timeoutSeconds"",
       ""mode"": ""safe"",
","<!-- docs/docguard-contract-lab-v2/CONFIGURATION.md @ controlled-baseline:964bf0471796d05b -->
### VAL-CFG-197
- Configuration key: `rbi_property_valuation.feature197.timeoutSeconds`
- Environment variable: `VAL_FEATURE_197_TIMEOUT_SECONDS`
- Documented default: `227`
- Required: `false`
- Mode: `safe`
",True,configuration,Controlled design expectation: configuration; independent human/owner acceptance still required before merge.,True,configuration,"VAL-CFG-197: kod mijenja dokumentovanu konfiguraciju iz '227' u '257' (documented_default_change), dok docs-before eksplicitno navodi staru vrijednost; dokumentacija bi zato postala zastarjela.",approved,586bb3e23c31c0530f0acac3a24b6132a49ab3f500e1fb364635350add353000,5fe74c11a60404ec0d9322cc7432a7170a8e2bd3339ccf233cca7299f0ce6d48,configuration,rbi_property_valuation,documented_default_change,cases/patches/rbi_property_valuation/configuration/VAL-CFG-197.patch
CRPP2-VAL-CONFIGURATION-198,controlled-v2/rbi-property-valuation-copy,9401758,csharp,"[""PropertyValuation/DocGuardContractLab-v2/configuration/contracts_10.json""]","--- a/PropertyValuation/DocGuardContractLab-v2/configuration/contracts_10.json
+++ b/PropertyValuation/DocGuardContractLab-v2/configuration/contracts_10.json
@@ -60,7 +60,7 @@
     {
       ""contractId"": ""VAL-CFG-198"",
       ""default"": 228,
-      ""environmentVariable"": ""VAL_FEATURE_198_TIMEOUT_SECONDS"",
+      ""environmentVariable"": ""VAL_FEATURE_198_TIMEOUT_SECONDS_V2"",
       ""key"": ""rbi_property_valuation.feature198.timeoutSeconds"",
       ""mode"": ""safe"",
       ""required"": false
","<!-- docs/docguard-contract-lab-v2/CONFIGURATION.md @ controlled-baseline:964bf0471796d05b -->
### VAL-CFG-198
- Configuration key: `rbi_property_valuation.feature198.timeoutSeconds`
- Environment variable: `VAL_FEATURE_198_TIMEOUT_SECONDS`
- Documented default: `228`
- Required: `false`
- Mode: `safe`
",True,configuration,Controlled design expectation: configuration; independent human/owner acceptance still required before merge.,True,configuration,"VAL-CFG-198: kod mijenja dokumentovanu konfiguraciju iz 'VAL_FEATURE_198_TIMEOUT_SECONDS' u 'VAL_FEATURE_198_TIMEOUT_SECONDS_V2' (environment_variable_rename), dok docs-before eksplicitno navodi staru vrijednost; dokumentacija bi zato postala zastarjela.",approved,1b341915aadd1e5e37de4acf69d17136e2f70ea2ff701d0134876c6f33cb50f6,bcce5e86c64281ee4d2542e9939456361c2eb4b722ac4b272632a43df7c160d5,configuration,rbi_property_valuation,environment_variable_rename,cases/patches/rbi_property_valuation/configuration/VAL-CFG-198.patch
CRPP2-VAL-CONFIGURATION-199,controlled-v2/rbi-property-valuation-copy,9401759,csharp,"[""PropertyValuation/DocGuardContractLab-v2/configuration/contracts_10.json""]","--- a/PropertyValuation/DocGuardContractLab-v2/configuration/contracts_10.json
+++ b/PropertyValuation/DocGuardContractLab-v2/configuration/contracts_10.json
@@ -71,7 +71,7 @@
       ""environmentVariable"": ""VAL_FEATURE_199_TIMEOUT_SECONDS"",
       ""key"": ""rbi_property_valuation.feature199.timeoutSeconds"",
       ""mode"": ""safe"",
-      ""required"": false
+      ""required"": true
     },
     {
       ""contractId"": ""VAL-CFG-200"",
","<!-- docs/docguard-contract-lab-v2/CONFIGURATION.md @ controlled-baseline:964bf0471796d05b -->
### VAL-CFG-199
- Configuration key: `rbi_property_valuation.feature199.timeoutSeconds`
- Environment variable: `VAL_FEATURE_199_TIMEOUT_SECONDS`
- Documented default: `229`
- Required: `false`
- Mode: `safe`
",True,configuration,Controlled design expectation: configuration; independent human/owner acceptance still required before merge.,True,configuration,"VAL-CFG-199: kod mijenja dokumentovanu konfiguraciju iz 'false' u 'true' (optional_to_required), dok docs-before eksplicitno navodi staru vrijednost; dokumentacija bi zato postala zastarjela.",approved,d2e336960a652c958525fe38374ec961660bdb2bf298fb6c5f2c39b70b61dbe0,3da130b93d3116b8f6bb68b242daad1507f407690ae268025a99c0e26a4fb6cd,configuration,rbi_property_valuation,optional_to_required,cases/patches/rbi_property_valuation/configuration/VAL-CFG-199.patch
CRPP2-VAL-CONFIGURATION-200,controlled-v2/rbi-property-valuation-copy,9401760,csharp,"[""PropertyValuation/DocGuardContractLab-v2/configuration/contracts_10.json""]","--- a/PropertyValuation/DocGuardContractLab-v2/configuration/contracts_10.json
+++ b/PropertyValuation/DocGuardContractLab-v2/configuration/contracts_10.json
@@ -78,7 +78,7 @@
       ""default"": 230,
       ""environmentVariable"": ""VAL_FEATURE_200_TIMEOUT_SECONDS"",
       ""key"": ""rbi_property_valuation.feature200.timeoutSeconds"",
-      ""mode"": ""safe"",
+      ""mode"": ""strict"",
       ""required"": false
     }
   ],
","<!-- docs/docguard-contract-lab-v2/CONFIGURATION.md @ controlled-baseline:964bf0471796d05b -->
### VAL-CFG-200
- Configuration key: `rbi_property_valuation.feature200.timeoutSeconds`
- Environment variable: `VAL_FEATURE_200_TIMEOUT_SECONDS`
- Documented default: `230`
- Required: `false`
- Mode: `safe`
",True,configuration,Controlled design expectation: configuration; independent human/owner acceptance still required before merge.,True,configuration,"VAL-CFG-200: kod mijenja dokumentovanu konfiguraciju iz 'safe' u 'strict' (configuration_mode_change), dok docs-before eksplicitno navodi staru vrijednost; dokumentacija bi zato postala zastarjela.",approved,1c132aaa0c3bb80f127aa91c8b6b3a2777146daf5a57b947442f77b69117badf,cc9ba20701d5a446cce5555f91e2f8b2d39195838ad8b39084a2fc4fb3b36405,configuration,rbi_property_valuation,configuration_mode_change,cases/patches/rbi_property_valuation/configuration/VAL-CFG-200.patch
CRPP2-VAL-CONFIGURATION-201,controlled-v2/rbi-property-valuation-copy,9401761,csharp,"[""PropertyValuation/DocGuardContractLab-v2/configuration/contracts_11.json""]","--- a/PropertyValuation/DocGuardContractLab-v2/configuration/contracts_11.json
+++ b/PropertyValuation/DocGuardContractLab-v2/configuration/contracts_11.json
@@ -3,7 +3,7 @@
   ""contracts"": [
     {
       ""contractId"": ""VAL-CFG-201"",
-      ""default"": 231,
+      ""default"": 261,
       ""environmentVariable"": ""VAL_FEATURE_201_TIMEOUT_SECONDS"",
       ""key"": ""rbi_property_valuation.feature201.timeoutSeconds"",
       ""mode"": ""safe"",
","<!-- docs/docguard-contract-lab-v2/CONFIGURATION.md @ controlled-baseline:964bf0471796d05b -->
### VAL-CFG-201
- Configuration key: `rbi_property_valuation.feature201.timeoutSeconds`
- Environment variable: `VAL_FEATURE_201_TIMEOUT_SECONDS`
- Documented default: `231`
- Required: `false`
- Mode: `safe`
",True,configuration,Controlled design expectation: configuration; independent human/owner acceptance still required before merge.,True,configuration,"VAL-CFG-201: kod mijenja dokumentovanu konfiguraciju iz '231' u '261' (documented_default_change), dok docs-before eksplicitno navodi staru vrijednost; dokumentacija bi zato postala zastarjela.",approved,ed46ddb300cac06b1a03a9703ae20dd096f58dcc59a02e7113f2bd905a1b745a,b443584c408ac3f0324f0b6af13145d2f47abfcea1d77dfbfe2bae81a1658428,configuration,rbi_property_valuation,documented_default_change,cases/patches/rbi_property_valuation/configuration/VAL-CFG-201.patch
CRPP2-VAL-CONFIGURATION-202,controlled-v2/rbi-property-valuation-copy,9401762,csharp,"[""PropertyValuation/DocGuardContractLab-v2/configuration/contracts_11.json""]","--- a/PropertyValuation/DocGuardContractLab-v2/configuration/contracts_11.json
+++ b/PropertyValuation/DocGuardContractLab-v2/configuration/contracts_11.json
@@ -12,7 +12,7 @@
     {
       ""contractId"": ""VAL-CFG-202"",
       ""default"": 232,
-      ""environmentVariable"": ""VAL_FEATURE_202_TIMEOUT_SECONDS"",
+      ""environmentVariable"": ""VAL_FEATURE_202_TIMEOUT_SECONDS_V2"",
       ""key"": ""rbi_property_valuation.feature202.timeoutSeconds"",
       ""mode"": ""safe"",
       ""required"": false
","<!-- docs/docguard-contract-lab-v2/CONFIGURATION.md @ controlled-baseline:964bf0471796d05b -->
### VAL-CFG-202
- Configuration key: `rbi_property_valuation.feature202.timeoutSeconds`
- Environment variable: `VAL_FEATURE_202_TIMEOUT_SECONDS`
- Documented default: `232`
- Required: `false`
- Mode: `safe`
",True,configuration,Controlled design expectation: configuration; independent human/owner acceptance still required before merge.,True,configuration,"VAL-CFG-202: kod mijenja dokumentovanu konfiguraciju iz 'VAL_FEATURE_202_TIMEOUT_SECONDS' u 'VAL_FEATURE_202_TIMEOUT_SECONDS_V2' (environment_variable_rename), dok docs-before eksplicitno navodi staru vrijednost; dokumentacija bi zato postala zastarjela.",approved,2faa56904dfdfa251c8aa25e881f3813b272f09ff2881d1cebaecd936d9580c6,1e1b29e183f9a2635d618464c59351e45bd3f980e378faf9495c99add09210cb,configuration,rbi_property_valuation,environment_variable_rename,cases/patches/rbi_property_valuation/configuration/VAL-CFG-202.patch
CRPP2-VAL-CONFIGURATION-203,controlled-v2/rbi-property-valuation-copy,9401763,csharp,"[""PropertyValuation/DocGuardContractLab-v2/configuration/contracts_11.json""]","--- a/PropertyValuation/DocGuardContractLab-v2/configuration/contracts_11.json
+++ b/PropertyValuation/DocGuardContractLab-v2/configuration/contracts_11.json
@@ -23,7 +23,7 @@
       ""environmentVariable"": ""VAL_FEATURE_203_TIMEOUT_SECONDS"",
       ""key"": ""rbi_property_valuation.feature203.timeoutSeconds"",
       ""mode"": ""safe"",
-      ""required"": false
+      ""required"": true
     },
     {
       ""contractId"": ""VAL-CFG-204"",
","<!-- docs/docguard-contract-lab-v2/CONFIGURATION.md @ controlled-baseline:964bf0471796d05b -->
### VAL-CFG-203
- Configuration key: `rbi_property_valuation.feature203.timeoutSeconds`
- Environment variable: `VAL_FEATURE_203_TIMEOUT_SECONDS`
- Documented default: `233`
- Required: `false`
- Mode: `safe`
",True,configuration,Controlled design expectation: configuration; independent human/owner acceptance still required before merge.,True,configuration,"VAL-CFG-203: kod mijenja dokumentovanu konfiguraciju iz 'false' u 'true' (optional_to_required), dok docs-before eksplicitno navodi staru vrijednost; dokumentacija bi zato postala zastarjela.",approved,95700da441a9a4b61fa9b8a5af5d70870e0da5ac834c16463229b0309c27b314,caad08743ca3b320b506b68e44044670f1f7e94abcb4ac4e8e96d1f839030c63,configuration,rbi_property_valuation,optional_to_required,cases/patches/rbi_property_valuation/configuration/VAL-CFG-203.patch
CRPP2-VAL-CONFIGURATION-204,controlled-v2/rbi-property-valuation-copy,9401764,csharp,"[""PropertyValuation/DocGuardContractLab-v2/configuration/contracts_11.json""]","--- a/PropertyValuation/DocGuardContractLab-v2/configuration/contracts_11.json
+++ b/PropertyValuation/DocGuardContractLab-v2/configuration/contracts_11.json
@@ -30,7 +30,7 @@
       ""default"": 234,
       ""environmentVariable"": ""VAL_FEATURE_204_TIMEOUT_SECONDS"",
       ""key"": ""rbi_property_valuation.feature204.timeoutSeconds"",
-      ""mode"": ""safe"",
+      ""mode"": ""strict"",
       ""required"": false
     },
     {
","<!-- docs/docguard-contract-lab-v2/CONFIGURATION.md @ controlled-baseline:964bf0471796d05b -->
### VAL-CFG-204
- Configuration key: `rbi_property_valuation.feature204.timeoutSeconds`
- Environment variable: `VAL_FEATURE_204_TIMEOUT_SECONDS`
- Documented default: `234`
- Required: `false`
- Mode: `safe`
",True,configuration,Controlled design expectation: configuration; independent human/owner acceptance still required before merge.,True,configuration,"VAL-CFG-204: kod mijenja dokumentovanu konfiguraciju iz 'safe' u 'strict' (configuration_mode_change), dok docs-before eksplicitno navodi staru vrijednost; dokumentacija bi zato postala zastarjela.",approved,7b3a650a4be2929706c72b7b6dd8d2cfa8957309dd207afe94be202c146d9034,98372a0befa07029f673143cb7a8df6004be8b1eed7e91ed784cbb7488abba41,configuration,rbi_property_valuation,configuration_mode_change,cases/patches/rbi_property_valuation/configuration/VAL-CFG-204.patch
CRPP2-VAL-CONFIGURATION-205,controlled-v2/rbi-property-valuation-copy,9401765,csharp,"[""PropertyValuation/DocGuardContractLab-v2/configuration/contracts_11.json""]","--- a/PropertyValuation/DocGuardContractLab-v2/configuration/contracts_11.json
+++ b/PropertyValuation/DocGuardContractLab-v2/configuration/contracts_11.json
@@ -35,7 +35,7 @@
     },
     {
       ""contractId"": ""VAL-CFG-205"",
-      ""default"": 235,
+      ""default"": 265,
       ""environmentVariable"": ""VAL_FEATURE_205_TIMEOUT_SECONDS"",
       ""key"": ""rbi_property_valuation.feature205.timeoutSeconds"",
       ""mode"": ""safe"",
","<!-- docs/docguard-contract-lab-v2/CONFIGURATION.md @ controlled-baseline:964bf0471796d05b -->
### VAL-CFG-205
- Configuration key: `rbi_property_valuation.feature205.timeoutSeconds`
- Environment variable: `VAL_FEATURE_205_TIMEOUT_SECONDS`
- Documented default: `235`
- Required: `false`
- Mode: `safe`
",True,configuration,Controlled design expectation: configuration; independent human/owner acceptance still required before merge.,True,configuration,"VAL-CFG-205: kod mijenja dokumentovanu konfiguraciju iz '235' u '265' (documented_default_change), dok docs-before eksplicitno navodi staru vrijednost; dokumentacija bi zato postala zastarjela.",approved,ef2d0ab82619cacb1f66c6dec5c1072279de38c8a7cf81632b5a5c99168e3c7a,f591e85ca8f66cff513adbef3d60e91baba251e4a9712b343f1a7915e4df14ae,configuration,rbi_property_valuation,documented_default_change,cases/patches/rbi_property_valuation/configuration/VAL-CFG-205.patch
CRPP2-VAL-CONFIGURATION-206,controlled-v2/rbi-property-valuation-copy,9401766,csharp,"[""PropertyValuation/DocGuardContractLab-v2/configuration/contracts_11.json""]","--- a/PropertyValuation/DocGuardContractLab-v2/configuration/contracts_11.json
+++ b/PropertyValuation/DocGuardContractLab-v2/configuration/contracts_11.json
@@ -44,7 +44,7 @@
     {
       ""contractId"": ""VAL-CFG-206"",
       ""default"": 236,
-      ""environmentVariable"": ""VAL_FEATURE_206_TIMEOUT_SECONDS"",
+      ""environmentVariable"": ""VAL_FEATURE_206_TIMEOUT_SECONDS_V2"",
       ""key"": ""rbi_property_valuation.feature206.timeoutSeconds"",
       ""mode"": ""safe"",
       ""required"": false
","<!-- docs/docguard-contract-lab-v2/CONFIGURATION.md @ controlled-baseline:964bf0471796d05b -->
### VAL-CFG-206
- Configuration key: `rbi_property_valuation.feature206.timeoutSeconds`
- Environment variable: `VAL_FEATURE_206_TIMEOUT_SECONDS`
- Documented default: `236`
- Required: `false`
- Mode: `safe`
",True,configuration,Controlled design expectation: configuration; independent human/owner acceptance still required before merge.,True,configuration,"VAL-CFG-206: kod mijenja dokumentovanu konfiguraciju iz 'VAL_FEATURE_206_TIMEOUT_SECONDS' u 'VAL_FEATURE_206_TIMEOUT_SECONDS_V2' (environment_variable_rename), dok docs-before eksplicitno navodi staru vrijednost; dokumentacija bi zato postala zastarjela.",approved,374dcb46569c41e300b1e687022d27aa16dbbc02b0839d95084f4374d25dbf40,ab81ff11551c92c12d2f830f8d53d07fa8535b4c850c249e1a5d21a2e59c5cc4,configuration,rbi_property_valuation,environment_variable_rename,cases/patches/rbi_property_valuation/configuration/VAL-CFG-206.patch
CRPP2-VAL-CONFIGURATION-207,controlled-v2/rbi-property-valuation-copy,9401767,csharp,"[""PropertyValuation/DocGuardContractLab-v2/configuration/contracts_11.json""]","--- a/PropertyValuation/DocGuardContractLab-v2/configuration/contracts_11.json
+++ b/PropertyValuation/DocGuardContractLab-v2/configuration/contracts_11.json
@@ -55,7 +55,7 @@
       ""environmentVariable"": ""VAL_FEATURE_207_TIMEOUT_SECONDS"",
       ""key"": ""rbi_property_valuation.feature207.timeoutSeconds"",
       ""mode"": ""safe"",
-      ""required"": false
+      ""required"": true
     },
     {
       ""contractId"": ""VAL-CFG-208"",
","<!-- docs/docguard-contract-lab-v2/CONFIGURATION.md @ controlled-baseline:964bf0471796d05b -->
### VAL-CFG-207
- Configuration key: `rbi_property_valuation.feature207.timeoutSeconds`
- Environment variable: `VAL_FEATURE_207_TIMEOUT_SECONDS`
- Documented default: `237`
- Required: `false`
- Mode: `safe`
",True,configuration,Controlled design expectation: configuration; independent human/owner acceptance still required before merge.,True,configuration,"VAL-CFG-207: kod mijenja dokumentovanu konfiguraciju iz 'false' u 'true' (optional_to_required), dok docs-before eksplicitno navodi staru vrijednost; dokumentacija bi zato postala zastarjela.",approved,621cea04127fb4d0e961c79f6b50f440261020a5ef2076765cb604d50ad1dc19,be022d52c2e5c9c44621a8810d69b918ee2b25b6fba42ddb04fa7d3c03f16262,configuration,rbi_property_valuation,optional_to_required,cases/patches/rbi_property_valuation/configuration/VAL-CFG-207.patch
CRPP2-VAL-CONFIGURATION-208,controlled-v2/rbi-property-valuation-copy,9401768,csharp,"[""PropertyValuation/DocGuardContractLab-v2/configuration/contracts_11.json""]","--- a/PropertyValuation/DocGuardContractLab-v2/configuration/contracts_11.json
+++ b/PropertyValuation/DocGuardContractLab-v2/configuration/contracts_11.json
@@ -62,7 +62,7 @@
       ""default"": 238,
       ""environmentVariable"": ""VAL_FEATURE_208_TIMEOUT_SECONDS"",
       ""key"": ""rbi_property_valuation.feature208.timeoutSeconds"",
-      ""mode"": ""safe"",
+      ""mode"": ""strict"",
       ""required"": false
     },
     {
","<!-- docs/docguard-contract-lab-v2/CONFIGURATION.md @ controlled-baseline:964bf0471796d05b -->
### VAL-CFG-208
- Configuration key: `rbi_property_valuation.feature208.timeoutSeconds`
- Environment variable: `VAL_FEATURE_208_TIMEOUT_SECONDS`
- Documented default: `238`
- Required: `false`
- Mode: `safe`
",True,configuration,Controlled design expectation: configuration; independent human/owner acceptance still required before merge.,True,configuration,"VAL-CFG-208: kod mijenja dokumentovanu konfiguraciju iz 'safe' u 'strict' (configuration_mode_change), dok docs-before eksplicitno navodi staru vrijednost; dokumentacija bi zato postala zastarjela.",approved,f1a5f2c36fbaba55c653348428b1814ef4b878c5ede4f90113614b94816acfa0,48c1898c1ef6017140cde3bd8513e2f1898f251c9e1a3ce7f95c0fc50bbac8d8,configuration,rbi_property_valuation,configuration_mode_change,cases/patches/rbi_property_valuation/configuration/VAL-CFG-208.patch
CRPP2-VAL-CONFIGURATION-209,controlled-v2/rbi-property-valuation-copy,9401769,csharp,"[""PropertyValuation/DocGuardContractLab-v2/configuration/contracts_11.json""]","--- a/PropertyValuation/DocGuardContractLab-v2/configuration/contracts_11.json
+++ b/PropertyValuation/DocGuardContractLab-v2/configuration/contracts_11.json
@@ -67,7 +67,7 @@
     },
     {
       ""contractId"": ""VAL-CFG-209"",
-      ""default"": 239,
+      ""default"": 269,
       ""environmentVariable"": ""VAL_FEATURE_209_TIMEOUT_SECONDS"",
       ""key"": ""rbi_property_valuation.feature209.timeoutSeconds"",
       ""mode"": ""safe"",
","<!-- docs/docguard-contract-lab-v2/CONFIGURATION.md @ controlled-baseline:964bf0471796d05b -->
### VAL-CFG-209
- Configuration key: `rbi_property_valuation.feature209.timeoutSeconds`
- Environment variable: `VAL_FEATURE_209_TIMEOUT_SECONDS`
- Documented default: `239`
- Required: `false`
- Mode: `safe`
",True,configuration,Controlled design expectation: configuration; independent human/owner acceptance still required before merge.,True,configuration,"VAL-CFG-209: kod mijenja dokumentovanu konfiguraciju iz '239' u '269' (documented_default_change), dok docs-before eksplicitno navodi staru vrijednost; dokumentacija bi zato postala zastarjela.",approved,bdce8a7b64745b1b998737105b0aa05c8b7dd99da36ed0aca3066ae67e49372b,49863bc8f4b97d408a512e72fc2f70580872e280cb66ac64fece3ff2ba42ed84,configuration,rbi_property_valuation,documented_default_change,cases/patches/rbi_property_valuation/configuration/VAL-CFG-209.patch
CRPP2-VAL-CONFIGURATION-210,controlled-v2/rbi-property-valuation-copy,9401770,csharp,"[""PropertyValuation/DocGuardContractLab-v2/configuration/contracts_11.json""]","--- a/PropertyValuation/DocGuardContractLab-v2/configuration/contracts_11.json
+++ b/PropertyValuation/DocGuardContractLab-v2/configuration/contracts_11.json
@@ -76,7 +76,7 @@
     {
       ""contractId"": ""VAL-CFG-210"",
       ""default"": 240,
-      ""environmentVariable"": ""VAL_FEATURE_210_TIMEOUT_SECONDS"",
+      ""environmentVariable"": ""VAL_FEATURE_210_TIMEOUT_SECONDS_V2"",
       ""key"": ""rbi_property_valuation.feature210.timeoutSeconds"",
       ""mode"": ""safe"",
       ""required"": false
","<!-- docs/docguard-contract-lab-v2/CONFIGURATION.md @ controlled-baseline:964bf0471796d05b -->
### VAL-CFG-210
- Configuration key: `rbi_property_valuation.feature210.timeoutSeconds`
- Environment variable: `VAL_FEATURE_210_TIMEOUT_SECONDS`
- Documented default: `240`
- Required: `false`
- Mode: `safe`
",True,configuration,Controlled design expectation: configuration; independent human/owner acceptance still required before merge.,True,configuration,"VAL-CFG-210: kod mijenja dokumentovanu konfiguraciju iz 'VAL_FEATURE_210_TIMEOUT_SECONDS' u 'VAL_FEATURE_210_TIMEOUT_SECONDS_V2' (environment_variable_rename), dok docs-before eksplicitno navodi staru vrijednost; dokumentacija bi zato postala zastarjela.",approved,af41ada6d7b3fe86d8d46ad37a84a3abe0e0ad67868b567c4d5a2ef927c82a02,06e1dbfb58a74bcfa10c8e907afa229976fa9b4c6598fb5a37544bd9679066cd,configuration,rbi_property_valuation,environment_variable_rename,cases/patches/rbi_property_valuation/configuration/VAL-CFG-210.patch
CRPP2-VAL-CONFIGURATION-211,controlled-v2/rbi-property-valuation-copy,9401771,csharp,"[""PropertyValuation/DocGuardContractLab-v2/configuration/contracts_12.json""]","--- a/PropertyValuation/DocGuardContractLab-v2/configuration/contracts_12.json
+++ b/PropertyValuation/DocGuardContractLab-v2/configuration/contracts_12.json
@@ -7,7 +7,7 @@
       ""environmentVariable"": ""VAL_FEATURE_211_TIMEOUT_SECONDS"",
       ""key"": ""rbi_property_valuation.feature211.timeoutSeconds"",
       ""mode"": ""safe"",
-      ""required"": false
+      ""required"": true
     },
     {
       ""contractId"": ""VAL-CFG-212"",
","<!-- docs/docguard-contract-lab-v2/CONFIGURATION.md @ controlled-baseline:964bf0471796d05b -->
### VAL-CFG-211
- Configuration key: `rbi_property_valuation.feature211.timeoutSeconds`
- Environment variable: `VAL_FEATURE_211_TIMEOUT_SECONDS`
- Documented default: `241`
- Required: `false`
- Mode: `safe`
",True,configuration,Controlled design expectation: configuration; independent human/owner acceptance still required before merge.,True,configuration,"VAL-CFG-211: kod mijenja dokumentovanu konfiguraciju iz 'false' u 'true' (optional_to_required), dok docs-before eksplicitno navodi staru vrijednost; dokumentacija bi zato postala zastarjela.",approved,1b44cd59118e5bb4f1d65f168a65b5257175c98fa31bf9c51a88b23a65ddcf0f,ff74fc57d40268a6bc6f7d8cbf23a01b91d37c36d7c7cf8a8dd406ceae1b7c4d,configuration,rbi_property_valuation,optional_to_required,cases/patches/rbi_property_valuation/configuration/VAL-CFG-211.patch
CRPP2-VAL-CONFIGURATION-212,controlled-v2/rbi-property-valuation-copy,9401772,csharp,"[""PropertyValuation/DocGuardContractLab-v2/configuration/contracts_12.json""]","--- a/PropertyValuation/DocGuardContractLab-v2/configuration/contracts_12.json
+++ b/PropertyValuation/DocGuardContractLab-v2/configuration/contracts_12.json
@@ -14,7 +14,7 @@
       ""default"": 242,
       ""environmentVariable"": ""VAL_FEATURE_212_TIMEOUT_SECONDS"",
       ""key"": ""rbi_property_valuation.feature212.timeoutSeconds"",
-      ""mode"": ""safe"",
+      ""mode"": ""strict"",
       ""required"": false
     },
     {
","<!-- docs/docguard-contract-lab-v2/CONFIGURATION.md @ controlled-baseline:964bf0471796d05b -->
### VAL-CFG-212
- Configuration key: `rbi_property_valuation.feature212.timeoutSeconds`
- Environment variable: `VAL_FEATURE_212_TIMEOUT_SECONDS`
- Documented default: `242`
- Required: `false`
- Mode: `safe`
",True,configuration,Controlled design expectation: configuration; independent human/owner acceptance still required before merge.,True,configuration,"VAL-CFG-212: kod mijenja dokumentovanu konfiguraciju iz 'safe' u 'strict' (configuration_mode_change), dok docs-before eksplicitno navodi staru vrijednost; dokumentacija bi zato postala zastarjela.",approved,5dd0eaa3d01cb787fe1f8afbc4af1af5110f166c532800cc409f24035743856c,c825bf57c589337184ed113a03992282acd7f28133da577fc4143c89a6809ebf,configuration,rbi_property_valuation,configuration_mode_change,cases/patches/rbi_property_valuation/configuration/VAL-CFG-212.patch
CRPP2-VAL-CONFIGURATION-213,controlled-v2/rbi-property-valuation-copy,9401773,csharp,"[""PropertyValuation/DocGuardContractLab-v2/configuration/contracts_12.json""]","--- a/PropertyValuation/DocGuardContractLab-v2/configuration/contracts_12.json
+++ b/PropertyValuation/DocGuardContractLab-v2/configuration/contracts_12.json
@@ -19,7 +19,7 @@
     },
     {
       ""contractId"": ""VAL-CFG-213"",
-      ""default"": 243,
+      ""default"": 273,
       ""environmentVariable"": ""VAL_FEATURE_213_TIMEOUT_SECONDS"",
       ""key"": ""rbi_property_valuation.feature213.timeoutSeconds"",
       ""mode"": ""safe"",
","<!-- docs/docguard-contract-lab-v2/CONFIGURATION.md @ controlled-baseline:964bf0471796d05b -->
### VAL-CFG-213
- Configuration key: `rbi_property_valuation.feature213.timeoutSeconds`
- Environment variable: `VAL_FEATURE_213_TIMEOUT_SECONDS`
- Documented default: `243`
- Required: `false`
- Mode: `safe`
",True,configuration,Controlled design expectation: configuration; independent human/owner acceptance still required before merge.,True,configuration,"VAL-CFG-213: kod mijenja dokumentovanu konfiguraciju iz '243' u '273' (documented_default_change), dok docs-before eksplicitno navodi staru vrijednost; dokumentacija bi zato postala zastarjela.",approved,0e5f93b5ddbf94b9804b51b4438d214018350d0af66a64baf9c6d8bff04c2c77,3882f5a90d9e032595e8828f6509c17b0558fb2ff149a9f17671eecab04437dd,configuration,rbi_property_valuation,documented_default_change,cases/patches/rbi_property_valuation/configuration/VAL-CFG-213.patch
CRPP2-VAL-CONFIGURATION-214,controlled-v2/rbi-property-valuation-copy,9401774,csharp,"[""PropertyValuation/DocGuardContractLab-v2/configuration/contracts_12.json""]","--- a/PropertyValuation/DocGuardContractLab-v2/configuration/contracts_12.json
+++ b/PropertyValuation/DocGuardContractLab-v2/configuration/contracts_12.json
@@ -28,7 +28,7 @@
     {
       ""contractId"": ""VAL-CFG-214"",
       ""default"": 244,
-      ""environmentVariable"": ""VAL_FEATURE_214_TIMEOUT_SECONDS"",
+      ""environmentVariable"": ""VAL_FEATURE_214_TIMEOUT_SECONDS_V2"",
       ""key"": ""rbi_property_valuation.feature214.timeoutSeconds"",
       ""mode"": ""safe"",
       ""required"": false
","<!-- docs/docguard-contract-lab-v2/CONFIGURATION.md @ controlled-baseline:964bf0471796d05b -->
### VAL-CFG-214
- Configuration key: `rbi_property_valuation.feature214.timeoutSeconds`
- Environment variable: `VAL_FEATURE_214_TIMEOUT_SECONDS`
- Documented default: `244`
- Required: `false`
- Mode: `safe`
",True,configuration,Controlled design expectation: configuration; independent human/owner acceptance still required before merge.,True,configuration,"VAL-CFG-214: kod mijenja dokumentovanu konfiguraciju iz 'VAL_FEATURE_214_TIMEOUT_SECONDS' u 'VAL_FEATURE_214_TIMEOUT_SECONDS_V2' (environment_variable_rename), dok docs-before eksplicitno navodi staru vrijednost; dokumentacija bi zato postala zastarjela.",approved,33f451e219eadb5f95db891835ab9a99a3eea3913b38c70dfa29ab8060c06779,230e7e41c57163b4b70eb4e9027f0bc0a728ae6e7b8e0bfed0f3e863225de8b5,configuration,rbi_property_valuation,environment_variable_rename,cases/patches/rbi_property_valuation/configuration/VAL-CFG-214.patch
CRPP2-VAL-CONFIGURATION-215,controlled-v2/rbi-property-valuation-copy,9401775,csharp,"[""PropertyValuation/DocGuardContractLab-v2/configuration/contracts_12.json""]","--- a/PropertyValuation/DocGuardContractLab-v2/configuration/contracts_12.json
+++ b/PropertyValuation/DocGuardContractLab-v2/configuration/contracts_12.json
@@ -39,7 +39,7 @@
       ""environmentVariable"": ""VAL_FEATURE_215_TIMEOUT_SECONDS"",
       ""key"": ""rbi_property_valuation.feature215.timeoutSeconds"",
       ""mode"": ""safe"",
-      ""required"": false
+      ""required"": true
     },
     {
       ""contractId"": ""VAL-CFG-216"",
","<!-- docs/docguard-contract-lab-v2/CONFIGURATION.md @ controlled-baseline:964bf0471796d05b -->
### VAL-CFG-215
- Configuration key: `rbi_property_valuation.feature215.timeoutSeconds`
- Environment variable: `VAL_FEATURE_215_TIMEOUT_SECONDS`
- Documented default: `245`
- Required: `false`
- Mode: `safe`
",True,configuration,Controlled design expectation: configuration; independent human/owner acceptance still required before merge.,True,configuration,"VAL-CFG-215: kod mijenja dokumentovanu konfiguraciju iz 'false' u 'true' (optional_to_required), dok docs-before eksplicitno navodi staru vrijednost; dokumentacija bi zato postala zastarjela.",approved,63ce36213b9befb536f826dfd388e266757b06b655715b6c809cf80d430c92db,16cd287241b88bcdf8c907fcd82c5459018681a508a424db90bfc1d8dff63516,configuration,rbi_property_valuation,optional_to_required,cases/patches/rbi_property_valuation/configuration/VAL-CFG-215.patch
CRPP2-VAL-CONFIGURATION-216,controlled-v2/rbi-property-valuation-copy,9401776,csharp,"[""PropertyValuation/DocGuardContractLab-v2/configuration/contracts_12.json""]","--- a/PropertyValuation/DocGuardContractLab-v2/configuration/contracts_12.json
+++ b/PropertyValuation/DocGuardContractLab-v2/configuration/contracts_12.json
@@ -46,7 +46,7 @@
       ""default"": 246,
       ""environmentVariable"": ""VAL_FEATURE_216_TIMEOUT_SECONDS"",
       ""key"": ""rbi_property_valuation.feature216.timeoutSeconds"",
-      ""mode"": ""safe"",
+      ""mode"": ""strict"",
       ""required"": false
     },
     {
","<!-- docs/docguard-contract-lab-v2/CONFIGURATION.md @ controlled-baseline:964bf0471796d05b -->
### VAL-CFG-216
- Configuration key: `rbi_property_valuation.feature216.timeoutSeconds`
- Environment variable: `VAL_FEATURE_216_TIMEOUT_SECONDS`
- Documented default: `246`
- Required: `false`
- Mode: `safe`
",True,configuration,Controlled design expectation: configuration; independent human/owner acceptance still required before merge.,True,configuration,"VAL-CFG-216: kod mijenja dokumentovanu konfiguraciju iz 'safe' u 'strict' (configuration_mode_change), dok docs-before eksplicitno navodi staru vrijednost; dokumentacija bi zato postala zastarjela.",approved,44ca6e51768687740d5bc2c1b07d5dc604111091d09ebab4c12c669a48106ad1,6a6d2f665fd905d86f281c8a183226220ac96a44a8fc752177f707ad227e7484,configuration,rbi_property_valuation,configuration_mode_change,cases/patches/rbi_property_valuation/configuration/VAL-CFG-216.patch
CRPP2-VAL-CONFIGURATION-217,controlled-v2/rbi-property-valuation-copy,9401777,csharp,"[""PropertyValuation/DocGuardContractLab-v2/configuration/contracts_12.json""]","--- a/PropertyValuation/DocGuardContractLab-v2/configuration/contracts_12.json
+++ b/PropertyValuation/DocGuardContractLab-v2/configuration/contracts_12.json
@@ -51,7 +51,7 @@
     },
     {
       ""contractId"": ""VAL-CFG-217"",
-      ""default"": 247,
+      ""default"": 277,
       ""environmentVariable"": ""VAL_FEATURE_217_TIMEOUT_SECONDS"",
       ""key"": ""rbi_property_valuation.feature217.timeoutSeconds"",
       ""mode"": ""safe"",
","<!-- docs/docguard-contract-lab-v2/CONFIGURATION.md @ controlled-baseline:964bf0471796d05b -->
### VAL-CFG-217
- Configuration key: `rbi_property_valuation.feature217.timeoutSeconds`
- Environment variable: `VAL_FEATURE_217_TIMEOUT_SECONDS`
- Documented default: `247`
- Required: `false`
- Mode: `safe`
",True,configuration,Controlled design expectation: configuration; independent human/owner acceptance still required before merge.,True,configuration,"VAL-CFG-217: kod mijenja dokumentovanu konfiguraciju iz '247' u '277' (documented_default_change), dok docs-before eksplicitno navodi staru vrijednost; dokumentacija bi zato postala zastarjela.",approved,ad66fe25d7343ddf671b055bd7325b5aadb83d531b63e7b016fa411616def807,119e68a838450efccae197de70493851ae81fcab12d6297c5dce6b61cf594912,configuration,rbi_property_valuation,documented_default_change,cases/patches/rbi_property_valuation/configuration/VAL-CFG-217.patch
CRPP2-VAL-CONFIGURATION-218,controlled-v2/rbi-property-valuation-copy,9401778,csharp,"[""PropertyValuation/DocGuardContractLab-v2/configuration/contracts_12.json""]","--- a/PropertyValuation/DocGuardContractLab-v2/configuration/contracts_12.json
+++ b/PropertyValuation/DocGuardContractLab-v2/configuration/contracts_12.json
@@ -60,7 +60,7 @@
     {
       ""contractId"": ""VAL-CFG-218"",
       ""default"": 248,
-      ""environmentVariable"": ""VAL_FEATURE_218_TIMEOUT_SECONDS"",
+      ""environmentVariable"": ""VAL_FEATURE_218_TIMEOUT_SECONDS_V2"",
       ""key"": ""rbi_property_valuation.feature218.timeoutSeconds"",
       ""mode"": ""safe"",
       ""required"": false
","<!-- docs/docguard-contract-lab-v2/CONFIGURATION.md @ controlled-baseline:964bf0471796d05b -->
### VAL-CFG-218
- Configuration key: `rbi_property_valuation.feature218.timeoutSeconds`
- Environment variable: `VAL_FEATURE_218_TIMEOUT_SECONDS`
- Documented default: `248`
- Required: `false`
- Mode: `safe`
",True,configuration,Controlled design expectation: configuration; independent human/owner acceptance still required before merge.,True,configuration,"VAL-CFG-218: kod mijenja dokumentovanu konfiguraciju iz 'VAL_FEATURE_218_TIMEOUT_SECONDS' u 'VAL_FEATURE_218_TIMEOUT_SECONDS_V2' (environment_variable_rename), dok docs-before eksplicitno navodi staru vrijednost; dokumentacija bi zato postala zastarjela.",approved,c1ef67c1bdc8e3c9061097433e848c0a9d4d1c438c78ea5970607464a07717ca,08da2dbe06d4b9fc90250e50c8beb4d6127938b9be6e2b44708758ed19fc0216,configuration,rbi_property_valuation,environment_variable_rename,cases/patches/rbi_property_valuation/configuration/VAL-CFG-218.patch
CRPP2-VAL-CONFIGURATION-219,controlled-v2/rbi-property-valuation-copy,9401779,csharp,"[""PropertyValuation/DocGuardContractLab-v2/configuration/contracts_12.json""]","--- a/PropertyValuation/DocGuardContractLab-v2/configuration/contracts_12.json
+++ b/PropertyValuation/DocGuardContractLab-v2/configuration/contracts_12.json
@@ -71,7 +71,7 @@
       ""environmentVariable"": ""VAL_FEATURE_219_TIMEOUT_SECONDS"",
       ""key"": ""rbi_property_valuation.feature219.timeoutSeconds"",
       ""mode"": ""safe"",
-      ""required"": false
+      ""required"": true
     },
     {
       ""contractId"": ""VAL-CFG-220"",
","<!-- docs/docguard-contract-lab-v2/CONFIGURATION.md @ controlled-baseline:964bf0471796d05b -->
### VAL-CFG-219
- Configuration key: `rbi_property_valuation.feature219.timeoutSeconds`
- Environment variable: `VAL_FEATURE_219_TIMEOUT_SECONDS`
- Documented default: `249`
- Required: `false`
- Mode: `safe`
",True,configuration,Controlled design expectation: configuration; independent human/owner acceptance still required before merge.,True,configuration,"VAL-CFG-219: kod mijenja dokumentovanu konfiguraciju iz 'false' u 'true' (optional_to_required), dok docs-before eksplicitno navodi staru vrijednost; dokumentacija bi zato postala zastarjela.",approved,213dd5b77e3669cfdd77829c647f4b23a6f4bb722d2a74783ad5cd87f3920287,f49318f38d18a3968101feb2db3195e85a8f794f76549da3b71332329ad31c1c,configuration,rbi_property_valuation,optional_to_required,cases/patches/rbi_property_valuation/configuration/VAL-CFG-219.patch
CRPP2-VAL-CONFIGURATION-220,controlled-v2/rbi-property-valuation-copy,9401780,csharp,"[""PropertyValuation/DocGuardContractLab-v2/configuration/contracts_12.json""]","--- a/PropertyValuation/DocGuardContractLab-v2/configuration/contracts_12.json
+++ b/PropertyValuation/DocGuardContractLab-v2/configuration/contracts_12.json
@@ -78,7 +78,7 @@
       ""default"": 250,
       ""environmentVariable"": ""VAL_FEATURE_220_TIMEOUT_SECONDS"",
       ""key"": ""rbi_property_valuation.feature220.timeoutSeconds"",
-      ""mode"": ""safe"",
+      ""mode"": ""strict"",
       ""required"": false
     }
   ],
","<!-- docs/docguard-contract-lab-v2/CONFIGURATION.md @ controlled-baseline:964bf0471796d05b -->
### VAL-CFG-220
- Configuration key: `rbi_property_valuation.feature220.timeoutSeconds`
- Environment variable: `VAL_FEATURE_220_TIMEOUT_SECONDS`
- Documented default: `250`
- Required: `false`
- Mode: `safe`
",True,configuration,Controlled design expectation: configuration; independent human/owner acceptance still required before merge.,True,configuration,"VAL-CFG-220: kod mijenja dokumentovanu konfiguraciju iz 'safe' u 'strict' (configuration_mode_change), dok docs-before eksplicitno navodi staru vrijednost; dokumentacija bi zato postala zastarjela.",approved,f7d4cec79a7aba2e677509f372ef028b3d6dd7c125581785d139937c86cba0d4,a9e5b2cd75006aeb29d624f77e0bde726655b8b2a863edab5943aa60be9ecc63,configuration,rbi_property_valuation,configuration_mode_change,cases/patches/rbi_property_valuation/configuration/VAL-CFG-220.patch
CRPP2-VAL-CONFIGURATION-221,controlled-v2/rbi-property-valuation-copy,9401781,csharp,"[""PropertyValuation/DocGuardContractLab-v2/configuration/contracts_13.json""]","--- a/PropertyValuation/DocGuardContractLab-v2/configuration/contracts_13.json
+++ b/PropertyValuation/DocGuardContractLab-v2/configuration/contracts_13.json
@@ -3,7 +3,7 @@
   ""contracts"": [
     {
       ""contractId"": ""VAL-CFG-221"",
-      ""default"": 251,
+      ""default"": 281,
       ""environmentVariable"": ""VAL_FEATURE_221_TIMEOUT_SECONDS"",
       ""key"": ""rbi_property_valuation.feature221.timeoutSeconds"",
       ""mode"": ""safe"",
","<!-- docs/docguard-contract-lab-v2/CONFIGURATION.md @ controlled-baseline:964bf0471796d05b -->
### VAL-CFG-221
- Configuration key: `rbi_property_valuation.feature221.timeoutSeconds`
- Environment variable: `VAL_FEATURE_221_TIMEOUT_SECONDS`
- Documented default: `251`
- Required: `false`
- Mode: `safe`
",True,configuration,Controlled design expectation: configuration; independent human/owner acceptance still required before merge.,True,configuration,"VAL-CFG-221: kod mijenja dokumentovanu konfiguraciju iz '251' u '281' (documented_default_change), dok docs-before eksplicitno navodi staru vrijednost; dokumentacija bi zato postala zastarjela.",approved,7cac87b73ae696a61fa6b0fe4ecf2e5670befc5f0657e268c96412f59c4e115a,3f345445650573a4453ed5d985b1b4f670b13d95e4acbdf46bea777e8917a590,configuration,rbi_property_valuation,documented_default_change,cases/patches/rbi_property_valuation/configuration/VAL-CFG-221.patch
CRPP2-VAL-CONFIGURATION-222,controlled-v2/rbi-property-valuation-copy,9401782,csharp,"[""PropertyValuation/DocGuardContractLab-v2/configuration/contracts_13.json""]","--- a/PropertyValuation/DocGuardContractLab-v2/configuration/contracts_13.json
+++ b/PropertyValuation/DocGuardContractLab-v2/configuration/contracts_13.json
@@ -12,7 +12,7 @@
     {
       ""contractId"": ""VAL-CFG-222"",
       ""default"": 252,
-      ""environmentVariable"": ""VAL_FEATURE_222_TIMEOUT_SECONDS"",
+      ""environmentVariable"": ""VAL_FEATURE_222_TIMEOUT_SECONDS_V2"",
       ""key"": ""rbi_property_valuation.feature222.timeoutSeconds"",
       ""mode"": ""safe"",
       ""required"": false
","<!-- docs/docguard-contract-lab-v2/CONFIGURATION.md @ controlled-baseline:964bf0471796d05b -->
### VAL-CFG-222
- Configuration key: `rbi_property_valuation.feature222.timeoutSeconds`
- Environment variable: `VAL_FEATURE_222_TIMEOUT_SECONDS`
- Documented default: `252`
- Required: `false`
- Mode: `safe`
",True,configuration,Controlled design expectation: configuration; independent human/owner acceptance still required before merge.,True,configuration,"VAL-CFG-222: kod mijenja dokumentovanu konfiguraciju iz 'VAL_FEATURE_222_TIMEOUT_SECONDS' u 'VAL_FEATURE_222_TIMEOUT_SECONDS_V2' (environment_variable_rename), dok docs-before eksplicitno navodi staru vrijednost; dokumentacija bi zato postala zastarjela.",approved,75436a01d9c3da847615ec7ffee8ae095ee86c63cb93c5dc5327fe2f9cce8993,755882d61f105df5162eeb5d49a393a66aeade6c3bf09fa448178466fad2235a,configuration,rbi_property_valuation,environment_variable_rename,cases/patches/rbi_property_valuation/configuration/VAL-CFG-222.patch
CRPP2-VAL-CONFIGURATION-223,controlled-v2/rbi-property-valuation-copy,9401783,csharp,"[""PropertyValuation/DocGuardContractLab-v2/configuration/contracts_13.json""]","--- a/PropertyValuation/DocGuardContractLab-v2/configuration/contracts_13.json
+++ b/PropertyValuation/DocGuardContractLab-v2/configuration/contracts_13.json
@@ -23,7 +23,7 @@
       ""environmentVariable"": ""VAL_FEATURE_223_TIMEOUT_SECONDS"",
       ""key"": ""rbi_property_valuation.feature223.timeoutSeconds"",
       ""mode"": ""safe"",
-      ""required"": false
+      ""required"": true
     },
     {
       ""contractId"": ""VAL-CFG-224"",
","<!-- docs/docguard-contract-lab-v2/CONFIGURATION.md @ controlled-baseline:964bf0471796d05b -->
### VAL-CFG-223
- Configuration key: `rbi_property_valuation.feature223.timeoutSeconds`
- Environment variable: `VAL_FEATURE_223_TIMEOUT_SECONDS`
- Documented default: `253`
- Required: `false`
- Mode: `safe`
",True,configuration,Controlled design expectation: configuration; independent human/owner acceptance still required before merge.,True,configuration,"VAL-CFG-223: kod mijenja dokumentovanu konfiguraciju iz 'false' u 'true' (optional_to_required), dok docs-before eksplicitno navodi staru vrijednost; dokumentacija bi zato postala zastarjela.",approved,705805c80cc0db45249d9284229e07a857578202306f294d2c06edddd6b6d1ed,e0dce7256bdaa4f2b57bc2bc4e310182818e7b7e90fd82c17d3dc92601eacfbd,configuration,rbi_property_valuation,optional_to_required,cases/patches/rbi_property_valuation/configuration/VAL-CFG-223.patch
CRPP2-VAL-CONFIGURATION-224,controlled-v2/rbi-property-valuation-copy,9401784,csharp,"[""PropertyValuation/DocGuardContractLab-v2/configuration/contracts_13.json""]","--- a/PropertyValuation/DocGuardContractLab-v2/configuration/contracts_13.json
+++ b/PropertyValuation/DocGuardContractLab-v2/configuration/contracts_13.json
@@ -30,7 +30,7 @@
       ""default"": 254,
       ""environmentVariable"": ""VAL_FEATURE_224_TIMEOUT_SECONDS"",
       ""key"": ""rbi_property_valuation.feature224.timeoutSeconds"",
-      ""mode"": ""safe"",
+      ""mode"": ""strict"",
       ""required"": false
     },
     {
","<!-- docs/docguard-contract-lab-v2/CONFIGURATION.md @ controlled-baseline:964bf0471796d05b -->
### VAL-CFG-224
- Configuration key: `rbi_property_valuation.feature224.timeoutSeconds`
- Environment variable: `VAL_FEATURE_224_TIMEOUT_SECONDS`
- Documented default: `254`
- Required: `false`
- Mode: `safe`
",True,configuration,Controlled design expectation: configuration; independent human/owner acceptance still required before merge.,True,configuration,"VAL-CFG-224: kod mijenja dokumentovanu konfiguraciju iz 'safe' u 'strict' (configuration_mode_change), dok docs-before eksplicitno navodi staru vrijednost; dokumentacija bi zato postala zastarjela.",approved,b55ff09361d743ae4419f8986d2c26ddc3b5b24bd2e1be205fa07e0c1fa26483,6f84ac2ef7a4bdfa99de2251806c32bba2a8e2990a20c895ee00636cd94ea4f9,configuration,rbi_property_valuation,configuration_mode_change,cases/patches/rbi_property_valuation/configuration/VAL-CFG-224.patch
CRPP2-VAL-CONFIGURATION-225,controlled-v2/rbi-property-valuation-copy,9401785,csharp,"[""PropertyValuation/DocGuardContractLab-v2/configuration/contracts_13.json""]","--- a/PropertyValuation/DocGuardContractLab-v2/configuration/contracts_13.json
+++ b/PropertyValuation/DocGuardContractLab-v2/configuration/contracts_13.json
@@ -35,7 +35,7 @@
     },
     {
       ""contractId"": ""VAL-CFG-225"",
-      ""default"": 255,
+      ""default"": 285,
       ""environmentVariable"": ""VAL_FEATURE_225_TIMEOUT_SECONDS"",
       ""key"": ""rbi_property_valuation.feature225.timeoutSeconds"",
       ""mode"": ""safe"",
","<!-- docs/docguard-contract-lab-v2/CONFIGURATION.md @ controlled-baseline:964bf0471796d05b -->
### VAL-CFG-225
- Configuration key: `rbi_property_valuation.feature225.timeoutSeconds`
- Environment variable: `VAL_FEATURE_225_TIMEOUT_SECONDS`
- Documented default: `255`
- Required: `false`
- Mode: `safe`
",True,configuration,Controlled design expectation: configuration; independent human/owner acceptance still required before merge.,True,configuration,"VAL-CFG-225: kod mijenja dokumentovanu konfiguraciju iz '255' u '285' (documented_default_change), dok docs-before eksplicitno navodi staru vrijednost; dokumentacija bi zato postala zastarjela.",approved,4fe68af980932a1326e76b0d0390846a714cf29c122705ba540af9e9416ecd0c,a2dc43454a6af5e187dc3f73486fd1c17e37a6f6c80267a3dadaffa77a927c81,configuration,rbi_property_valuation,documented_default_change,cases/patches/rbi_property_valuation/configuration/VAL-CFG-225.patch
CRPP2-VAL-CONFIGURATION-226,controlled-v2/rbi-property-valuation-copy,9401786,csharp,"[""PropertyValuation/DocGuardContractLab-v2/configuration/contracts_13.json""]","--- a/PropertyValuation/DocGuardContractLab-v2/configuration/contracts_13.json
+++ b/PropertyValuation/DocGuardContractLab-v2/configuration/contracts_13.json
@@ -44,7 +44,7 @@
     {
       ""contractId"": ""VAL-CFG-226"",
       ""default"": 256,
-      ""environmentVariable"": ""VAL_FEATURE_226_TIMEOUT_SECONDS"",
+      ""environmentVariable"": ""VAL_FEATURE_226_TIMEOUT_SECONDS_V2"",
       ""key"": ""rbi_property_valuation.feature226.timeoutSeconds"",
       ""mode"": ""safe"",
       ""required"": false
","<!-- docs/docguard-contract-lab-v2/CONFIGURATION.md @ controlled-baseline:964bf0471796d05b -->
### VAL-CFG-226
- Configuration key: `rbi_property_valuation.feature226.timeoutSeconds`
- Environment variable: `VAL_FEATURE_226_TIMEOUT_SECONDS`
- Documented default: `256`
- Required: `false`
- Mode: `safe`
",True,configuration,Controlled design expectation: configuration; independent human/owner acceptance still required before merge.,True,configuration,"VAL-CFG-226: kod mijenja dokumentovanu konfiguraciju iz 'VAL_FEATURE_226_TIMEOUT_SECONDS' u 'VAL_FEATURE_226_TIMEOUT_SECONDS_V2' (environment_variable_rename), dok docs-before eksplicitno navodi staru vrijednost; dokumentacija bi zato postala zastarjela.",approved,23336c74105cd9c0c92dad02f345df2833994d23f39be90477c187aba0406d4f,a1a5f180afb820967f7ee531417687143dc73d5d0db049f1f6834057f3bd8f70,configuration,rbi_property_valuation,environment_variable_rename,cases/patches/rbi_property_valuation/configuration/VAL-CFG-226.patch
CRPP2-VAL-CONFIGURATION-227,controlled-v2/rbi-property-valuation-copy,9401787,csharp,"[""PropertyValuation/DocGuardContractLab-v2/configuration/contracts_13.json""]","--- a/PropertyValuation/DocGuardContractLab-v2/configuration/contracts_13.json
+++ b/PropertyValuation/DocGuardContractLab-v2/configuration/contracts_13.json
@@ -55,7 +55,7 @@
       ""environmentVariable"": ""VAL_FEATURE_227_TIMEOUT_SECONDS"",
       ""key"": ""rbi_property_valuation.feature227.timeoutSeconds"",
       ""mode"": ""safe"",
-      ""required"": false
+      ""required"": true
     },
     {
       ""contractId"": ""VAL-CFG-228"",
","<!-- docs/docguard-contract-lab-v2/CONFIGURATION.md @ controlled-baseline:964bf0471796d05b -->
### VAL-CFG-227
- Configuration key: `rbi_property_valuation.feature227.timeoutSeconds`
- Environment variable: `VAL_FEATURE_227_TIMEOUT_SECONDS`
- Documented default: `257`
- Required: `false`
- Mode: `safe`
",True,configuration,Controlled design expectation: configuration; independent human/owner acceptance still required before merge.,True,configuration,"VAL-CFG-227: kod mijenja dokumentovanu konfiguraciju iz 'false' u 'true' (optional_to_required), dok docs-before eksplicitno navodi staru vrijednost; dokumentacija bi zato postala zastarjela.",approved,17a916855d8bd375ca39f88472fd60c967a1a697641747c61a6db6ff3e892999,acf95785e896701670f8e15955fbb2b59369f00848d5d2a8ce9d4645ed51f5e8,configuration,rbi_property_valuation,optional_to_required,cases/patches/rbi_property_valuation/configuration/VAL-CFG-227.patch
CRPP2-VAL-CONFIGURATION-228,controlled-v2/rbi-property-valuation-copy,9401788,csharp,"[""PropertyValuation/DocGuardContractLab-v2/configuration/contracts_13.json""]","--- a/PropertyValuation/DocGuardContractLab-v2/configuration/contracts_13.json
+++ b/PropertyValuation/DocGuardContractLab-v2/configuration/contracts_13.json
@@ -62,7 +62,7 @@
       ""default"": 258,
       ""environmentVariable"": ""VAL_FEATURE_228_TIMEOUT_SECONDS"",
       ""key"": ""rbi_property_valuation.feature228.timeoutSeconds"",
-      ""mode"": ""safe"",
+      ""mode"": ""strict"",
       ""required"": false
     },
     {
","<!-- docs/docguard-contract-lab-v2/CONFIGURATION.md @ controlled-baseline:964bf0471796d05b -->
### VAL-CFG-228
- Configuration key: `rbi_property_valuation.feature228.timeoutSeconds`
- Environment variable: `VAL_FEATURE_228_TIMEOUT_SECONDS`
- Documented default: `258`
- Required: `false`
- Mode: `safe`
",True,configuration,Controlled design expectation: configuration; independent human/owner acceptance still required before merge.,True,configuration,"VAL-CFG-228: kod mijenja dokumentovanu konfiguraciju iz 'safe' u 'strict' (configuration_mode_change), dok docs-before eksplicitno navodi staru vrijednost; dokumentacija bi zato postala zastarjela.",approved,fbdc0e66dc48f0a9c0f576a3cba1c8c1206c63a981236ad6058b073d153309f0,d48cf60967ab3af79d16b431bb6829af54b2e1751186fe2c86592359b4147f87,configuration,rbi_property_valuation,configuration_mode_change,cases/patches/rbi_property_valuation/configuration/VAL-CFG-228.patch
CRPP2-VAL-CONFIGURATION-229,controlled-v2/rbi-property-valuation-copy,9401789,csharp,"[""PropertyValuation/DocGuardContractLab-v2/configuration/contracts_13.json""]","--- a/PropertyValuation/DocGuardContractLab-v2/configuration/contracts_13.json
+++ b/PropertyValuation/DocGuardContractLab-v2/configuration/contracts_13.json
@@ -67,7 +67,7 @@
     },
     {
       ""contractId"": ""VAL-CFG-229"",
-      ""default"": 259,
+      ""default"": 289,
       ""environmentVariable"": ""VAL_FEATURE_229_TIMEOUT_SECONDS"",
       ""key"": ""rbi_property_valuation.feature229.timeoutSeconds"",
       ""mode"": ""safe"",
","<!-- docs/docguard-contract-lab-v2/CONFIGURATION.md @ controlled-baseline:964bf0471796d05b -->
### VAL-CFG-229
- Configuration key: `rbi_property_valuation.feature229.timeoutSeconds`
- Environment variable: `VAL_FEATURE_229_TIMEOUT_SECONDS`
- Documented default: `259`
- Required: `false`
- Mode: `safe`
",True,configuration,Controlled design expectation: configuration; independent human/owner acceptance still required before merge.,True,configuration,"VAL-CFG-229: kod mijenja dokumentovanu konfiguraciju iz '259' u '289' (documented_default_change), dok docs-before eksplicitno navodi staru vrijednost; dokumentacija bi zato postala zastarjela.",approved,9411ad4ac24fa450234b2c8080279206b2e05cc8f283620a50a754d13060fbd2,b99f8bb80e179e73cf49def5f05476df0dae6385c7d8fdfe5b748299ac5b7733,configuration,rbi_property_valuation,documented_default_change,cases/patches/rbi_property_valuation/configuration/VAL-CFG-229.patch
CRPP2-VAL-CONFIGURATION-230,controlled-v2/rbi-property-valuation-copy,9401790,csharp,"[""PropertyValuation/DocGuardContractLab-v2/configuration/contracts_13.json""]","--- a/PropertyValuation/DocGuardContractLab-v2/configuration/contracts_13.json
+++ b/PropertyValuation/DocGuardContractLab-v2/configuration/contracts_13.json
@@ -76,7 +76,7 @@
     {
       ""contractId"": ""VAL-CFG-230"",
       ""default"": 260,
-      ""environmentVariable"": ""VAL_FEATURE_230_TIMEOUT_SECONDS"",
+      ""environmentVariable"": ""VAL_FEATURE_230_TIMEOUT_SECONDS_V2"",
       ""key"": ""rbi_property_valuation.feature230.timeoutSeconds"",
       ""mode"": ""safe"",
       ""required"": false
","<!-- docs/docguard-contract-lab-v2/CONFIGURATION.md @ controlled-baseline:964bf0471796d05b -->
### VAL-CFG-230
- Configuration key: `rbi_property_valuation.feature230.timeoutSeconds`
- Environment variable: `VAL_FEATURE_230_TIMEOUT_SECONDS`
- Documented default: `260`
- Required: `false`
- Mode: `safe`
",True,configuration,Controlled design expectation: configuration; independent human/owner acceptance still required before merge.,True,configuration,"VAL-CFG-230: kod mijenja dokumentovanu konfiguraciju iz 'VAL_FEATURE_230_TIMEOUT_SECONDS' u 'VAL_FEATURE_230_TIMEOUT_SECONDS_V2' (environment_variable_rename), dok docs-before eksplicitno navodi staru vrijednost; dokumentacija bi zato postala zastarjela.",approved,de0e7c8bd44f78e96d64902f3c905ef8b838827a05244d14dd59f39dc9f9f75c,b4b8ec8ba5d846c45048162290776e85baa7cb862f221c19c93290693132cdf0,configuration,rbi_property_valuation,environment_variable_rename,cases/patches/rbi_property_valuation/configuration/VAL-CFG-230.patch
CRPP2-VAL-DEVELOPER_SETUP-101,controlled-v2/rbi-property-valuation-copy,9401791,csharp,"[""PropertyValuation/DocGuardContractLab-v2/developer_setup/contracts_01.json""]","--- a/PropertyValuation/DocGuardContractLab-v2/developer_setup/contracts_01.json
+++ b/PropertyValuation/DocGuardContractLab-v2/developer_setup/contracts_01.json
@@ -8,7 +8,7 @@
       ""packageManager"": ""NuGet@6"",
       ""profile"": ""developer-profile-101"",
       ""runtime"": "".NET SDK"",
-      ""runtimeVersion"": ""8.0""
+      ""runtimeVersion"": ""10.0""
     },
     {
       ""contractId"": ""VAL-SETUP-102"",
","<!-- docs/docguard-contract-lab-v2/DEVELOPER_SETUP.md @ controlled-baseline:c86ec5d35575197a -->
### VAL-SETUP-101
- Profile: `developer-profile-101`
- Required runtime: `.NET SDK 8.0`
- Package manager: `NuGet@6`
- Local development command: `dotnet run --project PropertyValuation -- --profile 101`
- Migration command: `dotnet ef database update --project PropertyValuation --profile 101`
",True,developer_setup,Controlled design expectation: developer_setup; independent human/owner acceptance still required before merge.,True,developer_setup,"VAL-SETUP-101: kod mijenja dokumentovani razvojni setup iz '8.0' u '10.0' (runtime_requirement_change), dok docs-before eksplicitno navodi staru vrijednost; dokumentacija bi zato postala zastarjela.",approved,b8498276d37b9c2406e9c6de51855aa8f98ba1408ed739d1e2a859383ab7cf66,6f37428790b4edfec594dd5610597fc740b1fc1b450b12d55d4bb608ff3ee5a7,developer_setup,rbi_property_valuation,runtime_requirement_change,cases/patches/rbi_property_valuation/developer_setup/VAL-SETUP-101.patch
CRPP2-VAL-DEVELOPER_SETUP-102,controlled-v2/rbi-property-valuation-copy,9401792,csharp,"[""PropertyValuation/DocGuardContractLab-v2/developer_setup/contracts_01.json""]","--- a/PropertyValuation/DocGuardContractLab-v2/developer_setup/contracts_01.json
+++ b/PropertyValuation/DocGuardContractLab-v2/developer_setup/contracts_01.json
@@ -12,7 +12,7 @@
     },
     {
       ""contractId"": ""VAL-SETUP-102"",
-      ""developmentCommand"": ""dotnet run --project PropertyValuation -- --profile 102"",
+      ""developmentCommand"": ""dotnet run --project PropertyValuation -- --profile 102 --strict"",
       ""migrationCommand"": ""dotnet ef database update --project PropertyValuation --profile 102"",
       ""packageManager"": ""NuGet@6"",
       ""profile"": ""developer-profile-102"",
","<!-- docs/docguard-contract-lab-v2/DEVELOPER_SETUP.md @ controlled-baseline:c86ec5d35575197a -->
### VAL-SETUP-102
- Profile: `developer-profile-102`
- Required runtime: `.NET SDK 8.0`
- Package manager: `NuGet@6`
- Local development command: `dotnet run --project PropertyValuation -- --profile 102`
- Migration command: `dotnet ef database update --project PropertyValuation --profile 102`
",True,developer_setup,Controlled design expectation: developer_setup; independent human/owner acceptance still required before merge.,True,developer_setup,"VAL-SETUP-102: kod mijenja dokumentovani razvojni setup iz 'dotnet run --project PropertyValuation -- --profile 102' u 'dotnet run --project PropertyValuation -- --profile 102 --strict' (local_command_change), dok docs-before eksplicitno navodi staru vrijednost; dokumentacija bi zato postala zastarjela.",approved,fa93c37217e90bd2d365e80ae205f56581c977d758dad01d7c0d94db864af19d,0ca361513a896f0d855844e4286e72e043803b6454b2efec08c713c1d51cb471,developer_setup,rbi_property_valuation,local_command_change,cases/patches/rbi_property_valuation/developer_setup/VAL-SETUP-102.patch
CRPP2-VAL-DEVELOPER_SETUP-103,controlled-v2/rbi-property-valuation-copy,9401793,csharp,"[""PropertyValuation/DocGuardContractLab-v2/developer_setup/contracts_01.json""]","--- a/PropertyValuation/DocGuardContractLab-v2/developer_setup/contracts_01.json
+++ b/PropertyValuation/DocGuardContractLab-v2/developer_setup/contracts_01.json
@@ -23,7 +23,7 @@
       ""contractId"": ""VAL-SETUP-103"",
       ""developmentCommand"": ""dotnet run --project PropertyValuation -- --profile 103"",
       ""migrationCommand"": ""dotnet ef database update --project PropertyValuation --profile 103"",
-      ""packageManager"": ""NuGet@6"",
+      ""packageManager"": ""NuGet@7"",
       ""profile"": ""developer-profile-103"",
       ""runtime"": "".NET SDK"",
       ""runtimeVersion"": ""8.0""
","<!-- docs/docguard-contract-lab-v2/DEVELOPER_SETUP.md @ controlled-baseline:c86ec5d35575197a -->
### VAL-SETUP-103
- Profile: `developer-profile-103`
- Required runtime: `.NET SDK 8.0`
- Package manager: `NuGet@6`
- Local development command: `dotnet run --project PropertyValuation -- --profile 103`
- Migration command: `dotnet ef database update --project PropertyValuation --profile 103`
",True,developer_setup,Controlled design expectation: developer_setup; independent human/owner acceptance still required before merge.,True,developer_setup,"VAL-SETUP-103: kod mijenja dokumentovani razvojni setup iz 'NuGet@6' u 'NuGet@7' (package_manager_version_change), dok docs-before eksplicitno navodi staru vrijednost; dokumentacija bi zato postala zastarjela.",approved,372f4f1827e4ee683ba85fab91d696744ff3b955fb1b4120bd5e91b5910a7703,f46d718c7ee055837b299d693af456af03244298e8e393812e14565a879faf5d,developer_setup,rbi_property_valuation,package_manager_version_change,cases/patches/rbi_property_valuation/developer_setup/VAL-SETUP-103.patch
CRPP2-VAL-DEVELOPER_SETUP-104,controlled-v2/rbi-property-valuation-copy,9401794,csharp,"[""PropertyValuation/DocGuardContractLab-v2/developer_setup/contracts_01.json""]","--- a/PropertyValuation/DocGuardContractLab-v2/developer_setup/contracts_01.json
+++ b/PropertyValuation/DocGuardContractLab-v2/developer_setup/contracts_01.json
@@ -31,7 +31,7 @@
     {
       ""contractId"": ""VAL-SETUP-104"",
       ""developmentCommand"": ""dotnet run --project PropertyValuation -- --profile 104"",
-      ""migrationCommand"": ""dotnet ef database update --project PropertyValuation --profile 104"",
+      ""migrationCommand"": ""dotnet ef database update --project PropertyValuation --profile 104 --no-build"",
       ""packageManager"": ""NuGet@6"",
       ""profile"": ""developer-profile-104"",
       ""runtime"": "".NET SDK"",
","<!-- docs/docguard-contract-lab-v2/DEVELOPER_SETUP.md @ controlled-baseline:c86ec5d35575197a -->
### VAL-SETUP-104
- Profile: `developer-profile-104`
- Required runtime: `.NET SDK 8.0`
- Package manager: `NuGet@6`
- Local development command: `dotnet run --project PropertyValuation -- --profile 104`
- Migration command: `dotnet ef database update --project PropertyValuation --profile 104`
",True,developer_setup,Controlled design expectation: developer_setup; independent human/owner acceptance still required before merge.,True,developer_setup,"VAL-SETUP-104: kod mijenja dokumentovani razvojni setup iz 'dotnet ef database update --project PropertyValuation --profile 104' u 'dotnet ef database update --project PropertyValuation --profile 104 --no-build' (migration_command_change), dok docs-before eksplicitno navodi staru vrijednost; dokumentacija bi zato postala zastarjela.",approved,2c526c9153fda093de2ef1482292d327abe97e4cc805b91de3a06dcfacc12433,618a82c28d4a6d4da2987618350db95b86e4e7a6e1a5cbd709db4796e852fe4f,developer_setup,rbi_property_valuation,migration_command_change,cases/patches/rbi_property_valuation/developer_setup/VAL-SETUP-104.patch
CRPP2-VAL-DEVELOPER_SETUP-105,controlled-v2/rbi-property-valuation-copy,9401795,csharp,"[""PropertyValuation/DocGuardContractLab-v2/developer_setup/contracts_01.json""]","--- a/PropertyValuation/DocGuardContractLab-v2/developer_setup/contracts_01.json
+++ b/PropertyValuation/DocGuardContractLab-v2/developer_setup/contracts_01.json
@@ -44,7 +44,7 @@
       ""packageManager"": ""NuGet@6"",
       ""profile"": ""developer-profile-105"",
       ""runtime"": "".NET SDK"",
-      ""runtimeVersion"": ""8.0""
+      ""runtimeVersion"": ""10.0""
     },
     {
       ""contractId"": ""VAL-SETUP-106"",
","<!-- docs/docguard-contract-lab-v2/DEVELOPER_SETUP.md @ controlled-baseline:c86ec5d35575197a -->
### VAL-SETUP-105
- Profile: `developer-profile-105`
- Required runtime: `.NET SDK 8.0`
- Package manager: `NuGet@6`
- Local development command: `dotnet run --project PropertyValuation -- --profile 105`
- Migration command: `dotnet ef database update --project PropertyValuation --profile 105`
",True,developer_setup,Controlled design expectation: developer_setup; independent human/owner acceptance still required before merge.,True,developer_setup,"VAL-SETUP-105: kod mijenja dokumentovani razvojni setup iz '8.0' u '10.0' (runtime_requirement_change), dok docs-before eksplicitno navodi staru vrijednost; dokumentacija bi zato postala zastarjela.",approved,3f39b1596c71103ca1905af3e4682e2107f64d12fac8f81fb7b7c62b11d31390,7d6b6cc9b6277b602316737770d2e81636b17f3a89b67e393e31e058e71308b2,developer_setup,rbi_property_valuation,runtime_requirement_change,cases/patches/rbi_property_valuation/developer_setup/VAL-SETUP-105.patch
CRPP2-VAL-DEVELOPER_SETUP-106,controlled-v2/rbi-property-valuation-copy,9401796,csharp,"[""PropertyValuation/DocGuardContractLab-v2/developer_setup/contracts_01.json""]","--- a/PropertyValuation/DocGuardContractLab-v2/developer_setup/contracts_01.json
+++ b/PropertyValuation/DocGuardContractLab-v2/developer_setup/contracts_01.json
@@ -48,7 +48,7 @@
     },
     {
       ""contractId"": ""VAL-SETUP-106"",
-      ""developmentCommand"": ""dotnet run --project PropertyValuation -- --profile 106"",
+      ""developmentCommand"": ""dotnet run --project PropertyValuation -- --profile 106 --strict"",
       ""migrationCommand"": ""dotnet ef database update --project PropertyValuation --profile 106"",
       ""packageManager"": ""NuGet@6"",
       ""profile"": ""developer-profile-106"",
","<!-- docs/docguard-contract-lab-v2/DEVELOPER_SETUP.md @ controlled-baseline:c86ec5d35575197a -->
### VAL-SETUP-106
- Profile: `developer-profile-106`
- Required runtime: `.NET SDK 8.0`
- Package manager: `NuGet@6`
- Local development command: `dotnet run --project PropertyValuation -- --profile 106`
- Migration command: `dotnet ef database update --project PropertyValuation --profile 106`
",True,developer_setup,Controlled design expectation: developer_setup; independent human/owner acceptance still required before merge.,True,developer_setup,"VAL-SETUP-106: kod mijenja dokumentovani razvojni setup iz 'dotnet run --project PropertyValuation -- --profile 106' u 'dotnet run --project PropertyValuation -- --profile 106 --strict' (local_command_change), dok docs-before eksplicitno navodi staru vrijednost; dokumentacija bi zato postala zastarjela.",approved,900d756e0cd21ea04952bb4c11e024d154cacee564ef012abb9d32f4942eab3e,e72118ebb0f6bcfa7bfe371e6ce9233bc5f6c3a8ca9dd56dd454c7a6fe29bbaf,developer_setup,rbi_property_valuation,local_command_change,cases/patches/rbi_property_valuation/developer_setup/VAL-SETUP-106.patch
CRPP2-VAL-DEVELOPER_SETUP-107,controlled-v2/rbi-property-valuation-copy,9401797,csharp,"[""PropertyValuation/DocGuardContractLab-v2/developer_setup/contracts_01.json""]","--- a/PropertyValuation/DocGuardContractLab-v2/developer_setup/contracts_01.json
+++ b/PropertyValuation/DocGuardContractLab-v2/developer_setup/contracts_01.json
@@ -59,7 +59,7 @@
       ""contractId"": ""VAL-SETUP-107"",
       ""developmentCommand"": ""dotnet run --project PropertyValuation -- --profile 107"",
       ""migrationCommand"": ""dotnet ef database update --project PropertyValuation --profile 107"",
-      ""packageManager"": ""NuGet@6"",
+      ""packageManager"": ""NuGet@7"",
       ""profile"": ""developer-profile-107"",
       ""runtime"": "".NET SDK"",
       ""runtimeVersion"": ""8.0""
","<!-- docs/docguard-contract-lab-v2/DEVELOPER_SETUP.md @ controlled-baseline:c86ec5d35575197a -->
### VAL-SETUP-107
- Profile: `developer-profile-107`
- Required runtime: `.NET SDK 8.0`
- Package manager: `NuGet@6`
- Local development command: `dotnet run --project PropertyValuation -- --profile 107`
- Migration command: `dotnet ef database update --project PropertyValuation --profile 107`
",True,developer_setup,Controlled design expectation: developer_setup; independent human/owner acceptance still required before merge.,True,developer_setup,"VAL-SETUP-107: kod mijenja dokumentovani razvojni setup iz 'NuGet@6' u 'NuGet@7' (package_manager_version_change), dok docs-before eksplicitno navodi staru vrijednost; dokumentacija bi zato postala zastarjela.",approved,e34d3ab7eaeac777a9145d9fab0d94f3184a7e4e858a2e3d2ce4ddc524add095,1c940ef545dbfb68e63bac089fb8d5f2eac834c17f16c1d8e094df9e2217baa8,developer_setup,rbi_property_valuation,package_manager_version_change,cases/patches/rbi_property_valuation/developer_setup/VAL-SETUP-107.patch
CRPP2-VAL-DEVELOPER_SETUP-108,controlled-v2/rbi-property-valuation-copy,9401798,csharp,"[""PropertyValuation/DocGuardContractLab-v2/developer_setup/contracts_01.json""]","--- a/PropertyValuation/DocGuardContractLab-v2/developer_setup/contracts_01.json
+++ b/PropertyValuation/DocGuardContractLab-v2/developer_setup/contracts_01.json
@@ -67,7 +67,7 @@
     {
       ""contractId"": ""VAL-SETUP-108"",
       ""developmentCommand"": ""dotnet run --project PropertyValuation -- --profile 108"",
-      ""migrationCommand"": ""dotnet ef database update --project PropertyValuation --profile 108"",
+      ""migrationCommand"": ""dotnet ef database update --project PropertyValuation --profile 108 --no-build"",
       ""packageManager"": ""NuGet@6"",
       ""profile"": ""developer-profile-108"",
       ""runtime"": "".NET SDK"",
","<!-- docs/docguard-contract-lab-v2/DEVELOPER_SETUP.md @ controlled-baseline:c86ec5d35575197a -->
### VAL-SETUP-108
- Profile: `developer-profile-108`
- Required runtime: `.NET SDK 8.0`
- Package manager: `NuGet@6`
- Local development command: `dotnet run --project PropertyValuation -- --profile 108`
- Migration command: `dotnet ef database update --project PropertyValuation --profile 108`
",True,developer_setup,Controlled design expectation: developer_setup; independent human/owner acceptance still required before merge.,True,developer_setup,"VAL-SETUP-108: kod mijenja dokumentovani razvojni setup iz 'dotnet ef database update --project PropertyValuation --profile 108' u 'dotnet ef database update --project PropertyValuation --profile 108 --no-build' (migration_command_change), dok docs-before eksplicitno navodi staru vrijednost; dokumentacija bi zato postala zastarjela.",approved,4fac6f8790310f5af6e26ac768f36c595bc6b966ff3344aecf7a7b35948ab84c,5d226e7f4aafae8e6df8a144e407fd2e7353ac6ec5741367610c7306cc64c69a,developer_setup,rbi_property_valuation,migration_command_change,cases/patches/rbi_property_valuation/developer_setup/VAL-SETUP-108.patch
CRPP2-VAL-DEVELOPER_SETUP-109,controlled-v2/rbi-property-valuation-copy,9401799,csharp,"[""PropertyValuation/DocGuardContractLab-v2/developer_setup/contracts_01.json""]","--- a/PropertyValuation/DocGuardContractLab-v2/developer_setup/contracts_01.json
+++ b/PropertyValuation/DocGuardContractLab-v2/developer_setup/contracts_01.json
@@ -80,7 +80,7 @@
       ""packageManager"": ""NuGet@6"",
       ""profile"": ""developer-profile-109"",
       ""runtime"": "".NET SDK"",
-      ""runtimeVersion"": ""8.0""
+      ""runtimeVersion"": ""10.0""
     },
     {
       ""contractId"": ""VAL-SETUP-110"",
","<!-- docs/docguard-contract-lab-v2/DEVELOPER_SETUP.md @ controlled-baseline:c86ec5d35575197a -->
### VAL-SETUP-109
- Profile: `developer-profile-109`
- Required runtime: `.NET SDK 8.0`
- Package manager: `NuGet@6`
- Local development command: `dotnet run --project PropertyValuation -- --profile 109`
- Migration command: `dotnet ef database update --project PropertyValuation --profile 109`
",True,developer_setup,Controlled design expectation: developer_setup; independent human/owner acceptance still required before merge.,True,developer_setup,"VAL-SETUP-109: kod mijenja dokumentovani razvojni setup iz '8.0' u '10.0' (runtime_requirement_change), dok docs-before eksplicitno navodi staru vrijednost; dokumentacija bi zato postala zastarjela.",approved,951f2998e534707a39c8ef6d96bfed5f4d0124654f82d568d0e90a9cba1a8212,9657a857f5309439873df9074cd9d48ce06b4d9693392f155ebfdfe3d87ac802,developer_setup,rbi_property_valuation,runtime_requirement_change,cases/patches/rbi_property_valuation/developer_setup/VAL-SETUP-109.patch
CRPP2-VAL-DEVELOPER_SETUP-110,controlled-v2/rbi-property-valuation-copy,9401800,csharp,"[""PropertyValuation/DocGuardContractLab-v2/developer_setup/contracts_01.json""]","--- a/PropertyValuation/DocGuardContractLab-v2/developer_setup/contracts_01.json
+++ b/PropertyValuation/DocGuardContractLab-v2/developer_setup/contracts_01.json
@@ -84,7 +84,7 @@
     },
     {
       ""contractId"": ""VAL-SETUP-110"",
-      ""developmentCommand"": ""dotnet run --project PropertyValuation -- --profile 110"",
+      ""developmentCommand"": ""dotnet run --project PropertyValuation -- --profile 110 --strict"",
       ""migrationCommand"": ""dotnet ef database update --project PropertyValuation --profile 110"",
       ""packageManager"": ""NuGet@6"",
       ""profile"": ""developer-profile-110"",
","<!-- docs/docguard-contract-lab-v2/DEVELOPER_SETUP.md @ controlled-baseline:c86ec5d35575197a -->
### VAL-SETUP-110
- Profile: `developer-profile-110`
- Required runtime: `.NET SDK 8.0`
- Package manager: `NuGet@6`
- Local development command: `dotnet run --project PropertyValuation -- --profile 110`
- Migration command: `dotnet ef database update --project PropertyValuation --profile 110`
",True,developer_setup,Controlled design expectation: developer_setup; independent human/owner acceptance still required before merge.,True,developer_setup,"VAL-SETUP-110: kod mijenja dokumentovani razvojni setup iz 'dotnet run --project PropertyValuation -- --profile 110' u 'dotnet run --project PropertyValuation -- --profile 110 --strict' (local_command_change), dok docs-before eksplicitno navodi staru vrijednost; dokumentacija bi zato postala zastarjela.",approved,1a49a5e9e8f944891bb01fbe6a898569927d449b6dcbf18e1cac669c6b02760a,3d13b516dddf1d03bfcf52d081febb46eb175e7b6b73c583b37b18bd983b99af,developer_setup,rbi_property_valuation,local_command_change,cases/patches/rbi_property_valuation/developer_setup/VAL-SETUP-110.patch
