case_id,repository,pr_number,language,code_changed_files,code_diff_excerpt,docs_before_excerpt,suggested_docs_update_required,suggested_doc_category,suggested_notes,human_docs_update_required,human_doc_category,human_label_notes,review_status,review_row_hash,review_context_hash,synthetic_category_by_design,source_project_key,mutation_template,patch_path
CRPP2-RPP-CONFIGURATION-191,controlled-v2/rbi-related-parties-portal-copy,9400801,typescript,"[""src/Web/src/docguard-contract-lab-v2/configuration/contracts_10.json""]","--- a/src/Web/src/docguard-contract-lab-v2/configuration/contracts_10.json
+++ b/src/Web/src/docguard-contract-lab-v2/configuration/contracts_10.json
@@ -7,7 +7,7 @@
       ""environmentVariable"": ""RPP_FEATURE_191_TIMEOUT_SECONDS"",
       ""key"": ""rbi_related_parties_portal.feature191.timeoutSeconds"",
       ""mode"": ""safe"",
-      ""required"": false
+      ""required"": true
     },
     {
       ""contractId"": ""RPP-CFG-192"",
","<!-- docs/docguard-contract-lab-v2/CONFIGURATION.md @ controlled-baseline:3e7552aeb8db3fc1 -->
### RPP-CFG-191
- Configuration key: `rbi_related_parties_portal.feature191.timeoutSeconds`
- Environment variable: `RPP_FEATURE_191_TIMEOUT_SECONDS`
- Documented default: `221`
- Required: `false`
- Mode: `safe`
",True,configuration,Controlled design expectation: configuration; independent human/owner acceptance still required before merge.,True,configuration,"RPP-CFG-191: kod mijenja dokumentovanu konfiguraciju iz 'false' u 'true' (optional_to_required), dok docs-before eksplicitno navodi staru vrijednost; dokumentacija bi zato postala zastarjela.",approved,e954a629f8cee63f3b102f15f8fca9811ef6abf163f85feba5531582c65503c0,30a19b6fa40d24548efbc4c1dee59589d6ceff1fcb742b241485b3544bcc155c,configuration,rbi_related_parties_portal,optional_to_required,cases/patches/rbi_related_parties_portal/configuration/RPP-CFG-191.patch
CRPP2-RPP-CONFIGURATION-192,controlled-v2/rbi-related-parties-portal-copy,9400802,typescript,"[""src/Web/src/docguard-contract-lab-v2/configuration/contracts_10.json""]","--- a/src/Web/src/docguard-contract-lab-v2/configuration/contracts_10.json
+++ b/src/Web/src/docguard-contract-lab-v2/configuration/contracts_10.json
@@ -14,7 +14,7 @@
       ""default"": 222,
       ""environmentVariable"": ""RPP_FEATURE_192_TIMEOUT_SECONDS"",
       ""key"": ""rbi_related_parties_portal.feature192.timeoutSeconds"",
-      ""mode"": ""safe"",
+      ""mode"": ""strict"",
       ""required"": false
     },
     {
","<!-- docs/docguard-contract-lab-v2/CONFIGURATION.md @ controlled-baseline:3e7552aeb8db3fc1 -->
### RPP-CFG-192
- Configuration key: `rbi_related_parties_portal.feature192.timeoutSeconds`
- Environment variable: `RPP_FEATURE_192_TIMEOUT_SECONDS`
- Documented default: `222`
- Required: `false`
- Mode: `safe`
",True,configuration,Controlled design expectation: configuration; independent human/owner acceptance still required before merge.,True,configuration,"RPP-CFG-192: kod mijenja dokumentovanu konfiguraciju iz 'safe' u 'strict' (configuration_mode_change), dok docs-before eksplicitno navodi staru vrijednost; dokumentacija bi zato postala zastarjela.",approved,56427df8491df50df80c6cd4f064dde2a666ca6d114803e45afa6bd9016ee6cd,2340bf32702cee5e478fb19fc67364bcb09706dd950f66a816dd708ca78b883a,configuration,rbi_related_parties_portal,configuration_mode_change,cases/patches/rbi_related_parties_portal/configuration/RPP-CFG-192.patch
CRPP2-RPP-CONFIGURATION-193,controlled-v2/rbi-related-parties-portal-copy,9400803,typescript,"[""src/Web/src/docguard-contract-lab-v2/configuration/contracts_10.json""]","--- a/src/Web/src/docguard-contract-lab-v2/configuration/contracts_10.json
+++ b/src/Web/src/docguard-contract-lab-v2/configuration/contracts_10.json
@@ -19,7 +19,7 @@
     },
     {
       ""contractId"": ""RPP-CFG-193"",
-      ""default"": 223,
+      ""default"": 253,
       ""environmentVariable"": ""RPP_FEATURE_193_TIMEOUT_SECONDS"",
       ""key"": ""rbi_related_parties_portal.feature193.timeoutSeconds"",
       ""mode"": ""safe"",
","<!-- docs/docguard-contract-lab-v2/CONFIGURATION.md @ controlled-baseline:3e7552aeb8db3fc1 -->
### RPP-CFG-193
- Configuration key: `rbi_related_parties_portal.feature193.timeoutSeconds`
- Environment variable: `RPP_FEATURE_193_TIMEOUT_SECONDS`
- Documented default: `223`
- Required: `false`
- Mode: `safe`
",True,configuration,Controlled design expectation: configuration; independent human/owner acceptance still required before merge.,True,configuration,"RPP-CFG-193: kod mijenja dokumentovanu konfiguraciju iz '223' u '253' (documented_default_change), dok docs-before eksplicitno navodi staru vrijednost; dokumentacija bi zato postala zastarjela.",approved,6a0c2330025b30b8b9d5761a15ec2d84d438a5dda55eedf811f052add838502a,4a3a37c4cfe1a67c8d5f9c654cc261f155c02acc21acc52dd6438eccb17ea2b9,configuration,rbi_related_parties_portal,documented_default_change,cases/patches/rbi_related_parties_portal/configuration/RPP-CFG-193.patch
CRPP2-RPP-CONFIGURATION-194,controlled-v2/rbi-related-parties-portal-copy,9400804,typescript,"[""src/Web/src/docguard-contract-lab-v2/configuration/contracts_10.json""]","--- a/src/Web/src/docguard-contract-lab-v2/configuration/contracts_10.json
+++ b/src/Web/src/docguard-contract-lab-v2/configuration/contracts_10.json
@@ -28,7 +28,7 @@
     {
       ""contractId"": ""RPP-CFG-194"",
       ""default"": 224,
-      ""environmentVariable"": ""RPP_FEATURE_194_TIMEOUT_SECONDS"",
+      ""environmentVariable"": ""RPP_FEATURE_194_TIMEOUT_SECONDS_V2"",
       ""key"": ""rbi_related_parties_portal.feature194.timeoutSeconds"",
       ""mode"": ""safe"",
       ""required"": false
","<!-- docs/docguard-contract-lab-v2/CONFIGURATION.md @ controlled-baseline:3e7552aeb8db3fc1 -->
### RPP-CFG-194
- Configuration key: `rbi_related_parties_portal.feature194.timeoutSeconds`
- Environment variable: `RPP_FEATURE_194_TIMEOUT_SECONDS`
- Documented default: `224`
- Required: `false`
- Mode: `safe`
",True,configuration,Controlled design expectation: configuration; independent human/owner acceptance still required before merge.,True,configuration,"RPP-CFG-194: kod mijenja dokumentovanu konfiguraciju iz 'RPP_FEATURE_194_TIMEOUT_SECONDS' u 'RPP_FEATURE_194_TIMEOUT_SECONDS_V2' (environment_variable_rename), dok docs-before eksplicitno navodi staru vrijednost; dokumentacija bi zato postala zastarjela.",approved,1a17aadbec3c4fe2a6f413879d909b74391e11e3f068e1ba9af2e91ed3a60826,0bc3345b348052100b6df63c900939531e06b7124c881efa4345af9573d1895c,configuration,rbi_related_parties_portal,environment_variable_rename,cases/patches/rbi_related_parties_portal/configuration/RPP-CFG-194.patch
CRPP2-RPP-CONFIGURATION-195,controlled-v2/rbi-related-parties-portal-copy,9400805,typescript,"[""src/Web/src/docguard-contract-lab-v2/configuration/contracts_10.json""]","--- a/src/Web/src/docguard-contract-lab-v2/configuration/contracts_10.json
+++ b/src/Web/src/docguard-contract-lab-v2/configuration/contracts_10.json
@@ -39,7 +39,7 @@
       ""environmentVariable"": ""RPP_FEATURE_195_TIMEOUT_SECONDS"",
       ""key"": ""rbi_related_parties_portal.feature195.timeoutSeconds"",
       ""mode"": ""safe"",
-      ""required"": false
+      ""required"": true
     },
     {
       ""contractId"": ""RPP-CFG-196"",
","<!-- docs/docguard-contract-lab-v2/CONFIGURATION.md @ controlled-baseline:3e7552aeb8db3fc1 -->
### RPP-CFG-195
- Configuration key: `rbi_related_parties_portal.feature195.timeoutSeconds`
- Environment variable: `RPP_FEATURE_195_TIMEOUT_SECONDS`
- Documented default: `225`
- Required: `false`
- Mode: `safe`
",True,configuration,Controlled design expectation: configuration; independent human/owner acceptance still required before merge.,True,configuration,"RPP-CFG-195: kod mijenja dokumentovanu konfiguraciju iz 'false' u 'true' (optional_to_required), dok docs-before eksplicitno navodi staru vrijednost; dokumentacija bi zato postala zastarjela.",approved,59605f335699dba73db3cf34efb2010b5634c66a028e0abc39bc351bc183adc5,04cefe7a7e13b69fdc74def95df6eaa394afc3193a8ef35a04a2c8bad5840b7b,configuration,rbi_related_parties_portal,optional_to_required,cases/patches/rbi_related_parties_portal/configuration/RPP-CFG-195.patch
CRPP2-RPP-CONFIGURATION-196,controlled-v2/rbi-related-parties-portal-copy,9400806,typescript,"[""src/Web/src/docguard-contract-lab-v2/configuration/contracts_10.json""]","--- a/src/Web/src/docguard-contract-lab-v2/configuration/contracts_10.json
+++ b/src/Web/src/docguard-contract-lab-v2/configuration/contracts_10.json
@@ -46,7 +46,7 @@
       ""default"": 226,
       ""environmentVariable"": ""RPP_FEATURE_196_TIMEOUT_SECONDS"",
       ""key"": ""rbi_related_parties_portal.feature196.timeoutSeconds"",
-      ""mode"": ""safe"",
+      ""mode"": ""strict"",
       ""required"": false
     },
     {
","<!-- docs/docguard-contract-lab-v2/CONFIGURATION.md @ controlled-baseline:3e7552aeb8db3fc1 -->
### RPP-CFG-196
- Configuration key: `rbi_related_parties_portal.feature196.timeoutSeconds`
- Environment variable: `RPP_FEATURE_196_TIMEOUT_SECONDS`
- Documented default: `226`
- Required: `false`
- Mode: `safe`
",True,configuration,Controlled design expectation: configuration; independent human/owner acceptance still required before merge.,True,configuration,"RPP-CFG-196: kod mijenja dokumentovanu konfiguraciju iz 'safe' u 'strict' (configuration_mode_change), dok docs-before eksplicitno navodi staru vrijednost; dokumentacija bi zato postala zastarjela.",approved,63ca44f84ee272e2f73bcff4dc2d14b01be86dc420080c815428ecc5a30b464d,955e2797999db6ff56ddf54a39ec53d6c37438db2412815b9b1d4df7c20a8755,configuration,rbi_related_parties_portal,configuration_mode_change,cases/patches/rbi_related_parties_portal/configuration/RPP-CFG-196.patch
CRPP2-RPP-CONFIGURATION-197,controlled-v2/rbi-related-parties-portal-copy,9400807,typescript,"[""src/Web/src/docguard-contract-lab-v2/configuration/contracts_10.json""]","--- a/src/Web/src/docguard-contract-lab-v2/configuration/contracts_10.json
+++ b/src/Web/src/docguard-contract-lab-v2/configuration/contracts_10.json
@@ -51,7 +51,7 @@
     },
     {
       ""contractId"": ""RPP-CFG-197"",
-      ""default"": 227,
+      ""default"": 257,
       ""environmentVariable"": ""RPP_FEATURE_197_TIMEOUT_SECONDS"",
       ""key"": ""rbi_related_parties_portal.feature197.timeoutSeconds"",
       ""mode"": ""safe"",
","<!-- docs/docguard-contract-lab-v2/CONFIGURATION.md @ controlled-baseline:3e7552aeb8db3fc1 -->
### RPP-CFG-197
- Configuration key: `rbi_related_parties_portal.feature197.timeoutSeconds`
- Environment variable: `RPP_FEATURE_197_TIMEOUT_SECONDS`
- Documented default: `227`
- Required: `false`
- Mode: `safe`
",True,configuration,Controlled design expectation: configuration; independent human/owner acceptance still required before merge.,True,configuration,"RPP-CFG-197: kod mijenja dokumentovanu konfiguraciju iz '227' u '257' (documented_default_change), dok docs-before eksplicitno navodi staru vrijednost; dokumentacija bi zato postala zastarjela.",approved,f1383bef6b6e0bc3507da4a265f2699ba6b2c1a0212b702e70f0528c4fa70e5c,a4c23a55278d1aa91630499f2c17a09291a496f99a0c9825b1f7bfd074cb692d,configuration,rbi_related_parties_portal,documented_default_change,cases/patches/rbi_related_parties_portal/configuration/RPP-CFG-197.patch
CRPP2-RPP-CONFIGURATION-198,controlled-v2/rbi-related-parties-portal-copy,9400808,typescript,"[""src/Web/src/docguard-contract-lab-v2/configuration/contracts_10.json""]","--- a/src/Web/src/docguard-contract-lab-v2/configuration/contracts_10.json
+++ b/src/Web/src/docguard-contract-lab-v2/configuration/contracts_10.json
@@ -60,7 +60,7 @@
     {
       ""contractId"": ""RPP-CFG-198"",
       ""default"": 228,
-      ""environmentVariable"": ""RPP_FEATURE_198_TIMEOUT_SECONDS"",
+      ""environmentVariable"": ""RPP_FEATURE_198_TIMEOUT_SECONDS_V2"",
       ""key"": ""rbi_related_parties_portal.feature198.timeoutSeconds"",
       ""mode"": ""safe"",
       ""required"": false
","<!-- docs/docguard-contract-lab-v2/CONFIGURATION.md @ controlled-baseline:3e7552aeb8db3fc1 -->
### RPP-CFG-198
- Configuration key: `rbi_related_parties_portal.feature198.timeoutSeconds`
- Environment variable: `RPP_FEATURE_198_TIMEOUT_SECONDS`
- Documented default: `228`
- Required: `false`
- Mode: `safe`
",True,configuration,Controlled design expectation: configuration; independent human/owner acceptance still required before merge.,True,configuration,"RPP-CFG-198: kod mijenja dokumentovanu konfiguraciju iz 'RPP_FEATURE_198_TIMEOUT_SECONDS' u 'RPP_FEATURE_198_TIMEOUT_SECONDS_V2' (environment_variable_rename), dok docs-before eksplicitno navodi staru vrijednost; dokumentacija bi zato postala zastarjela.",approved,efb85ddb12ba9055527678dabd39c9188d08b59415d59f31bb1d1db1341160f4,ffbb82357ed8ac13d1f66aa457021cf1cd317c77460098bf75ecd6fc85dc6bf4,configuration,rbi_related_parties_portal,environment_variable_rename,cases/patches/rbi_related_parties_portal/configuration/RPP-CFG-198.patch
CRPP2-RPP-CONFIGURATION-199,controlled-v2/rbi-related-parties-portal-copy,9400809,typescript,"[""src/Web/src/docguard-contract-lab-v2/configuration/contracts_10.json""]","--- a/src/Web/src/docguard-contract-lab-v2/configuration/contracts_10.json
+++ b/src/Web/src/docguard-contract-lab-v2/configuration/contracts_10.json
@@ -71,7 +71,7 @@
       ""environmentVariable"": ""RPP_FEATURE_199_TIMEOUT_SECONDS"",
       ""key"": ""rbi_related_parties_portal.feature199.timeoutSeconds"",
       ""mode"": ""safe"",
-      ""required"": false
+      ""required"": true
     },
     {
       ""contractId"": ""RPP-CFG-200"",
","<!-- docs/docguard-contract-lab-v2/CONFIGURATION.md @ controlled-baseline:3e7552aeb8db3fc1 -->
### RPP-CFG-199
- Configuration key: `rbi_related_parties_portal.feature199.timeoutSeconds`
- Environment variable: `RPP_FEATURE_199_TIMEOUT_SECONDS`
- Documented default: `229`
- Required: `false`
- Mode: `safe`
",True,configuration,Controlled design expectation: configuration; independent human/owner acceptance still required before merge.,True,configuration,"RPP-CFG-199: kod mijenja dokumentovanu konfiguraciju iz 'false' u 'true' (optional_to_required), dok docs-before eksplicitno navodi staru vrijednost; dokumentacija bi zato postala zastarjela.",approved,cc916c54385e068d1409354c78165c9b93eb73a022c8c2b11ddc1263bde83008,f407161b37cc6dea5a45aecc970f1e8db5f5335ac72e5620bd27371871ba54c6,configuration,rbi_related_parties_portal,optional_to_required,cases/patches/rbi_related_parties_portal/configuration/RPP-CFG-199.patch
CRPP2-RPP-CONFIGURATION-200,controlled-v2/rbi-related-parties-portal-copy,9400810,typescript,"[""src/Web/src/docguard-contract-lab-v2/configuration/contracts_10.json""]","--- a/src/Web/src/docguard-contract-lab-v2/configuration/contracts_10.json
+++ b/src/Web/src/docguard-contract-lab-v2/configuration/contracts_10.json
@@ -78,7 +78,7 @@
       ""default"": 230,
       ""environmentVariable"": ""RPP_FEATURE_200_TIMEOUT_SECONDS"",
       ""key"": ""rbi_related_parties_portal.feature200.timeoutSeconds"",
-      ""mode"": ""safe"",
+      ""mode"": ""strict"",
       ""required"": false
     }
   ],
","<!-- docs/docguard-contract-lab-v2/CONFIGURATION.md @ controlled-baseline:3e7552aeb8db3fc1 -->
### RPP-CFG-200
- Configuration key: `rbi_related_parties_portal.feature200.timeoutSeconds`
- Environment variable: `RPP_FEATURE_200_TIMEOUT_SECONDS`
- Documented default: `230`
- Required: `false`
- Mode: `safe`
",True,configuration,Controlled design expectation: configuration; independent human/owner acceptance still required before merge.,True,configuration,"RPP-CFG-200: kod mijenja dokumentovanu konfiguraciju iz 'safe' u 'strict' (configuration_mode_change), dok docs-before eksplicitno navodi staru vrijednost; dokumentacija bi zato postala zastarjela.",approved,0c189a41e4b11ea54eb75ce600e7c6b2b14800faea539fa28ab5d234f254d4c9,e6b4767a1223aea0bef9a6c3168a3594c90f24e335ed19b29ef2ae7c377b032a,configuration,rbi_related_parties_portal,configuration_mode_change,cases/patches/rbi_related_parties_portal/configuration/RPP-CFG-200.patch
CRPP2-RPP-CONFIGURATION-201,controlled-v2/rbi-related-parties-portal-copy,9400811,typescript,"[""src/Web/src/docguard-contract-lab-v2/configuration/contracts_11.json""]","--- a/src/Web/src/docguard-contract-lab-v2/configuration/contracts_11.json
+++ b/src/Web/src/docguard-contract-lab-v2/configuration/contracts_11.json
@@ -3,7 +3,7 @@
   ""contracts"": [
     {
       ""contractId"": ""RPP-CFG-201"",
-      ""default"": 231,
+      ""default"": 261,
       ""environmentVariable"": ""RPP_FEATURE_201_TIMEOUT_SECONDS"",
       ""key"": ""rbi_related_parties_portal.feature201.timeoutSeconds"",
       ""mode"": ""safe"",
","<!-- docs/docguard-contract-lab-v2/CONFIGURATION.md @ controlled-baseline:3e7552aeb8db3fc1 -->
### RPP-CFG-201
- Configuration key: `rbi_related_parties_portal.feature201.timeoutSeconds`
- Environment variable: `RPP_FEATURE_201_TIMEOUT_SECONDS`
- Documented default: `231`
- Required: `false`
- Mode: `safe`
",True,configuration,Controlled design expectation: configuration; independent human/owner acceptance still required before merge.,True,configuration,"RPP-CFG-201: kod mijenja dokumentovanu konfiguraciju iz '231' u '261' (documented_default_change), dok docs-before eksplicitno navodi staru vrijednost; dokumentacija bi zato postala zastarjela.",approved,fffc719e1169f9973f427a5bc0fa0e5a7821f712f7104bd1c07ecd5029526f3c,81ffaa50898c7b5af828141db11a2a15a94b743ee4e05d23e2172400b477f888,configuration,rbi_related_parties_portal,documented_default_change,cases/patches/rbi_related_parties_portal/configuration/RPP-CFG-201.patch
CRPP2-RPP-CONFIGURATION-202,controlled-v2/rbi-related-parties-portal-copy,9400812,typescript,"[""src/Web/src/docguard-contract-lab-v2/configuration/contracts_11.json""]","--- a/src/Web/src/docguard-contract-lab-v2/configuration/contracts_11.json
+++ b/src/Web/src/docguard-contract-lab-v2/configuration/contracts_11.json
@@ -12,7 +12,7 @@
     {
       ""contractId"": ""RPP-CFG-202"",
       ""default"": 232,
-      ""environmentVariable"": ""RPP_FEATURE_202_TIMEOUT_SECONDS"",
+      ""environmentVariable"": ""RPP_FEATURE_202_TIMEOUT_SECONDS_V2"",
       ""key"": ""rbi_related_parties_portal.feature202.timeoutSeconds"",
       ""mode"": ""safe"",
       ""required"": false
","<!-- docs/docguard-contract-lab-v2/CONFIGURATION.md @ controlled-baseline:3e7552aeb8db3fc1 -->
### RPP-CFG-202
- Configuration key: `rbi_related_parties_portal.feature202.timeoutSeconds`
- Environment variable: `RPP_FEATURE_202_TIMEOUT_SECONDS`
- Documented default: `232`
- Required: `false`
- Mode: `safe`
",True,configuration,Controlled design expectation: configuration; independent human/owner acceptance still required before merge.,True,configuration,"RPP-CFG-202: kod mijenja dokumentovanu konfiguraciju iz 'RPP_FEATURE_202_TIMEOUT_SECONDS' u 'RPP_FEATURE_202_TIMEOUT_SECONDS_V2' (environment_variable_rename), dok docs-before eksplicitno navodi staru vrijednost; dokumentacija bi zato postala zastarjela.",approved,71dc8b1118d5a436d7076a569a2fb000bb69801a97cef9f1075a10a651036280,06e3cb6fa008bfcb2d134645346d1e40646d6d531401ab75ac112be10ed0e1ae,configuration,rbi_related_parties_portal,environment_variable_rename,cases/patches/rbi_related_parties_portal/configuration/RPP-CFG-202.patch
CRPP2-RPP-CONFIGURATION-203,controlled-v2/rbi-related-parties-portal-copy,9400813,typescript,"[""src/Web/src/docguard-contract-lab-v2/configuration/contracts_11.json""]","--- a/src/Web/src/docguard-contract-lab-v2/configuration/contracts_11.json
+++ b/src/Web/src/docguard-contract-lab-v2/configuration/contracts_11.json
@@ -23,7 +23,7 @@
       ""environmentVariable"": ""RPP_FEATURE_203_TIMEOUT_SECONDS"",
       ""key"": ""rbi_related_parties_portal.feature203.timeoutSeconds"",
       ""mode"": ""safe"",
-      ""required"": false
+      ""required"": true
     },
     {
       ""contractId"": ""RPP-CFG-204"",
","<!-- docs/docguard-contract-lab-v2/CONFIGURATION.md @ controlled-baseline:3e7552aeb8db3fc1 -->
### RPP-CFG-203
- Configuration key: `rbi_related_parties_portal.feature203.timeoutSeconds`
- Environment variable: `RPP_FEATURE_203_TIMEOUT_SECONDS`
- Documented default: `233`
- Required: `false`
- Mode: `safe`
",True,configuration,Controlled design expectation: configuration; independent human/owner acceptance still required before merge.,True,configuration,"RPP-CFG-203: kod mijenja dokumentovanu konfiguraciju iz 'false' u 'true' (optional_to_required), dok docs-before eksplicitno navodi staru vrijednost; dokumentacija bi zato postala zastarjela.",approved,8fc07dd60be3f32677dde4a1ed9360bd74cb2ccc80f9e6155e18f5c88709118c,d12f82e31eb43934ef9ffe53550c7615da01b1068eae8485ecbc227b095a5960,configuration,rbi_related_parties_portal,optional_to_required,cases/patches/rbi_related_parties_portal/configuration/RPP-CFG-203.patch
CRPP2-RPP-CONFIGURATION-204,controlled-v2/rbi-related-parties-portal-copy,9400814,typescript,"[""src/Web/src/docguard-contract-lab-v2/configuration/contracts_11.json""]","--- a/src/Web/src/docguard-contract-lab-v2/configuration/contracts_11.json
+++ b/src/Web/src/docguard-contract-lab-v2/configuration/contracts_11.json
@@ -30,7 +30,7 @@
       ""default"": 234,
       ""environmentVariable"": ""RPP_FEATURE_204_TIMEOUT_SECONDS"",
       ""key"": ""rbi_related_parties_portal.feature204.timeoutSeconds"",
-      ""mode"": ""safe"",
+      ""mode"": ""strict"",
       ""required"": false
     },
     {
","<!-- docs/docguard-contract-lab-v2/CONFIGURATION.md @ controlled-baseline:3e7552aeb8db3fc1 -->
### RPP-CFG-204
- Configuration key: `rbi_related_parties_portal.feature204.timeoutSeconds`
- Environment variable: `RPP_FEATURE_204_TIMEOUT_SECONDS`
- Documented default: `234`
- Required: `false`
- Mode: `safe`
",True,configuration,Controlled design expectation: configuration; independent human/owner acceptance still required before merge.,True,configuration,"RPP-CFG-204: kod mijenja dokumentovanu konfiguraciju iz 'safe' u 'strict' (configuration_mode_change), dok docs-before eksplicitno navodi staru vrijednost; dokumentacija bi zato postala zastarjela.",approved,149b163d18255754e5ba7a50ad985a47c63f55a241eb1cf445ec7f9e0cb9caab,de063bdadd06b83d9ef41aa7cd2bfa304253b74477ac04fbd4e8789164d0412f,configuration,rbi_related_parties_portal,configuration_mode_change,cases/patches/rbi_related_parties_portal/configuration/RPP-CFG-204.patch
CRPP2-RPP-CONFIGURATION-205,controlled-v2/rbi-related-parties-portal-copy,9400815,typescript,"[""src/Web/src/docguard-contract-lab-v2/configuration/contracts_11.json""]","--- a/src/Web/src/docguard-contract-lab-v2/configuration/contracts_11.json
+++ b/src/Web/src/docguard-contract-lab-v2/configuration/contracts_11.json
@@ -35,7 +35,7 @@
     },
     {
       ""contractId"": ""RPP-CFG-205"",
-      ""default"": 235,
+      ""default"": 265,
       ""environmentVariable"": ""RPP_FEATURE_205_TIMEOUT_SECONDS"",
       ""key"": ""rbi_related_parties_portal.feature205.timeoutSeconds"",
       ""mode"": ""safe"",
","<!-- docs/docguard-contract-lab-v2/CONFIGURATION.md @ controlled-baseline:3e7552aeb8db3fc1 -->
### RPP-CFG-205
- Configuration key: `rbi_related_parties_portal.feature205.timeoutSeconds`
- Environment variable: `RPP_FEATURE_205_TIMEOUT_SECONDS`
- Documented default: `235`
- Required: `false`
- Mode: `safe`
",True,configuration,Controlled design expectation: configuration; independent human/owner acceptance still required before merge.,True,configuration,"RPP-CFG-205: kod mijenja dokumentovanu konfiguraciju iz '235' u '265' (documented_default_change), dok docs-before eksplicitno navodi staru vrijednost; dokumentacija bi zato postala zastarjela.",approved,603f5cb28fee222727523b1abc9753ead63226ea67266041f22e665c3f821ee0,ebd491e9d796681bb3b04f0246acef8fe7d87c404bd698349fd3642654c7c05a,configuration,rbi_related_parties_portal,documented_default_change,cases/patches/rbi_related_parties_portal/configuration/RPP-CFG-205.patch
CRPP2-RPP-CONFIGURATION-206,controlled-v2/rbi-related-parties-portal-copy,9400816,typescript,"[""src/Web/src/docguard-contract-lab-v2/configuration/contracts_11.json""]","--- a/src/Web/src/docguard-contract-lab-v2/configuration/contracts_11.json
+++ b/src/Web/src/docguard-contract-lab-v2/configuration/contracts_11.json
@@ -44,7 +44,7 @@
     {
       ""contractId"": ""RPP-CFG-206"",
       ""default"": 236,
-      ""environmentVariable"": ""RPP_FEATURE_206_TIMEOUT_SECONDS"",
+      ""environmentVariable"": ""RPP_FEATURE_206_TIMEOUT_SECONDS_V2"",
       ""key"": ""rbi_related_parties_portal.feature206.timeoutSeconds"",
       ""mode"": ""safe"",
       ""required"": false
","<!-- docs/docguard-contract-lab-v2/CONFIGURATION.md @ controlled-baseline:3e7552aeb8db3fc1 -->
### RPP-CFG-206
- Configuration key: `rbi_related_parties_portal.feature206.timeoutSeconds`
- Environment variable: `RPP_FEATURE_206_TIMEOUT_SECONDS`
- Documented default: `236`
- Required: `false`
- Mode: `safe`
",True,configuration,Controlled design expectation: configuration; independent human/owner acceptance still required before merge.,True,configuration,"RPP-CFG-206: kod mijenja dokumentovanu konfiguraciju iz 'RPP_FEATURE_206_TIMEOUT_SECONDS' u 'RPP_FEATURE_206_TIMEOUT_SECONDS_V2' (environment_variable_rename), dok docs-before eksplicitno navodi staru vrijednost; dokumentacija bi zato postala zastarjela.",approved,8066481c1cdb6b606412606199b8629a80a2fc3834a9ff2132603e5c1b2d0a4d,c7763c1386c2d1320c865fca38de0a50fa36e1fd7288e26d3d6f08bf6f78123c,configuration,rbi_related_parties_portal,environment_variable_rename,cases/patches/rbi_related_parties_portal/configuration/RPP-CFG-206.patch
CRPP2-RPP-CONFIGURATION-207,controlled-v2/rbi-related-parties-portal-copy,9400817,typescript,"[""src/Web/src/docguard-contract-lab-v2/configuration/contracts_11.json""]","--- a/src/Web/src/docguard-contract-lab-v2/configuration/contracts_11.json
+++ b/src/Web/src/docguard-contract-lab-v2/configuration/contracts_11.json
@@ -55,7 +55,7 @@
       ""environmentVariable"": ""RPP_FEATURE_207_TIMEOUT_SECONDS"",
       ""key"": ""rbi_related_parties_portal.feature207.timeoutSeconds"",
       ""mode"": ""safe"",
-      ""required"": false
+      ""required"": true
     },
     {
       ""contractId"": ""RPP-CFG-208"",
","<!-- docs/docguard-contract-lab-v2/CONFIGURATION.md @ controlled-baseline:3e7552aeb8db3fc1 -->
### RPP-CFG-207
- Configuration key: `rbi_related_parties_portal.feature207.timeoutSeconds`
- Environment variable: `RPP_FEATURE_207_TIMEOUT_SECONDS`
- Documented default: `237`
- Required: `false`
- Mode: `safe`
",True,configuration,Controlled design expectation: configuration; independent human/owner acceptance still required before merge.,True,configuration,"RPP-CFG-207: kod mijenja dokumentovanu konfiguraciju iz 'false' u 'true' (optional_to_required), dok docs-before eksplicitno navodi staru vrijednost; dokumentacija bi zato postala zastarjela.",approved,d92907bb64a32092d327063b461e814cd7c7b16a6b7894adf7e2e66852fbc7e5,62391fa3f2f61a302295b9373873f5626a1f644794ca3e843db04422fb9e06d8,configuration,rbi_related_parties_portal,optional_to_required,cases/patches/rbi_related_parties_portal/configuration/RPP-CFG-207.patch
CRPP2-RPP-CONFIGURATION-208,controlled-v2/rbi-related-parties-portal-copy,9400818,typescript,"[""src/Web/src/docguard-contract-lab-v2/configuration/contracts_11.json""]","--- a/src/Web/src/docguard-contract-lab-v2/configuration/contracts_11.json
+++ b/src/Web/src/docguard-contract-lab-v2/configuration/contracts_11.json
@@ -62,7 +62,7 @@
       ""default"": 238,
       ""environmentVariable"": ""RPP_FEATURE_208_TIMEOUT_SECONDS"",
       ""key"": ""rbi_related_parties_portal.feature208.timeoutSeconds"",
-      ""mode"": ""safe"",
+      ""mode"": ""strict"",
       ""required"": false
     },
     {
","<!-- docs/docguard-contract-lab-v2/CONFIGURATION.md @ controlled-baseline:3e7552aeb8db3fc1 -->
### RPP-CFG-208
- Configuration key: `rbi_related_parties_portal.feature208.timeoutSeconds`
- Environment variable: `RPP_FEATURE_208_TIMEOUT_SECONDS`
- Documented default: `238`
- Required: `false`
- Mode: `safe`
",True,configuration,Controlled design expectation: configuration; independent human/owner acceptance still required before merge.,True,configuration,"RPP-CFG-208: kod mijenja dokumentovanu konfiguraciju iz 'safe' u 'strict' (configuration_mode_change), dok docs-before eksplicitno navodi staru vrijednost; dokumentacija bi zato postala zastarjela.",approved,f1b43775d98ff3b379d0541b2271c95c4b5cefa1b01c36efa4df3418498be1db,c78e7f9188f9d34f3a802b3a883869ee0cf6942d32ea9cd8b040bc9545fbf35b,configuration,rbi_related_parties_portal,configuration_mode_change,cases/patches/rbi_related_parties_portal/configuration/RPP-CFG-208.patch
CRPP2-RPP-CONFIGURATION-209,controlled-v2/rbi-related-parties-portal-copy,9400819,typescript,"[""src/Web/src/docguard-contract-lab-v2/configuration/contracts_11.json""]","--- a/src/Web/src/docguard-contract-lab-v2/configuration/contracts_11.json
+++ b/src/Web/src/docguard-contract-lab-v2/configuration/contracts_11.json
@@ -67,7 +67,7 @@
     },
     {
       ""contractId"": ""RPP-CFG-209"",
-      ""default"": 239,
+      ""default"": 269,
       ""environmentVariable"": ""RPP_FEATURE_209_TIMEOUT_SECONDS"",
       ""key"": ""rbi_related_parties_portal.feature209.timeoutSeconds"",
       ""mode"": ""safe"",
","<!-- docs/docguard-contract-lab-v2/CONFIGURATION.md @ controlled-baseline:3e7552aeb8db3fc1 -->
### RPP-CFG-209
- Configuration key: `rbi_related_parties_portal.feature209.timeoutSeconds`
- Environment variable: `RPP_FEATURE_209_TIMEOUT_SECONDS`
- Documented default: `239`
- Required: `false`
- Mode: `safe`
",True,configuration,Controlled design expectation: configuration; independent human/owner acceptance still required before merge.,True,configuration,"RPP-CFG-209: kod mijenja dokumentovanu konfiguraciju iz '239' u '269' (documented_default_change), dok docs-before eksplicitno navodi staru vrijednost; dokumentacija bi zato postala zastarjela.",approved,c5d06dc1063b38a7fb403a9d0c011c5a9fcc73d8e55173e3d620fae574e4f6ef,7142296c8b9509339ab9aae9364936a00b034b7f681d15c8be2ff3f7d8424e59,configuration,rbi_related_parties_portal,documented_default_change,cases/patches/rbi_related_parties_portal/configuration/RPP-CFG-209.patch
CRPP2-RPP-CONFIGURATION-210,controlled-v2/rbi-related-parties-portal-copy,9400820,typescript,"[""src/Web/src/docguard-contract-lab-v2/configuration/contracts_11.json""]","--- a/src/Web/src/docguard-contract-lab-v2/configuration/contracts_11.json
+++ b/src/Web/src/docguard-contract-lab-v2/configuration/contracts_11.json
@@ -76,7 +76,7 @@
     {
       ""contractId"": ""RPP-CFG-210"",
       ""default"": 240,
-      ""environmentVariable"": ""RPP_FEATURE_210_TIMEOUT_SECONDS"",
+      ""environmentVariable"": ""RPP_FEATURE_210_TIMEOUT_SECONDS_V2"",
       ""key"": ""rbi_related_parties_portal.feature210.timeoutSeconds"",
       ""mode"": ""safe"",
       ""required"": false
","<!-- docs/docguard-contract-lab-v2/CONFIGURATION.md @ controlled-baseline:3e7552aeb8db3fc1 -->
### RPP-CFG-210
- Configuration key: `rbi_related_parties_portal.feature210.timeoutSeconds`
- Environment variable: `RPP_FEATURE_210_TIMEOUT_SECONDS`
- Documented default: `240`
- Required: `false`
- Mode: `safe`
",True,configuration,Controlled design expectation: configuration; independent human/owner acceptance still required before merge.,True,configuration,"RPP-CFG-210: kod mijenja dokumentovanu konfiguraciju iz 'RPP_FEATURE_210_TIMEOUT_SECONDS' u 'RPP_FEATURE_210_TIMEOUT_SECONDS_V2' (environment_variable_rename), dok docs-before eksplicitno navodi staru vrijednost; dokumentacija bi zato postala zastarjela.",approved,a001f6057a7c651736def50e6f573a05142138ca288f6825b9adfa15b72d4f51,1e888f5dc96ddf9157aab2f086d4255c346691354e4e0a81224a9edebadd1e81,configuration,rbi_related_parties_portal,environment_variable_rename,cases/patches/rbi_related_parties_portal/configuration/RPP-CFG-210.patch
CRPP2-RPP-CONFIGURATION-211,controlled-v2/rbi-related-parties-portal-copy,9400821,typescript,"[""src/Web/src/docguard-contract-lab-v2/configuration/contracts_12.json""]","--- a/src/Web/src/docguard-contract-lab-v2/configuration/contracts_12.json
+++ b/src/Web/src/docguard-contract-lab-v2/configuration/contracts_12.json
@@ -7,7 +7,7 @@
       ""environmentVariable"": ""RPP_FEATURE_211_TIMEOUT_SECONDS"",
       ""key"": ""rbi_related_parties_portal.feature211.timeoutSeconds"",
       ""mode"": ""safe"",
-      ""required"": false
+      ""required"": true
     },
     {
       ""contractId"": ""RPP-CFG-212"",
","<!-- docs/docguard-contract-lab-v2/CONFIGURATION.md @ controlled-baseline:3e7552aeb8db3fc1 -->
### RPP-CFG-211
- Configuration key: `rbi_related_parties_portal.feature211.timeoutSeconds`
- Environment variable: `RPP_FEATURE_211_TIMEOUT_SECONDS`
- Documented default: `241`
- Required: `false`
- Mode: `safe`
",True,configuration,Controlled design expectation: configuration; independent human/owner acceptance still required before merge.,True,configuration,"RPP-CFG-211: kod mijenja dokumentovanu konfiguraciju iz 'false' u 'true' (optional_to_required), dok docs-before eksplicitno navodi staru vrijednost; dokumentacija bi zato postala zastarjela.",approved,851803f68e8487393e4783a3b5fef86e448f85c282ab55c2bf373873bdfca8e0,1c6ee81a320a07780a159d00d26b6ca08c2716ee2d4bf3bfccfbf338635e28b3,configuration,rbi_related_parties_portal,optional_to_required,cases/patches/rbi_related_parties_portal/configuration/RPP-CFG-211.patch
CRPP2-RPP-CONFIGURATION-212,controlled-v2/rbi-related-parties-portal-copy,9400822,typescript,"[""src/Web/src/docguard-contract-lab-v2/configuration/contracts_12.json""]","--- a/src/Web/src/docguard-contract-lab-v2/configuration/contracts_12.json
+++ b/src/Web/src/docguard-contract-lab-v2/configuration/contracts_12.json
@@ -14,7 +14,7 @@
       ""default"": 242,
       ""environmentVariable"": ""RPP_FEATURE_212_TIMEOUT_SECONDS"",
       ""key"": ""rbi_related_parties_portal.feature212.timeoutSeconds"",
-      ""mode"": ""safe"",
+      ""mode"": ""strict"",
       ""required"": false
     },
     {
","<!-- docs/docguard-contract-lab-v2/CONFIGURATION.md @ controlled-baseline:3e7552aeb8db3fc1 -->
### RPP-CFG-212
- Configuration key: `rbi_related_parties_portal.feature212.timeoutSeconds`
- Environment variable: `RPP_FEATURE_212_TIMEOUT_SECONDS`
- Documented default: `242`
- Required: `false`
- Mode: `safe`
",True,configuration,Controlled design expectation: configuration; independent human/owner acceptance still required before merge.,True,configuration,"RPP-CFG-212: kod mijenja dokumentovanu konfiguraciju iz 'safe' u 'strict' (configuration_mode_change), dok docs-before eksplicitno navodi staru vrijednost; dokumentacija bi zato postala zastarjela.",approved,f69ac81bdbed70c13885f6f8005d7d8fb002a0f076a728f62e38064887ad6e68,742f373992f404dcfefffa7b4a59f4102c2e2d920d05628cfa2eb99291380aa8,configuration,rbi_related_parties_portal,configuration_mode_change,cases/patches/rbi_related_parties_portal/configuration/RPP-CFG-212.patch
CRPP2-RPP-CONFIGURATION-213,controlled-v2/rbi-related-parties-portal-copy,9400823,typescript,"[""src/Web/src/docguard-contract-lab-v2/configuration/contracts_12.json""]","--- a/src/Web/src/docguard-contract-lab-v2/configuration/contracts_12.json
+++ b/src/Web/src/docguard-contract-lab-v2/configuration/contracts_12.json
@@ -19,7 +19,7 @@
     },
     {
       ""contractId"": ""RPP-CFG-213"",
-      ""default"": 243,
+      ""default"": 273,
       ""environmentVariable"": ""RPP_FEATURE_213_TIMEOUT_SECONDS"",
       ""key"": ""rbi_related_parties_portal.feature213.timeoutSeconds"",
       ""mode"": ""safe"",
","<!-- docs/docguard-contract-lab-v2/CONFIGURATION.md @ controlled-baseline:3e7552aeb8db3fc1 -->
### RPP-CFG-213
- Configuration key: `rbi_related_parties_portal.feature213.timeoutSeconds`
- Environment variable: `RPP_FEATURE_213_TIMEOUT_SECONDS`
- Documented default: `243`
- Required: `false`
- Mode: `safe`
",True,configuration,Controlled design expectation: configuration; independent human/owner acceptance still required before merge.,True,configuration,"RPP-CFG-213: kod mijenja dokumentovanu konfiguraciju iz '243' u '273' (documented_default_change), dok docs-before eksplicitno navodi staru vrijednost; dokumentacija bi zato postala zastarjela.",approved,e69cd2214da67fc3199c92c27123fb292eff1e6c9ea8d478e51a8e8ebdda40da,10773064fe56f495cff21eacebfcdaa0328fa70e1c59a5e6ec9d223c37ede0fc,configuration,rbi_related_parties_portal,documented_default_change,cases/patches/rbi_related_parties_portal/configuration/RPP-CFG-213.patch
CRPP2-RPP-CONFIGURATION-214,controlled-v2/rbi-related-parties-portal-copy,9400824,typescript,"[""src/Web/src/docguard-contract-lab-v2/configuration/contracts_12.json""]","--- a/src/Web/src/docguard-contract-lab-v2/configuration/contracts_12.json
+++ b/src/Web/src/docguard-contract-lab-v2/configuration/contracts_12.json
@@ -28,7 +28,7 @@
     {
       ""contractId"": ""RPP-CFG-214"",
       ""default"": 244,
-      ""environmentVariable"": ""RPP_FEATURE_214_TIMEOUT_SECONDS"",
+      ""environmentVariable"": ""RPP_FEATURE_214_TIMEOUT_SECONDS_V2"",
       ""key"": ""rbi_related_parties_portal.feature214.timeoutSeconds"",
       ""mode"": ""safe"",
       ""required"": false
","<!-- docs/docguard-contract-lab-v2/CONFIGURATION.md @ controlled-baseline:3e7552aeb8db3fc1 -->
### RPP-CFG-214
- Configuration key: `rbi_related_parties_portal.feature214.timeoutSeconds`
- Environment variable: `RPP_FEATURE_214_TIMEOUT_SECONDS`
- Documented default: `244`
- Required: `false`
- Mode: `safe`
",True,configuration,Controlled design expectation: configuration; independent human/owner acceptance still required before merge.,True,configuration,"RPP-CFG-214: kod mijenja dokumentovanu konfiguraciju iz 'RPP_FEATURE_214_TIMEOUT_SECONDS' u 'RPP_FEATURE_214_TIMEOUT_SECONDS_V2' (environment_variable_rename), dok docs-before eksplicitno navodi staru vrijednost; dokumentacija bi zato postala zastarjela.",approved,64d23da9657d98def99f9f50913e2de7f243b0858cd571b3a21f6075110f2696,7739dd3bcdfe319c3974b5b4ab7261819786964de92720138dca5bef4f7f1aa4,configuration,rbi_related_parties_portal,environment_variable_rename,cases/patches/rbi_related_parties_portal/configuration/RPP-CFG-214.patch
CRPP2-RPP-CONFIGURATION-215,controlled-v2/rbi-related-parties-portal-copy,9400825,typescript,"[""src/Web/src/docguard-contract-lab-v2/configuration/contracts_12.json""]","--- a/src/Web/src/docguard-contract-lab-v2/configuration/contracts_12.json
+++ b/src/Web/src/docguard-contract-lab-v2/configuration/contracts_12.json
@@ -39,7 +39,7 @@
       ""environmentVariable"": ""RPP_FEATURE_215_TIMEOUT_SECONDS"",
       ""key"": ""rbi_related_parties_portal.feature215.timeoutSeconds"",
       ""mode"": ""safe"",
-      ""required"": false
+      ""required"": true
     },
     {
       ""contractId"": ""RPP-CFG-216"",
","<!-- docs/docguard-contract-lab-v2/CONFIGURATION.md @ controlled-baseline:3e7552aeb8db3fc1 -->
### RPP-CFG-215
- Configuration key: `rbi_related_parties_portal.feature215.timeoutSeconds`
- Environment variable: `RPP_FEATURE_215_TIMEOUT_SECONDS`
- Documented default: `245`
- Required: `false`
- Mode: `safe`
",True,configuration,Controlled design expectation: configuration; independent human/owner acceptance still required before merge.,True,configuration,"RPP-CFG-215: kod mijenja dokumentovanu konfiguraciju iz 'false' u 'true' (optional_to_required), dok docs-before eksplicitno navodi staru vrijednost; dokumentacija bi zato postala zastarjela.",approved,318918696fbd8393bd50e6fc6da27ea319f126537bb4dda3d672277034a24cee,48f9c15dd67b2eba07b9889897e240e0f546e9fe8452dc7a7e878d061ae01917,configuration,rbi_related_parties_portal,optional_to_required,cases/patches/rbi_related_parties_portal/configuration/RPP-CFG-215.patch
CRPP2-RPP-CONFIGURATION-216,controlled-v2/rbi-related-parties-portal-copy,9400826,typescript,"[""src/Web/src/docguard-contract-lab-v2/configuration/contracts_12.json""]","--- a/src/Web/src/docguard-contract-lab-v2/configuration/contracts_12.json
+++ b/src/Web/src/docguard-contract-lab-v2/configuration/contracts_12.json
@@ -46,7 +46,7 @@
       ""default"": 246,
       ""environmentVariable"": ""RPP_FEATURE_216_TIMEOUT_SECONDS"",
       ""key"": ""rbi_related_parties_portal.feature216.timeoutSeconds"",
-      ""mode"": ""safe"",
+      ""mode"": ""strict"",
       ""required"": false
     },
     {
","<!-- docs/docguard-contract-lab-v2/CONFIGURATION.md @ controlled-baseline:3e7552aeb8db3fc1 -->
### RPP-CFG-216
- Configuration key: `rbi_related_parties_portal.feature216.timeoutSeconds`
- Environment variable: `RPP_FEATURE_216_TIMEOUT_SECONDS`
- Documented default: `246`
- Required: `false`
- Mode: `safe`
",True,configuration,Controlled design expectation: configuration; independent human/owner acceptance still required before merge.,True,configuration,"RPP-CFG-216: kod mijenja dokumentovanu konfiguraciju iz 'safe' u 'strict' (configuration_mode_change), dok docs-before eksplicitno navodi staru vrijednost; dokumentacija bi zato postala zastarjela.",approved,c2c58226a6f4af1bbdcb37887f61228c9d856b221f5f10eb77acbfa5f3a8e522,54965f6a65bf825568608c28b6cd490643f0770f252508dbb74fe8737fd039f4,configuration,rbi_related_parties_portal,configuration_mode_change,cases/patches/rbi_related_parties_portal/configuration/RPP-CFG-216.patch
CRPP2-RPP-CONFIGURATION-217,controlled-v2/rbi-related-parties-portal-copy,9400827,typescript,"[""src/Web/src/docguard-contract-lab-v2/configuration/contracts_12.json""]","--- a/src/Web/src/docguard-contract-lab-v2/configuration/contracts_12.json
+++ b/src/Web/src/docguard-contract-lab-v2/configuration/contracts_12.json
@@ -51,7 +51,7 @@
     },
     {
       ""contractId"": ""RPP-CFG-217"",
-      ""default"": 247,
+      ""default"": 277,
       ""environmentVariable"": ""RPP_FEATURE_217_TIMEOUT_SECONDS"",
       ""key"": ""rbi_related_parties_portal.feature217.timeoutSeconds"",
       ""mode"": ""safe"",
","<!-- docs/docguard-contract-lab-v2/CONFIGURATION.md @ controlled-baseline:3e7552aeb8db3fc1 -->
### RPP-CFG-217
- Configuration key: `rbi_related_parties_portal.feature217.timeoutSeconds`
- Environment variable: `RPP_FEATURE_217_TIMEOUT_SECONDS`
- Documented default: `247`
- Required: `false`
- Mode: `safe`
",True,configuration,Controlled design expectation: configuration; independent human/owner acceptance still required before merge.,True,configuration,"RPP-CFG-217: kod mijenja dokumentovanu konfiguraciju iz '247' u '277' (documented_default_change), dok docs-before eksplicitno navodi staru vrijednost; dokumentacija bi zato postala zastarjela.",approved,1e34fd4a69e96a3baa2994e9c0e2797b6abc7cacb43cde8f5c27b29a7c9d38a4,29edb9eea1bf4c127b6fa83ba4284024c82a779650fa2d43a5b11a811468a033,configuration,rbi_related_parties_portal,documented_default_change,cases/patches/rbi_related_parties_portal/configuration/RPP-CFG-217.patch
CRPP2-RPP-CONFIGURATION-218,controlled-v2/rbi-related-parties-portal-copy,9400828,typescript,"[""src/Web/src/docguard-contract-lab-v2/configuration/contracts_12.json""]","--- a/src/Web/src/docguard-contract-lab-v2/configuration/contracts_12.json
+++ b/src/Web/src/docguard-contract-lab-v2/configuration/contracts_12.json
@@ -60,7 +60,7 @@
     {
       ""contractId"": ""RPP-CFG-218"",
       ""default"": 248,
-      ""environmentVariable"": ""RPP_FEATURE_218_TIMEOUT_SECONDS"",
+      ""environmentVariable"": ""RPP_FEATURE_218_TIMEOUT_SECONDS_V2"",
       ""key"": ""rbi_related_parties_portal.feature218.timeoutSeconds"",
       ""mode"": ""safe"",
       ""required"": false
","<!-- docs/docguard-contract-lab-v2/CONFIGURATION.md @ controlled-baseline:3e7552aeb8db3fc1 -->
### RPP-CFG-218
- Configuration key: `rbi_related_parties_portal.feature218.timeoutSeconds`
- Environment variable: `RPP_FEATURE_218_TIMEOUT_SECONDS`
- Documented default: `248`
- Required: `false`
- Mode: `safe`
",True,configuration,Controlled design expectation: configuration; independent human/owner acceptance still required before merge.,True,configuration,"RPP-CFG-218: kod mijenja dokumentovanu konfiguraciju iz 'RPP_FEATURE_218_TIMEOUT_SECONDS' u 'RPP_FEATURE_218_TIMEOUT_SECONDS_V2' (environment_variable_rename), dok docs-before eksplicitno navodi staru vrijednost; dokumentacija bi zato postala zastarjela.",approved,f549b5a317103ae3b1b17b760be2ac8501cc72e166366f50aa616212e6a08d71,d5c78205e34ee27a71b842e58b8ea80e1940b44d2e491fe36390a8f568d5774e,configuration,rbi_related_parties_portal,environment_variable_rename,cases/patches/rbi_related_parties_portal/configuration/RPP-CFG-218.patch
CRPP2-RPP-CONFIGURATION-219,controlled-v2/rbi-related-parties-portal-copy,9400829,typescript,"[""src/Web/src/docguard-contract-lab-v2/configuration/contracts_12.json""]","--- a/src/Web/src/docguard-contract-lab-v2/configuration/contracts_12.json
+++ b/src/Web/src/docguard-contract-lab-v2/configuration/contracts_12.json
@@ -71,7 +71,7 @@
       ""environmentVariable"": ""RPP_FEATURE_219_TIMEOUT_SECONDS"",
       ""key"": ""rbi_related_parties_portal.feature219.timeoutSeconds"",
       ""mode"": ""safe"",
-      ""required"": false
+      ""required"": true
     },
     {
       ""contractId"": ""RPP-CFG-220"",
","<!-- docs/docguard-contract-lab-v2/CONFIGURATION.md @ controlled-baseline:3e7552aeb8db3fc1 -->
### RPP-CFG-219
- Configuration key: `rbi_related_parties_portal.feature219.timeoutSeconds`
- Environment variable: `RPP_FEATURE_219_TIMEOUT_SECONDS`
- Documented default: `249`
- Required: `false`
- Mode: `safe`
",True,configuration,Controlled design expectation: configuration; independent human/owner acceptance still required before merge.,True,configuration,"RPP-CFG-219: kod mijenja dokumentovanu konfiguraciju iz 'false' u 'true' (optional_to_required), dok docs-before eksplicitno navodi staru vrijednost; dokumentacija bi zato postala zastarjela.",approved,7307a8e8229e1e2926951e0796dee0a02a88b9d9db71e2f9650f8dfe00b3ad99,21bebaaea53ad25b2195bd5b1209786b18db34987259de29cc4b2afd083bae2e,configuration,rbi_related_parties_portal,optional_to_required,cases/patches/rbi_related_parties_portal/configuration/RPP-CFG-219.patch
CRPP2-RPP-CONFIGURATION-220,controlled-v2/rbi-related-parties-portal-copy,9400830,typescript,"[""src/Web/src/docguard-contract-lab-v2/configuration/contracts_12.json""]","--- a/src/Web/src/docguard-contract-lab-v2/configuration/contracts_12.json
+++ b/src/Web/src/docguard-contract-lab-v2/configuration/contracts_12.json
@@ -78,7 +78,7 @@
       ""default"": 250,
       ""environmentVariable"": ""RPP_FEATURE_220_TIMEOUT_SECONDS"",
       ""key"": ""rbi_related_parties_portal.feature220.timeoutSeconds"",
-      ""mode"": ""safe"",
+      ""mode"": ""strict"",
       ""required"": false
     }
   ],
","<!-- docs/docguard-contract-lab-v2/CONFIGURATION.md @ controlled-baseline:3e7552aeb8db3fc1 -->
### RPP-CFG-220
- Configuration key: `rbi_related_parties_portal.feature220.timeoutSeconds`
- Environment variable: `RPP_FEATURE_220_TIMEOUT_SECONDS`
- Documented default: `250`
- Required: `false`
- Mode: `safe`
",True,configuration,Controlled design expectation: configuration; independent human/owner acceptance still required before merge.,True,configuration,"RPP-CFG-220: kod mijenja dokumentovanu konfiguraciju iz 'safe' u 'strict' (configuration_mode_change), dok docs-before eksplicitno navodi staru vrijednost; dokumentacija bi zato postala zastarjela.",approved,7e52eeb18a520d30c1d3bdeace9f96e346478d06b745f9aa2976e8914e00e8ce,ff02f571cfd765ccf5c2b2d39b396512d1cb10b0dc55484aff1beecb328fe7d9,configuration,rbi_related_parties_portal,configuration_mode_change,cases/patches/rbi_related_parties_portal/configuration/RPP-CFG-220.patch
CRPP2-RPP-CONFIGURATION-221,controlled-v2/rbi-related-parties-portal-copy,9400831,typescript,"[""src/Web/src/docguard-contract-lab-v2/configuration/contracts_13.json""]","--- a/src/Web/src/docguard-contract-lab-v2/configuration/contracts_13.json
+++ b/src/Web/src/docguard-contract-lab-v2/configuration/contracts_13.json
@@ -3,7 +3,7 @@
   ""contracts"": [
     {
       ""contractId"": ""RPP-CFG-221"",
-      ""default"": 251,
+      ""default"": 281,
       ""environmentVariable"": ""RPP_FEATURE_221_TIMEOUT_SECONDS"",
       ""key"": ""rbi_related_parties_portal.feature221.timeoutSeconds"",
       ""mode"": ""safe"",
","<!-- docs/docguard-contract-lab-v2/CONFIGURATION.md @ controlled-baseline:3e7552aeb8db3fc1 -->
### RPP-CFG-221
- Configuration key: `rbi_related_parties_portal.feature221.timeoutSeconds`
- Environment variable: `RPP_FEATURE_221_TIMEOUT_SECONDS`
- Documented default: `251`
- Required: `false`
- Mode: `safe`
",True,configuration,Controlled design expectation: configuration; independent human/owner acceptance still required before merge.,True,configuration,"RPP-CFG-221: kod mijenja dokumentovanu konfiguraciju iz '251' u '281' (documented_default_change), dok docs-before eksplicitno navodi staru vrijednost; dokumentacija bi zato postala zastarjela.",approved,297d7fa4dd3b268953bec51c3bb6002f9720153a3c9ca7bbdb9e05e3c4e0639b,0c691c97657d38bbe51b152c1e2a1a3260c324f6105949eb9a0140b4a91b8c5d,configuration,rbi_related_parties_portal,documented_default_change,cases/patches/rbi_related_parties_portal/configuration/RPP-CFG-221.patch
CRPP2-RPP-CONFIGURATION-222,controlled-v2/rbi-related-parties-portal-copy,9400832,typescript,"[""src/Web/src/docguard-contract-lab-v2/configuration/contracts_13.json""]","--- a/src/Web/src/docguard-contract-lab-v2/configuration/contracts_13.json
+++ b/src/Web/src/docguard-contract-lab-v2/configuration/contracts_13.json
@@ -12,7 +12,7 @@
     {
       ""contractId"": ""RPP-CFG-222"",
       ""default"": 252,
-      ""environmentVariable"": ""RPP_FEATURE_222_TIMEOUT_SECONDS"",
+      ""environmentVariable"": ""RPP_FEATURE_222_TIMEOUT_SECONDS_V2"",
       ""key"": ""rbi_related_parties_portal.feature222.timeoutSeconds"",
       ""mode"": ""safe"",
       ""required"": false
","<!-- docs/docguard-contract-lab-v2/CONFIGURATION.md @ controlled-baseline:3e7552aeb8db3fc1 -->
### RPP-CFG-222
- Configuration key: `rbi_related_parties_portal.feature222.timeoutSeconds`
- Environment variable: `RPP_FEATURE_222_TIMEOUT_SECONDS`
- Documented default: `252`
- Required: `false`
- Mode: `safe`
",True,configuration,Controlled design expectation: configuration; independent human/owner acceptance still required before merge.,True,configuration,"RPP-CFG-222: kod mijenja dokumentovanu konfiguraciju iz 'RPP_FEATURE_222_TIMEOUT_SECONDS' u 'RPP_FEATURE_222_TIMEOUT_SECONDS_V2' (environment_variable_rename), dok docs-before eksplicitno navodi staru vrijednost; dokumentacija bi zato postala zastarjela.",approved,031fe3290527335cc04002f51bff6ce155e3c033c29a865b118816543fabe723,a249ef63397a88b4ef8f23af4bfb9bcbc09daee4431ca298c4e82374e2d6d6e8,configuration,rbi_related_parties_portal,environment_variable_rename,cases/patches/rbi_related_parties_portal/configuration/RPP-CFG-222.patch
CRPP2-RPP-CONFIGURATION-223,controlled-v2/rbi-related-parties-portal-copy,9400833,typescript,"[""src/Web/src/docguard-contract-lab-v2/configuration/contracts_13.json""]","--- a/src/Web/src/docguard-contract-lab-v2/configuration/contracts_13.json
+++ b/src/Web/src/docguard-contract-lab-v2/configuration/contracts_13.json
@@ -23,7 +23,7 @@
       ""environmentVariable"": ""RPP_FEATURE_223_TIMEOUT_SECONDS"",
       ""key"": ""rbi_related_parties_portal.feature223.timeoutSeconds"",
       ""mode"": ""safe"",
-      ""required"": false
+      ""required"": true
     },
     {
       ""contractId"": ""RPP-CFG-224"",
","<!-- docs/docguard-contract-lab-v2/CONFIGURATION.md @ controlled-baseline:3e7552aeb8db3fc1 -->
### RPP-CFG-223
- Configuration key: `rbi_related_parties_portal.feature223.timeoutSeconds`
- Environment variable: `RPP_FEATURE_223_TIMEOUT_SECONDS`
- Documented default: `253`
- Required: `false`
- Mode: `safe`
",True,configuration,Controlled design expectation: configuration; independent human/owner acceptance still required before merge.,True,configuration,"RPP-CFG-223: kod mijenja dokumentovanu konfiguraciju iz 'false' u 'true' (optional_to_required), dok docs-before eksplicitno navodi staru vrijednost; dokumentacija bi zato postala zastarjela.",approved,f6631c6e1d4e70d49e01bdab96857690977c743dc67200f51e74c16cc36d117a,9ac286cdb0001c7d249e75bd160d1d987e4154d6fe3d755b166aa0fa45588b84,configuration,rbi_related_parties_portal,optional_to_required,cases/patches/rbi_related_parties_portal/configuration/RPP-CFG-223.patch
CRPP2-RPP-CONFIGURATION-224,controlled-v2/rbi-related-parties-portal-copy,9400834,typescript,"[""src/Web/src/docguard-contract-lab-v2/configuration/contracts_13.json""]","--- a/src/Web/src/docguard-contract-lab-v2/configuration/contracts_13.json
+++ b/src/Web/src/docguard-contract-lab-v2/configuration/contracts_13.json
@@ -30,7 +30,7 @@
       ""default"": 254,
       ""environmentVariable"": ""RPP_FEATURE_224_TIMEOUT_SECONDS"",
       ""key"": ""rbi_related_parties_portal.feature224.timeoutSeconds"",
-      ""mode"": ""safe"",
+      ""mode"": ""strict"",
       ""required"": false
     },
     {
","<!-- docs/docguard-contract-lab-v2/CONFIGURATION.md @ controlled-baseline:3e7552aeb8db3fc1 -->
### RPP-CFG-224
- Configuration key: `rbi_related_parties_portal.feature224.timeoutSeconds`
- Environment variable: `RPP_FEATURE_224_TIMEOUT_SECONDS`
- Documented default: `254`
- Required: `false`
- Mode: `safe`
",True,configuration,Controlled design expectation: configuration; independent human/owner acceptance still required before merge.,True,configuration,"RPP-CFG-224: kod mijenja dokumentovanu konfiguraciju iz 'safe' u 'strict' (configuration_mode_change), dok docs-before eksplicitno navodi staru vrijednost; dokumentacija bi zato postala zastarjela.",approved,d82e3853a70e381cbfd48fdb04c4a28c2c4e7065d6fa3e7ed59005c6b75ad5d4,697e0dc9c3ecfdea3d545137b14d871228ce451272017f6dd355e341c06b1b99,configuration,rbi_related_parties_portal,configuration_mode_change,cases/patches/rbi_related_parties_portal/configuration/RPP-CFG-224.patch
CRPP2-RPP-CONFIGURATION-225,controlled-v2/rbi-related-parties-portal-copy,9400835,typescript,"[""src/Web/src/docguard-contract-lab-v2/configuration/contracts_13.json""]","--- a/src/Web/src/docguard-contract-lab-v2/configuration/contracts_13.json
+++ b/src/Web/src/docguard-contract-lab-v2/configuration/contracts_13.json
@@ -35,7 +35,7 @@
     },
     {
       ""contractId"": ""RPP-CFG-225"",
-      ""default"": 255,
+      ""default"": 285,
       ""environmentVariable"": ""RPP_FEATURE_225_TIMEOUT_SECONDS"",
       ""key"": ""rbi_related_parties_portal.feature225.timeoutSeconds"",
       ""mode"": ""safe"",
","<!-- docs/docguard-contract-lab-v2/CONFIGURATION.md @ controlled-baseline:3e7552aeb8db3fc1 -->
### RPP-CFG-225
- Configuration key: `rbi_related_parties_portal.feature225.timeoutSeconds`
- Environment variable: `RPP_FEATURE_225_TIMEOUT_SECONDS`
- Documented default: `255`
- Required: `false`
- Mode: `safe`
",True,configuration,Controlled design expectation: configuration; independent human/owner acceptance still required before merge.,True,configuration,"RPP-CFG-225: kod mijenja dokumentovanu konfiguraciju iz '255' u '285' (documented_default_change), dok docs-before eksplicitno navodi staru vrijednost; dokumentacija bi zato postala zastarjela.",approved,7fa1eb02a10872b05585e86daf065c8d41f78551eae0f55739a55b410fe78440,f9a7c2f61def3f1838487b75bcb858ad2f18a88c48cbbd5a26d55264b96ade57,configuration,rbi_related_parties_portal,documented_default_change,cases/patches/rbi_related_parties_portal/configuration/RPP-CFG-225.patch
CRPP2-RPP-CONFIGURATION-226,controlled-v2/rbi-related-parties-portal-copy,9400836,typescript,"[""src/Web/src/docguard-contract-lab-v2/configuration/contracts_13.json""]","--- a/src/Web/src/docguard-contract-lab-v2/configuration/contracts_13.json
+++ b/src/Web/src/docguard-contract-lab-v2/configuration/contracts_13.json
@@ -44,7 +44,7 @@
     {
       ""contractId"": ""RPP-CFG-226"",
       ""default"": 256,
-      ""environmentVariable"": ""RPP_FEATURE_226_TIMEOUT_SECONDS"",
+      ""environmentVariable"": ""RPP_FEATURE_226_TIMEOUT_SECONDS_V2"",
       ""key"": ""rbi_related_parties_portal.feature226.timeoutSeconds"",
       ""mode"": ""safe"",
       ""required"": false
","<!-- docs/docguard-contract-lab-v2/CONFIGURATION.md @ controlled-baseline:3e7552aeb8db3fc1 -->
### RPP-CFG-226
- Configuration key: `rbi_related_parties_portal.feature226.timeoutSeconds`
- Environment variable: `RPP_FEATURE_226_TIMEOUT_SECONDS`
- Documented default: `256`
- Required: `false`
- Mode: `safe`
",True,configuration,Controlled design expectation: configuration; independent human/owner acceptance still required before merge.,True,configuration,"RPP-CFG-226: kod mijenja dokumentovanu konfiguraciju iz 'RPP_FEATURE_226_TIMEOUT_SECONDS' u 'RPP_FEATURE_226_TIMEOUT_SECONDS_V2' (environment_variable_rename), dok docs-before eksplicitno navodi staru vrijednost; dokumentacija bi zato postala zastarjela.",approved,f906b296719286ace019afde653e6d17f187517ce8a2e7e373f7ebbe951e5a45,1e0c90710afa57c00d019c80c117690e82d7bc80f4d7e1704faf4d74c8cda56f,configuration,rbi_related_parties_portal,environment_variable_rename,cases/patches/rbi_related_parties_portal/configuration/RPP-CFG-226.patch
CRPP2-RPP-CONFIGURATION-227,controlled-v2/rbi-related-parties-portal-copy,9400837,typescript,"[""src/Web/src/docguard-contract-lab-v2/configuration/contracts_13.json""]","--- a/src/Web/src/docguard-contract-lab-v2/configuration/contracts_13.json
+++ b/src/Web/src/docguard-contract-lab-v2/configuration/contracts_13.json
@@ -55,7 +55,7 @@
       ""environmentVariable"": ""RPP_FEATURE_227_TIMEOUT_SECONDS"",
       ""key"": ""rbi_related_parties_portal.feature227.timeoutSeconds"",
       ""mode"": ""safe"",
-      ""required"": false
+      ""required"": true
     },
     {
       ""contractId"": ""RPP-CFG-228"",
","<!-- docs/docguard-contract-lab-v2/CONFIGURATION.md @ controlled-baseline:3e7552aeb8db3fc1 -->
### RPP-CFG-227
- Configuration key: `rbi_related_parties_portal.feature227.timeoutSeconds`
- Environment variable: `RPP_FEATURE_227_TIMEOUT_SECONDS`
- Documented default: `257`
- Required: `false`
- Mode: `safe`
",True,configuration,Controlled design expectation: configuration; independent human/owner acceptance still required before merge.,True,configuration,"RPP-CFG-227: kod mijenja dokumentovanu konfiguraciju iz 'false' u 'true' (optional_to_required), dok docs-before eksplicitno navodi staru vrijednost; dokumentacija bi zato postala zastarjela.",approved,eb440a6eea1c471fa2b040f9e8130495f6b4d4f6f5017df924f56f7fdd01fb07,4630cb7cc33ea563fa173f2587fde8e0369e48d644fd4baf34183112b2f29502,configuration,rbi_related_parties_portal,optional_to_required,cases/patches/rbi_related_parties_portal/configuration/RPP-CFG-227.patch
CRPP2-RPP-CONFIGURATION-228,controlled-v2/rbi-related-parties-portal-copy,9400838,typescript,"[""src/Web/src/docguard-contract-lab-v2/configuration/contracts_13.json""]","--- a/src/Web/src/docguard-contract-lab-v2/configuration/contracts_13.json
+++ b/src/Web/src/docguard-contract-lab-v2/configuration/contracts_13.json
@@ -62,7 +62,7 @@
       ""default"": 258,
       ""environmentVariable"": ""RPP_FEATURE_228_TIMEOUT_SECONDS"",
       ""key"": ""rbi_related_parties_portal.feature228.timeoutSeconds"",
-      ""mode"": ""safe"",
+      ""mode"": ""strict"",
       ""required"": false
     },
     {
","<!-- docs/docguard-contract-lab-v2/CONFIGURATION.md @ controlled-baseline:3e7552aeb8db3fc1 -->
### RPP-CFG-228
- Configuration key: `rbi_related_parties_portal.feature228.timeoutSeconds`
- Environment variable: `RPP_FEATURE_228_TIMEOUT_SECONDS`
- Documented default: `258`
- Required: `false`
- Mode: `safe`
",True,configuration,Controlled design expectation: configuration; independent human/owner acceptance still required before merge.,True,configuration,"RPP-CFG-228: kod mijenja dokumentovanu konfiguraciju iz 'safe' u 'strict' (configuration_mode_change), dok docs-before eksplicitno navodi staru vrijednost; dokumentacija bi zato postala zastarjela.",approved,7931333397e64988e775b7ec8cf922b3283dec59d35b19b676d66ce9d589b487,2fa4efeb1be9fac0a85f601d53563ba3cd6c8570f5cbd825857b92df7be9189c,configuration,rbi_related_parties_portal,configuration_mode_change,cases/patches/rbi_related_parties_portal/configuration/RPP-CFG-228.patch
CRPP2-RPP-CONFIGURATION-229,controlled-v2/rbi-related-parties-portal-copy,9400839,typescript,"[""src/Web/src/docguard-contract-lab-v2/configuration/contracts_13.json""]","--- a/src/Web/src/docguard-contract-lab-v2/configuration/contracts_13.json
+++ b/src/Web/src/docguard-contract-lab-v2/configuration/contracts_13.json
@@ -67,7 +67,7 @@
     },
     {
       ""contractId"": ""RPP-CFG-229"",
-      ""default"": 259,
+      ""default"": 289,
       ""environmentVariable"": ""RPP_FEATURE_229_TIMEOUT_SECONDS"",
       ""key"": ""rbi_related_parties_portal.feature229.timeoutSeconds"",
       ""mode"": ""safe"",
","<!-- docs/docguard-contract-lab-v2/CONFIGURATION.md @ controlled-baseline:3e7552aeb8db3fc1 -->
### RPP-CFG-229
- Configuration key: `rbi_related_parties_portal.feature229.timeoutSeconds`
- Environment variable: `RPP_FEATURE_229_TIMEOUT_SECONDS`
- Documented default: `259`
- Required: `false`
- Mode: `safe`
",True,configuration,Controlled design expectation: configuration; independent human/owner acceptance still required before merge.,True,configuration,"RPP-CFG-229: kod mijenja dokumentovanu konfiguraciju iz '259' u '289' (documented_default_change), dok docs-before eksplicitno navodi staru vrijednost; dokumentacija bi zato postala zastarjela.",approved,532454ae7995e00e0d9262c3905bb60f7301eb8b01045cc03857fdfe828840fe,9faa178817b9bda4983130e851694f0005a4588c465437e226e07b3357a6fe72,configuration,rbi_related_parties_portal,documented_default_change,cases/patches/rbi_related_parties_portal/configuration/RPP-CFG-229.patch
CRPP2-RPP-CONFIGURATION-230,controlled-v2/rbi-related-parties-portal-copy,9400840,typescript,"[""src/Web/src/docguard-contract-lab-v2/configuration/contracts_13.json""]","--- a/src/Web/src/docguard-contract-lab-v2/configuration/contracts_13.json
+++ b/src/Web/src/docguard-contract-lab-v2/configuration/contracts_13.json
@@ -76,7 +76,7 @@
     {
       ""contractId"": ""RPP-CFG-230"",
       ""default"": 260,
-      ""environmentVariable"": ""RPP_FEATURE_230_TIMEOUT_SECONDS"",
+      ""environmentVariable"": ""RPP_FEATURE_230_TIMEOUT_SECONDS_V2"",
       ""key"": ""rbi_related_parties_portal.feature230.timeoutSeconds"",
       ""mode"": ""safe"",
       ""required"": false
","<!-- docs/docguard-contract-lab-v2/CONFIGURATION.md @ controlled-baseline:3e7552aeb8db3fc1 -->
### RPP-CFG-230
- Configuration key: `rbi_related_parties_portal.feature230.timeoutSeconds`
- Environment variable: `RPP_FEATURE_230_TIMEOUT_SECONDS`
- Documented default: `260`
- Required: `false`
- Mode: `safe`
",True,configuration,Controlled design expectation: configuration; independent human/owner acceptance still required before merge.,True,configuration,"RPP-CFG-230: kod mijenja dokumentovanu konfiguraciju iz 'RPP_FEATURE_230_TIMEOUT_SECONDS' u 'RPP_FEATURE_230_TIMEOUT_SECONDS_V2' (environment_variable_rename), dok docs-before eksplicitno navodi staru vrijednost; dokumentacija bi zato postala zastarjela.",approved,ac79e125add92c0af28cbf7fe674b9e480a070d6fc47e14ec4e0386c7ddbbcfb,8d2160c32326934ca84deb79251c11b85a6b27a5cd89e99867d25b3a9c110d83,configuration,rbi_related_parties_portal,environment_variable_rename,cases/patches/rbi_related_parties_portal/configuration/RPP-CFG-230.patch
CRPP2-RPP-CONFIGURATION-231,controlled-v2/rbi-related-parties-portal-copy,9400841,typescript,"[""src/Web/src/docguard-contract-lab-v2/configuration/contracts_14.json""]","--- a/src/Web/src/docguard-contract-lab-v2/configuration/contracts_14.json
+++ b/src/Web/src/docguard-contract-lab-v2/configuration/contracts_14.json
@@ -7,7 +7,7 @@
       ""environmentVariable"": ""RPP_FEATURE_231_TIMEOUT_SECONDS"",
       ""key"": ""rbi_related_parties_portal.feature231.timeoutSeconds"",
       ""mode"": ""safe"",
-      ""required"": false
+      ""required"": true
     },
     {
       ""contractId"": ""RPP-CFG-232"",
","<!-- docs/docguard-contract-lab-v2/CONFIGURATION.md @ controlled-baseline:3e7552aeb8db3fc1 -->
### RPP-CFG-231
- Configuration key: `rbi_related_parties_portal.feature231.timeoutSeconds`
- Environment variable: `RPP_FEATURE_231_TIMEOUT_SECONDS`
- Documented default: `261`
- Required: `false`
- Mode: `safe`
",True,configuration,Controlled design expectation: configuration; independent human/owner acceptance still required before merge.,True,configuration,"RPP-CFG-231: kod mijenja dokumentovanu konfiguraciju iz 'false' u 'true' (optional_to_required), dok docs-before eksplicitno navodi staru vrijednost; dokumentacija bi zato postala zastarjela.",approved,c6051d706ddf3c6b91c8f9d6fcbb02713780c24a0a215c3756b76e0abfaa1794,0adb5032a578c03cdd1cc8e9b25867a7a0cd95bf53a2f0e0ce47039d5641b653,configuration,rbi_related_parties_portal,optional_to_required,cases/patches/rbi_related_parties_portal/configuration/RPP-CFG-231.patch
CRPP2-RPP-CONFIGURATION-232,controlled-v2/rbi-related-parties-portal-copy,9400842,typescript,"[""src/Web/src/docguard-contract-lab-v2/configuration/contracts_14.json""]","--- a/src/Web/src/docguard-contract-lab-v2/configuration/contracts_14.json
+++ b/src/Web/src/docguard-contract-lab-v2/configuration/contracts_14.json
@@ -14,7 +14,7 @@
       ""default"": 262,
       ""environmentVariable"": ""RPP_FEATURE_232_TIMEOUT_SECONDS"",
       ""key"": ""rbi_related_parties_portal.feature232.timeoutSeconds"",
-      ""mode"": ""safe"",
+      ""mode"": ""strict"",
       ""required"": false
     },
     {
","<!-- docs/docguard-contract-lab-v2/CONFIGURATION.md @ controlled-baseline:3e7552aeb8db3fc1 -->
### RPP-CFG-232
- Configuration key: `rbi_related_parties_portal.feature232.timeoutSeconds`
- Environment variable: `RPP_FEATURE_232_TIMEOUT_SECONDS`
- Documented default: `262`
- Required: `false`
- Mode: `safe`
",True,configuration,Controlled design expectation: configuration; independent human/owner acceptance still required before merge.,True,configuration,"RPP-CFG-232: kod mijenja dokumentovanu konfiguraciju iz 'safe' u 'strict' (configuration_mode_change), dok docs-before eksplicitno navodi staru vrijednost; dokumentacija bi zato postala zastarjela.",approved,24e21dcd30778be8980beeb04487b1f1c17aeda25218ec6d3314ff263ec9b9ca,2ba9368f63e30bf302b35bc9af33d073bd7fed0350953371bd76028001706ccf,configuration,rbi_related_parties_portal,configuration_mode_change,cases/patches/rbi_related_parties_portal/configuration/RPP-CFG-232.patch
CRPP2-RPP-CONFIGURATION-233,controlled-v2/rbi-related-parties-portal-copy,9400843,typescript,"[""src/Web/src/docguard-contract-lab-v2/configuration/contracts_14.json""]","--- a/src/Web/src/docguard-contract-lab-v2/configuration/contracts_14.json
+++ b/src/Web/src/docguard-contract-lab-v2/configuration/contracts_14.json
@@ -19,7 +19,7 @@
     },
     {
       ""contractId"": ""RPP-CFG-233"",
-      ""default"": 263,
+      ""default"": 293,
       ""environmentVariable"": ""RPP_FEATURE_233_TIMEOUT_SECONDS"",
       ""key"": ""rbi_related_parties_portal.feature233.timeoutSeconds"",
       ""mode"": ""safe"",
","<!-- docs/docguard-contract-lab-v2/CONFIGURATION.md @ controlled-baseline:3e7552aeb8db3fc1 -->
### RPP-CFG-233
- Configuration key: `rbi_related_parties_portal.feature233.timeoutSeconds`
- Environment variable: `RPP_FEATURE_233_TIMEOUT_SECONDS`
- Documented default: `263`
- Required: `false`
- Mode: `safe`
",True,configuration,Controlled design expectation: configuration; independent human/owner acceptance still required before merge.,True,configuration,"RPP-CFG-233: kod mijenja dokumentovanu konfiguraciju iz '263' u '293' (documented_default_change), dok docs-before eksplicitno navodi staru vrijednost; dokumentacija bi zato postala zastarjela.",approved,d066484f931bc845d008443bb5282c60ccd9a094493af149b967676d9fcd548a,5e0b45719f4e252aabcea46dfe5269f0c3abc0b4c80036851175411fe07f8a37,configuration,rbi_related_parties_portal,documented_default_change,cases/patches/rbi_related_parties_portal/configuration/RPP-CFG-233.patch
CRPP2-RPP-CONFIGURATION-234,controlled-v2/rbi-related-parties-portal-copy,9400844,typescript,"[""src/Web/src/docguard-contract-lab-v2/configuration/contracts_14.json""]","--- a/src/Web/src/docguard-contract-lab-v2/configuration/contracts_14.json
+++ b/src/Web/src/docguard-contract-lab-v2/configuration/contracts_14.json
@@ -28,7 +28,7 @@
     {
       ""contractId"": ""RPP-CFG-234"",
       ""default"": 264,
-      ""environmentVariable"": ""RPP_FEATURE_234_TIMEOUT_SECONDS"",
+      ""environmentVariable"": ""RPP_FEATURE_234_TIMEOUT_SECONDS_V2"",
       ""key"": ""rbi_related_parties_portal.feature234.timeoutSeconds"",
       ""mode"": ""safe"",
       ""required"": false
","<!-- docs/docguard-contract-lab-v2/CONFIGURATION.md @ controlled-baseline:3e7552aeb8db3fc1 -->
### RPP-CFG-234
- Configuration key: `rbi_related_parties_portal.feature234.timeoutSeconds`
- Environment variable: `RPP_FEATURE_234_TIMEOUT_SECONDS`
- Documented default: `264`
- Required: `false`
- Mode: `safe`
",True,configuration,Controlled design expectation: configuration; independent human/owner acceptance still required before merge.,True,configuration,"RPP-CFG-234: kod mijenja dokumentovanu konfiguraciju iz 'RPP_FEATURE_234_TIMEOUT_SECONDS' u 'RPP_FEATURE_234_TIMEOUT_SECONDS_V2' (environment_variable_rename), dok docs-before eksplicitno navodi staru vrijednost; dokumentacija bi zato postala zastarjela.",approved,bc6148af4f6d58844b7a1c0e298d10ecd0692817a2743cf3193aabc7fa8d600f,da39bcc1783b07ed8efcefc79315fb29f5b9724d8dd921a4ab8346558856c1bb,configuration,rbi_related_parties_portal,environment_variable_rename,cases/patches/rbi_related_parties_portal/configuration/RPP-CFG-234.patch
CRPP2-RPP-CONFIGURATION-235,controlled-v2/rbi-related-parties-portal-copy,9400845,typescript,"[""src/Web/src/docguard-contract-lab-v2/configuration/contracts_14.json""]","--- a/src/Web/src/docguard-contract-lab-v2/configuration/contracts_14.json
+++ b/src/Web/src/docguard-contract-lab-v2/configuration/contracts_14.json
@@ -39,7 +39,7 @@
       ""environmentVariable"": ""RPP_FEATURE_235_TIMEOUT_SECONDS"",
       ""key"": ""rbi_related_parties_portal.feature235.timeoutSeconds"",
       ""mode"": ""safe"",
-      ""required"": false
+      ""required"": true
     },
     {
       ""contractId"": ""RPP-CFG-236"",
","<!-- docs/docguard-contract-lab-v2/CONFIGURATION.md @ controlled-baseline:3e7552aeb8db3fc1 -->
### RPP-CFG-235
- Configuration key: `rbi_related_parties_portal.feature235.timeoutSeconds`
- Environment variable: `RPP_FEATURE_235_TIMEOUT_SECONDS`
- Documented default: `265`
- Required: `false`
- Mode: `safe`
",True,configuration,Controlled design expectation: configuration; independent human/owner acceptance still required before merge.,True,configuration,"RPP-CFG-235: kod mijenja dokumentovanu konfiguraciju iz 'false' u 'true' (optional_to_required), dok docs-before eksplicitno navodi staru vrijednost; dokumentacija bi zato postala zastarjela.",approved,713e4bc8d81f02dbe122d00e57c1fb83a9021085cf15046db7e7b275eb79218a,b3025885ed6d9c804ee1f41d31949d633d5db7383e3ca36d68a778917bb276c1,configuration,rbi_related_parties_portal,optional_to_required,cases/patches/rbi_related_parties_portal/configuration/RPP-CFG-235.patch
CRPP2-RPP-CONFIGURATION-236,controlled-v2/rbi-related-parties-portal-copy,9400846,typescript,"[""src/Web/src/docguard-contract-lab-v2/configuration/contracts_14.json""]","--- a/src/Web/src/docguard-contract-lab-v2/configuration/contracts_14.json
+++ b/src/Web/src/docguard-contract-lab-v2/configuration/contracts_14.json
@@ -46,7 +46,7 @@
       ""default"": 266,
       ""environmentVariable"": ""RPP_FEATURE_236_TIMEOUT_SECONDS"",
       ""key"": ""rbi_related_parties_portal.feature236.timeoutSeconds"",
-      ""mode"": ""safe"",
+      ""mode"": ""strict"",
       ""required"": false
     },
     {
","<!-- docs/docguard-contract-lab-v2/CONFIGURATION.md @ controlled-baseline:3e7552aeb8db3fc1 -->
### RPP-CFG-236
- Configuration key: `rbi_related_parties_portal.feature236.timeoutSeconds`
- Environment variable: `RPP_FEATURE_236_TIMEOUT_SECONDS`
- Documented default: `266`
- Required: `false`
- Mode: `safe`
",True,configuration,Controlled design expectation: configuration; independent human/owner acceptance still required before merge.,True,configuration,"RPP-CFG-236: kod mijenja dokumentovanu konfiguraciju iz 'safe' u 'strict' (configuration_mode_change), dok docs-before eksplicitno navodi staru vrijednost; dokumentacija bi zato postala zastarjela.",approved,c5ea3d7ac707115ff27711334f1466d89e1d9378a518152b4d7bacd2cfc29efc,bdcb6c3ed908b247b19a134acd62b37c6f3f0cc8496761c991a689862cc78982,configuration,rbi_related_parties_portal,configuration_mode_change,cases/patches/rbi_related_parties_portal/configuration/RPP-CFG-236.patch
CRPP2-RPP-CONFIGURATION-237,controlled-v2/rbi-related-parties-portal-copy,9400847,typescript,"[""src/Web/src/docguard-contract-lab-v2/configuration/contracts_14.json""]","--- a/src/Web/src/docguard-contract-lab-v2/configuration/contracts_14.json
+++ b/src/Web/src/docguard-contract-lab-v2/configuration/contracts_14.json
@@ -51,7 +51,7 @@
     },
     {
       ""contractId"": ""RPP-CFG-237"",
-      ""default"": 267,
+      ""default"": 297,
       ""environmentVariable"": ""RPP_FEATURE_237_TIMEOUT_SECONDS"",
       ""key"": ""rbi_related_parties_portal.feature237.timeoutSeconds"",
       ""mode"": ""safe"",
","<!-- docs/docguard-contract-lab-v2/CONFIGURATION.md @ controlled-baseline:3e7552aeb8db3fc1 -->
### RPP-CFG-237
- Configuration key: `rbi_related_parties_portal.feature237.timeoutSeconds`
- Environment variable: `RPP_FEATURE_237_TIMEOUT_SECONDS`
- Documented default: `267`
- Required: `false`
- Mode: `safe`
",True,configuration,Controlled design expectation: configuration; independent human/owner acceptance still required before merge.,True,configuration,"RPP-CFG-237: kod mijenja dokumentovanu konfiguraciju iz '267' u '297' (documented_default_change), dok docs-before eksplicitno navodi staru vrijednost; dokumentacija bi zato postala zastarjela.",approved,fe38d52b8640dc892b733dc0dc0ed0f469308ffb873b71fd235cffe7e399303c,eb5717934a1cd2422b8587dbc2a1b04fda19fc7d2da2eac63a2bbf5608c62b31,configuration,rbi_related_parties_portal,documented_default_change,cases/patches/rbi_related_parties_portal/configuration/RPP-CFG-237.patch
CRPP2-RPP-CONFIGURATION-238,controlled-v2/rbi-related-parties-portal-copy,9400848,typescript,"[""src/Web/src/docguard-contract-lab-v2/configuration/contracts_14.json""]","--- a/src/Web/src/docguard-contract-lab-v2/configuration/contracts_14.json
+++ b/src/Web/src/docguard-contract-lab-v2/configuration/contracts_14.json
@@ -60,7 +60,7 @@
     {
       ""contractId"": ""RPP-CFG-238"",
       ""default"": 268,
-      ""environmentVariable"": ""RPP_FEATURE_238_TIMEOUT_SECONDS"",
+      ""environmentVariable"": ""RPP_FEATURE_238_TIMEOUT_SECONDS_V2"",
       ""key"": ""rbi_related_parties_portal.feature238.timeoutSeconds"",
       ""mode"": ""safe"",
       ""required"": false
","<!-- docs/docguard-contract-lab-v2/CONFIGURATION.md @ controlled-baseline:3e7552aeb8db3fc1 -->
### RPP-CFG-238
- Configuration key: `rbi_related_parties_portal.feature238.timeoutSeconds`
- Environment variable: `RPP_FEATURE_238_TIMEOUT_SECONDS`
- Documented default: `268`
- Required: `false`
- Mode: `safe`
",True,configuration,Controlled design expectation: configuration; independent human/owner acceptance still required before merge.,True,configuration,"RPP-CFG-238: kod mijenja dokumentovanu konfiguraciju iz 'RPP_FEATURE_238_TIMEOUT_SECONDS' u 'RPP_FEATURE_238_TIMEOUT_SECONDS_V2' (environment_variable_rename), dok docs-before eksplicitno navodi staru vrijednost; dokumentacija bi zato postala zastarjela.",approved,e9812e5382e2b17021e290740f8df5f83fbc7b11620a536404ff38c718160fdf,8a27fd67e757464ea011dae5f605594ce0277d81bf77dc3ec50f96ebf8772c8e,configuration,rbi_related_parties_portal,environment_variable_rename,cases/patches/rbi_related_parties_portal/configuration/RPP-CFG-238.patch
CRPP2-RPP-CONFIGURATION-239,controlled-v2/rbi-related-parties-portal-copy,9400849,typescript,"[""src/Web/src/docguard-contract-lab-v2/configuration/contracts_14.json""]","--- a/src/Web/src/docguard-contract-lab-v2/configuration/contracts_14.json
+++ b/src/Web/src/docguard-contract-lab-v2/configuration/contracts_14.json
@@ -71,7 +71,7 @@
       ""environmentVariable"": ""RPP_FEATURE_239_TIMEOUT_SECONDS"",
       ""key"": ""rbi_related_parties_portal.feature239.timeoutSeconds"",
       ""mode"": ""safe"",
-      ""required"": false
+      ""required"": true
     },
     {
       ""contractId"": ""RPP-CFG-240"",
","<!-- docs/docguard-contract-lab-v2/CONFIGURATION.md @ controlled-baseline:3e7552aeb8db3fc1 -->
### RPP-CFG-239
- Configuration key: `rbi_related_parties_portal.feature239.timeoutSeconds`
- Environment variable: `RPP_FEATURE_239_TIMEOUT_SECONDS`
- Documented default: `269`
- Required: `false`
- Mode: `safe`
",True,configuration,Controlled design expectation: configuration; independent human/owner acceptance still required before merge.,True,configuration,"RPP-CFG-239: kod mijenja dokumentovanu konfiguraciju iz 'false' u 'true' (optional_to_required), dok docs-before eksplicitno navodi staru vrijednost; dokumentacija bi zato postala zastarjela.",approved,31ffc6f615278d297c98841cf8944aff058bef16a050c794b88d4f53a88e49ae,02294d0fbe577a2c69003ec88761b48691a14bc4dc6124135ce2135ac8cd465e,configuration,rbi_related_parties_portal,optional_to_required,cases/patches/rbi_related_parties_portal/configuration/RPP-CFG-239.patch
CRPP2-RPP-CONFIGURATION-240,controlled-v2/rbi-related-parties-portal-copy,9400850,typescript,"[""src/Web/src/docguard-contract-lab-v2/configuration/contracts_14.json""]","--- a/src/Web/src/docguard-contract-lab-v2/configuration/contracts_14.json
+++ b/src/Web/src/docguard-contract-lab-v2/configuration/contracts_14.json
@@ -78,7 +78,7 @@
       ""default"": 270,
       ""environmentVariable"": ""RPP_FEATURE_240_TIMEOUT_SECONDS"",
       ""key"": ""rbi_related_parties_portal.feature240.timeoutSeconds"",
-      ""mode"": ""safe"",
+      ""mode"": ""strict"",
       ""required"": false
     }
   ],
","<!-- docs/docguard-contract-lab-v2/CONFIGURATION.md @ controlled-baseline:3e7552aeb8db3fc1 -->
### RPP-CFG-240
- Configuration key: `rbi_related_parties_portal.feature240.timeoutSeconds`
- Environment variable: `RPP_FEATURE_240_TIMEOUT_SECONDS`
- Documented default: `270`
- Required: `false`
- Mode: `safe`
",True,configuration,Controlled design expectation: configuration; independent human/owner acceptance still required before merge.,True,configuration,"RPP-CFG-240: kod mijenja dokumentovanu konfiguraciju iz 'safe' u 'strict' (configuration_mode_change), dok docs-before eksplicitno navodi staru vrijednost; dokumentacija bi zato postala zastarjela.",approved,e4e9c961ad0343839def4b7ca8447c0a93dea51d55d47fe095ad01f2c21fec26,35c870ee46f325de9ea0e0bc3298c02ec3f64217c5660e2c710b35b014f8fd58,configuration,rbi_related_parties_portal,configuration_mode_change,cases/patches/rbi_related_parties_portal/configuration/RPP-CFG-240.patch
CRPP2-RPP-CONFIGURATION-241,controlled-v2/rbi-related-parties-portal-copy,9400851,typescript,"[""src/Web/src/docguard-contract-lab-v2/configuration/contracts_15.json""]","--- a/src/Web/src/docguard-contract-lab-v2/configuration/contracts_15.json
+++ b/src/Web/src/docguard-contract-lab-v2/configuration/contracts_15.json
@@ -3,7 +3,7 @@
   ""contracts"": [
     {
       ""contractId"": ""RPP-CFG-241"",
-      ""default"": 271,
+      ""default"": 301,
       ""environmentVariable"": ""RPP_FEATURE_241_TIMEOUT_SECONDS"",
       ""key"": ""rbi_related_parties_portal.feature241.timeoutSeconds"",
       ""mode"": ""safe"",
","<!-- docs/docguard-contract-lab-v2/CONFIGURATION.md @ controlled-baseline:3e7552aeb8db3fc1 -->
### RPP-CFG-241
- Configuration key: `rbi_related_parties_portal.feature241.timeoutSeconds`
- Environment variable: `RPP_FEATURE_241_TIMEOUT_SECONDS`
- Documented default: `271`
- Required: `false`
- Mode: `safe`
",True,configuration,Controlled design expectation: configuration; independent human/owner acceptance still required before merge.,True,configuration,"RPP-CFG-241: kod mijenja dokumentovanu konfiguraciju iz '271' u '301' (documented_default_change), dok docs-before eksplicitno navodi staru vrijednost; dokumentacija bi zato postala zastarjela.",approved,5222b2eda3594b0f1955ee5b3824729a9e368485b47c6e78cc83bbab50cc9a28,4312f0c105fd9bf7a566d91b16e6b587a8f406ae0d77ef41b8e81b3ba35c4fc2,configuration,rbi_related_parties_portal,documented_default_change,cases/patches/rbi_related_parties_portal/configuration/RPP-CFG-241.patch
CRPP2-RPP-CONFIGURATION-242,controlled-v2/rbi-related-parties-portal-copy,9400852,typescript,"[""src/Web/src/docguard-contract-lab-v2/configuration/contracts_15.json""]","--- a/src/Web/src/docguard-contract-lab-v2/configuration/contracts_15.json
+++ b/src/Web/src/docguard-contract-lab-v2/configuration/contracts_15.json
@@ -12,7 +12,7 @@
     {
       ""contractId"": ""RPP-CFG-242"",
       ""default"": 272,
-      ""environmentVariable"": ""RPP_FEATURE_242_TIMEOUT_SECONDS"",
+      ""environmentVariable"": ""RPP_FEATURE_242_TIMEOUT_SECONDS_V2"",
       ""key"": ""rbi_related_parties_portal.feature242.timeoutSeconds"",
       ""mode"": ""safe"",
       ""required"": false
","<!-- docs/docguard-contract-lab-v2/CONFIGURATION.md @ controlled-baseline:3e7552aeb8db3fc1 -->
### RPP-CFG-242
- Configuration key: `rbi_related_parties_portal.feature242.timeoutSeconds`
- Environment variable: `RPP_FEATURE_242_TIMEOUT_SECONDS`
- Documented default: `272`
- Required: `false`
- Mode: `safe`
",True,configuration,Controlled design expectation: configuration; independent human/owner acceptance still required before merge.,True,configuration,"RPP-CFG-242: kod mijenja dokumentovanu konfiguraciju iz 'RPP_FEATURE_242_TIMEOUT_SECONDS' u 'RPP_FEATURE_242_TIMEOUT_SECONDS_V2' (environment_variable_rename), dok docs-before eksplicitno navodi staru vrijednost; dokumentacija bi zato postala zastarjela.",approved,89d5a83b62395ce316cb57c70b604d4a9b63e942bc5a95fdfd379a47c76a5911,fade2f8e524190b9c4329130816ddb13863c96a173922b7b04dc71e9607b1400,configuration,rbi_related_parties_portal,environment_variable_rename,cases/patches/rbi_related_parties_portal/configuration/RPP-CFG-242.patch
CRPP2-RPP-CONFIGURATION-243,controlled-v2/rbi-related-parties-portal-copy,9400853,typescript,"[""src/Web/src/docguard-contract-lab-v2/configuration/contracts_15.json""]","--- a/src/Web/src/docguard-contract-lab-v2/configuration/contracts_15.json
+++ b/src/Web/src/docguard-contract-lab-v2/configuration/contracts_15.json
@@ -23,7 +23,7 @@
       ""environmentVariable"": ""RPP_FEATURE_243_TIMEOUT_SECONDS"",
       ""key"": ""rbi_related_parties_portal.feature243.timeoutSeconds"",
       ""mode"": ""safe"",
-      ""required"": false
+      ""required"": true
     },
     {
       ""contractId"": ""RPP-CFG-244"",
","<!-- docs/docguard-contract-lab-v2/CONFIGURATION.md @ controlled-baseline:3e7552aeb8db3fc1 -->
### RPP-CFG-243
- Configuration key: `rbi_related_parties_portal.feature243.timeoutSeconds`
- Environment variable: `RPP_FEATURE_243_TIMEOUT_SECONDS`
- Documented default: `273`
- Required: `false`
- Mode: `safe`
",True,configuration,Controlled design expectation: configuration; independent human/owner acceptance still required before merge.,True,configuration,"RPP-CFG-243: kod mijenja dokumentovanu konfiguraciju iz 'false' u 'true' (optional_to_required), dok docs-before eksplicitno navodi staru vrijednost; dokumentacija bi zato postala zastarjela.",approved,4b6957efb7899464c541dada14275473bb67510113b820e1700c09fc41b83b30,e22b27429f583d92dff153222270838a5ee0c7317067f7b567c397d6a1e9f49b,configuration,rbi_related_parties_portal,optional_to_required,cases/patches/rbi_related_parties_portal/configuration/RPP-CFG-243.patch
CRPP2-RPP-CONFIGURATION-244,controlled-v2/rbi-related-parties-portal-copy,9400854,typescript,"[""src/Web/src/docguard-contract-lab-v2/configuration/contracts_15.json""]","--- a/src/Web/src/docguard-contract-lab-v2/configuration/contracts_15.json
+++ b/src/Web/src/docguard-contract-lab-v2/configuration/contracts_15.json
@@ -30,7 +30,7 @@
       ""default"": 274,
       ""environmentVariable"": ""RPP_FEATURE_244_TIMEOUT_SECONDS"",
       ""key"": ""rbi_related_parties_portal.feature244.timeoutSeconds"",
-      ""mode"": ""safe"",
+      ""mode"": ""strict"",
       ""required"": false
     },
     {
","<!-- docs/docguard-contract-lab-v2/CONFIGURATION.md @ controlled-baseline:3e7552aeb8db3fc1 -->
### RPP-CFG-244
- Configuration key: `rbi_related_parties_portal.feature244.timeoutSeconds`
- Environment variable: `RPP_FEATURE_244_TIMEOUT_SECONDS`
- Documented default: `274`
- Required: `false`
- Mode: `safe`
",True,configuration,Controlled design expectation: configuration; independent human/owner acceptance still required before merge.,True,configuration,"RPP-CFG-244: kod mijenja dokumentovanu konfiguraciju iz 'safe' u 'strict' (configuration_mode_change), dok docs-before eksplicitno navodi staru vrijednost; dokumentacija bi zato postala zastarjela.",approved,fa9a4c3954252fa90e1370368357323cf2dc46533b676ab46ec316d60b623234,80ee6bfd538e3eb1f1f72a50127c0215776e963000218361b07e29b4b6007e56,configuration,rbi_related_parties_portal,configuration_mode_change,cases/patches/rbi_related_parties_portal/configuration/RPP-CFG-244.patch
CRPP2-RPP-CONFIGURATION-245,controlled-v2/rbi-related-parties-portal-copy,9400855,typescript,"[""src/Web/src/docguard-contract-lab-v2/configuration/contracts_15.json""]","--- a/src/Web/src/docguard-contract-lab-v2/configuration/contracts_15.json
+++ b/src/Web/src/docguard-contract-lab-v2/configuration/contracts_15.json
@@ -35,7 +35,7 @@
     },
     {
       ""contractId"": ""RPP-CFG-245"",
-      ""default"": 275,
+      ""default"": 305,
       ""environmentVariable"": ""RPP_FEATURE_245_TIMEOUT_SECONDS"",
       ""key"": ""rbi_related_parties_portal.feature245.timeoutSeconds"",
       ""mode"": ""safe"",
","<!-- docs/docguard-contract-lab-v2/CONFIGURATION.md @ controlled-baseline:3e7552aeb8db3fc1 -->
### RPP-CFG-245
- Configuration key: `rbi_related_parties_portal.feature245.timeoutSeconds`
- Environment variable: `RPP_FEATURE_245_TIMEOUT_SECONDS`
- Documented default: `275`
- Required: `false`
- Mode: `safe`
",True,configuration,Controlled design expectation: configuration; independent human/owner acceptance still required before merge.,True,configuration,"RPP-CFG-245: kod mijenja dokumentovanu konfiguraciju iz '275' u '305' (documented_default_change), dok docs-before eksplicitno navodi staru vrijednost; dokumentacija bi zato postala zastarjela.",approved,abec22aec7dad3cfcb4bf7be6bca686551140b97d3a33ac9b78e809cae61f770,79c0d37d01dab82025e19748664e5c3061fc1e1029e338b4c953d886dee69252,configuration,rbi_related_parties_portal,documented_default_change,cases/patches/rbi_related_parties_portal/configuration/RPP-CFG-245.patch
CRPP2-RPP-DEVELOPER_SETUP-101,controlled-v2/rbi-related-parties-portal-copy,9400856,typescript,"[""src/Web/src/docguard-contract-lab-v2/developer_setup/contracts_01.json""]","--- a/src/Web/src/docguard-contract-lab-v2/developer_setup/contracts_01.json
+++ b/src/Web/src/docguard-contract-lab-v2/developer_setup/contracts_01.json
@@ -8,7 +8,7 @@
       ""packageManager"": ""pnpm@9"",
       ""profile"": ""developer-profile-101"",
       ""runtime"": ""Node.js"",
-      ""runtimeVersion"": ""20.11""
+      ""runtimeVersion"": ""22.0""
     },
     {
       ""contractId"": ""RPP-SETUP-102"",
","<!-- docs/docguard-contract-lab-v2/DEVELOPER_SETUP.md @ controlled-baseline:ca20d71d16d7e70d -->
### RPP-SETUP-101
- Profile: `developer-profile-101`
- Required runtime: `Node.js 20.11`
- Package manager: `pnpm@9`
- Local development command: `pnpm dev -- --profile 101`
- Migration command: `pnpm db:migrate --profile 101`
",True,developer_setup,Controlled design expectation: developer_setup; independent human/owner acceptance still required before merge.,True,developer_setup,"RPP-SETUP-101: kod mijenja dokumentovani razvojni setup iz '20.11' u '22.0' (runtime_requirement_change), dok docs-before eksplicitno navodi staru vrijednost; dokumentacija bi zato postala zastarjela.",approved,8fddf5491b1f92ede22c0fb301ec49b86f69dd0baf736dbc23cb875e87dc43fe,dc4507073e44b4c7c3eca737f196f77047f4dface786cfb0d08fc06b386594f4,developer_setup,rbi_related_parties_portal,runtime_requirement_change,cases/patches/rbi_related_parties_portal/developer_setup/RPP-SETUP-101.patch
CRPP2-RPP-DEVELOPER_SETUP-102,controlled-v2/rbi-related-parties-portal-copy,9400857,typescript,"[""src/Web/src/docguard-contract-lab-v2/developer_setup/contracts_01.json""]","--- a/src/Web/src/docguard-contract-lab-v2/developer_setup/contracts_01.json
+++ b/src/Web/src/docguard-contract-lab-v2/developer_setup/contracts_01.json
@@ -12,7 +12,7 @@
     },
     {
       ""contractId"": ""RPP-SETUP-102"",
-      ""developmentCommand"": ""pnpm dev -- --profile 102"",
+      ""developmentCommand"": ""pnpm dev -- --profile 102 --strict"",
       ""migrationCommand"": ""pnpm db:migrate --profile 102"",
       ""packageManager"": ""pnpm@9"",
       ""profile"": ""developer-profile-102"",
","<!-- docs/docguard-contract-lab-v2/DEVELOPER_SETUP.md @ controlled-baseline:ca20d71d16d7e70d -->
### RPP-SETUP-102
- Profile: `developer-profile-102`
- Required runtime: `Node.js 20.11`
- Package manager: `pnpm@9`
- Local development command: `pnpm dev -- --profile 102`
- Migration command: `pnpm db:migrate --profile 102`
",True,developer_setup,Controlled design expectation: developer_setup; independent human/owner acceptance still required before merge.,True,developer_setup,"RPP-SETUP-102: kod mijenja dokumentovani razvojni setup iz 'pnpm dev -- --profile 102' u 'pnpm dev -- --profile 102 --strict' (local_command_change), dok docs-before eksplicitno navodi staru vrijednost; dokumentacija bi zato postala zastarjela.",approved,f67fc685ffd46248600ce664db715962069a35137de961ad1d0a3746779fdd72,24d808f3442053379416fe4f65d7ad467f242b58ea9e8ab849ee0639667a39cd,developer_setup,rbi_related_parties_portal,local_command_change,cases/patches/rbi_related_parties_portal/developer_setup/RPP-SETUP-102.patch
CRPP2-RPP-DEVELOPER_SETUP-103,controlled-v2/rbi-related-parties-portal-copy,9400858,typescript,"[""src/Web/src/docguard-contract-lab-v2/developer_setup/contracts_01.json""]","--- a/src/Web/src/docguard-contract-lab-v2/developer_setup/contracts_01.json
+++ b/src/Web/src/docguard-contract-lab-v2/developer_setup/contracts_01.json
@@ -23,7 +23,7 @@
       ""contractId"": ""RPP-SETUP-103"",
       ""developmentCommand"": ""pnpm dev -- --profile 103"",
       ""migrationCommand"": ""pnpm db:migrate --profile 103"",
-      ""packageManager"": ""pnpm@9"",
+      ""packageManager"": ""pnpm@10"",
       ""profile"": ""developer-profile-103"",
       ""runtime"": ""Node.js"",
       ""runtimeVersion"": ""20.11""
","<!-- docs/docguard-contract-lab-v2/DEVELOPER_SETUP.md @ controlled-baseline:ca20d71d16d7e70d -->
### RPP-SETUP-103
- Profile: `developer-profile-103`
- Required runtime: `Node.js 20.11`
- Package manager: `pnpm@9`
- Local development command: `pnpm dev -- --profile 103`
- Migration command: `pnpm db:migrate --profile 103`
",True,developer_setup,Controlled design expectation: developer_setup; independent human/owner acceptance still required before merge.,True,developer_setup,"RPP-SETUP-103: kod mijenja dokumentovani razvojni setup iz 'pnpm@9' u 'pnpm@10' (package_manager_version_change), dok docs-before eksplicitno navodi staru vrijednost; dokumentacija bi zato postala zastarjela.",approved,935fbceda67681608061d798618f56acaf1a1c8ed78280b61cef3a8277ca2e01,e9b1d47675224bb98792a0529436a2c163ed1196843958a9155b79331b891e9f,developer_setup,rbi_related_parties_portal,package_manager_version_change,cases/patches/rbi_related_parties_portal/developer_setup/RPP-SETUP-103.patch
CRPP2-RPP-DEVELOPER_SETUP-104,controlled-v2/rbi-related-parties-portal-copy,9400859,typescript,"[""src/Web/src/docguard-contract-lab-v2/developer_setup/contracts_01.json""]","--- a/src/Web/src/docguard-contract-lab-v2/developer_setup/contracts_01.json
+++ b/src/Web/src/docguard-contract-lab-v2/developer_setup/contracts_01.json
@@ -31,7 +31,7 @@
     {
       ""contractId"": ""RPP-SETUP-104"",
       ""developmentCommand"": ""pnpm dev -- --profile 104"",
-      ""migrationCommand"": ""pnpm db:migrate --profile 104"",
+      ""migrationCommand"": ""pnpm db:migrate --profile 104 --no-build"",
       ""packageManager"": ""pnpm@9"",
       ""profile"": ""developer-profile-104"",
       ""runtime"": ""Node.js"",
","<!-- docs/docguard-contract-lab-v2/DEVELOPER_SETUP.md @ controlled-baseline:ca20d71d16d7e70d -->
### RPP-SETUP-104
- Profile: `developer-profile-104`
- Required runtime: `Node.js 20.11`
- Package manager: `pnpm@9`
- Local development command: `pnpm dev -- --profile 104`
- Migration command: `pnpm db:migrate --profile 104`
",True,developer_setup,Controlled design expectation: developer_setup; independent human/owner acceptance still required before merge.,True,developer_setup,"RPP-SETUP-104: kod mijenja dokumentovani razvojni setup iz 'pnpm db:migrate --profile 104' u 'pnpm db:migrate --profile 104 --no-build' (migration_command_change), dok docs-before eksplicitno navodi staru vrijednost; dokumentacija bi zato postala zastarjela.",approved,4aedfdadea82ae3681207905ed9b1f43533375048cf973d4df6a0709cee79605,62144cda11fb82f8b2bcbf1f7ac44f194d82c5db56f77430c513f072693298fa,developer_setup,rbi_related_parties_portal,migration_command_change,cases/patches/rbi_related_parties_portal/developer_setup/RPP-SETUP-104.patch
CRPP2-RPP-DEVELOPER_SETUP-105,controlled-v2/rbi-related-parties-portal-copy,9400860,typescript,"[""src/Web/src/docguard-contract-lab-v2/developer_setup/contracts_01.json""]","--- a/src/Web/src/docguard-contract-lab-v2/developer_setup/contracts_01.json
+++ b/src/Web/src/docguard-contract-lab-v2/developer_setup/contracts_01.json
@@ -44,7 +44,7 @@
       ""packageManager"": ""pnpm@9"",
       ""profile"": ""developer-profile-105"",
       ""runtime"": ""Node.js"",
-      ""runtimeVersion"": ""20.11""
+      ""runtimeVersion"": ""22.0""
     },
     {
       ""contractId"": ""RPP-SETUP-106"",
","<!-- docs/docguard-contract-lab-v2/DEVELOPER_SETUP.md @ controlled-baseline:ca20d71d16d7e70d -->
### RPP-SETUP-105
- Profile: `developer-profile-105`
- Required runtime: `Node.js 20.11`
- Package manager: `pnpm@9`
- Local development command: `pnpm dev -- --profile 105`
- Migration command: `pnpm db:migrate --profile 105`
",True,developer_setup,Controlled design expectation: developer_setup; independent human/owner acceptance still required before merge.,True,developer_setup,"RPP-SETUP-105: kod mijenja dokumentovani razvojni setup iz '20.11' u '22.0' (runtime_requirement_change), dok docs-before eksplicitno navodi staru vrijednost; dokumentacija bi zato postala zastarjela.",approved,838a101b48f496db6dec6899b9f26899b5004d31e6371fc250b14ed293192ee4,8740d871bbea3d1cd03de710f1634a5e1b0bc5eef06895eeac9271e72a15340a,developer_setup,rbi_related_parties_portal,runtime_requirement_change,cases/patches/rbi_related_parties_portal/developer_setup/RPP-SETUP-105.patch
CRPP2-RPP-DEVELOPER_SETUP-106,controlled-v2/rbi-related-parties-portal-copy,9400861,typescript,"[""src/Web/src/docguard-contract-lab-v2/developer_setup/contracts_01.json""]","--- a/src/Web/src/docguard-contract-lab-v2/developer_setup/contracts_01.json
+++ b/src/Web/src/docguard-contract-lab-v2/developer_setup/contracts_01.json
@@ -48,7 +48,7 @@
     },
     {
       ""contractId"": ""RPP-SETUP-106"",
-      ""developmentCommand"": ""pnpm dev -- --profile 106"",
+      ""developmentCommand"": ""pnpm dev -- --profile 106 --strict"",
       ""migrationCommand"": ""pnpm db:migrate --profile 106"",
       ""packageManager"": ""pnpm@9"",
       ""profile"": ""developer-profile-106"",
","<!-- docs/docguard-contract-lab-v2/DEVELOPER_SETUP.md @ controlled-baseline:ca20d71d16d7e70d -->
### RPP-SETUP-106
- Profile: `developer-profile-106`
- Required runtime: `Node.js 20.11`
- Package manager: `pnpm@9`
- Local development command: `pnpm dev -- --profile 106`
- Migration command: `pnpm db:migrate --profile 106`
",True,developer_setup,Controlled design expectation: developer_setup; independent human/owner acceptance still required before merge.,True,developer_setup,"RPP-SETUP-106: kod mijenja dokumentovani razvojni setup iz 'pnpm dev -- --profile 106' u 'pnpm dev -- --profile 106 --strict' (local_command_change), dok docs-before eksplicitno navodi staru vrijednost; dokumentacija bi zato postala zastarjela.",approved,1595ab8a2019f33c9a74f370ac02779792edc27f053f01fc59f30b43905622cb,a6cadc16b0463a9f3d83e44ec47176958a6892dcf88bf46e390ad9cadf81d69e,developer_setup,rbi_related_parties_portal,local_command_change,cases/patches/rbi_related_parties_portal/developer_setup/RPP-SETUP-106.patch
CRPP2-RPP-DEVELOPER_SETUP-107,controlled-v2/rbi-related-parties-portal-copy,9400862,typescript,"[""src/Web/src/docguard-contract-lab-v2/developer_setup/contracts_01.json""]","--- a/src/Web/src/docguard-contract-lab-v2/developer_setup/contracts_01.json
+++ b/src/Web/src/docguard-contract-lab-v2/developer_setup/contracts_01.json
@@ -59,7 +59,7 @@
       ""contractId"": ""RPP-SETUP-107"",
       ""developmentCommand"": ""pnpm dev -- --profile 107"",
       ""migrationCommand"": ""pnpm db:migrate --profile 107"",
-      ""packageManager"": ""pnpm@9"",
+      ""packageManager"": ""pnpm@10"",
       ""profile"": ""developer-profile-107"",
       ""runtime"": ""Node.js"",
       ""runtimeVersion"": ""20.11""
","<!-- docs/docguard-contract-lab-v2/DEVELOPER_SETUP.md @ controlled-baseline:ca20d71d16d7e70d -->
### RPP-SETUP-107
- Profile: `developer-profile-107`
- Required runtime: `Node.js 20.11`
- Package manager: `pnpm@9`
- Local development command: `pnpm dev -- --profile 107`
- Migration command: `pnpm db:migrate --profile 107`
",True,developer_setup,Controlled design expectation: developer_setup; independent human/owner acceptance still required before merge.,True,developer_setup,"RPP-SETUP-107: kod mijenja dokumentovani razvojni setup iz 'pnpm@9' u 'pnpm@10' (package_manager_version_change), dok docs-before eksplicitno navodi staru vrijednost; dokumentacija bi zato postala zastarjela.",approved,8d1f642fd0e376bb3847c5005b6bb411627596a354a643eb69441032520e79e5,ab39ea740da6909bb9c9b9f29191f67b2399810fb28ce7158c32f3ef334352f9,developer_setup,rbi_related_parties_portal,package_manager_version_change,cases/patches/rbi_related_parties_portal/developer_setup/RPP-SETUP-107.patch
CRPP2-RPP-DEVELOPER_SETUP-108,controlled-v2/rbi-related-parties-portal-copy,9400863,typescript,"[""src/Web/src/docguard-contract-lab-v2/developer_setup/contracts_01.json""]","--- a/src/Web/src/docguard-contract-lab-v2/developer_setup/contracts_01.json
+++ b/src/Web/src/docguard-contract-lab-v2/developer_setup/contracts_01.json
@@ -67,7 +67,7 @@
     {
       ""contractId"": ""RPP-SETUP-108"",
       ""developmentCommand"": ""pnpm dev -- --profile 108"",
-      ""migrationCommand"": ""pnpm db:migrate --profile 108"",
+      ""migrationCommand"": ""pnpm db:migrate --profile 108 --no-build"",
       ""packageManager"": ""pnpm@9"",
       ""profile"": ""developer-profile-108"",
       ""runtime"": ""Node.js"",
","<!-- docs/docguard-contract-lab-v2/DEVELOPER_SETUP.md @ controlled-baseline:ca20d71d16d7e70d -->
### RPP-SETUP-108
- Profile: `developer-profile-108`
- Required runtime: `Node.js 20.11`
- Package manager: `pnpm@9`
- Local development command: `pnpm dev -- --profile 108`
- Migration command: `pnpm db:migrate --profile 108`
",True,developer_setup,Controlled design expectation: developer_setup; independent human/owner acceptance still required before merge.,True,developer_setup,"RPP-SETUP-108: kod mijenja dokumentovani razvojni setup iz 'pnpm db:migrate --profile 108' u 'pnpm db:migrate --profile 108 --no-build' (migration_command_change), dok docs-before eksplicitno navodi staru vrijednost; dokumentacija bi zato postala zastarjela.",approved,b6f766b192d8bff33974654d56ac0e9f8e0f8e21b9a4e4fdc545eb916b784646,bb394bb8822a673c44712e82bbfb51d078172c5035a8027d1096f0783e6e996f,developer_setup,rbi_related_parties_portal,migration_command_change,cases/patches/rbi_related_parties_portal/developer_setup/RPP-SETUP-108.patch
CRPP2-RPP-DEVELOPER_SETUP-109,controlled-v2/rbi-related-parties-portal-copy,9400864,typescript,"[""src/Web/src/docguard-contract-lab-v2/developer_setup/contracts_01.json""]","--- a/src/Web/src/docguard-contract-lab-v2/developer_setup/contracts_01.json
+++ b/src/Web/src/docguard-contract-lab-v2/developer_setup/contracts_01.json
@@ -80,7 +80,7 @@
       ""packageManager"": ""pnpm@9"",
       ""profile"": ""developer-profile-109"",
       ""runtime"": ""Node.js"",
-      ""runtimeVersion"": ""20.11""
+      ""runtimeVersion"": ""22.0""
     },
     {
       ""contractId"": ""RPP-SETUP-110"",
","<!-- docs/docguard-contract-lab-v2/DEVELOPER_SETUP.md @ controlled-baseline:ca20d71d16d7e70d -->
### RPP-SETUP-109
- Profile: `developer-profile-109`
- Required runtime: `Node.js 20.11`
- Package manager: `pnpm@9`
- Local development command: `pnpm dev -- --profile 109`
- Migration command: `pnpm db:migrate --profile 109`
",True,developer_setup,Controlled design expectation: developer_setup; independent human/owner acceptance still required before merge.,True,developer_setup,"RPP-SETUP-109: kod mijenja dokumentovani razvojni setup iz '20.11' u '22.0' (runtime_requirement_change), dok docs-before eksplicitno navodi staru vrijednost; dokumentacija bi zato postala zastarjela.",approved,0797433a187120f6bebda1ba313fcdc58533f1af5283b4ea541ce760a5451386,a0f5ee6dc96af94e131bba231d02995a89489b08af958412db34822ad0ea6797,developer_setup,rbi_related_parties_portal,runtime_requirement_change,cases/patches/rbi_related_parties_portal/developer_setup/RPP-SETUP-109.patch
CRPP2-RPP-DEVELOPER_SETUP-110,controlled-v2/rbi-related-parties-portal-copy,9400865,typescript,"[""src/Web/src/docguard-contract-lab-v2/developer_setup/contracts_01.json""]","--- a/src/Web/src/docguard-contract-lab-v2/developer_setup/contracts_01.json
+++ b/src/Web/src/docguard-contract-lab-v2/developer_setup/contracts_01.json
@@ -84,7 +84,7 @@
     },
     {
       ""contractId"": ""RPP-SETUP-110"",
-      ""developmentCommand"": ""pnpm dev -- --profile 110"",
+      ""developmentCommand"": ""pnpm dev -- --profile 110 --strict"",
       ""migrationCommand"": ""pnpm db:migrate --profile 110"",
       ""packageManager"": ""pnpm@9"",
       ""profile"": ""developer-profile-110"",
","<!-- docs/docguard-contract-lab-v2/DEVELOPER_SETUP.md @ controlled-baseline:ca20d71d16d7e70d -->
### RPP-SETUP-110
- Profile: `developer-profile-110`
- Required runtime: `Node.js 20.11`
- Package manager: `pnpm@9`
- Local development command: `pnpm dev -- --profile 110`
- Migration command: `pnpm db:migrate --profile 110`
",True,developer_setup,Controlled design expectation: developer_setup; independent human/owner acceptance still required before merge.,True,developer_setup,"RPP-SETUP-110: kod mijenja dokumentovani razvojni setup iz 'pnpm dev -- --profile 110' u 'pnpm dev -- --profile 110 --strict' (local_command_change), dok docs-before eksplicitno navodi staru vrijednost; dokumentacija bi zato postala zastarjela.",approved,b95df92172f185a556c5391ed8e5d433322d73dcb4c9a96f2108097ba1d4c2bc,ff6969e756f3a401dafbc4028dc808838b60aedf6cf4c16f1f8f52a7efd4d4f7,developer_setup,rbi_related_parties_portal,local_command_change,cases/patches/rbi_related_parties_portal/developer_setup/RPP-SETUP-110.patch
CRPP2-RPP-DEVELOPER_SETUP-111,controlled-v2/rbi-related-parties-portal-copy,9400866,typescript,"[""src/Web/src/docguard-contract-lab-v2/developer_setup/contracts_02.json""]","--- a/src/Web/src/docguard-contract-lab-v2/developer_setup/contracts_02.json
+++ b/src/Web/src/docguard-contract-lab-v2/developer_setup/contracts_02.json
@@ -5,7 +5,7 @@
       ""contractId"": ""RPP-SETUP-111"",
       ""developmentCommand"": ""pnpm dev -- --profile 111"",
       ""migrationCommand"": ""pnpm db:migrate --profile 111"",
-      ""packageManager"": ""pnpm@9"",
+      ""packageManager"": ""pnpm@10"",
       ""profile"": ""developer-profile-111"",
       ""runtime"": ""Node.js"",
       ""runtimeVersion"": ""20.11""
","<!-- docs/docguard-contract-lab-v2/DEVELOPER_SETUP.md @ controlled-baseline:ca20d71d16d7e70d -->
### RPP-SETUP-111
- Profile: `developer-profile-111`
- Required runtime: `Node.js 20.11`
- Package manager: `pnpm@9`
- Local development command: `pnpm dev -- --profile 111`
- Migration command: `pnpm db:migrate --profile 111`
",True,developer_setup,Controlled design expectation: developer_setup; independent human/owner acceptance still required before merge.,True,developer_setup,"RPP-SETUP-111: kod mijenja dokumentovani razvojni setup iz 'pnpm@9' u 'pnpm@10' (package_manager_version_change), dok docs-before eksplicitno navodi staru vrijednost; dokumentacija bi zato postala zastarjela.",approved,5e44330c8be76d1d202d11eb594f9ca7680404bbf491f4ac7565836531c73a19,ca0bce33900cf4177dd665a100d2a1f230d05675f409e44df69e0d3d501eb04d,developer_setup,rbi_related_parties_portal,package_manager_version_change,cases/patches/rbi_related_parties_portal/developer_setup/RPP-SETUP-111.patch
CRPP2-RPP-DEVELOPER_SETUP-112,controlled-v2/rbi-related-parties-portal-copy,9400867,typescript,"[""src/Web/src/docguard-contract-lab-v2/developer_setup/contracts_02.json""]","--- a/src/Web/src/docguard-contract-lab-v2/developer_setup/contracts_02.json
+++ b/src/Web/src/docguard-contract-lab-v2/developer_setup/contracts_02.json
@@ -13,7 +13,7 @@
     {
       ""contractId"": ""RPP-SETUP-112"",
       ""developmentCommand"": ""pnpm dev -- --profile 112"",
-      ""migrationCommand"": ""pnpm db:migrate --profile 112"",
+      ""migrationCommand"": ""pnpm db:migrate --profile 112 --no-build"",
       ""packageManager"": ""pnpm@9"",
       ""profile"": ""developer-profile-112"",
       ""runtime"": ""Node.js"",
","<!-- docs/docguard-contract-lab-v2/DEVELOPER_SETUP.md @ controlled-baseline:ca20d71d16d7e70d -->
### RPP-SETUP-112
- Profile: `developer-profile-112`
- Required runtime: `Node.js 20.11`
- Package manager: `pnpm@9`
- Local development command: `pnpm dev -- --profile 112`
- Migration command: `pnpm db:migrate --profile 112`
",True,developer_setup,Controlled design expectation: developer_setup; independent human/owner acceptance still required before merge.,True,developer_setup,"RPP-SETUP-112: kod mijenja dokumentovani razvojni setup iz 'pnpm db:migrate --profile 112' u 'pnpm db:migrate --profile 112 --no-build' (migration_command_change), dok docs-before eksplicitno navodi staru vrijednost; dokumentacija bi zato postala zastarjela.",approved,243a8b6a5045fc1a897591d628f0a9cdf4f70f002f25eaae5799efee3f9310f1,4f961481b87beecaff31c44f9de86fed993ed5fd9957bcffa190088c2c5ca97c,developer_setup,rbi_related_parties_portal,migration_command_change,cases/patches/rbi_related_parties_portal/developer_setup/RPP-SETUP-112.patch
CRPP2-RPP-DEVELOPER_SETUP-113,controlled-v2/rbi-related-parties-portal-copy,9400868,typescript,"[""src/Web/src/docguard-contract-lab-v2/developer_setup/contracts_02.json""]","--- a/src/Web/src/docguard-contract-lab-v2/developer_setup/contracts_02.json
+++ b/src/Web/src/docguard-contract-lab-v2/developer_setup/contracts_02.json
@@ -26,7 +26,7 @@
       ""packageManager"": ""pnpm@9"",
       ""profile"": ""developer-profile-113"",
       ""runtime"": ""Node.js"",
-      ""runtimeVersion"": ""20.11""
+      ""runtimeVersion"": ""22.0""
     },
     {
       ""contractId"": ""RPP-SETUP-114"",
","<!-- docs/docguard-contract-lab-v2/DEVELOPER_SETUP.md @ controlled-baseline:ca20d71d16d7e70d -->
### RPP-SETUP-113
- Profile: `developer-profile-113`
- Required runtime: `Node.js 20.11`
- Package manager: `pnpm@9`
- Local development command: `pnpm dev -- --profile 113`
- Migration command: `pnpm db:migrate --profile 113`
",True,developer_setup,Controlled design expectation: developer_setup; independent human/owner acceptance still required before merge.,True,developer_setup,"RPP-SETUP-113: kod mijenja dokumentovani razvojni setup iz '20.11' u '22.0' (runtime_requirement_change), dok docs-before eksplicitno navodi staru vrijednost; dokumentacija bi zato postala zastarjela.",approved,7d0f9371b373ffcd4c862acb4993d9e92d93ef8ba81af1c39859eb9ac53fa4cb,cd8c6cb8df9097f0c47c52fde05a36f40bce20acf016dd95d24b189cd9561468,developer_setup,rbi_related_parties_portal,runtime_requirement_change,cases/patches/rbi_related_parties_portal/developer_setup/RPP-SETUP-113.patch
CRPP2-RPP-DEVELOPER_SETUP-114,controlled-v2/rbi-related-parties-portal-copy,9400869,typescript,"[""src/Web/src/docguard-contract-lab-v2/developer_setup/contracts_02.json""]","--- a/src/Web/src/docguard-contract-lab-v2/developer_setup/contracts_02.json
+++ b/src/Web/src/docguard-contract-lab-v2/developer_setup/contracts_02.json
@@ -30,7 +30,7 @@
     },
     {
       ""contractId"": ""RPP-SETUP-114"",
-      ""developmentCommand"": ""pnpm dev -- --profile 114"",
+      ""developmentCommand"": ""pnpm dev -- --profile 114 --strict"",
       ""migrationCommand"": ""pnpm db:migrate --profile 114"",
       ""packageManager"": ""pnpm@9"",
       ""profile"": ""developer-profile-114"",
","<!-- docs/docguard-contract-lab-v2/DEVELOPER_SETUP.md @ controlled-baseline:ca20d71d16d7e70d -->
### RPP-SETUP-114
- Profile: `developer-profile-114`
- Required runtime: `Node.js 20.11`
- Package manager: `pnpm@9`
- Local development command: `pnpm dev -- --profile 114`
- Migration command: `pnpm db:migrate --profile 114`
",True,developer_setup,Controlled design expectation: developer_setup; independent human/owner acceptance still required before merge.,True,developer_setup,"RPP-SETUP-114: kod mijenja dokumentovani razvojni setup iz 'pnpm dev -- --profile 114' u 'pnpm dev -- --profile 114 --strict' (local_command_change), dok docs-before eksplicitno navodi staru vrijednost; dokumentacija bi zato postala zastarjela.",approved,0e8c03ed33a72af2eaac1277c315493a9a4c554e45e649794b109d88836f7e62,2ff2a1099cca34fa4ab3563787ba88d9eaed58eba3cbb9c93721ce7d2d0d5fff,developer_setup,rbi_related_parties_portal,local_command_change,cases/patches/rbi_related_parties_portal/developer_setup/RPP-SETUP-114.patch
CRPP2-RPP-DEVELOPER_SETUP-115,controlled-v2/rbi-related-parties-portal-copy,9400870,typescript,"[""src/Web/src/docguard-contract-lab-v2/developer_setup/contracts_02.json""]","--- a/src/Web/src/docguard-contract-lab-v2/developer_setup/contracts_02.json
+++ b/src/Web/src/docguard-contract-lab-v2/developer_setup/contracts_02.json
@@ -41,7 +41,7 @@
       ""contractId"": ""RPP-SETUP-115"",
       ""developmentCommand"": ""pnpm dev -- --profile 115"",
       ""migrationCommand"": ""pnpm db:migrate --profile 115"",
-      ""packageManager"": ""pnpm@9"",
+      ""packageManager"": ""pnpm@10"",
       ""profile"": ""developer-profile-115"",
       ""runtime"": ""Node.js"",
       ""runtimeVersion"": ""20.11""
","<!-- docs/docguard-contract-lab-v2/DEVELOPER_SETUP.md @ controlled-baseline:ca20d71d16d7e70d -->
### RPP-SETUP-115
- Profile: `developer-profile-115`
- Required runtime: `Node.js 20.11`
- Package manager: `pnpm@9`
- Local development command: `pnpm dev -- --profile 115`
- Migration command: `pnpm db:migrate --profile 115`
",True,developer_setup,Controlled design expectation: developer_setup; independent human/owner acceptance still required before merge.,True,developer_setup,"RPP-SETUP-115: kod mijenja dokumentovani razvojni setup iz 'pnpm@9' u 'pnpm@10' (package_manager_version_change), dok docs-before eksplicitno navodi staru vrijednost; dokumentacija bi zato postala zastarjela.",approved,d00559e05adedab71f69578ed28b070b0b805009efee80b082daab22fd94b92b,41194720402ab0c7aeda14738bfa7f9be516075551269ea3cf78e0aee3a80d6c,developer_setup,rbi_related_parties_portal,package_manager_version_change,cases/patches/rbi_related_parties_portal/developer_setup/RPP-SETUP-115.patch
CRPP2-RPP-DEVELOPER_SETUP-116,controlled-v2/rbi-related-parties-portal-copy,9400871,typescript,"[""src/Web/src/docguard-contract-lab-v2/developer_setup/contracts_02.json""]","--- a/src/Web/src/docguard-contract-lab-v2/developer_setup/contracts_02.json
+++ b/src/Web/src/docguard-contract-lab-v2/developer_setup/contracts_02.json
@@ -49,7 +49,7 @@
     {
       ""contractId"": ""RPP-SETUP-116"",
       ""developmentCommand"": ""pnpm dev -- --profile 116"",
-      ""migrationCommand"": ""pnpm db:migrate --profile 116"",
+      ""migrationCommand"": ""pnpm db:migrate --profile 116 --no-build"",
       ""packageManager"": ""pnpm@9"",
       ""profile"": ""developer-profile-116"",
       ""runtime"": ""Node.js"",
","<!-- docs/docguard-contract-lab-v2/DEVELOPER_SETUP.md @ controlled-baseline:ca20d71d16d7e70d -->
### RPP-SETUP-116
- Profile: `developer-profile-116`
- Required runtime: `Node.js 20.11`
- Package manager: `pnpm@9`
- Local development command: `pnpm dev -- --profile 116`
- Migration command: `pnpm db:migrate --profile 116`
",True,developer_setup,Controlled design expectation: developer_setup; independent human/owner acceptance still required before merge.,True,developer_setup,"RPP-SETUP-116: kod mijenja dokumentovani razvojni setup iz 'pnpm db:migrate --profile 116' u 'pnpm db:migrate --profile 116 --no-build' (migration_command_change), dok docs-before eksplicitno navodi staru vrijednost; dokumentacija bi zato postala zastarjela.",approved,12293046da4f67149edf0267a30e86047a0d10f47e173d6bfe29dda0d4d8cfd3,800b115f3175d7fa02d0d9d33d031be03091454dfe26a547f66946f4255cf68d,developer_setup,rbi_related_parties_portal,migration_command_change,cases/patches/rbi_related_parties_portal/developer_setup/RPP-SETUP-116.patch
CRPP2-RPP-DEVELOPER_SETUP-117,controlled-v2/rbi-related-parties-portal-copy,9400872,typescript,"[""src/Web/src/docguard-contract-lab-v2/developer_setup/contracts_02.json""]","--- a/src/Web/src/docguard-contract-lab-v2/developer_setup/contracts_02.json
+++ b/src/Web/src/docguard-contract-lab-v2/developer_setup/contracts_02.json
@@ -62,7 +62,7 @@
       ""packageManager"": ""pnpm@9"",
       ""profile"": ""developer-profile-117"",
       ""runtime"": ""Node.js"",
-      ""runtimeVersion"": ""20.11""
+      ""runtimeVersion"": ""22.0""
     },
     {
       ""contractId"": ""RPP-SETUP-118"",
","<!-- docs/docguard-contract-lab-v2/DEVELOPER_SETUP.md @ controlled-baseline:ca20d71d16d7e70d -->
### RPP-SETUP-117
- Profile: `developer-profile-117`
- Required runtime: `Node.js 20.11`
- Package manager: `pnpm@9`
- Local development command: `pnpm dev -- --profile 117`
- Migration command: `pnpm db:migrate --profile 117`
",True,developer_setup,Controlled design expectation: developer_setup; independent human/owner acceptance still required before merge.,True,developer_setup,"RPP-SETUP-117: kod mijenja dokumentovani razvojni setup iz '20.11' u '22.0' (runtime_requirement_change), dok docs-before eksplicitno navodi staru vrijednost; dokumentacija bi zato postala zastarjela.",approved,1a5b82d600d35029b26cb8f41d31e14f20c322bc0ada530a86048a1c33a6b884,3b6bac8f134d0ee6fce5c9af545a67372837064c10f32381194a79d2fb01aaab,developer_setup,rbi_related_parties_portal,runtime_requirement_change,cases/patches/rbi_related_parties_portal/developer_setup/RPP-SETUP-117.patch
CRPP2-RPP-DEVELOPER_SETUP-118,controlled-v2/rbi-related-parties-portal-copy,9400873,typescript,"[""src/Web/src/docguard-contract-lab-v2/developer_setup/contracts_02.json""]","--- a/src/Web/src/docguard-contract-lab-v2/developer_setup/contracts_02.json
+++ b/src/Web/src/docguard-contract-lab-v2/developer_setup/contracts_02.json
@@ -66,7 +66,7 @@
     },
     {
       ""contractId"": ""RPP-SETUP-118"",
-      ""developmentCommand"": ""pnpm dev -- --profile 118"",
+      ""developmentCommand"": ""pnpm dev -- --profile 118 --strict"",
       ""migrationCommand"": ""pnpm db:migrate --profile 118"",
       ""packageManager"": ""pnpm@9"",
       ""profile"": ""developer-profile-118"",
","<!-- docs/docguard-contract-lab-v2/DEVELOPER_SETUP.md @ controlled-baseline:ca20d71d16d7e70d -->
### RPP-SETUP-118
- Profile: `developer-profile-118`
- Required runtime: `Node.js 20.11`
- Package manager: `pnpm@9`
- Local development command: `pnpm dev -- --profile 118`
- Migration command: `pnpm db:migrate --profile 118`
",True,developer_setup,Controlled design expectation: developer_setup; independent human/owner acceptance still required before merge.,True,developer_setup,"RPP-SETUP-118: kod mijenja dokumentovani razvojni setup iz 'pnpm dev -- --profile 118' u 'pnpm dev -- --profile 118 --strict' (local_command_change), dok docs-before eksplicitno navodi staru vrijednost; dokumentacija bi zato postala zastarjela.",approved,9f3561d643db89fe9d3f129e638415eb366486b98d115d1b2468d65fca25ea6d,2181bd9cf3e03e5b1bf57767090a769afb105a6328f56fc4cb70a9beebeab428,developer_setup,rbi_related_parties_portal,local_command_change,cases/patches/rbi_related_parties_portal/developer_setup/RPP-SETUP-118.patch
CRPP2-RPP-DEVELOPER_SETUP-119,controlled-v2/rbi-related-parties-portal-copy,9400874,typescript,"[""src/Web/src/docguard-contract-lab-v2/developer_setup/contracts_02.json""]","--- a/src/Web/src/docguard-contract-lab-v2/developer_setup/contracts_02.json
+++ b/src/Web/src/docguard-contract-lab-v2/developer_setup/contracts_02.json
@@ -77,7 +77,7 @@
       ""contractId"": ""RPP-SETUP-119"",
       ""developmentCommand"": ""pnpm dev -- --profile 119"",
       ""migrationCommand"": ""pnpm db:migrate --profile 119"",
-      ""packageManager"": ""pnpm@9"",
+      ""packageManager"": ""pnpm@10"",
       ""profile"": ""developer-profile-119"",
       ""runtime"": ""Node.js"",
       ""runtimeVersion"": ""20.11""
","<!-- docs/docguard-contract-lab-v2/DEVELOPER_SETUP.md @ controlled-baseline:ca20d71d16d7e70d -->
### RPP-SETUP-119
- Profile: `developer-profile-119`
- Required runtime: `Node.js 20.11`
- Package manager: `pnpm@9`
- Local development command: `pnpm dev -- --profile 119`
- Migration command: `pnpm db:migrate --profile 119`
",True,developer_setup,Controlled design expectation: developer_setup; independent human/owner acceptance still required before merge.,True,developer_setup,"RPP-SETUP-119: kod mijenja dokumentovani razvojni setup iz 'pnpm@9' u 'pnpm@10' (package_manager_version_change), dok docs-before eksplicitno navodi staru vrijednost; dokumentacija bi zato postala zastarjela.",approved,7971ffc338dec788a42a4e39a1bcd7686e02b6895e361b0df5fe1957a5ec9db6,0212811d6e087589a6bb758f2ca26ecb2430f8bb1990b40736537771cfdab476,developer_setup,rbi_related_parties_portal,package_manager_version_change,cases/patches/rbi_related_parties_portal/developer_setup/RPP-SETUP-119.patch
CRPP2-RPP-DEVELOPER_SETUP-120,controlled-v2/rbi-related-parties-portal-copy,9400875,typescript,"[""src/Web/src/docguard-contract-lab-v2/developer_setup/contracts_02.json""]","--- a/src/Web/src/docguard-contract-lab-v2/developer_setup/contracts_02.json
+++ b/src/Web/src/docguard-contract-lab-v2/developer_setup/contracts_02.json
@@ -85,7 +85,7 @@
     {
       ""contractId"": ""RPP-SETUP-120"",
       ""developmentCommand"": ""pnpm dev -- --profile 120"",
-      ""migrationCommand"": ""pnpm db:migrate --profile 120"",
+      ""migrationCommand"": ""pnpm db:migrate --profile 120 --no-build"",
       ""packageManager"": ""pnpm@9"",
       ""profile"": ""developer-profile-120"",
       ""runtime"": ""Node.js"",
","<!-- docs/docguard-contract-lab-v2/DEVELOPER_SETUP.md @ controlled-baseline:ca20d71d16d7e70d -->
### RPP-SETUP-120
- Profile: `developer-profile-120`
- Required runtime: `Node.js 20.11`
- Package manager: `pnpm@9`
- Local development command: `pnpm dev -- --profile 120`
- Migration command: `pnpm db:migrate --profile 120`
",True,developer_setup,Controlled design expectation: developer_setup; independent human/owner acceptance still required before merge.,True,developer_setup,"RPP-SETUP-120: kod mijenja dokumentovani razvojni setup iz 'pnpm db:migrate --profile 120' u 'pnpm db:migrate --profile 120 --no-build' (migration_command_change), dok docs-before eksplicitno navodi staru vrijednost; dokumentacija bi zato postala zastarjela.",approved,b31faac0a12a088677ac275d2339d2fd96960f597c1326a7476ebb3a93751e1d,a37162336ac4895db1042c185ca5c5e5da776eac9bf91ad52ae4172f8f348ef5,developer_setup,rbi_related_parties_portal,migration_command_change,cases/patches/rbi_related_parties_portal/developer_setup/RPP-SETUP-120.patch
CRPP2-RPP-DEVELOPER_SETUP-121,controlled-v2/rbi-related-parties-portal-copy,9400876,typescript,"[""src/Web/src/docguard-contract-lab-v2/developer_setup/contracts_03.json""]","--- a/src/Web/src/docguard-contract-lab-v2/developer_setup/contracts_03.json
+++ b/src/Web/src/docguard-contract-lab-v2/developer_setup/contracts_03.json
@@ -8,7 +8,7 @@
       ""packageManager"": ""pnpm@9"",
       ""profile"": ""developer-profile-121"",
       ""runtime"": ""Node.js"",
-      ""runtimeVersion"": ""20.11""
+      ""runtimeVersion"": ""22.0""
     },
     {
       ""contractId"": ""RPP-SETUP-122"",
","<!-- docs/docguard-contract-lab-v2/DEVELOPER_SETUP.md @ controlled-baseline:ca20d71d16d7e70d -->
### RPP-SETUP-121
- Profile: `developer-profile-121`
- Required runtime: `Node.js 20.11`
- Package manager: `pnpm@9`
- Local development command: `pnpm dev -- --profile 121`
- Migration command: `pnpm db:migrate --profile 121`
",True,developer_setup,Controlled design expectation: developer_setup; independent human/owner acceptance still required before merge.,True,developer_setup,"RPP-SETUP-121: kod mijenja dokumentovani razvojni setup iz '20.11' u '22.0' (runtime_requirement_change), dok docs-before eksplicitno navodi staru vrijednost; dokumentacija bi zato postala zastarjela.",approved,edaa5628c20db07d0aca2dabea18c14cf4222be4120a6b8196d3cd2e18e9a5a7,93cfa65bfa7e37058f623bd8e366c2686b7ccea15226524ac7466f854dd78b39,developer_setup,rbi_related_parties_portal,runtime_requirement_change,cases/patches/rbi_related_parties_portal/developer_setup/RPP-SETUP-121.patch
CRPP2-RPP-DEVELOPER_SETUP-122,controlled-v2/rbi-related-parties-portal-copy,9400877,typescript,"[""src/Web/src/docguard-contract-lab-v2/developer_setup/contracts_03.json""]","--- a/src/Web/src/docguard-contract-lab-v2/developer_setup/contracts_03.json
+++ b/src/Web/src/docguard-contract-lab-v2/developer_setup/contracts_03.json
@@ -12,7 +12,7 @@
     },
     {
       ""contractId"": ""RPP-SETUP-122"",
-      ""developmentCommand"": ""pnpm dev -- --profile 122"",
+      ""developmentCommand"": ""pnpm dev -- --profile 122 --strict"",
       ""migrationCommand"": ""pnpm db:migrate --profile 122"",
       ""packageManager"": ""pnpm@9"",
       ""profile"": ""developer-profile-122"",
","<!-- docs/docguard-contract-lab-v2/DEVELOPER_SETUP.md @ controlled-baseline:ca20d71d16d7e70d -->
### RPP-SETUP-122
- Profile: `developer-profile-122`
- Required runtime: `Node.js 20.11`
- Package manager: `pnpm@9`
- Local development command: `pnpm dev -- --profile 122`
- Migration command: `pnpm db:migrate --profile 122`
",True,developer_setup,Controlled design expectation: developer_setup; independent human/owner acceptance still required before merge.,True,developer_setup,"RPP-SETUP-122: kod mijenja dokumentovani razvojni setup iz 'pnpm dev -- --profile 122' u 'pnpm dev -- --profile 122 --strict' (local_command_change), dok docs-before eksplicitno navodi staru vrijednost; dokumentacija bi zato postala zastarjela.",approved,9c0299a7af0a7179ffcbb0522eda879325aec3341055c960271bd5d25f6c3b9d,b27bc67081863f57000c76d05979914694ca9eae2199454f9484bc972a42a562,developer_setup,rbi_related_parties_portal,local_command_change,cases/patches/rbi_related_parties_portal/developer_setup/RPP-SETUP-122.patch
CRPP2-RPP-DEVELOPER_SETUP-123,controlled-v2/rbi-related-parties-portal-copy,9400878,typescript,"[""src/Web/src/docguard-contract-lab-v2/developer_setup/contracts_03.json""]","--- a/src/Web/src/docguard-contract-lab-v2/developer_setup/contracts_03.json
+++ b/src/Web/src/docguard-contract-lab-v2/developer_setup/contracts_03.json
@@ -23,7 +23,7 @@
       ""contractId"": ""RPP-SETUP-123"",
       ""developmentCommand"": ""pnpm dev -- --profile 123"",
       ""migrationCommand"": ""pnpm db:migrate --profile 123"",
-      ""packageManager"": ""pnpm@9"",
+      ""packageManager"": ""pnpm@10"",
       ""profile"": ""developer-profile-123"",
       ""runtime"": ""Node.js"",
       ""runtimeVersion"": ""20.11""
","<!-- docs/docguard-contract-lab-v2/DEVELOPER_SETUP.md @ controlled-baseline:ca20d71d16d7e70d -->
### RPP-SETUP-123
- Profile: `developer-profile-123`
- Required runtime: `Node.js 20.11`
- Package manager: `pnpm@9`
- Local development command: `pnpm dev -- --profile 123`
- Migration command: `pnpm db:migrate --profile 123`
",True,developer_setup,Controlled design expectation: developer_setup; independent human/owner acceptance still required before merge.,True,developer_setup,"RPP-SETUP-123: kod mijenja dokumentovani razvojni setup iz 'pnpm@9' u 'pnpm@10' (package_manager_version_change), dok docs-before eksplicitno navodi staru vrijednost; dokumentacija bi zato postala zastarjela.",approved,c42dd27095eaf8332845b5ec47e5b2b0b02b92a65f6fd48b9f4b85d2fe113834,0834589b04a356d3a98832536f66d46bed1ae9f179d676c6ee8a41b6670b852d,developer_setup,rbi_related_parties_portal,package_manager_version_change,cases/patches/rbi_related_parties_portal/developer_setup/RPP-SETUP-123.patch
CRPP2-RPP-DEVELOPER_SETUP-124,controlled-v2/rbi-related-parties-portal-copy,9400879,typescript,"[""src/Web/src/docguard-contract-lab-v2/developer_setup/contracts_03.json""]","--- a/src/Web/src/docguard-contract-lab-v2/developer_setup/contracts_03.json
+++ b/src/Web/src/docguard-contract-lab-v2/developer_setup/contracts_03.json
@@ -31,7 +31,7 @@
     {
       ""contractId"": ""RPP-SETUP-124"",
       ""developmentCommand"": ""pnpm dev -- --profile 124"",
-      ""migrationCommand"": ""pnpm db:migrate --profile 124"",
+      ""migrationCommand"": ""pnpm db:migrate --profile 124 --no-build"",
       ""packageManager"": ""pnpm@9"",
       ""profile"": ""developer-profile-124"",
       ""runtime"": ""Node.js"",
","<!-- docs/docguard-contract-lab-v2/DEVELOPER_SETUP.md @ controlled-baseline:ca20d71d16d7e70d -->
### RPP-SETUP-124
- Profile: `developer-profile-124`
- Required runtime: `Node.js 20.11`
- Package manager: `pnpm@9`
- Local development command: `pnpm dev -- --profile 124`
- Migration command: `pnpm db:migrate --profile 124`
",True,developer_setup,Controlled design expectation: developer_setup; independent human/owner acceptance still required before merge.,True,developer_setup,"RPP-SETUP-124: kod mijenja dokumentovani razvojni setup iz 'pnpm db:migrate --profile 124' u 'pnpm db:migrate --profile 124 --no-build' (migration_command_change), dok docs-before eksplicitno navodi staru vrijednost; dokumentacija bi zato postala zastarjela.",approved,eb55c134effaf67c13d780dfaf402f47ea99e59c50434a0c09fb220cd74854d4,18d23d72ca4ce61a3086fca1c20b2be280f657599cffe1bf5ef1b6347d77aaed,developer_setup,rbi_related_parties_portal,migration_command_change,cases/patches/rbi_related_parties_portal/developer_setup/RPP-SETUP-124.patch
CRPP2-RPP-DEVELOPER_SETUP-125,controlled-v2/rbi-related-parties-portal-copy,9400880,typescript,"[""src/Web/src/docguard-contract-lab-v2/developer_setup/contracts_03.json""]","--- a/src/Web/src/docguard-contract-lab-v2/developer_setup/contracts_03.json
+++ b/src/Web/src/docguard-contract-lab-v2/developer_setup/contracts_03.json
@@ -44,7 +44,7 @@
       ""packageManager"": ""pnpm@9"",
       ""profile"": ""developer-profile-125"",
       ""runtime"": ""Node.js"",
-      ""runtimeVersion"": ""20.11""
+      ""runtimeVersion"": ""22.0""
     },
     {
       ""contractId"": ""RPP-SETUP-126"",
","<!-- docs/docguard-contract-lab-v2/DEVELOPER_SETUP.md @ controlled-baseline:ca20d71d16d7e70d -->
### RPP-SETUP-125
- Profile: `developer-profile-125`
- Required runtime: `Node.js 20.11`
- Package manager: `pnpm@9`
- Local development command: `pnpm dev -- --profile 125`
- Migration command: `pnpm db:migrate --profile 125`
",True,developer_setup,Controlled design expectation: developer_setup; independent human/owner acceptance still required before merge.,True,developer_setup,"RPP-SETUP-125: kod mijenja dokumentovani razvojni setup iz '20.11' u '22.0' (runtime_requirement_change), dok docs-before eksplicitno navodi staru vrijednost; dokumentacija bi zato postala zastarjela.",approved,e61a5e50ed1de12429d37e7c40c1f14f46c42ba17e0ecf65269e4ba0edd55155,b2c79cf69cbcf50211b3a973ef645ef48877345026189ed05816032fe5bb2d97,developer_setup,rbi_related_parties_portal,runtime_requirement_change,cases/patches/rbi_related_parties_portal/developer_setup/RPP-SETUP-125.patch
CRPP2-RPP-DEVELOPER_SETUP-126,controlled-v2/rbi-related-parties-portal-copy,9400881,typescript,"[""src/Web/src/docguard-contract-lab-v2/developer_setup/contracts_03.json""]","--- a/src/Web/src/docguard-contract-lab-v2/developer_setup/contracts_03.json
+++ b/src/Web/src/docguard-contract-lab-v2/developer_setup/contracts_03.json
@@ -48,7 +48,7 @@
     },
     {
       ""contractId"": ""RPP-SETUP-126"",
-      ""developmentCommand"": ""pnpm dev -- --profile 126"",
+      ""developmentCommand"": ""pnpm dev -- --profile 126 --strict"",
       ""migrationCommand"": ""pnpm db:migrate --profile 126"",
       ""packageManager"": ""pnpm@9"",
       ""profile"": ""developer-profile-126"",
","<!-- docs/docguard-contract-lab-v2/DEVELOPER_SETUP.md @ controlled-baseline:ca20d71d16d7e70d -->
### RPP-SETUP-126
- Profile: `developer-profile-126`
- Required runtime: `Node.js 20.11`
- Package manager: `pnpm@9`
- Local development command: `pnpm dev -- --profile 126`
- Migration command: `pnpm db:migrate --profile 126`
",True,developer_setup,Controlled design expectation: developer_setup; independent human/owner acceptance still required before merge.,True,developer_setup,"RPP-SETUP-126: kod mijenja dokumentovani razvojni setup iz 'pnpm dev -- --profile 126' u 'pnpm dev -- --profile 126 --strict' (local_command_change), dok docs-before eksplicitno navodi staru vrijednost; dokumentacija bi zato postala zastarjela.",approved,8e5c5316c06a8c10c204b812c2cfa19e59050f5122fce6bac9cd1f51bed7cd41,bc07a50eb9b5a8a45b4c4e9de4978ef3f541653e61a26ea5889666e7ccf1a836,developer_setup,rbi_related_parties_portal,local_command_change,cases/patches/rbi_related_parties_portal/developer_setup/RPP-SETUP-126.patch
CRPP2-RPP-DEVELOPER_SETUP-127,controlled-v2/rbi-related-parties-portal-copy,9400882,typescript,"[""src/Web/src/docguard-contract-lab-v2/developer_setup/contracts_03.json""]","--- a/src/Web/src/docguard-contract-lab-v2/developer_setup/contracts_03.json
+++ b/src/Web/src/docguard-contract-lab-v2/developer_setup/contracts_03.json
@@ -59,7 +59,7 @@
       ""contractId"": ""RPP-SETUP-127"",
       ""developmentCommand"": ""pnpm dev -- --profile 127"",
       ""migrationCommand"": ""pnpm db:migrate --profile 127"",
-      ""packageManager"": ""pnpm@9"",
+      ""packageManager"": ""pnpm@10"",
       ""profile"": ""developer-profile-127"",
       ""runtime"": ""Node.js"",
       ""runtimeVersion"": ""20.11""
","<!-- docs/docguard-contract-lab-v2/DEVELOPER_SETUP.md @ controlled-baseline:ca20d71d16d7e70d -->
### RPP-SETUP-127
- Profile: `developer-profile-127`
- Required runtime: `Node.js 20.11`
- Package manager: `pnpm@9`
- Local development command: `pnpm dev -- --profile 127`
- Migration command: `pnpm db:migrate --profile 127`
",True,developer_setup,Controlled design expectation: developer_setup; independent human/owner acceptance still required before merge.,True,developer_setup,"RPP-SETUP-127: kod mijenja dokumentovani razvojni setup iz 'pnpm@9' u 'pnpm@10' (package_manager_version_change), dok docs-before eksplicitno navodi staru vrijednost; dokumentacija bi zato postala zastarjela.",approved,e023b2042aaa22c7454e9194861ccc81741f1340d9c2dc2b75b657460cbc985e,bcb23c4ef401abfc3b1121b24c24e5239526869ce7f58ad4377ac77fcb62eb8d,developer_setup,rbi_related_parties_portal,package_manager_version_change,cases/patches/rbi_related_parties_portal/developer_setup/RPP-SETUP-127.patch
CRPP2-RPP-DEVELOPER_SETUP-128,controlled-v2/rbi-related-parties-portal-copy,9400883,typescript,"[""src/Web/src/docguard-contract-lab-v2/developer_setup/contracts_03.json""]","--- a/src/Web/src/docguard-contract-lab-v2/developer_setup/contracts_03.json
+++ b/src/Web/src/docguard-contract-lab-v2/developer_setup/contracts_03.json
@@ -67,7 +67,7 @@
     {
       ""contractId"": ""RPP-SETUP-128"",
       ""developmentCommand"": ""pnpm dev -- --profile 128"",
-      ""migrationCommand"": ""pnpm db:migrate --profile 128"",
+      ""migrationCommand"": ""pnpm db:migrate --profile 128 --no-build"",
       ""packageManager"": ""pnpm@9"",
       ""profile"": ""developer-profile-128"",
       ""runtime"": ""Node.js"",
","<!-- docs/docguard-contract-lab-v2/DEVELOPER_SETUP.md @ controlled-baseline:ca20d71d16d7e70d -->
### RPP-SETUP-128
- Profile: `developer-profile-128`
- Required runtime: `Node.js 20.11`
- Package manager: `pnpm@9`
- Local development command: `pnpm dev -- --profile 128`
- Migration command: `pnpm db:migrate --profile 128`
",True,developer_setup,Controlled design expectation: developer_setup; independent human/owner acceptance still required before merge.,True,developer_setup,"RPP-SETUP-128: kod mijenja dokumentovani razvojni setup iz 'pnpm db:migrate --profile 128' u 'pnpm db:migrate --profile 128 --no-build' (migration_command_change), dok docs-before eksplicitno navodi staru vrijednost; dokumentacija bi zato postala zastarjela.",approved,fe7b3fbb19aad62d1ca193b57260a719fea098534857988d4e26eacedf76acb3,f9216a0387f8cac94fc9fe676e2d3e094c9b82687758bd0e40ef5748ff1baef6,developer_setup,rbi_related_parties_portal,migration_command_change,cases/patches/rbi_related_parties_portal/developer_setup/RPP-SETUP-128.patch
CRPP2-RPP-DEVELOPER_SETUP-129,controlled-v2/rbi-related-parties-portal-copy,9400884,typescript,"[""src/Web/src/docguard-contract-lab-v2/developer_setup/contracts_03.json""]","--- a/src/Web/src/docguard-contract-lab-v2/developer_setup/contracts_03.json
+++ b/src/Web/src/docguard-contract-lab-v2/developer_setup/contracts_03.json
@@ -80,7 +80,7 @@
       ""packageManager"": ""pnpm@9"",
       ""profile"": ""developer-profile-129"",
       ""runtime"": ""Node.js"",
-      ""runtimeVersion"": ""20.11""
+      ""runtimeVersion"": ""22.0""
     },
     {
       ""contractId"": ""RPP-SETUP-130"",
","<!-- docs/docguard-contract-lab-v2/DEVELOPER_SETUP.md @ controlled-baseline:ca20d71d16d7e70d -->
### RPP-SETUP-129
- Profile: `developer-profile-129`
- Required runtime: `Node.js 20.11`
- Package manager: `pnpm@9`
- Local development command: `pnpm dev -- --profile 129`
- Migration command: `pnpm db:migrate --profile 129`
",True,developer_setup,Controlled design expectation: developer_setup; independent human/owner acceptance still required before merge.,True,developer_setup,"RPP-SETUP-129: kod mijenja dokumentovani razvojni setup iz '20.11' u '22.0' (runtime_requirement_change), dok docs-before eksplicitno navodi staru vrijednost; dokumentacija bi zato postala zastarjela.",approved,696c065f36e8f8096d27bcf0e7c5922aa41f961381eed3fa900112039c189fe6,9284679c67511753b65deef7b863450a94bac365a5b75414bb481918b9b1538c,developer_setup,rbi_related_parties_portal,runtime_requirement_change,cases/patches/rbi_related_parties_portal/developer_setup/RPP-SETUP-129.patch
CRPP2-RPP-DEVELOPER_SETUP-130,controlled-v2/rbi-related-parties-portal-copy,9400885,typescript,"[""src/Web/src/docguard-contract-lab-v2/developer_setup/contracts_03.json""]","--- a/src/Web/src/docguard-contract-lab-v2/developer_setup/contracts_03.json
+++ b/src/Web/src/docguard-contract-lab-v2/developer_setup/contracts_03.json
@@ -84,7 +84,7 @@
     },
     {
       ""contractId"": ""RPP-SETUP-130"",
-      ""developmentCommand"": ""pnpm dev -- --profile 130"",
+      ""developmentCommand"": ""pnpm dev -- --profile 130 --strict"",
       ""migrationCommand"": ""pnpm db:migrate --profile 130"",
       ""packageManager"": ""pnpm@9"",
       ""profile"": ""developer-profile-130"",
","<!-- docs/docguard-contract-lab-v2/DEVELOPER_SETUP.md @ controlled-baseline:ca20d71d16d7e70d -->
### RPP-SETUP-130
- Profile: `developer-profile-130`
- Required runtime: `Node.js 20.11`
- Package manager: `pnpm@9`
- Local development command: `pnpm dev -- --profile 130`
- Migration command: `pnpm db:migrate --profile 130`
",True,developer_setup,Controlled design expectation: developer_setup; independent human/owner acceptance still required before merge.,True,developer_setup,"RPP-SETUP-130: kod mijenja dokumentovani razvojni setup iz 'pnpm dev -- --profile 130' u 'pnpm dev -- --profile 130 --strict' (local_command_change), dok docs-before eksplicitno navodi staru vrijednost; dokumentacija bi zato postala zastarjela.",approved,2b7372db19a988b002615765b904a889d61443dae9fb48deeb7527b869c23db5,77a766583197972d558919178890607c7bae2fe12b8984807b25382e92d69ce7,developer_setup,rbi_related_parties_portal,local_command_change,cases/patches/rbi_related_parties_portal/developer_setup/RPP-SETUP-130.patch
CRPP2-RPP-DEVELOPER_SETUP-131,controlled-v2/rbi-related-parties-portal-copy,9400886,typescript,"[""src/Web/src/docguard-contract-lab-v2/developer_setup/contracts_04.json""]","--- a/src/Web/src/docguard-contract-lab-v2/developer_setup/contracts_04.json
+++ b/src/Web/src/docguard-contract-lab-v2/developer_setup/contracts_04.json
@@ -5,7 +5,7 @@
       ""contractId"": ""RPP-SETUP-131"",
       ""developmentCommand"": ""pnpm dev -- --profile 131"",
       ""migrationCommand"": ""pnpm db:migrate --profile 131"",
-      ""packageManager"": ""pnpm@9"",
+      ""packageManager"": ""pnpm@10"",
       ""profile"": ""developer-profile-131"",
       ""runtime"": ""Node.js"",
       ""runtimeVersion"": ""20.11""
","<!-- docs/docguard-contract-lab-v2/DEVELOPER_SETUP.md @ controlled-baseline:ca20d71d16d7e70d -->
### RPP-SETUP-131
- Profile: `developer-profile-131`
- Required runtime: `Node.js 20.11`
- Package manager: `pnpm@9`
- Local development command: `pnpm dev -- --profile 131`
- Migration command: `pnpm db:migrate --profile 131`
",True,developer_setup,Controlled design expectation: developer_setup; independent human/owner acceptance still required before merge.,True,developer_setup,"RPP-SETUP-131: kod mijenja dokumentovani razvojni setup iz 'pnpm@9' u 'pnpm@10' (package_manager_version_change), dok docs-before eksplicitno navodi staru vrijednost; dokumentacija bi zato postala zastarjela.",approved,a1d7d5f3d155a6f719fd4857c28c75495eebafe308e70719c6698cbba14143db,a7c46a1e248cae0d3a5480d92c5b8d4b77e1e6efa6b122e79865603f6d434a33,developer_setup,rbi_related_parties_portal,package_manager_version_change,cases/patches/rbi_related_parties_portal/developer_setup/RPP-SETUP-131.patch
CRPP2-RPP-DEVELOPER_SETUP-132,controlled-v2/rbi-related-parties-portal-copy,9400887,typescript,"[""src/Web/src/docguard-contract-lab-v2/developer_setup/contracts_04.json""]","--- a/src/Web/src/docguard-contract-lab-v2/developer_setup/contracts_04.json
+++ b/src/Web/src/docguard-contract-lab-v2/developer_setup/contracts_04.json
@@ -13,7 +13,7 @@
     {
       ""contractId"": ""RPP-SETUP-132"",
       ""developmentCommand"": ""pnpm dev -- --profile 132"",
-      ""migrationCommand"": ""pnpm db:migrate --profile 132"",
+      ""migrationCommand"": ""pnpm db:migrate --profile 132 --no-build"",
       ""packageManager"": ""pnpm@9"",
       ""profile"": ""developer-profile-132"",
       ""runtime"": ""Node.js"",
","<!-- docs/docguard-contract-lab-v2/DEVELOPER_SETUP.md @ controlled-baseline:ca20d71d16d7e70d -->
### RPP-SETUP-132
- Profile: `developer-profile-132`
- Required runtime: `Node.js 20.11`
- Package manager: `pnpm@9`
- Local development command: `pnpm dev -- --profile 132`
- Migration command: `pnpm db:migrate --profile 132`
",True,developer_setup,Controlled design expectation: developer_setup; independent human/owner acceptance still required before merge.,True,developer_setup,"RPP-SETUP-132: kod mijenja dokumentovani razvojni setup iz 'pnpm db:migrate --profile 132' u 'pnpm db:migrate --profile 132 --no-build' (migration_command_change), dok docs-before eksplicitno navodi staru vrijednost; dokumentacija bi zato postala zastarjela.",approved,75640d1559cbf681b3950f594b3bd7ed187f8c9b1a3969fb2c4010d78541e1b5,f5ef48354d13ac0d401945e309aaef96fdfddd3a3a84bed17f96779c4d25ff8a,developer_setup,rbi_related_parties_portal,migration_command_change,cases/patches/rbi_related_parties_portal/developer_setup/RPP-SETUP-132.patch
CRPP2-RPP-DEVELOPER_SETUP-133,controlled-v2/rbi-related-parties-portal-copy,9400888,typescript,"[""src/Web/src/docguard-contract-lab-v2/developer_setup/contracts_04.json""]","--- a/src/Web/src/docguard-contract-lab-v2/developer_setup/contracts_04.json
+++ b/src/Web/src/docguard-contract-lab-v2/developer_setup/contracts_04.json
@@ -26,7 +26,7 @@
       ""packageManager"": ""pnpm@9"",
       ""profile"": ""developer-profile-133"",
       ""runtime"": ""Node.js"",
-      ""runtimeVersion"": ""20.11""
+      ""runtimeVersion"": ""22.0""
     },
     {
       ""contractId"": ""RPP-SETUP-134"",
","<!-- docs/docguard-contract-lab-v2/DEVELOPER_SETUP.md @ controlled-baseline:ca20d71d16d7e70d -->
### RPP-SETUP-133
- Profile: `developer-profile-133`
- Required runtime: `Node.js 20.11`
- Package manager: `pnpm@9`
- Local development command: `pnpm dev -- --profile 133`
- Migration command: `pnpm db:migrate --profile 133`
",True,developer_setup,Controlled design expectation: developer_setup; independent human/owner acceptance still required before merge.,True,developer_setup,"RPP-SETUP-133: kod mijenja dokumentovani razvojni setup iz '20.11' u '22.0' (runtime_requirement_change), dok docs-before eksplicitno navodi staru vrijednost; dokumentacija bi zato postala zastarjela.",approved,21cff7e92a9e21c3ec7dbb17c276edd858746519737a4f5680adbbd27c6d936d,89c34724c1cededee1538e8f786a3b74e04f801be77ea3727118fcb99be5152b,developer_setup,rbi_related_parties_portal,runtime_requirement_change,cases/patches/rbi_related_parties_portal/developer_setup/RPP-SETUP-133.patch
CRPP2-RPP-DEVELOPER_SETUP-134,controlled-v2/rbi-related-parties-portal-copy,9400889,typescript,"[""src/Web/src/docguard-contract-lab-v2/developer_setup/contracts_04.json""]","--- a/src/Web/src/docguard-contract-lab-v2/developer_setup/contracts_04.json
+++ b/src/Web/src/docguard-contract-lab-v2/developer_setup/contracts_04.json
@@ -30,7 +30,7 @@
     },
     {
       ""contractId"": ""RPP-SETUP-134"",
-      ""developmentCommand"": ""pnpm dev -- --profile 134"",
+      ""developmentCommand"": ""pnpm dev -- --profile 134 --strict"",
       ""migrationCommand"": ""pnpm db:migrate --profile 134"",
       ""packageManager"": ""pnpm@9"",
       ""profile"": ""developer-profile-134"",
","<!-- docs/docguard-contract-lab-v2/DEVELOPER_SETUP.md @ controlled-baseline:ca20d71d16d7e70d -->
### RPP-SETUP-134
- Profile: `developer-profile-134`
- Required runtime: `Node.js 20.11`
- Package manager: `pnpm@9`
- Local development command: `pnpm dev -- --profile 134`
- Migration command: `pnpm db:migrate --profile 134`
",True,developer_setup,Controlled design expectation: developer_setup; independent human/owner acceptance still required before merge.,True,developer_setup,"RPP-SETUP-134: kod mijenja dokumentovani razvojni setup iz 'pnpm dev -- --profile 134' u 'pnpm dev -- --profile 134 --strict' (local_command_change), dok docs-before eksplicitno navodi staru vrijednost; dokumentacija bi zato postala zastarjela.",approved,4ffd9d35c3487263be6647f39ebfd0f325855dc05d71f335e3ec81200d0def96,e5270fd882894609e6acb168ef7385e22cc9e6db944bb6821b34d5b63850d7da,developer_setup,rbi_related_parties_portal,local_command_change,cases/patches/rbi_related_parties_portal/developer_setup/RPP-SETUP-134.patch
CRPP2-RPP-DEVELOPER_SETUP-135,controlled-v2/rbi-related-parties-portal-copy,9400890,typescript,"[""src/Web/src/docguard-contract-lab-v2/developer_setup/contracts_04.json""]","--- a/src/Web/src/docguard-contract-lab-v2/developer_setup/contracts_04.json
+++ b/src/Web/src/docguard-contract-lab-v2/developer_setup/contracts_04.json
@@ -41,7 +41,7 @@
       ""contractId"": ""RPP-SETUP-135"",
       ""developmentCommand"": ""pnpm dev -- --profile 135"",
       ""migrationCommand"": ""pnpm db:migrate --profile 135"",
-      ""packageManager"": ""pnpm@9"",
+      ""packageManager"": ""pnpm@10"",
       ""profile"": ""developer-profile-135"",
       ""runtime"": ""Node.js"",
       ""runtimeVersion"": ""20.11""
","<!-- docs/docguard-contract-lab-v2/DEVELOPER_SETUP.md @ controlled-baseline:ca20d71d16d7e70d -->
### RPP-SETUP-135
- Profile: `developer-profile-135`
- Required runtime: `Node.js 20.11`
- Package manager: `pnpm@9`
- Local development command: `pnpm dev -- --profile 135`
- Migration command: `pnpm db:migrate --profile 135`
",True,developer_setup,Controlled design expectation: developer_setup; independent human/owner acceptance still required before merge.,True,developer_setup,"RPP-SETUP-135: kod mijenja dokumentovani razvojni setup iz 'pnpm@9' u 'pnpm@10' (package_manager_version_change), dok docs-before eksplicitno navodi staru vrijednost; dokumentacija bi zato postala zastarjela.",approved,67bc88ed0977e9688a7e6f8d399031689cb2fa2c5aef71b8dfa14b518957eae2,2970795e3df8d6a38877bd079a10aed6d057cfd19ae2a6599142bde17f692a3a,developer_setup,rbi_related_parties_portal,package_manager_version_change,cases/patches/rbi_related_parties_portal/developer_setup/RPP-SETUP-135.patch
CRPP2-RPP-DEVELOPER_SETUP-136,controlled-v2/rbi-related-parties-portal-copy,9400891,typescript,"[""src/Web/src/docguard-contract-lab-v2/developer_setup/contracts_04.json""]","--- a/src/Web/src/docguard-contract-lab-v2/developer_setup/contracts_04.json
+++ b/src/Web/src/docguard-contract-lab-v2/developer_setup/contracts_04.json
@@ -49,7 +49,7 @@
     {
       ""contractId"": ""RPP-SETUP-136"",
       ""developmentCommand"": ""pnpm dev -- --profile 136"",
-      ""migrationCommand"": ""pnpm db:migrate --profile 136"",
+      ""migrationCommand"": ""pnpm db:migrate --profile 136 --no-build"",
       ""packageManager"": ""pnpm@9"",
       ""profile"": ""developer-profile-136"",
       ""runtime"": ""Node.js"",
","<!-- docs/docguard-contract-lab-v2/DEVELOPER_SETUP.md @ controlled-baseline:ca20d71d16d7e70d -->
### RPP-SETUP-136
- Profile: `developer-profile-136`
- Required runtime: `Node.js 20.11`
- Package manager: `pnpm@9`
- Local development command: `pnpm dev -- --profile 136`
- Migration command: `pnpm db:migrate --profile 136`
",True,developer_setup,Controlled design expectation: developer_setup; independent human/owner acceptance still required before merge.,True,developer_setup,"RPP-SETUP-136: kod mijenja dokumentovani razvojni setup iz 'pnpm db:migrate --profile 136' u 'pnpm db:migrate --profile 136 --no-build' (migration_command_change), dok docs-before eksplicitno navodi staru vrijednost; dokumentacija bi zato postala zastarjela.",approved,2f7a534dbaaeeca61c7f078966521e561f1d52503e8919a67306b11d74faeb0e,57f15489e2f28aae32fa521c906d04fb4d378aa220121a36655af8d423c0cbe2,developer_setup,rbi_related_parties_portal,migration_command_change,cases/patches/rbi_related_parties_portal/developer_setup/RPP-SETUP-136.patch
CRPP2-RPP-DEVELOPER_SETUP-137,controlled-v2/rbi-related-parties-portal-copy,9400892,typescript,"[""src/Web/src/docguard-contract-lab-v2/developer_setup/contracts_04.json""]","--- a/src/Web/src/docguard-contract-lab-v2/developer_setup/contracts_04.json
+++ b/src/Web/src/docguard-contract-lab-v2/developer_setup/contracts_04.json
@@ -62,7 +62,7 @@
       ""packageManager"": ""pnpm@9"",
       ""profile"": ""developer-profile-137"",
       ""runtime"": ""Node.js"",
-      ""runtimeVersion"": ""20.11""
+      ""runtimeVersion"": ""22.0""
     },
     {
       ""contractId"": ""RPP-SETUP-138"",
","<!-- docs/docguard-contract-lab-v2/DEVELOPER_SETUP.md @ controlled-baseline:ca20d71d16d7e70d -->
### RPP-SETUP-137
- Profile: `developer-profile-137`
- Required runtime: `Node.js 20.11`
- Package manager: `pnpm@9`
- Local development command: `pnpm dev -- --profile 137`
- Migration command: `pnpm db:migrate --profile 137`
",True,developer_setup,Controlled design expectation: developer_setup; independent human/owner acceptance still required before merge.,True,developer_setup,"RPP-SETUP-137: kod mijenja dokumentovani razvojni setup iz '20.11' u '22.0' (runtime_requirement_change), dok docs-before eksplicitno navodi staru vrijednost; dokumentacija bi zato postala zastarjela.",approved,a1dd5a3f656b90e08722283bf79241aeb35932f3f78e24a3e1343939d5283bb0,aa0d6e3db60398166a62831c01e7d7577ec23bd18dd46d920f1cd4ab67f69ae4,developer_setup,rbi_related_parties_portal,runtime_requirement_change,cases/patches/rbi_related_parties_portal/developer_setup/RPP-SETUP-137.patch
CRPP2-RPP-DEVELOPER_SETUP-138,controlled-v2/rbi-related-parties-portal-copy,9400893,typescript,"[""src/Web/src/docguard-contract-lab-v2/developer_setup/contracts_04.json""]","--- a/src/Web/src/docguard-contract-lab-v2/developer_setup/contracts_04.json
+++ b/src/Web/src/docguard-contract-lab-v2/developer_setup/contracts_04.json
@@ -66,7 +66,7 @@
     },
     {
       ""contractId"": ""RPP-SETUP-138"",
-      ""developmentCommand"": ""pnpm dev -- --profile 138"",
+      ""developmentCommand"": ""pnpm dev -- --profile 138 --strict"",
       ""migrationCommand"": ""pnpm db:migrate --profile 138"",
       ""packageManager"": ""pnpm@9"",
       ""profile"": ""developer-profile-138"",
","<!-- docs/docguard-contract-lab-v2/DEVELOPER_SETUP.md @ controlled-baseline:ca20d71d16d7e70d -->
### RPP-SETUP-138
- Profile: `developer-profile-138`
- Required runtime: `Node.js 20.11`
- Package manager: `pnpm@9`
- Local development command: `pnpm dev -- --profile 138`
- Migration command: `pnpm db:migrate --profile 138`
",True,developer_setup,Controlled design expectation: developer_setup; independent human/owner acceptance still required before merge.,True,developer_setup,"RPP-SETUP-138: kod mijenja dokumentovani razvojni setup iz 'pnpm dev -- --profile 138' u 'pnpm dev -- --profile 138 --strict' (local_command_change), dok docs-before eksplicitno navodi staru vrijednost; dokumentacija bi zato postala zastarjela.",approved,64a6909bcca202a3aec60b448393308694b83f327be2b6e2ada28ff67bfaef00,04d5724d69728858278cc941ba6615d2715923193dccc1829943c10f8704b1ae,developer_setup,rbi_related_parties_portal,local_command_change,cases/patches/rbi_related_parties_portal/developer_setup/RPP-SETUP-138.patch
CRPP2-RPP-DEVELOPER_SETUP-139,controlled-v2/rbi-related-parties-portal-copy,9400894,typescript,"[""src/Web/src/docguard-contract-lab-v2/developer_setup/contracts_04.json""]","--- a/src/Web/src/docguard-contract-lab-v2/developer_setup/contracts_04.json
+++ b/src/Web/src/docguard-contract-lab-v2/developer_setup/contracts_04.json
@@ -77,7 +77,7 @@
       ""contractId"": ""RPP-SETUP-139"",
       ""developmentCommand"": ""pnpm dev -- --profile 139"",
       ""migrationCommand"": ""pnpm db:migrate --profile 139"",
-      ""packageManager"": ""pnpm@9"",
+      ""packageManager"": ""pnpm@10"",
       ""profile"": ""developer-profile-139"",
       ""runtime"": ""Node.js"",
       ""runtimeVersion"": ""20.11""
","<!-- docs/docguard-contract-lab-v2/DEVELOPER_SETUP.md @ controlled-baseline:ca20d71d16d7e70d -->
### RPP-SETUP-139
- Profile: `developer-profile-139`
- Required runtime: `Node.js 20.11`
- Package manager: `pnpm@9`
- Local development command: `pnpm dev -- --profile 139`
- Migration command: `pnpm db:migrate --profile 139`
",True,developer_setup,Controlled design expectation: developer_setup; independent human/owner acceptance still required before merge.,True,developer_setup,"RPP-SETUP-139: kod mijenja dokumentovani razvojni setup iz 'pnpm@9' u 'pnpm@10' (package_manager_version_change), dok docs-before eksplicitno navodi staru vrijednost; dokumentacija bi zato postala zastarjela.",approved,f9f1f1a9add947bd0dfa8e314ca9e86a549e07826af1fd9f27c060bae102766b,df8f9208e7d39b82cd78fda1cf13a8101aa1d47c206075324683c63d5eef9f9e,developer_setup,rbi_related_parties_portal,package_manager_version_change,cases/patches/rbi_related_parties_portal/developer_setup/RPP-SETUP-139.patch
CRPP2-RPP-DEVELOPER_SETUP-140,controlled-v2/rbi-related-parties-portal-copy,9400895,typescript,"[""src/Web/src/docguard-contract-lab-v2/developer_setup/contracts_04.json""]","--- a/src/Web/src/docguard-contract-lab-v2/developer_setup/contracts_04.json
+++ b/src/Web/src/docguard-contract-lab-v2/developer_setup/contracts_04.json
@@ -85,7 +85,7 @@
     {
       ""contractId"": ""RPP-SETUP-140"",
       ""developmentCommand"": ""pnpm dev -- --profile 140"",
-      ""migrationCommand"": ""pnpm db:migrate --profile 140"",
+      ""migrationCommand"": ""pnpm db:migrate --profile 140 --no-build"",
       ""packageManager"": ""pnpm@9"",
       ""profile"": ""developer-profile-140"",
       ""runtime"": ""Node.js"",
","<!-- docs/docguard-contract-lab-v2/DEVELOPER_SETUP.md @ controlled-baseline:ca20d71d16d7e70d -->
### RPP-SETUP-140
- Profile: `developer-profile-140`
- Required runtime: `Node.js 20.11`
- Package manager: `pnpm@9`
- Local development command: `pnpm dev -- --profile 140`
- Migration command: `pnpm db:migrate --profile 140`
",True,developer_setup,Controlled design expectation: developer_setup; independent human/owner acceptance still required before merge.,True,developer_setup,"RPP-SETUP-140: kod mijenja dokumentovani razvojni setup iz 'pnpm db:migrate --profile 140' u 'pnpm db:migrate --profile 140 --no-build' (migration_command_change), dok docs-before eksplicitno navodi staru vrijednost; dokumentacija bi zato postala zastarjela.",approved,61fd6f51fb89f10d4a422c831fdf024fe1a5217d913543d1664af3a449c2dc7e,8253827ace6bfcb9092911b5e8f54b09c01f7fee181ca680724509f580be52dc,developer_setup,rbi_related_parties_portal,migration_command_change,cases/patches/rbi_related_parties_portal/developer_setup/RPP-SETUP-140.patch
CRPP2-RPP-DEVELOPER_SETUP-141,controlled-v2/rbi-related-parties-portal-copy,9400896,typescript,"[""src/Web/src/docguard-contract-lab-v2/developer_setup/contracts_05.json""]","--- a/src/Web/src/docguard-contract-lab-v2/developer_setup/contracts_05.json
+++ b/src/Web/src/docguard-contract-lab-v2/developer_setup/contracts_05.json
@@ -8,7 +8,7 @@
       ""packageManager"": ""pnpm@9"",
       ""profile"": ""developer-profile-141"",
       ""runtime"": ""Node.js"",
-      ""runtimeVersion"": ""20.11""
+      ""runtimeVersion"": ""22.0""
     },
     {
       ""contractId"": ""RPP-SETUP-142"",
","<!-- docs/docguard-contract-lab-v2/DEVELOPER_SETUP.md @ controlled-baseline:ca20d71d16d7e70d -->
### RPP-SETUP-141
- Profile: `developer-profile-141`
- Required runtime: `Node.js 20.11`
- Package manager: `pnpm@9`
- Local development command: `pnpm dev -- --profile 141`
- Migration command: `pnpm db:migrate --profile 141`
",True,developer_setup,Controlled design expectation: developer_setup; independent human/owner acceptance still required before merge.,True,developer_setup,"RPP-SETUP-141: kod mijenja dokumentovani razvojni setup iz '20.11' u '22.0' (runtime_requirement_change), dok docs-before eksplicitno navodi staru vrijednost; dokumentacija bi zato postala zastarjela.",approved,944f3251a41b94274ff6cf8a333c29d4fecfeb97ae1fd1c6195eccfa89313714,4198d4e4c1dcda36fbc118d5883e571837034a262b3e25df07b6d52a28ff3247,developer_setup,rbi_related_parties_portal,runtime_requirement_change,cases/patches/rbi_related_parties_portal/developer_setup/RPP-SETUP-141.patch
CRPP2-RPP-DEVELOPER_SETUP-142,controlled-v2/rbi-related-parties-portal-copy,9400897,typescript,"[""src/Web/src/docguard-contract-lab-v2/developer_setup/contracts_05.json""]","--- a/src/Web/src/docguard-contract-lab-v2/developer_setup/contracts_05.json
+++ b/src/Web/src/docguard-contract-lab-v2/developer_setup/contracts_05.json
@@ -12,7 +12,7 @@
     },
     {
       ""contractId"": ""RPP-SETUP-142"",
-      ""developmentCommand"": ""pnpm dev -- --profile 142"",
+      ""developmentCommand"": ""pnpm dev -- --profile 142 --strict"",
       ""migrationCommand"": ""pnpm db:migrate --profile 142"",
       ""packageManager"": ""pnpm@9"",
       ""profile"": ""developer-profile-142"",
","<!-- docs/docguard-contract-lab-v2/DEVELOPER_SETUP.md @ controlled-baseline:ca20d71d16d7e70d -->
### RPP-SETUP-142
- Profile: `developer-profile-142`
- Required runtime: `Node.js 20.11`
- Package manager: `pnpm@9`
- Local development command: `pnpm dev -- --profile 142`
- Migration command: `pnpm db:migrate --profile 142`
",True,developer_setup,Controlled design expectation: developer_setup; independent human/owner acceptance still required before merge.,True,developer_setup,"RPP-SETUP-142: kod mijenja dokumentovani razvojni setup iz 'pnpm dev -- --profile 142' u 'pnpm dev -- --profile 142 --strict' (local_command_change), dok docs-before eksplicitno navodi staru vrijednost; dokumentacija bi zato postala zastarjela.",approved,b38dd5abbcb5b9798933a83903f3e2506d2e735755c76386a4c7e5595a97a7ea,ae34279b656107d275b26da8c46e933d71214f544e25c23b5a8e507f66f082f4,developer_setup,rbi_related_parties_portal,local_command_change,cases/patches/rbi_related_parties_portal/developer_setup/RPP-SETUP-142.patch
CRPP2-RPP-DEVELOPER_SETUP-143,controlled-v2/rbi-related-parties-portal-copy,9400898,typescript,"[""src/Web/src/docguard-contract-lab-v2/developer_setup/contracts_05.json""]","--- a/src/Web/src/docguard-contract-lab-v2/developer_setup/contracts_05.json
+++ b/src/Web/src/docguard-contract-lab-v2/developer_setup/contracts_05.json
@@ -23,7 +23,7 @@
       ""contractId"": ""RPP-SETUP-143"",
       ""developmentCommand"": ""pnpm dev -- --profile 143"",
       ""migrationCommand"": ""pnpm db:migrate --profile 143"",
-      ""packageManager"": ""pnpm@9"",
+      ""packageManager"": ""pnpm@10"",
       ""profile"": ""developer-profile-143"",
       ""runtime"": ""Node.js"",
       ""runtimeVersion"": ""20.11""
","<!-- docs/docguard-contract-lab-v2/DEVELOPER_SETUP.md @ controlled-baseline:ca20d71d16d7e70d -->
### RPP-SETUP-143
- Profile: `developer-profile-143`
- Required runtime: `Node.js 20.11`
- Package manager: `pnpm@9`
- Local development command: `pnpm dev -- --profile 143`
- Migration command: `pnpm db:migrate --profile 143`
",True,developer_setup,Controlled design expectation: developer_setup; independent human/owner acceptance still required before merge.,True,developer_setup,"RPP-SETUP-143: kod mijenja dokumentovani razvojni setup iz 'pnpm@9' u 'pnpm@10' (package_manager_version_change), dok docs-before eksplicitno navodi staru vrijednost; dokumentacija bi zato postala zastarjela.",approved,e71a0a665cce61c537dd83aaaf2bbbb1564220dab277ef900471b13b5d21cec2,cf60a983a442f72ff580c5cd6042023a094f61c2502f81d1af1825fbfc041744,developer_setup,rbi_related_parties_portal,package_manager_version_change,cases/patches/rbi_related_parties_portal/developer_setup/RPP-SETUP-143.patch
CRPP2-RPP-DEVELOPER_SETUP-144,controlled-v2/rbi-related-parties-portal-copy,9400899,typescript,"[""src/Web/src/docguard-contract-lab-v2/developer_setup/contracts_05.json""]","--- a/src/Web/src/docguard-contract-lab-v2/developer_setup/contracts_05.json
+++ b/src/Web/src/docguard-contract-lab-v2/developer_setup/contracts_05.json
@@ -31,7 +31,7 @@
     {
       ""contractId"": ""RPP-SETUP-144"",
       ""developmentCommand"": ""pnpm dev -- --profile 144"",
-      ""migrationCommand"": ""pnpm db:migrate --profile 144"",
+      ""migrationCommand"": ""pnpm db:migrate --profile 144 --no-build"",
       ""packageManager"": ""pnpm@9"",
       ""profile"": ""developer-profile-144"",
       ""runtime"": ""Node.js"",
","<!-- docs/docguard-contract-lab-v2/DEVELOPER_SETUP.md @ controlled-baseline:ca20d71d16d7e70d -->
### RPP-SETUP-144
- Profile: `developer-profile-144`
- Required runtime: `Node.js 20.11`
- Package manager: `pnpm@9`
- Local development command: `pnpm dev -- --profile 144`
- Migration command: `pnpm db:migrate --profile 144`
",True,developer_setup,Controlled design expectation: developer_setup; independent human/owner acceptance still required before merge.,True,developer_setup,"RPP-SETUP-144: kod mijenja dokumentovani razvojni setup iz 'pnpm db:migrate --profile 144' u 'pnpm db:migrate --profile 144 --no-build' (migration_command_change), dok docs-before eksplicitno navodi staru vrijednost; dokumentacija bi zato postala zastarjela.",approved,4d4694623874e209264f2f952ccf247b5f19feeb71652b63f28d4ea497d0664d,0954ff5c1bc401424e1ff0dfc733c0a4c9f85b5014211d7c851b0710d1f67dc9,developer_setup,rbi_related_parties_portal,migration_command_change,cases/patches/rbi_related_parties_portal/developer_setup/RPP-SETUP-144.patch
CRPP2-RPP-DEVELOPER_SETUP-145,controlled-v2/rbi-related-parties-portal-copy,9400900,typescript,"[""src/Web/src/docguard-contract-lab-v2/developer_setup/contracts_05.json""]","--- a/src/Web/src/docguard-contract-lab-v2/developer_setup/contracts_05.json
+++ b/src/Web/src/docguard-contract-lab-v2/developer_setup/contracts_05.json
@@ -44,7 +44,7 @@
       ""packageManager"": ""pnpm@9"",
       ""profile"": ""developer-profile-145"",
       ""runtime"": ""Node.js"",
-      ""runtimeVersion"": ""20.11""
+      ""runtimeVersion"": ""22.0""
     },
     {
       ""contractId"": ""RPP-SETUP-146"",
","<!-- docs/docguard-contract-lab-v2/DEVELOPER_SETUP.md @ controlled-baseline:ca20d71d16d7e70d -->
### RPP-SETUP-145
- Profile: `developer-profile-145`
- Required runtime: `Node.js 20.11`
- Package manager: `pnpm@9`
- Local development command: `pnpm dev -- --profile 145`
- Migration command: `pnpm db:migrate --profile 145`
",True,developer_setup,Controlled design expectation: developer_setup; independent human/owner acceptance still required before merge.,True,developer_setup,"RPP-SETUP-145: kod mijenja dokumentovani razvojni setup iz '20.11' u '22.0' (runtime_requirement_change), dok docs-before eksplicitno navodi staru vrijednost; dokumentacija bi zato postala zastarjela.",approved,6fed54fd2b6e3bb1d000acebfd47c92f77349bfd9f8a4a59425edbc051b808b5,f734797ae7dc367d6b4a756d370a99f46e069036d1b9647271efba14377f8823,developer_setup,rbi_related_parties_portal,runtime_requirement_change,cases/patches/rbi_related_parties_portal/developer_setup/RPP-SETUP-145.patch
