case_id,repository,pr_number,language,code_changed_files,code_diff_excerpt,docs_before_excerpt,suggested_docs_update_required,suggested_doc_category,suggested_notes,human_docs_update_required,human_doc_category,human_label_notes,review_status,review_row_hash,review_context_hash,synthetic_category_by_design,source_project_key,mutation_template,patch_path
CRPP2-VAL-API_REFERENCE-191,controlled-v2/rbi-property-valuation-copy,9401601,csharp,"[""PropertyValuation/DocGuardContractLab-v2/api_reference/contracts_10.json""]","--- a/PropertyValuation/DocGuardContractLab-v2/api_reference/contracts_10.json
+++ b/PropertyValuation/DocGuardContractLab-v2/api_reference/contracts_10.json
@@ -7,7 +7,8 @@
       ""operationId"": ""rbipropertyvaluationOperation191"",
       ""path"": ""/api/rbi-property-valuation/v1/resources/191"",
       ""requiredQuery"": [
-        ""tenantId""
+        ""tenantId"",
+        ""includeAudit""
       ],
       ""successStatus"": 200
     },
","<!-- docs/docguard-contract-lab-v2/API_REFERENCE.md @ controlled-baseline:af8ae3ad073eb1cd -->
### VAL-API-191
- Operation: `rbipropertyvaluationOperation191`
- Public endpoint: `DELETE /api/rbi-property-valuation/v1/resources/191`
- Required query parameters: `tenantId`
- Success response status: `200`
",True,api_reference,Controlled design expectation: api_reference; independent human/owner acceptance still required before merge.,True,api_reference,"VAL-API-191: kod mijenja javni API ugovor iz 'tenantId' u 'tenantId, includeAudit' (required_parameter_added), dok docs-before eksplicitno navodi staru vrijednost; dokumentacija bi zato postala zastarjela.",approved,c4131cbfacb1fc25d26f213be954a94677ac02e5101ca56dcfdc592466eaf195,e85d15b3ba7e24a79783c07d29fc26d1f2bbcf894c8189eb861512b1ad9e83bc,api_reference,rbi_property_valuation,required_parameter_added,cases/patches/rbi_property_valuation/api_reference/VAL-API-191.patch
CRPP2-VAL-API_REFERENCE-192,controlled-v2/rbi-property-valuation-copy,9401602,csharp,"[""PropertyValuation/DocGuardContractLab-v2/api_reference/contracts_10.json""]","--- a/PropertyValuation/DocGuardContractLab-v2/api_reference/contracts_10.json
+++ b/PropertyValuation/DocGuardContractLab-v2/api_reference/contracts_10.json
@@ -19,7 +19,7 @@
       ""requiredQuery"": [
         ""tenantId""
       ],
-      ""successStatus"": 200
+      ""successStatus"": 202
     },
     {
       ""contractId"": ""VAL-API-193"",
","<!-- docs/docguard-contract-lab-v2/API_REFERENCE.md @ controlled-baseline:af8ae3ad073eb1cd -->
### VAL-API-192
- Operation: `rbipropertyvaluationOperation192`
- Public endpoint: `GET /api/rbi-property-valuation/v1/resources/192`
- Required query parameters: `tenantId`
- Success response status: `200`
",True,api_reference,Controlled design expectation: api_reference; independent human/owner acceptance still required before merge.,True,api_reference,"VAL-API-192: kod mijenja javni API ugovor iz '200' u '202' (success_status_change), dok docs-before eksplicitno navodi staru vrijednost; dokumentacija bi zato postala zastarjela.",approved,f77673a38012b44907cc0407fd7fe24a9bb087a4efecc78990301f5088eac38a,810c538cd8574b7dda1ecd8249512b132b48028d58515658dbc477b8ac7513ad,api_reference,rbi_property_valuation,success_status_change,cases/patches/rbi_property_valuation/api_reference/VAL-API-192.patch
CRPP2-VAL-API_REFERENCE-193,controlled-v2/rbi-property-valuation-copy,9401603,csharp,"[""PropertyValuation/DocGuardContractLab-v2/api_reference/contracts_10.json""]","--- a/PropertyValuation/DocGuardContractLab-v2/api_reference/contracts_10.json
+++ b/PropertyValuation/DocGuardContractLab-v2/api_reference/contracts_10.json
@@ -23,7 +23,7 @@
     },
     {
       ""contractId"": ""VAL-API-193"",
-      ""method"": ""POST"",
+      ""method"": ""PUT"",
       ""operationId"": ""rbipropertyvaluationOperation193"",
       ""path"": ""/api/rbi-property-valuation/v1/resources/193"",
       ""requiredQuery"": [
","<!-- docs/docguard-contract-lab-v2/API_REFERENCE.md @ controlled-baseline:af8ae3ad073eb1cd -->
### VAL-API-193
- Operation: `rbipropertyvaluationOperation193`
- Public endpoint: `POST /api/rbi-property-valuation/v1/resources/193`
- Required query parameters: `tenantId`
- Success response status: `200`
",True,api_reference,Controlled design expectation: api_reference; independent human/owner acceptance still required before merge.,True,api_reference,"VAL-API-193: kod mijenja javni API ugovor iz 'POST' u 'PUT' (http_method_change), dok docs-before eksplicitno navodi staru vrijednost; dokumentacija bi zato postala zastarjela.",approved,a0330934621e94a3ff611b55efbe2275f134439c11f305f38be117fa9c01735e,52d2e8bffdd907c9c80a2075aed3296e4f61a181adc32efd5ad1b5572770916e,api_reference,rbi_property_valuation,http_method_change,cases/patches/rbi_property_valuation/api_reference/VAL-API-193.patch
CRPP2-VAL-API_REFERENCE-194,controlled-v2/rbi-property-valuation-copy,9401604,csharp,"[""PropertyValuation/DocGuardContractLab-v2/api_reference/contracts_10.json""]","--- a/PropertyValuation/DocGuardContractLab-v2/api_reference/contracts_10.json
+++ b/PropertyValuation/DocGuardContractLab-v2/api_reference/contracts_10.json
@@ -35,7 +35,7 @@
       ""contractId"": ""VAL-API-194"",
       ""method"": ""PUT"",
       ""operationId"": ""rbipropertyvaluationOperation194"",
-      ""path"": ""/api/rbi-property-valuation/v1/resources/194"",
+      ""path"": ""/api/rbi-property-valuation/v2/resources/194"",
       ""requiredQuery"": [
         ""tenantId""
       ],
","<!-- docs/docguard-contract-lab-v2/API_REFERENCE.md @ controlled-baseline:af8ae3ad073eb1cd -->
### VAL-API-194
- Operation: `rbipropertyvaluationOperation194`
- Public endpoint: `PUT /api/rbi-property-valuation/v1/resources/194`
- Required query parameters: `tenantId`
- Success response status: `200`
",True,api_reference,Controlled design expectation: api_reference; independent human/owner acceptance still required before merge.,True,api_reference,"VAL-API-194: kod mijenja javni API ugovor iz '/api/rbi-property-valuation/v1/resources/194' u '/api/rbi-property-valuation/v2/resources/194' (endpoint_version_change), dok docs-before eksplicitno navodi staru vrijednost; dokumentacija bi zato postala zastarjela.",approved,f98ce97307e5eab6c828995aee1b2d6003c566364c6edcc3716f2a778ce7be47,7b05b27b34461a5423ccb43203043b24892efaf4cd775290b9c715de44259ff5,api_reference,rbi_property_valuation,endpoint_version_change,cases/patches/rbi_property_valuation/api_reference/VAL-API-194.patch
CRPP2-VAL-API_REFERENCE-195,controlled-v2/rbi-property-valuation-copy,9401605,csharp,"[""PropertyValuation/DocGuardContractLab-v2/api_reference/contracts_10.json""]","--- a/PropertyValuation/DocGuardContractLab-v2/api_reference/contracts_10.json
+++ b/PropertyValuation/DocGuardContractLab-v2/api_reference/contracts_10.json
@@ -47,7 +47,8 @@
       ""operationId"": ""rbipropertyvaluationOperation195"",
       ""path"": ""/api/rbi-property-valuation/v1/resources/195"",
       ""requiredQuery"": [
-        ""tenantId""
+        ""tenantId"",
+        ""includeAudit""
       ],
       ""successStatus"": 200
     },
","<!-- docs/docguard-contract-lab-v2/API_REFERENCE.md @ controlled-baseline:af8ae3ad073eb1cd -->
### VAL-API-195
- Operation: `rbipropertyvaluationOperation195`
- Public endpoint: `DELETE /api/rbi-property-valuation/v1/resources/195`
- Required query parameters: `tenantId`
- Success response status: `200`
",True,api_reference,Controlled design expectation: api_reference; independent human/owner acceptance still required before merge.,True,api_reference,"VAL-API-195: kod mijenja javni API ugovor iz 'tenantId' u 'tenantId, includeAudit' (required_parameter_added), dok docs-before eksplicitno navodi staru vrijednost; dokumentacija bi zato postala zastarjela.",approved,08f6bfcff01c673dc918699278a678455276b6a17d5ce0ad95f11560599a18a2,12d23a940efe953a2c772bd7fa5350c89c99ece833dc8fdb963e314e52f79fa5,api_reference,rbi_property_valuation,required_parameter_added,cases/patches/rbi_property_valuation/api_reference/VAL-API-195.patch
CRPP2-VAL-API_REFERENCE-196,controlled-v2/rbi-property-valuation-copy,9401606,csharp,"[""PropertyValuation/DocGuardContractLab-v2/api_reference/contracts_10.json""]","--- a/PropertyValuation/DocGuardContractLab-v2/api_reference/contracts_10.json
+++ b/PropertyValuation/DocGuardContractLab-v2/api_reference/contracts_10.json
@@ -59,7 +59,7 @@
       ""requiredQuery"": [
         ""tenantId""
       ],
-      ""successStatus"": 200
+      ""successStatus"": 202
     },
     {
       ""contractId"": ""VAL-API-197"",
","<!-- docs/docguard-contract-lab-v2/API_REFERENCE.md @ controlled-baseline:af8ae3ad073eb1cd -->
### VAL-API-196
- Operation: `rbipropertyvaluationOperation196`
- Public endpoint: `GET /api/rbi-property-valuation/v1/resources/196`
- Required query parameters: `tenantId`
- Success response status: `200`
",True,api_reference,Controlled design expectation: api_reference; independent human/owner acceptance still required before merge.,True,api_reference,"VAL-API-196: kod mijenja javni API ugovor iz '200' u '202' (success_status_change), dok docs-before eksplicitno navodi staru vrijednost; dokumentacija bi zato postala zastarjela.",approved,bbe60d70519f412ae9d7da8ff9f5ec073e2d18a915c440676f11dc06d7eac106,041ee4601aeac49928d012fadc4f86a17b193b10a76df7ba954327053fd88f5b,api_reference,rbi_property_valuation,success_status_change,cases/patches/rbi_property_valuation/api_reference/VAL-API-196.patch
CRPP2-VAL-API_REFERENCE-197,controlled-v2/rbi-property-valuation-copy,9401607,csharp,"[""PropertyValuation/DocGuardContractLab-v2/api_reference/contracts_10.json""]","--- a/PropertyValuation/DocGuardContractLab-v2/api_reference/contracts_10.json
+++ b/PropertyValuation/DocGuardContractLab-v2/api_reference/contracts_10.json
@@ -63,7 +63,7 @@
     },
     {
       ""contractId"": ""VAL-API-197"",
-      ""method"": ""POST"",
+      ""method"": ""PUT"",
       ""operationId"": ""rbipropertyvaluationOperation197"",
       ""path"": ""/api/rbi-property-valuation/v1/resources/197"",
       ""requiredQuery"": [
","<!-- docs/docguard-contract-lab-v2/API_REFERENCE.md @ controlled-baseline:af8ae3ad073eb1cd -->
### VAL-API-197
- Operation: `rbipropertyvaluationOperation197`
- Public endpoint: `POST /api/rbi-property-valuation/v1/resources/197`
- Required query parameters: `tenantId`
- Success response status: `200`
",True,api_reference,Controlled design expectation: api_reference; independent human/owner acceptance still required before merge.,True,api_reference,"VAL-API-197: kod mijenja javni API ugovor iz 'POST' u 'PUT' (http_method_change), dok docs-before eksplicitno navodi staru vrijednost; dokumentacija bi zato postala zastarjela.",approved,96e0a3f1f3aa9c08f2992055a5f7dd97592afe64aeaac61a0003f541e34cf425,c14e6e2a75b26d60aa2fbbf8fb631bab2a9dcc4eea9e405f9c7e69211d756ccf,api_reference,rbi_property_valuation,http_method_change,cases/patches/rbi_property_valuation/api_reference/VAL-API-197.patch
CRPP2-VAL-API_REFERENCE-198,controlled-v2/rbi-property-valuation-copy,9401608,csharp,"[""PropertyValuation/DocGuardContractLab-v2/api_reference/contracts_10.json""]","--- a/PropertyValuation/DocGuardContractLab-v2/api_reference/contracts_10.json
+++ b/PropertyValuation/DocGuardContractLab-v2/api_reference/contracts_10.json
@@ -75,7 +75,7 @@
       ""contractId"": ""VAL-API-198"",
       ""method"": ""PUT"",
       ""operationId"": ""rbipropertyvaluationOperation198"",
-      ""path"": ""/api/rbi-property-valuation/v1/resources/198"",
+      ""path"": ""/api/rbi-property-valuation/v2/resources/198"",
       ""requiredQuery"": [
         ""tenantId""
       ],
","<!-- docs/docguard-contract-lab-v2/API_REFERENCE.md @ controlled-baseline:af8ae3ad073eb1cd -->
### VAL-API-198
- Operation: `rbipropertyvaluationOperation198`
- Public endpoint: `PUT /api/rbi-property-valuation/v1/resources/198`
- Required query parameters: `tenantId`
- Success response status: `200`
",True,api_reference,Controlled design expectation: api_reference; independent human/owner acceptance still required before merge.,True,api_reference,"VAL-API-198: kod mijenja javni API ugovor iz '/api/rbi-property-valuation/v1/resources/198' u '/api/rbi-property-valuation/v2/resources/198' (endpoint_version_change), dok docs-before eksplicitno navodi staru vrijednost; dokumentacija bi zato postala zastarjela.",approved,ec7d82e3c4ea76e505917ef158a4d232b3791015a8eeb2731f6ef2f45f396cd8,2ec884cf73ee065349ef0cc92d84a6932801c72eb7568f27b1ee1a8a096f4c7b,api_reference,rbi_property_valuation,endpoint_version_change,cases/patches/rbi_property_valuation/api_reference/VAL-API-198.patch
CRPP2-VAL-API_REFERENCE-199,controlled-v2/rbi-property-valuation-copy,9401609,csharp,"[""PropertyValuation/DocGuardContractLab-v2/api_reference/contracts_10.json""]","--- a/PropertyValuation/DocGuardContractLab-v2/api_reference/contracts_10.json
+++ b/PropertyValuation/DocGuardContractLab-v2/api_reference/contracts_10.json
@@ -87,7 +87,8 @@
       ""operationId"": ""rbipropertyvaluationOperation199"",
       ""path"": ""/api/rbi-property-valuation/v1/resources/199"",
       ""requiredQuery"": [
-        ""tenantId""
+        ""tenantId"",
+        ""includeAudit""
       ],
       ""successStatus"": 200
     },
","<!-- docs/docguard-contract-lab-v2/API_REFERENCE.md @ controlled-baseline:af8ae3ad073eb1cd -->
### VAL-API-199
- Operation: `rbipropertyvaluationOperation199`
- Public endpoint: `DELETE /api/rbi-property-valuation/v1/resources/199`
- Required query parameters: `tenantId`
- Success response status: `200`
",True,api_reference,Controlled design expectation: api_reference; independent human/owner acceptance still required before merge.,True,api_reference,"VAL-API-199: kod mijenja javni API ugovor iz 'tenantId' u 'tenantId, includeAudit' (required_parameter_added), dok docs-before eksplicitno navodi staru vrijednost; dokumentacija bi zato postala zastarjela.",approved,dddd2d5284eaaed239bf363994e67f41bfacd1c9cc5f0bf4d7c248173227edd9,821cef24c2a5a09e81d3672697aef6c7187f1b93e794eb7def4bec9cee08729d,api_reference,rbi_property_valuation,required_parameter_added,cases/patches/rbi_property_valuation/api_reference/VAL-API-199.patch
CRPP2-VAL-API_REFERENCE-200,controlled-v2/rbi-property-valuation-copy,9401610,csharp,"[""PropertyValuation/DocGuardContractLab-v2/api_reference/contracts_10.json""]","--- a/PropertyValuation/DocGuardContractLab-v2/api_reference/contracts_10.json
+++ b/PropertyValuation/DocGuardContractLab-v2/api_reference/contracts_10.json
@@ -99,7 +99,7 @@
       ""requiredQuery"": [
         ""tenantId""
       ],
-      ""successStatus"": 200
+      ""successStatus"": 202
     }
   ],
   ""project"": ""rbi_property_valuation"",
","<!-- docs/docguard-contract-lab-v2/API_REFERENCE.md @ controlled-baseline:af8ae3ad073eb1cd -->
### VAL-API-200
- Operation: `rbipropertyvaluationOperation200`
- Public endpoint: `GET /api/rbi-property-valuation/v1/resources/200`
- Required query parameters: `tenantId`
- Success response status: `200`
",True,api_reference,Controlled design expectation: api_reference; independent human/owner acceptance still required before merge.,True,api_reference,"VAL-API-200: kod mijenja javni API ugovor iz '200' u '202' (success_status_change), dok docs-before eksplicitno navodi staru vrijednost; dokumentacija bi zato postala zastarjela.",approved,ed9ef0dfe9d0ec4dd434ca03ad4ba07d3b37173399a1258693c66ec223f159c0,1b5059b3ff01ae7bfbcab90520f36057f64c7e84ed5b71e3d062835ab3c7506e,api_reference,rbi_property_valuation,success_status_change,cases/patches/rbi_property_valuation/api_reference/VAL-API-200.patch
CRPP2-VAL-API_REFERENCE-201,controlled-v2/rbi-property-valuation-copy,9401611,csharp,"[""PropertyValuation/DocGuardContractLab-v2/api_reference/contracts_11.json""]","--- a/PropertyValuation/DocGuardContractLab-v2/api_reference/contracts_11.json
+++ b/PropertyValuation/DocGuardContractLab-v2/api_reference/contracts_11.json
@@ -3,7 +3,7 @@
   ""contracts"": [
     {
       ""contractId"": ""VAL-API-201"",
-      ""method"": ""POST"",
+      ""method"": ""PUT"",
       ""operationId"": ""rbipropertyvaluationOperation201"",
       ""path"": ""/api/rbi-property-valuation/v1/resources/201"",
       ""requiredQuery"": [
","<!-- docs/docguard-contract-lab-v2/API_REFERENCE.md @ controlled-baseline:af8ae3ad073eb1cd -->
### VAL-API-201
- Operation: `rbipropertyvaluationOperation201`
- Public endpoint: `POST /api/rbi-property-valuation/v1/resources/201`
- Required query parameters: `tenantId`
- Success response status: `200`
",True,api_reference,Controlled design expectation: api_reference; independent human/owner acceptance still required before merge.,True,api_reference,"VAL-API-201: kod mijenja javni API ugovor iz 'POST' u 'PUT' (http_method_change), dok docs-before eksplicitno navodi staru vrijednost; dokumentacija bi zato postala zastarjela.",approved,57e667ad9dd8cdd08a3752aa5f77a118caa5fc83b3ac6e36f6633d66d491d705,eabc3c83b099f28520966ecd98cf556e3d4d09548d7991fab19e6d8d3b1d0426,api_reference,rbi_property_valuation,http_method_change,cases/patches/rbi_property_valuation/api_reference/VAL-API-201.patch
CRPP2-VAL-API_REFERENCE-202,controlled-v2/rbi-property-valuation-copy,9401612,csharp,"[""PropertyValuation/DocGuardContractLab-v2/api_reference/contracts_11.json""]","--- a/PropertyValuation/DocGuardContractLab-v2/api_reference/contracts_11.json
+++ b/PropertyValuation/DocGuardContractLab-v2/api_reference/contracts_11.json
@@ -15,7 +15,7 @@
       ""contractId"": ""VAL-API-202"",
       ""method"": ""PUT"",
       ""operationId"": ""rbipropertyvaluationOperation202"",
-      ""path"": ""/api/rbi-property-valuation/v1/resources/202"",
+      ""path"": ""/api/rbi-property-valuation/v2/resources/202"",
       ""requiredQuery"": [
         ""tenantId""
       ],
","<!-- docs/docguard-contract-lab-v2/API_REFERENCE.md @ controlled-baseline:af8ae3ad073eb1cd -->
### VAL-API-202
- Operation: `rbipropertyvaluationOperation202`
- Public endpoint: `PUT /api/rbi-property-valuation/v1/resources/202`
- Required query parameters: `tenantId`
- Success response status: `200`
",True,api_reference,Controlled design expectation: api_reference; independent human/owner acceptance still required before merge.,True,api_reference,"VAL-API-202: kod mijenja javni API ugovor iz '/api/rbi-property-valuation/v1/resources/202' u '/api/rbi-property-valuation/v2/resources/202' (endpoint_version_change), dok docs-before eksplicitno navodi staru vrijednost; dokumentacija bi zato postala zastarjela.",approved,e01d1ce342a20e63b3d7c0dc6ce4e809010236d88a3ff94d70a3d26e4c06026f,154707a85b123253039cd51f2567133c938a6b1c329c29a35e836bee4a1cdca3,api_reference,rbi_property_valuation,endpoint_version_change,cases/patches/rbi_property_valuation/api_reference/VAL-API-202.patch
CRPP2-VAL-API_REFERENCE-203,controlled-v2/rbi-property-valuation-copy,9401613,csharp,"[""PropertyValuation/DocGuardContractLab-v2/api_reference/contracts_11.json""]","--- a/PropertyValuation/DocGuardContractLab-v2/api_reference/contracts_11.json
+++ b/PropertyValuation/DocGuardContractLab-v2/api_reference/contracts_11.json
@@ -27,7 +27,8 @@
       ""operationId"": ""rbipropertyvaluationOperation203"",
       ""path"": ""/api/rbi-property-valuation/v1/resources/203"",
       ""requiredQuery"": [
-        ""tenantId""
+        ""tenantId"",
+        ""includeAudit""
       ],
       ""successStatus"": 200
     },
","<!-- docs/docguard-contract-lab-v2/API_REFERENCE.md @ controlled-baseline:af8ae3ad073eb1cd -->
### VAL-API-203
- Operation: `rbipropertyvaluationOperation203`
- Public endpoint: `DELETE /api/rbi-property-valuation/v1/resources/203`
- Required query parameters: `tenantId`
- Success response status: `200`
",True,api_reference,Controlled design expectation: api_reference; independent human/owner acceptance still required before merge.,True,api_reference,"VAL-API-203: kod mijenja javni API ugovor iz 'tenantId' u 'tenantId, includeAudit' (required_parameter_added), dok docs-before eksplicitno navodi staru vrijednost; dokumentacija bi zato postala zastarjela.",approved,22a8e7276c224708400741f1862474e70b08754162fe9ef4d5298ef0e977ae46,f7cf4a3b06d053e31711e461b97121563ec3e99d01d6f020d4b2a23478330b90,api_reference,rbi_property_valuation,required_parameter_added,cases/patches/rbi_property_valuation/api_reference/VAL-API-203.patch
CRPP2-VAL-API_REFERENCE-204,controlled-v2/rbi-property-valuation-copy,9401614,csharp,"[""PropertyValuation/DocGuardContractLab-v2/api_reference/contracts_11.json""]","--- a/PropertyValuation/DocGuardContractLab-v2/api_reference/contracts_11.json
+++ b/PropertyValuation/DocGuardContractLab-v2/api_reference/contracts_11.json
@@ -39,7 +39,7 @@
       ""requiredQuery"": [
         ""tenantId""
       ],
-      ""successStatus"": 200
+      ""successStatus"": 202
     },
     {
       ""contractId"": ""VAL-API-205"",
","<!-- docs/docguard-contract-lab-v2/API_REFERENCE.md @ controlled-baseline:af8ae3ad073eb1cd -->
### VAL-API-204
- Operation: `rbipropertyvaluationOperation204`
- Public endpoint: `GET /api/rbi-property-valuation/v1/resources/204`
- Required query parameters: `tenantId`
- Success response status: `200`
",True,api_reference,Controlled design expectation: api_reference; independent human/owner acceptance still required before merge.,True,api_reference,"VAL-API-204: kod mijenja javni API ugovor iz '200' u '202' (success_status_change), dok docs-before eksplicitno navodi staru vrijednost; dokumentacija bi zato postala zastarjela.",approved,fb25e316d9dc7a64f002c848f2b1b9caa32fe43f8f46ac3cfe3461d4d0aed199,7e56441224345f251edeac90baedddf601182caf3a98714383e19262bd878f7e,api_reference,rbi_property_valuation,success_status_change,cases/patches/rbi_property_valuation/api_reference/VAL-API-204.patch
CRPP2-VAL-API_REFERENCE-205,controlled-v2/rbi-property-valuation-copy,9401615,csharp,"[""PropertyValuation/DocGuardContractLab-v2/api_reference/contracts_11.json""]","--- a/PropertyValuation/DocGuardContractLab-v2/api_reference/contracts_11.json
+++ b/PropertyValuation/DocGuardContractLab-v2/api_reference/contracts_11.json
@@ -43,7 +43,7 @@
     },
     {
       ""contractId"": ""VAL-API-205"",
-      ""method"": ""POST"",
+      ""method"": ""PUT"",
       ""operationId"": ""rbipropertyvaluationOperation205"",
       ""path"": ""/api/rbi-property-valuation/v1/resources/205"",
       ""requiredQuery"": [
","<!-- docs/docguard-contract-lab-v2/API_REFERENCE.md @ controlled-baseline:af8ae3ad073eb1cd -->
### VAL-API-205
- Operation: `rbipropertyvaluationOperation205`
- Public endpoint: `POST /api/rbi-property-valuation/v1/resources/205`
- Required query parameters: `tenantId`
- Success response status: `200`
",True,api_reference,Controlled design expectation: api_reference; independent human/owner acceptance still required before merge.,True,api_reference,"VAL-API-205: kod mijenja javni API ugovor iz 'POST' u 'PUT' (http_method_change), dok docs-before eksplicitno navodi staru vrijednost; dokumentacija bi zato postala zastarjela.",approved,8b8fc68f4760aba479fc243615466fb80ee3938fa1f365f8b08d1cbaa526a1e4,a5224661467452d4ee0b093f7ae5fc189dd1bb4c43e55ea65f375729d58dc19b,api_reference,rbi_property_valuation,http_method_change,cases/patches/rbi_property_valuation/api_reference/VAL-API-205.patch
CRPP2-VAL-API_REFERENCE-206,controlled-v2/rbi-property-valuation-copy,9401616,csharp,"[""PropertyValuation/DocGuardContractLab-v2/api_reference/contracts_11.json""]","--- a/PropertyValuation/DocGuardContractLab-v2/api_reference/contracts_11.json
+++ b/PropertyValuation/DocGuardContractLab-v2/api_reference/contracts_11.json
@@ -55,7 +55,7 @@
       ""contractId"": ""VAL-API-206"",
       ""method"": ""PUT"",
       ""operationId"": ""rbipropertyvaluationOperation206"",
-      ""path"": ""/api/rbi-property-valuation/v1/resources/206"",
+      ""path"": ""/api/rbi-property-valuation/v2/resources/206"",
       ""requiredQuery"": [
         ""tenantId""
       ],
","<!-- docs/docguard-contract-lab-v2/API_REFERENCE.md @ controlled-baseline:af8ae3ad073eb1cd -->
### VAL-API-206
- Operation: `rbipropertyvaluationOperation206`
- Public endpoint: `PUT /api/rbi-property-valuation/v1/resources/206`
- Required query parameters: `tenantId`
- Success response status: `200`
",True,api_reference,Controlled design expectation: api_reference; independent human/owner acceptance still required before merge.,True,api_reference,"VAL-API-206: kod mijenja javni API ugovor iz '/api/rbi-property-valuation/v1/resources/206' u '/api/rbi-property-valuation/v2/resources/206' (endpoint_version_change), dok docs-before eksplicitno navodi staru vrijednost; dokumentacija bi zato postala zastarjela.",approved,c7db6f15526a72639b5711516785d00a059eabce9eeb0ffd8560f2901c18f6a2,5e4b1ec545de740861d3e0ac27730ce4b53e6aaafcf847d85548381020b5cc70,api_reference,rbi_property_valuation,endpoint_version_change,cases/patches/rbi_property_valuation/api_reference/VAL-API-206.patch
CRPP2-VAL-API_REFERENCE-207,controlled-v2/rbi-property-valuation-copy,9401617,csharp,"[""PropertyValuation/DocGuardContractLab-v2/api_reference/contracts_11.json""]","--- a/PropertyValuation/DocGuardContractLab-v2/api_reference/contracts_11.json
+++ b/PropertyValuation/DocGuardContractLab-v2/api_reference/contracts_11.json
@@ -67,7 +67,8 @@
       ""operationId"": ""rbipropertyvaluationOperation207"",
       ""path"": ""/api/rbi-property-valuation/v1/resources/207"",
       ""requiredQuery"": [
-        ""tenantId""
+        ""tenantId"",
+        ""includeAudit""
       ],
       ""successStatus"": 200
     },
","<!-- docs/docguard-contract-lab-v2/API_REFERENCE.md @ controlled-baseline:af8ae3ad073eb1cd -->
### VAL-API-207
- Operation: `rbipropertyvaluationOperation207`
- Public endpoint: `DELETE /api/rbi-property-valuation/v1/resources/207`
- Required query parameters: `tenantId`
- Success response status: `200`
",True,api_reference,Controlled design expectation: api_reference; independent human/owner acceptance still required before merge.,True,api_reference,"VAL-API-207: kod mijenja javni API ugovor iz 'tenantId' u 'tenantId, includeAudit' (required_parameter_added), dok docs-before eksplicitno navodi staru vrijednost; dokumentacija bi zato postala zastarjela.",approved,141bf32d361c0cd94480099c833035abaa3edc6e7ff1ecfc4251200afb521592,82ebeaecc86067b3a4548fc14a643b78b68f75aee195c39889272ded96eeafe2,api_reference,rbi_property_valuation,required_parameter_added,cases/patches/rbi_property_valuation/api_reference/VAL-API-207.patch
CRPP2-VAL-API_REFERENCE-208,controlled-v2/rbi-property-valuation-copy,9401618,csharp,"[""PropertyValuation/DocGuardContractLab-v2/api_reference/contracts_11.json""]","--- a/PropertyValuation/DocGuardContractLab-v2/api_reference/contracts_11.json
+++ b/PropertyValuation/DocGuardContractLab-v2/api_reference/contracts_11.json
@@ -79,7 +79,7 @@
       ""requiredQuery"": [
         ""tenantId""
       ],
-      ""successStatus"": 200
+      ""successStatus"": 202
     },
     {
       ""contractId"": ""VAL-API-209"",
","<!-- docs/docguard-contract-lab-v2/API_REFERENCE.md @ controlled-baseline:af8ae3ad073eb1cd -->
### VAL-API-208
- Operation: `rbipropertyvaluationOperation208`
- Public endpoint: `GET /api/rbi-property-valuation/v1/resources/208`
- Required query parameters: `tenantId`
- Success response status: `200`
",True,api_reference,Controlled design expectation: api_reference; independent human/owner acceptance still required before merge.,True,api_reference,"VAL-API-208: kod mijenja javni API ugovor iz '200' u '202' (success_status_change), dok docs-before eksplicitno navodi staru vrijednost; dokumentacija bi zato postala zastarjela.",approved,337c1e65508ecabaa77ed31fa81a67aef3442869c7a1ad8a60322919ef5f8169,bd914d25ec438fabf58ffbdbdec606f3652b9b332167f2759d5d8614d1b26608,api_reference,rbi_property_valuation,success_status_change,cases/patches/rbi_property_valuation/api_reference/VAL-API-208.patch
CRPP2-VAL-API_REFERENCE-209,controlled-v2/rbi-property-valuation-copy,9401619,csharp,"[""PropertyValuation/DocGuardContractLab-v2/api_reference/contracts_11.json""]","--- a/PropertyValuation/DocGuardContractLab-v2/api_reference/contracts_11.json
+++ b/PropertyValuation/DocGuardContractLab-v2/api_reference/contracts_11.json
@@ -83,7 +83,7 @@
     },
     {
       ""contractId"": ""VAL-API-209"",
-      ""method"": ""POST"",
+      ""method"": ""PUT"",
       ""operationId"": ""rbipropertyvaluationOperation209"",
       ""path"": ""/api/rbi-property-valuation/v1/resources/209"",
       ""requiredQuery"": [
","<!-- docs/docguard-contract-lab-v2/API_REFERENCE.md @ controlled-baseline:af8ae3ad073eb1cd -->
### VAL-API-209
- Operation: `rbipropertyvaluationOperation209`
- Public endpoint: `POST /api/rbi-property-valuation/v1/resources/209`
- Required query parameters: `tenantId`
- Success response status: `200`
",True,api_reference,Controlled design expectation: api_reference; independent human/owner acceptance still required before merge.,True,api_reference,"VAL-API-209: kod mijenja javni API ugovor iz 'POST' u 'PUT' (http_method_change), dok docs-before eksplicitno navodi staru vrijednost; dokumentacija bi zato postala zastarjela.",approved,a897a5a65c3af7c6171ebfbe9b632accce3d19a3bb8e9472d680502071cbe210,6d8878bb1d7e2a80275e7011d0b24a45fb195b619d19eaf8374ed6852f4cf951,api_reference,rbi_property_valuation,http_method_change,cases/patches/rbi_property_valuation/api_reference/VAL-API-209.patch
CRPP2-VAL-API_REFERENCE-210,controlled-v2/rbi-property-valuation-copy,9401620,csharp,"[""PropertyValuation/DocGuardContractLab-v2/api_reference/contracts_11.json""]","--- a/PropertyValuation/DocGuardContractLab-v2/api_reference/contracts_11.json
+++ b/PropertyValuation/DocGuardContractLab-v2/api_reference/contracts_11.json
@@ -95,7 +95,7 @@
       ""contractId"": ""VAL-API-210"",
       ""method"": ""PUT"",
       ""operationId"": ""rbipropertyvaluationOperation210"",
-      ""path"": ""/api/rbi-property-valuation/v1/resources/210"",
+      ""path"": ""/api/rbi-property-valuation/v2/resources/210"",
       ""requiredQuery"": [
         ""tenantId""
       ],
","<!-- docs/docguard-contract-lab-v2/API_REFERENCE.md @ controlled-baseline:af8ae3ad073eb1cd -->
### VAL-API-210
- Operation: `rbipropertyvaluationOperation210`
- Public endpoint: `PUT /api/rbi-property-valuation/v1/resources/210`
- Required query parameters: `tenantId`
- Success response status: `200`
",True,api_reference,Controlled design expectation: api_reference; independent human/owner acceptance still required before merge.,True,api_reference,"VAL-API-210: kod mijenja javni API ugovor iz '/api/rbi-property-valuation/v1/resources/210' u '/api/rbi-property-valuation/v2/resources/210' (endpoint_version_change), dok docs-before eksplicitno navodi staru vrijednost; dokumentacija bi zato postala zastarjela.",approved,79c1a77333bec2c5fd0123a61ca5f639f247e9362565dd74ae8327b6d2a0ef0e,9b225a3e64f451b7d42a3199b5ec5169896b09dad747408fef54ae79a4757361,api_reference,rbi_property_valuation,endpoint_version_change,cases/patches/rbi_property_valuation/api_reference/VAL-API-210.patch
CRPP2-VAL-API_REFERENCE-211,controlled-v2/rbi-property-valuation-copy,9401621,csharp,"[""PropertyValuation/DocGuardContractLab-v2/api_reference/contracts_12.json""]","--- a/PropertyValuation/DocGuardContractLab-v2/api_reference/contracts_12.json
+++ b/PropertyValuation/DocGuardContractLab-v2/api_reference/contracts_12.json
@@ -7,7 +7,8 @@
       ""operationId"": ""rbipropertyvaluationOperation211"",
       ""path"": ""/api/rbi-property-valuation/v1/resources/211"",
       ""requiredQuery"": [
-        ""tenantId""
+        ""tenantId"",
+        ""includeAudit""
       ],
       ""successStatus"": 200
     },
","<!-- docs/docguard-contract-lab-v2/API_REFERENCE.md @ controlled-baseline:af8ae3ad073eb1cd -->
### VAL-API-211
- Operation: `rbipropertyvaluationOperation211`
- Public endpoint: `DELETE /api/rbi-property-valuation/v1/resources/211`
- Required query parameters: `tenantId`
- Success response status: `200`
",True,api_reference,Controlled design expectation: api_reference; independent human/owner acceptance still required before merge.,True,api_reference,"VAL-API-211: kod mijenja javni API ugovor iz 'tenantId' u 'tenantId, includeAudit' (required_parameter_added), dok docs-before eksplicitno navodi staru vrijednost; dokumentacija bi zato postala zastarjela.",approved,df31ac54eb3f9a51c103b4fbe2060723ce7764ff06dc9954e6c06fa9e80beabd,937f3e8c193f661677dee487bf44a1c6deae96e504c1c3034abb26b63fe8d022,api_reference,rbi_property_valuation,required_parameter_added,cases/patches/rbi_property_valuation/api_reference/VAL-API-211.patch
CRPP2-VAL-API_REFERENCE-212,controlled-v2/rbi-property-valuation-copy,9401622,csharp,"[""PropertyValuation/DocGuardContractLab-v2/api_reference/contracts_12.json""]","--- a/PropertyValuation/DocGuardContractLab-v2/api_reference/contracts_12.json
+++ b/PropertyValuation/DocGuardContractLab-v2/api_reference/contracts_12.json
@@ -19,7 +19,7 @@
       ""requiredQuery"": [
         ""tenantId""
       ],
-      ""successStatus"": 200
+      ""successStatus"": 202
     },
     {
       ""contractId"": ""VAL-API-213"",
","<!-- docs/docguard-contract-lab-v2/API_REFERENCE.md @ controlled-baseline:af8ae3ad073eb1cd -->
### VAL-API-212
- Operation: `rbipropertyvaluationOperation212`
- Public endpoint: `GET /api/rbi-property-valuation/v1/resources/212`
- Required query parameters: `tenantId`
- Success response status: `200`
",True,api_reference,Controlled design expectation: api_reference; independent human/owner acceptance still required before merge.,True,api_reference,"VAL-API-212: kod mijenja javni API ugovor iz '200' u '202' (success_status_change), dok docs-before eksplicitno navodi staru vrijednost; dokumentacija bi zato postala zastarjela.",approved,27627c4bd2f7cddd60389db106e14508ab5b08131e88401be199ec6509213c44,415a38d3baa07523f67a7fd498bbee24a1addfb4724fd2cba55dec2263229592,api_reference,rbi_property_valuation,success_status_change,cases/patches/rbi_property_valuation/api_reference/VAL-API-212.patch
CRPP2-VAL-API_REFERENCE-213,controlled-v2/rbi-property-valuation-copy,9401623,csharp,"[""PropertyValuation/DocGuardContractLab-v2/api_reference/contracts_12.json""]","--- a/PropertyValuation/DocGuardContractLab-v2/api_reference/contracts_12.json
+++ b/PropertyValuation/DocGuardContractLab-v2/api_reference/contracts_12.json
@@ -23,7 +23,7 @@
     },
     {
       ""contractId"": ""VAL-API-213"",
-      ""method"": ""POST"",
+      ""method"": ""PUT"",
       ""operationId"": ""rbipropertyvaluationOperation213"",
       ""path"": ""/api/rbi-property-valuation/v1/resources/213"",
       ""requiredQuery"": [
","<!-- docs/docguard-contract-lab-v2/API_REFERENCE.md @ controlled-baseline:af8ae3ad073eb1cd -->
### VAL-API-213
- Operation: `rbipropertyvaluationOperation213`
- Public endpoint: `POST /api/rbi-property-valuation/v1/resources/213`
- Required query parameters: `tenantId`
- Success response status: `200`
",True,api_reference,Controlled design expectation: api_reference; independent human/owner acceptance still required before merge.,True,api_reference,"VAL-API-213: kod mijenja javni API ugovor iz 'POST' u 'PUT' (http_method_change), dok docs-before eksplicitno navodi staru vrijednost; dokumentacija bi zato postala zastarjela.",approved,c503471998ae42f5335915868b07a9227c39b77bac3e7f409d3f750b89601df0,ffa77f61ae1507d4fb233d86b17c0e6282895266f6c5056c6460a748126c9a7b,api_reference,rbi_property_valuation,http_method_change,cases/patches/rbi_property_valuation/api_reference/VAL-API-213.patch
CRPP2-VAL-API_REFERENCE-214,controlled-v2/rbi-property-valuation-copy,9401624,csharp,"[""PropertyValuation/DocGuardContractLab-v2/api_reference/contracts_12.json""]","--- a/PropertyValuation/DocGuardContractLab-v2/api_reference/contracts_12.json
+++ b/PropertyValuation/DocGuardContractLab-v2/api_reference/contracts_12.json
@@ -35,7 +35,7 @@
       ""contractId"": ""VAL-API-214"",
       ""method"": ""PUT"",
       ""operationId"": ""rbipropertyvaluationOperation214"",
-      ""path"": ""/api/rbi-property-valuation/v1/resources/214"",
+      ""path"": ""/api/rbi-property-valuation/v2/resources/214"",
       ""requiredQuery"": [
         ""tenantId""
       ],
","<!-- docs/docguard-contract-lab-v2/API_REFERENCE.md @ controlled-baseline:af8ae3ad073eb1cd -->
### VAL-API-214
- Operation: `rbipropertyvaluationOperation214`
- Public endpoint: `PUT /api/rbi-property-valuation/v1/resources/214`
- Required query parameters: `tenantId`
- Success response status: `200`
",True,api_reference,Controlled design expectation: api_reference; independent human/owner acceptance still required before merge.,True,api_reference,"VAL-API-214: kod mijenja javni API ugovor iz '/api/rbi-property-valuation/v1/resources/214' u '/api/rbi-property-valuation/v2/resources/214' (endpoint_version_change), dok docs-before eksplicitno navodi staru vrijednost; dokumentacija bi zato postala zastarjela.",approved,d8949c6918c0be07b0345b0f2c907fbb13dbac08528c49b611652a7cb4ca6cad,24ecd6ba7882c911b27ffa5245fcfb516589b2c74a41eb747bcfbabf7d59001c,api_reference,rbi_property_valuation,endpoint_version_change,cases/patches/rbi_property_valuation/api_reference/VAL-API-214.patch
CRPP2-VAL-API_REFERENCE-215,controlled-v2/rbi-property-valuation-copy,9401625,csharp,"[""PropertyValuation/DocGuardContractLab-v2/api_reference/contracts_12.json""]","--- a/PropertyValuation/DocGuardContractLab-v2/api_reference/contracts_12.json
+++ b/PropertyValuation/DocGuardContractLab-v2/api_reference/contracts_12.json
@@ -47,7 +47,8 @@
       ""operationId"": ""rbipropertyvaluationOperation215"",
       ""path"": ""/api/rbi-property-valuation/v1/resources/215"",
       ""requiredQuery"": [
-        ""tenantId""
+        ""tenantId"",
+        ""includeAudit""
       ],
       ""successStatus"": 200
     },
","<!-- docs/docguard-contract-lab-v2/API_REFERENCE.md @ controlled-baseline:af8ae3ad073eb1cd -->
### VAL-API-215
- Operation: `rbipropertyvaluationOperation215`
- Public endpoint: `DELETE /api/rbi-property-valuation/v1/resources/215`
- Required query parameters: `tenantId`
- Success response status: `200`
",True,api_reference,Controlled design expectation: api_reference; independent human/owner acceptance still required before merge.,True,api_reference,"VAL-API-215: kod mijenja javni API ugovor iz 'tenantId' u 'tenantId, includeAudit' (required_parameter_added), dok docs-before eksplicitno navodi staru vrijednost; dokumentacija bi zato postala zastarjela.",approved,09358dba5a2752d961b2f7166fc0d0eb23613c5ea67372a7be630af834d57d89,3cdd96e61ab6004bfba9d116e50a6cade4abecdcaa6faeceaa6f3075c64d36d8,api_reference,rbi_property_valuation,required_parameter_added,cases/patches/rbi_property_valuation/api_reference/VAL-API-215.patch
CRPP2-VAL-API_REFERENCE-216,controlled-v2/rbi-property-valuation-copy,9401626,csharp,"[""PropertyValuation/DocGuardContractLab-v2/api_reference/contracts_12.json""]","--- a/PropertyValuation/DocGuardContractLab-v2/api_reference/contracts_12.json
+++ b/PropertyValuation/DocGuardContractLab-v2/api_reference/contracts_12.json
@@ -59,7 +59,7 @@
       ""requiredQuery"": [
         ""tenantId""
       ],
-      ""successStatus"": 200
+      ""successStatus"": 202
     },
     {
       ""contractId"": ""VAL-API-217"",
","<!-- docs/docguard-contract-lab-v2/API_REFERENCE.md @ controlled-baseline:af8ae3ad073eb1cd -->
### VAL-API-216
- Operation: `rbipropertyvaluationOperation216`
- Public endpoint: `GET /api/rbi-property-valuation/v1/resources/216`
- Required query parameters: `tenantId`
- Success response status: `200`
",True,api_reference,Controlled design expectation: api_reference; independent human/owner acceptance still required before merge.,True,api_reference,"VAL-API-216: kod mijenja javni API ugovor iz '200' u '202' (success_status_change), dok docs-before eksplicitno navodi staru vrijednost; dokumentacija bi zato postala zastarjela.",approved,c1a3195de6ffa29ea5629d677b0023a95043fd723dce19fd6180f1c4a35ed556,6182ad09fe1c5b2aa8ba0fc4de91542ba8f942bed7a845ad0985603c763d3400,api_reference,rbi_property_valuation,success_status_change,cases/patches/rbi_property_valuation/api_reference/VAL-API-216.patch
CRPP2-VAL-API_REFERENCE-217,controlled-v2/rbi-property-valuation-copy,9401627,csharp,"[""PropertyValuation/DocGuardContractLab-v2/api_reference/contracts_12.json""]","--- a/PropertyValuation/DocGuardContractLab-v2/api_reference/contracts_12.json
+++ b/PropertyValuation/DocGuardContractLab-v2/api_reference/contracts_12.json
@@ -63,7 +63,7 @@
     },
     {
       ""contractId"": ""VAL-API-217"",
-      ""method"": ""POST"",
+      ""method"": ""PUT"",
       ""operationId"": ""rbipropertyvaluationOperation217"",
       ""path"": ""/api/rbi-property-valuation/v1/resources/217"",
       ""requiredQuery"": [
","<!-- docs/docguard-contract-lab-v2/API_REFERENCE.md @ controlled-baseline:af8ae3ad073eb1cd -->
### VAL-API-217
- Operation: `rbipropertyvaluationOperation217`
- Public endpoint: `POST /api/rbi-property-valuation/v1/resources/217`
- Required query parameters: `tenantId`
- Success response status: `200`
",True,api_reference,Controlled design expectation: api_reference; independent human/owner acceptance still required before merge.,True,api_reference,"VAL-API-217: kod mijenja javni API ugovor iz 'POST' u 'PUT' (http_method_change), dok docs-before eksplicitno navodi staru vrijednost; dokumentacija bi zato postala zastarjela.",approved,70693e1a23385e571bcc43c41a4fbfb1000ae61cb09f949d372cabb5ab540e1c,e76e478ded54e8ffe761069b9d654d290b9d8c44ae99db8cf879a8125b12e0af,api_reference,rbi_property_valuation,http_method_change,cases/patches/rbi_property_valuation/api_reference/VAL-API-217.patch
CRPP2-VAL-API_REFERENCE-218,controlled-v2/rbi-property-valuation-copy,9401628,csharp,"[""PropertyValuation/DocGuardContractLab-v2/api_reference/contracts_12.json""]","--- a/PropertyValuation/DocGuardContractLab-v2/api_reference/contracts_12.json
+++ b/PropertyValuation/DocGuardContractLab-v2/api_reference/contracts_12.json
@@ -75,7 +75,7 @@
       ""contractId"": ""VAL-API-218"",
       ""method"": ""PUT"",
       ""operationId"": ""rbipropertyvaluationOperation218"",
-      ""path"": ""/api/rbi-property-valuation/v1/resources/218"",
+      ""path"": ""/api/rbi-property-valuation/v2/resources/218"",
       ""requiredQuery"": [
         ""tenantId""
       ],
","<!-- docs/docguard-contract-lab-v2/API_REFERENCE.md @ controlled-baseline:af8ae3ad073eb1cd -->
### VAL-API-218
- Operation: `rbipropertyvaluationOperation218`
- Public endpoint: `PUT /api/rbi-property-valuation/v1/resources/218`
- Required query parameters: `tenantId`
- Success response status: `200`
",True,api_reference,Controlled design expectation: api_reference; independent human/owner acceptance still required before merge.,True,api_reference,"VAL-API-218: kod mijenja javni API ugovor iz '/api/rbi-property-valuation/v1/resources/218' u '/api/rbi-property-valuation/v2/resources/218' (endpoint_version_change), dok docs-before eksplicitno navodi staru vrijednost; dokumentacija bi zato postala zastarjela.",approved,285f3931a579f4286bc7a0ff4fe158a12f74b00fef0c6fdb6e7b5056baca3404,01bae30cbad8c8dbc13315f31cd63686edd59c26cc07a4c893d6301f6467f64b,api_reference,rbi_property_valuation,endpoint_version_change,cases/patches/rbi_property_valuation/api_reference/VAL-API-218.patch
CRPP2-VAL-API_REFERENCE-219,controlled-v2/rbi-property-valuation-copy,9401629,csharp,"[""PropertyValuation/DocGuardContractLab-v2/api_reference/contracts_12.json""]","--- a/PropertyValuation/DocGuardContractLab-v2/api_reference/contracts_12.json
+++ b/PropertyValuation/DocGuardContractLab-v2/api_reference/contracts_12.json
@@ -87,7 +87,8 @@
       ""operationId"": ""rbipropertyvaluationOperation219"",
       ""path"": ""/api/rbi-property-valuation/v1/resources/219"",
       ""requiredQuery"": [
-        ""tenantId""
+        ""tenantId"",
+        ""includeAudit""
       ],
       ""successStatus"": 200
     },
","<!-- docs/docguard-contract-lab-v2/API_REFERENCE.md @ controlled-baseline:af8ae3ad073eb1cd -->
### VAL-API-219
- Operation: `rbipropertyvaluationOperation219`
- Public endpoint: `DELETE /api/rbi-property-valuation/v1/resources/219`
- Required query parameters: `tenantId`
- Success response status: `200`
",True,api_reference,Controlled design expectation: api_reference; independent human/owner acceptance still required before merge.,True,api_reference,"VAL-API-219: kod mijenja javni API ugovor iz 'tenantId' u 'tenantId, includeAudit' (required_parameter_added), dok docs-before eksplicitno navodi staru vrijednost; dokumentacija bi zato postala zastarjela.",approved,45920148f7f79fb3a40b06169e58b317a520162aaf1743e1664965ae01751341,5590a73d3847fb4668f3de0d338f855e4a8be71fa6bd6d937329babc04363c7b,api_reference,rbi_property_valuation,required_parameter_added,cases/patches/rbi_property_valuation/api_reference/VAL-API-219.patch
CRPP2-VAL-API_REFERENCE-220,controlled-v2/rbi-property-valuation-copy,9401630,csharp,"[""PropertyValuation/DocGuardContractLab-v2/api_reference/contracts_12.json""]","--- a/PropertyValuation/DocGuardContractLab-v2/api_reference/contracts_12.json
+++ b/PropertyValuation/DocGuardContractLab-v2/api_reference/contracts_12.json
@@ -99,7 +99,7 @@
       ""requiredQuery"": [
         ""tenantId""
       ],
-      ""successStatus"": 200
+      ""successStatus"": 202
     }
   ],
   ""project"": ""rbi_property_valuation"",
","<!-- docs/docguard-contract-lab-v2/API_REFERENCE.md @ controlled-baseline:af8ae3ad073eb1cd -->
### VAL-API-220
- Operation: `rbipropertyvaluationOperation220`
- Public endpoint: `GET /api/rbi-property-valuation/v1/resources/220`
- Required query parameters: `tenantId`
- Success response status: `200`
",True,api_reference,Controlled design expectation: api_reference; independent human/owner acceptance still required before merge.,True,api_reference,"VAL-API-220: kod mijenja javni API ugovor iz '200' u '202' (success_status_change), dok docs-before eksplicitno navodi staru vrijednost; dokumentacija bi zato postala zastarjela.",approved,e563472e28c29c35cf56c06ce80c238cb939d9ddad09fb0a7648e5e59a084d33,f5b56a4c0cf7f370ae2a83c283eb458504d730ad9143e3f98fb5f112e8433d45,api_reference,rbi_property_valuation,success_status_change,cases/patches/rbi_property_valuation/api_reference/VAL-API-220.patch
CRPP2-VAL-API_REFERENCE-221,controlled-v2/rbi-property-valuation-copy,9401631,csharp,"[""PropertyValuation/DocGuardContractLab-v2/api_reference/contracts_13.json""]","--- a/PropertyValuation/DocGuardContractLab-v2/api_reference/contracts_13.json
+++ b/PropertyValuation/DocGuardContractLab-v2/api_reference/contracts_13.json
@@ -3,7 +3,7 @@
   ""contracts"": [
     {
       ""contractId"": ""VAL-API-221"",
-      ""method"": ""POST"",
+      ""method"": ""PUT"",
       ""operationId"": ""rbipropertyvaluationOperation221"",
       ""path"": ""/api/rbi-property-valuation/v1/resources/221"",
       ""requiredQuery"": [
","<!-- docs/docguard-contract-lab-v2/API_REFERENCE.md @ controlled-baseline:af8ae3ad073eb1cd -->
### VAL-API-221
- Operation: `rbipropertyvaluationOperation221`
- Public endpoint: `POST /api/rbi-property-valuation/v1/resources/221`
- Required query parameters: `tenantId`
- Success response status: `200`
",True,api_reference,Controlled design expectation: api_reference; independent human/owner acceptance still required before merge.,True,api_reference,"VAL-API-221: kod mijenja javni API ugovor iz 'POST' u 'PUT' (http_method_change), dok docs-before eksplicitno navodi staru vrijednost; dokumentacija bi zato postala zastarjela.",approved,7aba4135e4ffbc313882b127943388d412ee1957e40791c89e966ecec5d62097,1551329c205c01d6987512547476ab666ad31a05b8b58f56cded29022bfb1894,api_reference,rbi_property_valuation,http_method_change,cases/patches/rbi_property_valuation/api_reference/VAL-API-221.patch
CRPP2-VAL-API_REFERENCE-222,controlled-v2/rbi-property-valuation-copy,9401632,csharp,"[""PropertyValuation/DocGuardContractLab-v2/api_reference/contracts_13.json""]","--- a/PropertyValuation/DocGuardContractLab-v2/api_reference/contracts_13.json
+++ b/PropertyValuation/DocGuardContractLab-v2/api_reference/contracts_13.json
@@ -15,7 +15,7 @@
       ""contractId"": ""VAL-API-222"",
       ""method"": ""PUT"",
       ""operationId"": ""rbipropertyvaluationOperation222"",
-      ""path"": ""/api/rbi-property-valuation/v1/resources/222"",
+      ""path"": ""/api/rbi-property-valuation/v2/resources/222"",
       ""requiredQuery"": [
         ""tenantId""
       ],
","<!-- docs/docguard-contract-lab-v2/API_REFERENCE.md @ controlled-baseline:af8ae3ad073eb1cd -->
### VAL-API-222
- Operation: `rbipropertyvaluationOperation222`
- Public endpoint: `PUT /api/rbi-property-valuation/v1/resources/222`
- Required query parameters: `tenantId`
- Success response status: `200`
",True,api_reference,Controlled design expectation: api_reference; independent human/owner acceptance still required before merge.,True,api_reference,"VAL-API-222: kod mijenja javni API ugovor iz '/api/rbi-property-valuation/v1/resources/222' u '/api/rbi-property-valuation/v2/resources/222' (endpoint_version_change), dok docs-before eksplicitno navodi staru vrijednost; dokumentacija bi zato postala zastarjela.",approved,5db0ef0bd60e964ce8f0dcc95d7947acede7288c107e89f32beeb17b5632d07b,6ff3e8c5e760f0e7c5005e8f2b502b190de892b519b1aff995032b9c993eb2be,api_reference,rbi_property_valuation,endpoint_version_change,cases/patches/rbi_property_valuation/api_reference/VAL-API-222.patch
CRPP2-VAL-API_REFERENCE-223,controlled-v2/rbi-property-valuation-copy,9401633,csharp,"[""PropertyValuation/DocGuardContractLab-v2/api_reference/contracts_13.json""]","--- a/PropertyValuation/DocGuardContractLab-v2/api_reference/contracts_13.json
+++ b/PropertyValuation/DocGuardContractLab-v2/api_reference/contracts_13.json
@@ -27,7 +27,8 @@
       ""operationId"": ""rbipropertyvaluationOperation223"",
       ""path"": ""/api/rbi-property-valuation/v1/resources/223"",
       ""requiredQuery"": [
-        ""tenantId""
+        ""tenantId"",
+        ""includeAudit""
       ],
       ""successStatus"": 200
     },
","<!-- docs/docguard-contract-lab-v2/API_REFERENCE.md @ controlled-baseline:af8ae3ad073eb1cd -->
### VAL-API-223
- Operation: `rbipropertyvaluationOperation223`
- Public endpoint: `DELETE /api/rbi-property-valuation/v1/resources/223`
- Required query parameters: `tenantId`
- Success response status: `200`
",True,api_reference,Controlled design expectation: api_reference; independent human/owner acceptance still required before merge.,True,api_reference,"VAL-API-223: kod mijenja javni API ugovor iz 'tenantId' u 'tenantId, includeAudit' (required_parameter_added), dok docs-before eksplicitno navodi staru vrijednost; dokumentacija bi zato postala zastarjela.",approved,bb688fc88b5b3376a97eecfb5d5d547f76110c9426ba625bdefcf1e34e8680af,a73bf775ad293a8331df3607d4f80675ac3c91a436da84d0b7c4ecdaf928b884,api_reference,rbi_property_valuation,required_parameter_added,cases/patches/rbi_property_valuation/api_reference/VAL-API-223.patch
CRPP2-VAL-API_REFERENCE-224,controlled-v2/rbi-property-valuation-copy,9401634,csharp,"[""PropertyValuation/DocGuardContractLab-v2/api_reference/contracts_13.json""]","--- a/PropertyValuation/DocGuardContractLab-v2/api_reference/contracts_13.json
+++ b/PropertyValuation/DocGuardContractLab-v2/api_reference/contracts_13.json
@@ -39,7 +39,7 @@
       ""requiredQuery"": [
         ""tenantId""
       ],
-      ""successStatus"": 200
+      ""successStatus"": 202
     },
     {
       ""contractId"": ""VAL-API-225"",
","<!-- docs/docguard-contract-lab-v2/API_REFERENCE.md @ controlled-baseline:af8ae3ad073eb1cd -->
### VAL-API-224
- Operation: `rbipropertyvaluationOperation224`
- Public endpoint: `GET /api/rbi-property-valuation/v1/resources/224`
- Required query parameters: `tenantId`
- Success response status: `200`
",True,api_reference,Controlled design expectation: api_reference; independent human/owner acceptance still required before merge.,True,api_reference,"VAL-API-224: kod mijenja javni API ugovor iz '200' u '202' (success_status_change), dok docs-before eksplicitno navodi staru vrijednost; dokumentacija bi zato postala zastarjela.",approved,ceed139223d2e7864194e785e1054908add9cc6c4729834f03435b90ee3141d3,22027d70c9a74dd650e71460a085b36c1c57dd731e286dde3cac4941b92f35d9,api_reference,rbi_property_valuation,success_status_change,cases/patches/rbi_property_valuation/api_reference/VAL-API-224.patch
CRPP2-VAL-API_REFERENCE-225,controlled-v2/rbi-property-valuation-copy,9401635,csharp,"[""PropertyValuation/DocGuardContractLab-v2/api_reference/contracts_13.json""]","--- a/PropertyValuation/DocGuardContractLab-v2/api_reference/contracts_13.json
+++ b/PropertyValuation/DocGuardContractLab-v2/api_reference/contracts_13.json
@@ -43,7 +43,7 @@
     },
     {
       ""contractId"": ""VAL-API-225"",
-      ""method"": ""POST"",
+      ""method"": ""PUT"",
       ""operationId"": ""rbipropertyvaluationOperation225"",
       ""path"": ""/api/rbi-property-valuation/v1/resources/225"",
       ""requiredQuery"": [
","<!-- docs/docguard-contract-lab-v2/API_REFERENCE.md @ controlled-baseline:af8ae3ad073eb1cd -->
### VAL-API-225
- Operation: `rbipropertyvaluationOperation225`
- Public endpoint: `POST /api/rbi-property-valuation/v1/resources/225`
- Required query parameters: `tenantId`
- Success response status: `200`
",True,api_reference,Controlled design expectation: api_reference; independent human/owner acceptance still required before merge.,True,api_reference,"VAL-API-225: kod mijenja javni API ugovor iz 'POST' u 'PUT' (http_method_change), dok docs-before eksplicitno navodi staru vrijednost; dokumentacija bi zato postala zastarjela.",approved,3a61c51b13d7ae5268ca84e5f5f782e8851dd36731d1e132db09e43f9c26ef70,7d819055d567e7ec7e989a531521213f5b124f56805474d4dd51efd840475d3b,api_reference,rbi_property_valuation,http_method_change,cases/patches/rbi_property_valuation/api_reference/VAL-API-225.patch
CRPP2-VAL-API_REFERENCE-226,controlled-v2/rbi-property-valuation-copy,9401636,csharp,"[""PropertyValuation/DocGuardContractLab-v2/api_reference/contracts_13.json""]","--- a/PropertyValuation/DocGuardContractLab-v2/api_reference/contracts_13.json
+++ b/PropertyValuation/DocGuardContractLab-v2/api_reference/contracts_13.json
@@ -55,7 +55,7 @@
       ""contractId"": ""VAL-API-226"",
       ""method"": ""PUT"",
       ""operationId"": ""rbipropertyvaluationOperation226"",
-      ""path"": ""/api/rbi-property-valuation/v1/resources/226"",
+      ""path"": ""/api/rbi-property-valuation/v2/resources/226"",
       ""requiredQuery"": [
         ""tenantId""
       ],
","<!-- docs/docguard-contract-lab-v2/API_REFERENCE.md @ controlled-baseline:af8ae3ad073eb1cd -->
### VAL-API-226
- Operation: `rbipropertyvaluationOperation226`
- Public endpoint: `PUT /api/rbi-property-valuation/v1/resources/226`
- Required query parameters: `tenantId`
- Success response status: `200`
",True,api_reference,Controlled design expectation: api_reference; independent human/owner acceptance still required before merge.,True,api_reference,"VAL-API-226: kod mijenja javni API ugovor iz '/api/rbi-property-valuation/v1/resources/226' u '/api/rbi-property-valuation/v2/resources/226' (endpoint_version_change), dok docs-before eksplicitno navodi staru vrijednost; dokumentacija bi zato postala zastarjela.",approved,4cefa5c5df71d59ac5179f75adc08c32aef2bfd7ff7bd6b812a144f952e3c4c4,d53bec1313f05d0122ba6130291c395f6227fddb9430ef1ba46895caea6205d0,api_reference,rbi_property_valuation,endpoint_version_change,cases/patches/rbi_property_valuation/api_reference/VAL-API-226.patch
CRPP2-VAL-API_REFERENCE-227,controlled-v2/rbi-property-valuation-copy,9401637,csharp,"[""PropertyValuation/DocGuardContractLab-v2/api_reference/contracts_13.json""]","--- a/PropertyValuation/DocGuardContractLab-v2/api_reference/contracts_13.json
+++ b/PropertyValuation/DocGuardContractLab-v2/api_reference/contracts_13.json
@@ -67,7 +67,8 @@
       ""operationId"": ""rbipropertyvaluationOperation227"",
       ""path"": ""/api/rbi-property-valuation/v1/resources/227"",
       ""requiredQuery"": [
-        ""tenantId""
+        ""tenantId"",
+        ""includeAudit""
       ],
       ""successStatus"": 200
     },
","<!-- docs/docguard-contract-lab-v2/API_REFERENCE.md @ controlled-baseline:af8ae3ad073eb1cd -->
### VAL-API-227
- Operation: `rbipropertyvaluationOperation227`
- Public endpoint: `DELETE /api/rbi-property-valuation/v1/resources/227`
- Required query parameters: `tenantId`
- Success response status: `200`
",True,api_reference,Controlled design expectation: api_reference; independent human/owner acceptance still required before merge.,True,api_reference,"VAL-API-227: kod mijenja javni API ugovor iz 'tenantId' u 'tenantId, includeAudit' (required_parameter_added), dok docs-before eksplicitno navodi staru vrijednost; dokumentacija bi zato postala zastarjela.",approved,432557b0f7b027a02d3c8eda08d5999ff1b65c71a17bc5ad8ff0f410c3c0ab48,236eced19db3aedf411a91dfd4c962e737e77b53de04d62a929e979b58a3b5d9,api_reference,rbi_property_valuation,required_parameter_added,cases/patches/rbi_property_valuation/api_reference/VAL-API-227.patch
CRPP2-VAL-API_REFERENCE-228,controlled-v2/rbi-property-valuation-copy,9401638,csharp,"[""PropertyValuation/DocGuardContractLab-v2/api_reference/contracts_13.json""]","--- a/PropertyValuation/DocGuardContractLab-v2/api_reference/contracts_13.json
+++ b/PropertyValuation/DocGuardContractLab-v2/api_reference/contracts_13.json
@@ -79,7 +79,7 @@
       ""requiredQuery"": [
         ""tenantId""
       ],
-      ""successStatus"": 200
+      ""successStatus"": 202
     },
     {
       ""contractId"": ""VAL-API-229"",
","<!-- docs/docguard-contract-lab-v2/API_REFERENCE.md @ controlled-baseline:af8ae3ad073eb1cd -->
### VAL-API-228
- Operation: `rbipropertyvaluationOperation228`
- Public endpoint: `GET /api/rbi-property-valuation/v1/resources/228`
- Required query parameters: `tenantId`
- Success response status: `200`
",True,api_reference,Controlled design expectation: api_reference; independent human/owner acceptance still required before merge.,True,api_reference,"VAL-API-228: kod mijenja javni API ugovor iz '200' u '202' (success_status_change), dok docs-before eksplicitno navodi staru vrijednost; dokumentacija bi zato postala zastarjela.",approved,73b7ff0a4caa0054b40bf6f4f8187c40a2dde84f9afc1dadcf3dd2318bf42c33,7af31580022d81176e3f5f65a5b169eee9221ad591fc937849ff34daa190a31c,api_reference,rbi_property_valuation,success_status_change,cases/patches/rbi_property_valuation/api_reference/VAL-API-228.patch
CRPP2-VAL-API_REFERENCE-229,controlled-v2/rbi-property-valuation-copy,9401639,csharp,"[""PropertyValuation/DocGuardContractLab-v2/api_reference/contracts_13.json""]","--- a/PropertyValuation/DocGuardContractLab-v2/api_reference/contracts_13.json
+++ b/PropertyValuation/DocGuardContractLab-v2/api_reference/contracts_13.json
@@ -83,7 +83,7 @@
     },
     {
       ""contractId"": ""VAL-API-229"",
-      ""method"": ""POST"",
+      ""method"": ""PUT"",
       ""operationId"": ""rbipropertyvaluationOperation229"",
       ""path"": ""/api/rbi-property-valuation/v1/resources/229"",
       ""requiredQuery"": [
","<!-- docs/docguard-contract-lab-v2/API_REFERENCE.md @ controlled-baseline:af8ae3ad073eb1cd -->
### VAL-API-229
- Operation: `rbipropertyvaluationOperation229`
- Public endpoint: `POST /api/rbi-property-valuation/v1/resources/229`
- Required query parameters: `tenantId`
- Success response status: `200`
",True,api_reference,Controlled design expectation: api_reference; independent human/owner acceptance still required before merge.,True,api_reference,"VAL-API-229: kod mijenja javni API ugovor iz 'POST' u 'PUT' (http_method_change), dok docs-before eksplicitno navodi staru vrijednost; dokumentacija bi zato postala zastarjela.",approved,bb3cd8c2225cb83841d925a95f7fe6fbaa685a3265dbcc454899b0c92c82f677,38efbbce480de94ea9e38c041222de838eee3b6d748bfcb5d9c865e9792ecb96,api_reference,rbi_property_valuation,http_method_change,cases/patches/rbi_property_valuation/api_reference/VAL-API-229.patch
CRPP2-VAL-API_REFERENCE-230,controlled-v2/rbi-property-valuation-copy,9401640,csharp,"[""PropertyValuation/DocGuardContractLab-v2/api_reference/contracts_13.json""]","--- a/PropertyValuation/DocGuardContractLab-v2/api_reference/contracts_13.json
+++ b/PropertyValuation/DocGuardContractLab-v2/api_reference/contracts_13.json
@@ -95,7 +95,7 @@
       ""contractId"": ""VAL-API-230"",
       ""method"": ""PUT"",
       ""operationId"": ""rbipropertyvaluationOperation230"",
-      ""path"": ""/api/rbi-property-valuation/v1/resources/230"",
+      ""path"": ""/api/rbi-property-valuation/v2/resources/230"",
       ""requiredQuery"": [
         ""tenantId""
       ],
","<!-- docs/docguard-contract-lab-v2/API_REFERENCE.md @ controlled-baseline:af8ae3ad073eb1cd -->
### VAL-API-230
- Operation: `rbipropertyvaluationOperation230`
- Public endpoint: `PUT /api/rbi-property-valuation/v1/resources/230`
- Required query parameters: `tenantId`
- Success response status: `200`
",True,api_reference,Controlled design expectation: api_reference; independent human/owner acceptance still required before merge.,True,api_reference,"VAL-API-230: kod mijenja javni API ugovor iz '/api/rbi-property-valuation/v1/resources/230' u '/api/rbi-property-valuation/v2/resources/230' (endpoint_version_change), dok docs-before eksplicitno navodi staru vrijednost; dokumentacija bi zato postala zastarjela.",approved,53d0c99bb4ce43b801c1c89e0bd66f9eaaf923b91aef2b040fa6d8db0886fc94,08d15b9d8d27c25cfef3a69b8f2ba874efb8d2ff9baa8c2b24c16e1a61e54f5e,api_reference,rbi_property_valuation,endpoint_version_change,cases/patches/rbi_property_valuation/api_reference/VAL-API-230.patch
CRPP2-VAL-API_REFERENCE-231,controlled-v2/rbi-property-valuation-copy,9401641,csharp,"[""PropertyValuation/DocGuardContractLab-v2/api_reference/contracts_14.json""]","--- a/PropertyValuation/DocGuardContractLab-v2/api_reference/contracts_14.json
+++ b/PropertyValuation/DocGuardContractLab-v2/api_reference/contracts_14.json
@@ -7,7 +7,8 @@
       ""operationId"": ""rbipropertyvaluationOperation231"",
       ""path"": ""/api/rbi-property-valuation/v1/resources/231"",
       ""requiredQuery"": [
-        ""tenantId""
+        ""tenantId"",
+        ""includeAudit""
       ],
       ""successStatus"": 200
     },
","<!-- docs/docguard-contract-lab-v2/API_REFERENCE.md @ controlled-baseline:af8ae3ad073eb1cd -->
### VAL-API-231
- Operation: `rbipropertyvaluationOperation231`
- Public endpoint: `DELETE /api/rbi-property-valuation/v1/resources/231`
- Required query parameters: `tenantId`
- Success response status: `200`
",True,api_reference,Controlled design expectation: api_reference; independent human/owner acceptance still required before merge.,True,api_reference,"VAL-API-231: kod mijenja javni API ugovor iz 'tenantId' u 'tenantId, includeAudit' (required_parameter_added), dok docs-before eksplicitno navodi staru vrijednost; dokumentacija bi zato postala zastarjela.",approved,4605e51b05f98072d496f533ca1d1041c7c26f07b1aefae1c7fd15fc57b6078f,f0a85ff7719722896152ad586b586aa5cbb003695557f73c7bd0624f8276d3ef,api_reference,rbi_property_valuation,required_parameter_added,cases/patches/rbi_property_valuation/api_reference/VAL-API-231.patch
CRPP2-VAL-API_REFERENCE-232,controlled-v2/rbi-property-valuation-copy,9401642,csharp,"[""PropertyValuation/DocGuardContractLab-v2/api_reference/contracts_14.json""]","--- a/PropertyValuation/DocGuardContractLab-v2/api_reference/contracts_14.json
+++ b/PropertyValuation/DocGuardContractLab-v2/api_reference/contracts_14.json
@@ -19,7 +19,7 @@
       ""requiredQuery"": [
         ""tenantId""
       ],
-      ""successStatus"": 200
+      ""successStatus"": 202
     },
     {
       ""contractId"": ""VAL-API-233"",
","<!-- docs/docguard-contract-lab-v2/API_REFERENCE.md @ controlled-baseline:af8ae3ad073eb1cd -->
### VAL-API-232
- Operation: `rbipropertyvaluationOperation232`
- Public endpoint: `GET /api/rbi-property-valuation/v1/resources/232`
- Required query parameters: `tenantId`
- Success response status: `200`
",True,api_reference,Controlled design expectation: api_reference; independent human/owner acceptance still required before merge.,True,api_reference,"VAL-API-232: kod mijenja javni API ugovor iz '200' u '202' (success_status_change), dok docs-before eksplicitno navodi staru vrijednost; dokumentacija bi zato postala zastarjela.",approved,377182744de310f4990d9f6f5864b0405d7b0260da1592e85d155429e0ffe1e3,9cfc18226696d616fb13eb7790cdca78e30f5ef9c47eaa8872a3918258e648bc,api_reference,rbi_property_valuation,success_status_change,cases/patches/rbi_property_valuation/api_reference/VAL-API-232.patch
CRPP2-VAL-API_REFERENCE-233,controlled-v2/rbi-property-valuation-copy,9401643,csharp,"[""PropertyValuation/DocGuardContractLab-v2/api_reference/contracts_14.json""]","--- a/PropertyValuation/DocGuardContractLab-v2/api_reference/contracts_14.json
+++ b/PropertyValuation/DocGuardContractLab-v2/api_reference/contracts_14.json
@@ -23,7 +23,7 @@
     },
     {
       ""contractId"": ""VAL-API-233"",
-      ""method"": ""POST"",
+      ""method"": ""PUT"",
       ""operationId"": ""rbipropertyvaluationOperation233"",
       ""path"": ""/api/rbi-property-valuation/v1/resources/233"",
       ""requiredQuery"": [
","<!-- docs/docguard-contract-lab-v2/API_REFERENCE.md @ controlled-baseline:af8ae3ad073eb1cd -->
### VAL-API-233
- Operation: `rbipropertyvaluationOperation233`
- Public endpoint: `POST /api/rbi-property-valuation/v1/resources/233`
- Required query parameters: `tenantId`
- Success response status: `200`
",True,api_reference,Controlled design expectation: api_reference; independent human/owner acceptance still required before merge.,True,api_reference,"VAL-API-233: kod mijenja javni API ugovor iz 'POST' u 'PUT' (http_method_change), dok docs-before eksplicitno navodi staru vrijednost; dokumentacija bi zato postala zastarjela.",approved,74d3099da4f846eda7811b837d2f1bd6fd0e6229f3b8410935b9fe016be278ef,07044470e926155757298c8b465aea2b0af772a9281628f3ac1a7a330d094175,api_reference,rbi_property_valuation,http_method_change,cases/patches/rbi_property_valuation/api_reference/VAL-API-233.patch
CRPP2-VAL-API_REFERENCE-234,controlled-v2/rbi-property-valuation-copy,9401644,csharp,"[""PropertyValuation/DocGuardContractLab-v2/api_reference/contracts_14.json""]","--- a/PropertyValuation/DocGuardContractLab-v2/api_reference/contracts_14.json
+++ b/PropertyValuation/DocGuardContractLab-v2/api_reference/contracts_14.json
@@ -35,7 +35,7 @@
       ""contractId"": ""VAL-API-234"",
       ""method"": ""PUT"",
       ""operationId"": ""rbipropertyvaluationOperation234"",
-      ""path"": ""/api/rbi-property-valuation/v1/resources/234"",
+      ""path"": ""/api/rbi-property-valuation/v2/resources/234"",
       ""requiredQuery"": [
         ""tenantId""
       ],
","<!-- docs/docguard-contract-lab-v2/API_REFERENCE.md @ controlled-baseline:af8ae3ad073eb1cd -->
### VAL-API-234
- Operation: `rbipropertyvaluationOperation234`
- Public endpoint: `PUT /api/rbi-property-valuation/v1/resources/234`
- Required query parameters: `tenantId`
- Success response status: `200`
",True,api_reference,Controlled design expectation: api_reference; independent human/owner acceptance still required before merge.,True,api_reference,"VAL-API-234: kod mijenja javni API ugovor iz '/api/rbi-property-valuation/v1/resources/234' u '/api/rbi-property-valuation/v2/resources/234' (endpoint_version_change), dok docs-before eksplicitno navodi staru vrijednost; dokumentacija bi zato postala zastarjela.",approved,022c855347311dab933e06328bbc921a4b32bfedce6de253a994d2bbfe061f85,f475642bd12e4fbdb477de8798b72a1a655e52a8bd9d7ad69368ea83a2499c68,api_reference,rbi_property_valuation,endpoint_version_change,cases/patches/rbi_property_valuation/api_reference/VAL-API-234.patch
CRPP2-VAL-API_REFERENCE-235,controlled-v2/rbi-property-valuation-copy,9401645,csharp,"[""PropertyValuation/DocGuardContractLab-v2/api_reference/contracts_14.json""]","--- a/PropertyValuation/DocGuardContractLab-v2/api_reference/contracts_14.json
+++ b/PropertyValuation/DocGuardContractLab-v2/api_reference/contracts_14.json
@@ -47,7 +47,8 @@
       ""operationId"": ""rbipropertyvaluationOperation235"",
       ""path"": ""/api/rbi-property-valuation/v1/resources/235"",
       ""requiredQuery"": [
-        ""tenantId""
+        ""tenantId"",
+        ""includeAudit""
       ],
       ""successStatus"": 200
     },
","<!-- docs/docguard-contract-lab-v2/API_REFERENCE.md @ controlled-baseline:af8ae3ad073eb1cd -->
### VAL-API-235
- Operation: `rbipropertyvaluationOperation235`
- Public endpoint: `DELETE /api/rbi-property-valuation/v1/resources/235`
- Required query parameters: `tenantId`
- Success response status: `200`
",True,api_reference,Controlled design expectation: api_reference; independent human/owner acceptance still required before merge.,True,api_reference,"VAL-API-235: kod mijenja javni API ugovor iz 'tenantId' u 'tenantId, includeAudit' (required_parameter_added), dok docs-before eksplicitno navodi staru vrijednost; dokumentacija bi zato postala zastarjela.",approved,3bba020bbed01b74c86d190c611126eb77c43b1f521567fc5e4a5fa9daed4124,d31f1bb31814e8284f93543cb94c7d71c77fdfd4ec725cffa2dd10881af72102,api_reference,rbi_property_valuation,required_parameter_added,cases/patches/rbi_property_valuation/api_reference/VAL-API-235.patch
CRPP2-VAL-API_REFERENCE-236,controlled-v2/rbi-property-valuation-copy,9401646,csharp,"[""PropertyValuation/DocGuardContractLab-v2/api_reference/contracts_14.json""]","--- a/PropertyValuation/DocGuardContractLab-v2/api_reference/contracts_14.json
+++ b/PropertyValuation/DocGuardContractLab-v2/api_reference/contracts_14.json
@@ -59,7 +59,7 @@
       ""requiredQuery"": [
         ""tenantId""
       ],
-      ""successStatus"": 200
+      ""successStatus"": 202
     },
     {
       ""contractId"": ""VAL-API-237"",
","<!-- docs/docguard-contract-lab-v2/API_REFERENCE.md @ controlled-baseline:af8ae3ad073eb1cd -->
### VAL-API-236
- Operation: `rbipropertyvaluationOperation236`
- Public endpoint: `GET /api/rbi-property-valuation/v1/resources/236`
- Required query parameters: `tenantId`
- Success response status: `200`
",True,api_reference,Controlled design expectation: api_reference; independent human/owner acceptance still required before merge.,True,api_reference,"VAL-API-236: kod mijenja javni API ugovor iz '200' u '202' (success_status_change), dok docs-before eksplicitno navodi staru vrijednost; dokumentacija bi zato postala zastarjela.",approved,bb11ab531d1e5bee59bd4114f287b581906b7479926c127fc927be8c89034250,2d8cd393c6ae94e22b40be1fa562b31c255d549e998692be6bda69c2aafb6791,api_reference,rbi_property_valuation,success_status_change,cases/patches/rbi_property_valuation/api_reference/VAL-API-236.patch
CRPP2-VAL-API_REFERENCE-237,controlled-v2/rbi-property-valuation-copy,9401647,csharp,"[""PropertyValuation/DocGuardContractLab-v2/api_reference/contracts_14.json""]","--- a/PropertyValuation/DocGuardContractLab-v2/api_reference/contracts_14.json
+++ b/PropertyValuation/DocGuardContractLab-v2/api_reference/contracts_14.json
@@ -63,7 +63,7 @@
     },
     {
       ""contractId"": ""VAL-API-237"",
-      ""method"": ""POST"",
+      ""method"": ""PUT"",
       ""operationId"": ""rbipropertyvaluationOperation237"",
       ""path"": ""/api/rbi-property-valuation/v1/resources/237"",
       ""requiredQuery"": [
","<!-- docs/docguard-contract-lab-v2/API_REFERENCE.md @ controlled-baseline:af8ae3ad073eb1cd -->
### VAL-API-237
- Operation: `rbipropertyvaluationOperation237`
- Public endpoint: `POST /api/rbi-property-valuation/v1/resources/237`
- Required query parameters: `tenantId`
- Success response status: `200`
",True,api_reference,Controlled design expectation: api_reference; independent human/owner acceptance still required before merge.,True,api_reference,"VAL-API-237: kod mijenja javni API ugovor iz 'POST' u 'PUT' (http_method_change), dok docs-before eksplicitno navodi staru vrijednost; dokumentacija bi zato postala zastarjela.",approved,1ba3c25c4acb77bd1dcd26fca36f97b19a781d6b9a370d6756342165c5eb033b,2497feac39e688c9250941b2c1ee301230ef94a4c37183aa1cd6674c4c78e5f6,api_reference,rbi_property_valuation,http_method_change,cases/patches/rbi_property_valuation/api_reference/VAL-API-237.patch
CRPP2-VAL-API_REFERENCE-238,controlled-v2/rbi-property-valuation-copy,9401648,csharp,"[""PropertyValuation/DocGuardContractLab-v2/api_reference/contracts_14.json""]","--- a/PropertyValuation/DocGuardContractLab-v2/api_reference/contracts_14.json
+++ b/PropertyValuation/DocGuardContractLab-v2/api_reference/contracts_14.json
@@ -75,7 +75,7 @@
       ""contractId"": ""VAL-API-238"",
       ""method"": ""PUT"",
       ""operationId"": ""rbipropertyvaluationOperation238"",
-      ""path"": ""/api/rbi-property-valuation/v1/resources/238"",
+      ""path"": ""/api/rbi-property-valuation/v2/resources/238"",
       ""requiredQuery"": [
         ""tenantId""
       ],
","<!-- docs/docguard-contract-lab-v2/API_REFERENCE.md @ controlled-baseline:af8ae3ad073eb1cd -->
### VAL-API-238
- Operation: `rbipropertyvaluationOperation238`
- Public endpoint: `PUT /api/rbi-property-valuation/v1/resources/238`
- Required query parameters: `tenantId`
- Success response status: `200`
",True,api_reference,Controlled design expectation: api_reference; independent human/owner acceptance still required before merge.,True,api_reference,"VAL-API-238: kod mijenja javni API ugovor iz '/api/rbi-property-valuation/v1/resources/238' u '/api/rbi-property-valuation/v2/resources/238' (endpoint_version_change), dok docs-before eksplicitno navodi staru vrijednost; dokumentacija bi zato postala zastarjela.",approved,1e2c1605b927117094bcada5aa9c859d5d9349526c873f24b86139acd3ece8d7,66be5190835d9cdc6b4ade24c8ebec0807b51f1688f438f0d48cf042a3b1d8ff,api_reference,rbi_property_valuation,endpoint_version_change,cases/patches/rbi_property_valuation/api_reference/VAL-API-238.patch
CRPP2-VAL-API_REFERENCE-239,controlled-v2/rbi-property-valuation-copy,9401649,csharp,"[""PropertyValuation/DocGuardContractLab-v2/api_reference/contracts_14.json""]","--- a/PropertyValuation/DocGuardContractLab-v2/api_reference/contracts_14.json
+++ b/PropertyValuation/DocGuardContractLab-v2/api_reference/contracts_14.json
@@ -87,7 +87,8 @@
       ""operationId"": ""rbipropertyvaluationOperation239"",
       ""path"": ""/api/rbi-property-valuation/v1/resources/239"",
       ""requiredQuery"": [
-        ""tenantId""
+        ""tenantId"",
+        ""includeAudit""
       ],
       ""successStatus"": 200
     },
","<!-- docs/docguard-contract-lab-v2/API_REFERENCE.md @ controlled-baseline:af8ae3ad073eb1cd -->
### VAL-API-239
- Operation: `rbipropertyvaluationOperation239`
- Public endpoint: `DELETE /api/rbi-property-valuation/v1/resources/239`
- Required query parameters: `tenantId`
- Success response status: `200`
",True,api_reference,Controlled design expectation: api_reference; independent human/owner acceptance still required before merge.,True,api_reference,"VAL-API-239: kod mijenja javni API ugovor iz 'tenantId' u 'tenantId, includeAudit' (required_parameter_added), dok docs-before eksplicitno navodi staru vrijednost; dokumentacija bi zato postala zastarjela.",approved,f3e4f539e5759ccf007548b2a9f9bec45bcc01cda17dd19fea60f56190c5bc19,e78f6917e05db0122a7d624896332bb9534c9aa66461d4ef94b0a8ef1ff1f732,api_reference,rbi_property_valuation,required_parameter_added,cases/patches/rbi_property_valuation/api_reference/VAL-API-239.patch
CRPP2-VAL-API_REFERENCE-240,controlled-v2/rbi-property-valuation-copy,9401650,csharp,"[""PropertyValuation/DocGuardContractLab-v2/api_reference/contracts_14.json""]","--- a/PropertyValuation/DocGuardContractLab-v2/api_reference/contracts_14.json
+++ b/PropertyValuation/DocGuardContractLab-v2/api_reference/contracts_14.json
@@ -99,7 +99,7 @@
       ""requiredQuery"": [
         ""tenantId""
       ],
-      ""successStatus"": 200
+      ""successStatus"": 202
     }
   ],
   ""project"": ""rbi_property_valuation"",
","<!-- docs/docguard-contract-lab-v2/API_REFERENCE.md @ controlled-baseline:af8ae3ad073eb1cd -->
### VAL-API-240
- Operation: `rbipropertyvaluationOperation240`
- Public endpoint: `GET /api/rbi-property-valuation/v1/resources/240`
- Required query parameters: `tenantId`
- Success response status: `200`
",True,api_reference,Controlled design expectation: api_reference; independent human/owner acceptance still required before merge.,True,api_reference,"VAL-API-240: kod mijenja javni API ugovor iz '200' u '202' (success_status_change), dok docs-before eksplicitno navodi staru vrijednost; dokumentacija bi zato postala zastarjela.",approved,06062054607039be9aa45df61cb33b00992598b47d696ab10c5ad5050d9218da,aad23cdcbf7b8afc2dd2f114a4eb5ed1d1358dddaf2049429c1025746efe05f6,api_reference,rbi_property_valuation,success_status_change,cases/patches/rbi_property_valuation/api_reference/VAL-API-240.patch
CRPP2-VAL-API_REFERENCE-241,controlled-v2/rbi-property-valuation-copy,9401651,csharp,"[""PropertyValuation/DocGuardContractLab-v2/api_reference/contracts_15.json""]","--- a/PropertyValuation/DocGuardContractLab-v2/api_reference/contracts_15.json
+++ b/PropertyValuation/DocGuardContractLab-v2/api_reference/contracts_15.json
@@ -3,7 +3,7 @@
   ""contracts"": [
     {
       ""contractId"": ""VAL-API-241"",
-      ""method"": ""POST"",
+      ""method"": ""PUT"",
       ""operationId"": ""rbipropertyvaluationOperation241"",
       ""path"": ""/api/rbi-property-valuation/v1/resources/241"",
       ""requiredQuery"": [
","<!-- docs/docguard-contract-lab-v2/API_REFERENCE.md @ controlled-baseline:af8ae3ad073eb1cd -->
### VAL-API-241
- Operation: `rbipropertyvaluationOperation241`
- Public endpoint: `POST /api/rbi-property-valuation/v1/resources/241`
- Required query parameters: `tenantId`
- Success response status: `200`
",True,api_reference,Controlled design expectation: api_reference; independent human/owner acceptance still required before merge.,True,api_reference,"VAL-API-241: kod mijenja javni API ugovor iz 'POST' u 'PUT' (http_method_change), dok docs-before eksplicitno navodi staru vrijednost; dokumentacija bi zato postala zastarjela.",approved,b3a92392513306b44afe4b1146f31c85d4bf4c2d53791f345609569bce025647,dc7bdac00e9bbe6da396ee567618c61791f321529ee707d51cc018a593d6b521,api_reference,rbi_property_valuation,http_method_change,cases/patches/rbi_property_valuation/api_reference/VAL-API-241.patch
CRPP2-VAL-API_REFERENCE-242,controlled-v2/rbi-property-valuation-copy,9401652,csharp,"[""PropertyValuation/DocGuardContractLab-v2/api_reference/contracts_15.json""]","--- a/PropertyValuation/DocGuardContractLab-v2/api_reference/contracts_15.json
+++ b/PropertyValuation/DocGuardContractLab-v2/api_reference/contracts_15.json
@@ -15,7 +15,7 @@
       ""contractId"": ""VAL-API-242"",
       ""method"": ""PUT"",
       ""operationId"": ""rbipropertyvaluationOperation242"",
-      ""path"": ""/api/rbi-property-valuation/v1/resources/242"",
+      ""path"": ""/api/rbi-property-valuation/v2/resources/242"",
       ""requiredQuery"": [
         ""tenantId""
       ],
","<!-- docs/docguard-contract-lab-v2/API_REFERENCE.md @ controlled-baseline:af8ae3ad073eb1cd -->
### VAL-API-242
- Operation: `rbipropertyvaluationOperation242`
- Public endpoint: `PUT /api/rbi-property-valuation/v1/resources/242`
- Required query parameters: `tenantId`
- Success response status: `200`
",True,api_reference,Controlled design expectation: api_reference; independent human/owner acceptance still required before merge.,True,api_reference,"VAL-API-242: kod mijenja javni API ugovor iz '/api/rbi-property-valuation/v1/resources/242' u '/api/rbi-property-valuation/v2/resources/242' (endpoint_version_change), dok docs-before eksplicitno navodi staru vrijednost; dokumentacija bi zato postala zastarjela.",approved,07d57eba83764d60f323b6a923b2f27e852cdc53dbb556859c88d1fc046cb7e4,05b394cff917f5c226373b8d5e9b41267cfd14112d7d0221773eedf63aa87d31,api_reference,rbi_property_valuation,endpoint_version_change,cases/patches/rbi_property_valuation/api_reference/VAL-API-242.patch
CRPP2-VAL-API_REFERENCE-243,controlled-v2/rbi-property-valuation-copy,9401653,csharp,"[""PropertyValuation/DocGuardContractLab-v2/api_reference/contracts_15.json""]","--- a/PropertyValuation/DocGuardContractLab-v2/api_reference/contracts_15.json
+++ b/PropertyValuation/DocGuardContractLab-v2/api_reference/contracts_15.json
@@ -27,7 +27,8 @@
       ""operationId"": ""rbipropertyvaluationOperation243"",
       ""path"": ""/api/rbi-property-valuation/v1/resources/243"",
       ""requiredQuery"": [
-        ""tenantId""
+        ""tenantId"",
+        ""includeAudit""
       ],
       ""successStatus"": 200
     },
","<!-- docs/docguard-contract-lab-v2/API_REFERENCE.md @ controlled-baseline:af8ae3ad073eb1cd -->
### VAL-API-243
- Operation: `rbipropertyvaluationOperation243`
- Public endpoint: `DELETE /api/rbi-property-valuation/v1/resources/243`
- Required query parameters: `tenantId`
- Success response status: `200`
",True,api_reference,Controlled design expectation: api_reference; independent human/owner acceptance still required before merge.,True,api_reference,"VAL-API-243: kod mijenja javni API ugovor iz 'tenantId' u 'tenantId, includeAudit' (required_parameter_added), dok docs-before eksplicitno navodi staru vrijednost; dokumentacija bi zato postala zastarjela.",approved,053d973708d1fcf7c0d348ae4aaba79f48347bfe8cc565d955f2b3a0a031f8c3,7f611783d804b27e9d83901b8eab19d608c8a193eab81898bcb2075772db5fed,api_reference,rbi_property_valuation,required_parameter_added,cases/patches/rbi_property_valuation/api_reference/VAL-API-243.patch
CRPP2-VAL-API_REFERENCE-244,controlled-v2/rbi-property-valuation-copy,9401654,csharp,"[""PropertyValuation/DocGuardContractLab-v2/api_reference/contracts_15.json""]","--- a/PropertyValuation/DocGuardContractLab-v2/api_reference/contracts_15.json
+++ b/PropertyValuation/DocGuardContractLab-v2/api_reference/contracts_15.json
@@ -39,7 +39,7 @@
       ""requiredQuery"": [
         ""tenantId""
       ],
-      ""successStatus"": 200
+      ""successStatus"": 202
     },
     {
       ""contractId"": ""VAL-API-245"",
","<!-- docs/docguard-contract-lab-v2/API_REFERENCE.md @ controlled-baseline:af8ae3ad073eb1cd -->
### VAL-API-244
- Operation: `rbipropertyvaluationOperation244`
- Public endpoint: `GET /api/rbi-property-valuation/v1/resources/244`
- Required query parameters: `tenantId`
- Success response status: `200`
",True,api_reference,Controlled design expectation: api_reference; independent human/owner acceptance still required before merge.,True,api_reference,"VAL-API-244: kod mijenja javni API ugovor iz '200' u '202' (success_status_change), dok docs-before eksplicitno navodi staru vrijednost; dokumentacija bi zato postala zastarjela.",approved,fee0bd188ae08401c4f1be767ebdfb50e8c6b4545bfc1846a6bacfba8ea95b6c,0af423a6b52034952a497ff3dae29dd83dccfbcfe348f9ec0e93c953c6e26104,api_reference,rbi_property_valuation,success_status_change,cases/patches/rbi_property_valuation/api_reference/VAL-API-244.patch
CRPP2-VAL-API_REFERENCE-245,controlled-v2/rbi-property-valuation-copy,9401655,csharp,"[""PropertyValuation/DocGuardContractLab-v2/api_reference/contracts_15.json""]","--- a/PropertyValuation/DocGuardContractLab-v2/api_reference/contracts_15.json
+++ b/PropertyValuation/DocGuardContractLab-v2/api_reference/contracts_15.json
@@ -43,7 +43,7 @@
     },
     {
       ""contractId"": ""VAL-API-245"",
-      ""method"": ""POST"",
+      ""method"": ""PUT"",
       ""operationId"": ""rbipropertyvaluationOperation245"",
       ""path"": ""/api/rbi-property-valuation/v1/resources/245"",
       ""requiredQuery"": [
","<!-- docs/docguard-contract-lab-v2/API_REFERENCE.md @ controlled-baseline:af8ae3ad073eb1cd -->
### VAL-API-245
- Operation: `rbipropertyvaluationOperation245`
- Public endpoint: `POST /api/rbi-property-valuation/v1/resources/245`
- Required query parameters: `tenantId`
- Success response status: `200`
",True,api_reference,Controlled design expectation: api_reference; independent human/owner acceptance still required before merge.,True,api_reference,"VAL-API-245: kod mijenja javni API ugovor iz 'POST' u 'PUT' (http_method_change), dok docs-before eksplicitno navodi staru vrijednost; dokumentacija bi zato postala zastarjela.",approved,7b03a7e78c223db6ea5733ffec0f0bbc06d9b6d2a278a7f8b71129be71ce5172,2542db2383236ba9d289ede729dfad04b833a1920e288c721449f89b946647ea,api_reference,rbi_property_valuation,http_method_change,cases/patches/rbi_property_valuation/api_reference/VAL-API-245.patch
CRPP2-VAL-API_REFERENCE-246,controlled-v2/rbi-property-valuation-copy,9401656,csharp,"[""PropertyValuation/DocGuardContractLab-v2/api_reference/contracts_15.json""]","--- a/PropertyValuation/DocGuardContractLab-v2/api_reference/contracts_15.json
+++ b/PropertyValuation/DocGuardContractLab-v2/api_reference/contracts_15.json
@@ -55,7 +55,7 @@
       ""contractId"": ""VAL-API-246"",
       ""method"": ""PUT"",
       ""operationId"": ""rbipropertyvaluationOperation246"",
-      ""path"": ""/api/rbi-property-valuation/v1/resources/246"",
+      ""path"": ""/api/rbi-property-valuation/v2/resources/246"",
       ""requiredQuery"": [
         ""tenantId""
       ],
","<!-- docs/docguard-contract-lab-v2/API_REFERENCE.md @ controlled-baseline:af8ae3ad073eb1cd -->
### VAL-API-246
- Operation: `rbipropertyvaluationOperation246`
- Public endpoint: `PUT /api/rbi-property-valuation/v1/resources/246`
- Required query parameters: `tenantId`
- Success response status: `200`
",True,api_reference,Controlled design expectation: api_reference; independent human/owner acceptance still required before merge.,True,api_reference,"VAL-API-246: kod mijenja javni API ugovor iz '/api/rbi-property-valuation/v1/resources/246' u '/api/rbi-property-valuation/v2/resources/246' (endpoint_version_change), dok docs-before eksplicitno navodi staru vrijednost; dokumentacija bi zato postala zastarjela.",approved,1b06b3ef80b54e13c3b29b9be9d0b64c73c1b5881b6f7a82705af61fec73c2cf,995c3f0a097c8cab84e55660aa76b37941c4c09fe92d7ebe1b0e02db8c0ddb09,api_reference,rbi_property_valuation,endpoint_version_change,cases/patches/rbi_property_valuation/api_reference/VAL-API-246.patch
CRPP2-VAL-API_REFERENCE-247,controlled-v2/rbi-property-valuation-copy,9401657,csharp,"[""PropertyValuation/DocGuardContractLab-v2/api_reference/contracts_15.json""]","--- a/PropertyValuation/DocGuardContractLab-v2/api_reference/contracts_15.json
+++ b/PropertyValuation/DocGuardContractLab-v2/api_reference/contracts_15.json
@@ -67,7 +67,8 @@
       ""operationId"": ""rbipropertyvaluationOperation247"",
       ""path"": ""/api/rbi-property-valuation/v1/resources/247"",
       ""requiredQuery"": [
-        ""tenantId""
+        ""tenantId"",
+        ""includeAudit""
       ],
       ""successStatus"": 200
     },
","<!-- docs/docguard-contract-lab-v2/API_REFERENCE.md @ controlled-baseline:af8ae3ad073eb1cd -->
### VAL-API-247
- Operation: `rbipropertyvaluationOperation247`
- Public endpoint: `DELETE /api/rbi-property-valuation/v1/resources/247`
- Required query parameters: `tenantId`
- Success response status: `200`
",True,api_reference,Controlled design expectation: api_reference; independent human/owner acceptance still required before merge.,True,api_reference,"VAL-API-247: kod mijenja javni API ugovor iz 'tenantId' u 'tenantId, includeAudit' (required_parameter_added), dok docs-before eksplicitno navodi staru vrijednost; dokumentacija bi zato postala zastarjela.",approved,cefc27b263a9b7b1a618c90ef30bbffbaed3e892933544a707f1a986c4dec4af,a962bd9c2fe71c27fd0676a098eb505382d1e1d7aac2bdc010fc6536a472205d,api_reference,rbi_property_valuation,required_parameter_added,cases/patches/rbi_property_valuation/api_reference/VAL-API-247.patch
CRPP2-VAL-API_REFERENCE-248,controlled-v2/rbi-property-valuation-copy,9401658,csharp,"[""PropertyValuation/DocGuardContractLab-v2/api_reference/contracts_15.json""]","--- a/PropertyValuation/DocGuardContractLab-v2/api_reference/contracts_15.json
+++ b/PropertyValuation/DocGuardContractLab-v2/api_reference/contracts_15.json
@@ -79,7 +79,7 @@
       ""requiredQuery"": [
         ""tenantId""
       ],
-      ""successStatus"": 200
+      ""successStatus"": 202
     },
     {
       ""contractId"": ""VAL-API-249"",
","<!-- docs/docguard-contract-lab-v2/API_REFERENCE.md @ controlled-baseline:af8ae3ad073eb1cd -->
### VAL-API-248
- Operation: `rbipropertyvaluationOperation248`
- Public endpoint: `GET /api/rbi-property-valuation/v1/resources/248`
- Required query parameters: `tenantId`
- Success response status: `200`
",True,api_reference,Controlled design expectation: api_reference; independent human/owner acceptance still required before merge.,True,api_reference,"VAL-API-248: kod mijenja javni API ugovor iz '200' u '202' (success_status_change), dok docs-before eksplicitno navodi staru vrijednost; dokumentacija bi zato postala zastarjela.",approved,7e4839fcd5e4a45be49440c146d1710c50fb688ee3dd52c4f5eb2b81832d8417,1f6657a04bd949cf140cf4d98ad6efa3cf90afd12a593f9c5fc7c37eb316c8b8,api_reference,rbi_property_valuation,success_status_change,cases/patches/rbi_property_valuation/api_reference/VAL-API-248.patch
CRPP2-VAL-API_REFERENCE-249,controlled-v2/rbi-property-valuation-copy,9401659,csharp,"[""PropertyValuation/DocGuardContractLab-v2/api_reference/contracts_15.json""]","--- a/PropertyValuation/DocGuardContractLab-v2/api_reference/contracts_15.json
+++ b/PropertyValuation/DocGuardContractLab-v2/api_reference/contracts_15.json
@@ -83,7 +83,7 @@
     },
     {
       ""contractId"": ""VAL-API-249"",
-      ""method"": ""POST"",
+      ""method"": ""PUT"",
       ""operationId"": ""rbipropertyvaluationOperation249"",
       ""path"": ""/api/rbi-property-valuation/v1/resources/249"",
       ""requiredQuery"": [
","<!-- docs/docguard-contract-lab-v2/API_REFERENCE.md @ controlled-baseline:af8ae3ad073eb1cd -->
### VAL-API-249
- Operation: `rbipropertyvaluationOperation249`
- Public endpoint: `POST /api/rbi-property-valuation/v1/resources/249`
- Required query parameters: `tenantId`
- Success response status: `200`
",True,api_reference,Controlled design expectation: api_reference; independent human/owner acceptance still required before merge.,True,api_reference,"VAL-API-249: kod mijenja javni API ugovor iz 'POST' u 'PUT' (http_method_change), dok docs-before eksplicitno navodi staru vrijednost; dokumentacija bi zato postala zastarjela.",approved,00f4f2f66096539e8d9be3540e9dc690062d01590392f14045220cff2d0959de,f120944c59686d61010f2a3787bdfb66aff6a3bc97adbed55b31c47566be68dc,api_reference,rbi_property_valuation,http_method_change,cases/patches/rbi_property_valuation/api_reference/VAL-API-249.patch
CRPP2-VAL-API_REFERENCE-250,controlled-v2/rbi-property-valuation-copy,9401660,csharp,"[""PropertyValuation/DocGuardContractLab-v2/api_reference/contracts_15.json""]","--- a/PropertyValuation/DocGuardContractLab-v2/api_reference/contracts_15.json
+++ b/PropertyValuation/DocGuardContractLab-v2/api_reference/contracts_15.json
@@ -95,7 +95,7 @@
       ""contractId"": ""VAL-API-250"",
       ""method"": ""PUT"",
       ""operationId"": ""rbipropertyvaluationOperation250"",
-      ""path"": ""/api/rbi-property-valuation/v1/resources/250"",
+      ""path"": ""/api/rbi-property-valuation/v2/resources/250"",
       ""requiredQuery"": [
         ""tenantId""
       ],
","<!-- docs/docguard-contract-lab-v2/API_REFERENCE.md @ controlled-baseline:af8ae3ad073eb1cd -->
### VAL-API-250
- Operation: `rbipropertyvaluationOperation250`
- Public endpoint: `PUT /api/rbi-property-valuation/v1/resources/250`
- Required query parameters: `tenantId`
- Success response status: `200`
",True,api_reference,Controlled design expectation: api_reference; independent human/owner acceptance still required before merge.,True,api_reference,"VAL-API-250: kod mijenja javni API ugovor iz '/api/rbi-property-valuation/v1/resources/250' u '/api/rbi-property-valuation/v2/resources/250' (endpoint_version_change), dok docs-before eksplicitno navodi staru vrijednost; dokumentacija bi zato postala zastarjela.",approved,758a82f8d85986d4a3dd0f9c4ac347c6c84412717ef75aa0b2ed018b9adecba3,d4204764d6ea9e7d92509d79af6e1ddc056efaefaf69848740456aa07c3cb1fa,api_reference,rbi_property_valuation,endpoint_version_change,cases/patches/rbi_property_valuation/api_reference/VAL-API-250.patch
CRPP2-VAL-CONFIGURATION-101,controlled-v2/rbi-property-valuation-copy,9401661,csharp,"[""PropertyValuation/DocGuardContractLab-v2/configuration/contracts_01.json""]","--- a/PropertyValuation/DocGuardContractLab-v2/configuration/contracts_01.json
+++ b/PropertyValuation/DocGuardContractLab-v2/configuration/contracts_01.json
@@ -3,7 +3,7 @@
   ""contracts"": [
     {
       ""contractId"": ""VAL-CFG-101"",
-      ""default"": 131,
+      ""default"": 161,
       ""environmentVariable"": ""VAL_FEATURE_101_TIMEOUT_SECONDS"",
       ""key"": ""rbi_property_valuation.feature101.timeoutSeconds"",
       ""mode"": ""safe"",
","<!-- docs/docguard-contract-lab-v2/CONFIGURATION.md @ controlled-baseline:964bf0471796d05b -->
### VAL-CFG-101
- Configuration key: `rbi_property_valuation.feature101.timeoutSeconds`
- Environment variable: `VAL_FEATURE_101_TIMEOUT_SECONDS`
- Documented default: `131`
- Required: `false`
- Mode: `safe`
",True,configuration,Controlled design expectation: configuration; independent human/owner acceptance still required before merge.,True,configuration,"VAL-CFG-101: kod mijenja dokumentovanu konfiguraciju iz '131' u '161' (documented_default_change), dok docs-before eksplicitno navodi staru vrijednost; dokumentacija bi zato postala zastarjela.",approved,96f003a229ce70d385641b71da76ef7c1c38352b57eb3516b9caeb862acad29c,24002e1cbb005182a6a03b28c8d65af8a31468be0165860cddbe61f02f9e2753,configuration,rbi_property_valuation,documented_default_change,cases/patches/rbi_property_valuation/configuration/VAL-CFG-101.patch
CRPP2-VAL-CONFIGURATION-102,controlled-v2/rbi-property-valuation-copy,9401662,csharp,"[""PropertyValuation/DocGuardContractLab-v2/configuration/contracts_01.json""]","--- a/PropertyValuation/DocGuardContractLab-v2/configuration/contracts_01.json
+++ b/PropertyValuation/DocGuardContractLab-v2/configuration/contracts_01.json
@@ -12,7 +12,7 @@
     {
       ""contractId"": ""VAL-CFG-102"",
       ""default"": 132,
-      ""environmentVariable"": ""VAL_FEATURE_102_TIMEOUT_SECONDS"",
+      ""environmentVariable"": ""VAL_FEATURE_102_TIMEOUT_SECONDS_V2"",
       ""key"": ""rbi_property_valuation.feature102.timeoutSeconds"",
       ""mode"": ""safe"",
       ""required"": false
","<!-- docs/docguard-contract-lab-v2/CONFIGURATION.md @ controlled-baseline:964bf0471796d05b -->
### VAL-CFG-102
- Configuration key: `rbi_property_valuation.feature102.timeoutSeconds`
- Environment variable: `VAL_FEATURE_102_TIMEOUT_SECONDS`
- Documented default: `132`
- Required: `false`
- Mode: `safe`
",True,configuration,Controlled design expectation: configuration; independent human/owner acceptance still required before merge.,True,configuration,"VAL-CFG-102: kod mijenja dokumentovanu konfiguraciju iz 'VAL_FEATURE_102_TIMEOUT_SECONDS' u 'VAL_FEATURE_102_TIMEOUT_SECONDS_V2' (environment_variable_rename), dok docs-before eksplicitno navodi staru vrijednost; dokumentacija bi zato postala zastarjela.",approved,5bcd404d3aacc5ec7e9fc05eae6ba3852d7a15236146209c93b4152e22de98d8,f661a8fad4f5dc194004d255af8c91ad0ac56e404fc104db804f8137ad2c60f2,configuration,rbi_property_valuation,environment_variable_rename,cases/patches/rbi_property_valuation/configuration/VAL-CFG-102.patch
CRPP2-VAL-CONFIGURATION-103,controlled-v2/rbi-property-valuation-copy,9401663,csharp,"[""PropertyValuation/DocGuardContractLab-v2/configuration/contracts_01.json""]","--- a/PropertyValuation/DocGuardContractLab-v2/configuration/contracts_01.json
+++ b/PropertyValuation/DocGuardContractLab-v2/configuration/contracts_01.json
@@ -23,7 +23,7 @@
       ""environmentVariable"": ""VAL_FEATURE_103_TIMEOUT_SECONDS"",
       ""key"": ""rbi_property_valuation.feature103.timeoutSeconds"",
       ""mode"": ""safe"",
-      ""required"": false
+      ""required"": true
     },
     {
       ""contractId"": ""VAL-CFG-104"",
","<!-- docs/docguard-contract-lab-v2/CONFIGURATION.md @ controlled-baseline:964bf0471796d05b -->
### VAL-CFG-103
- Configuration key: `rbi_property_valuation.feature103.timeoutSeconds`
- Environment variable: `VAL_FEATURE_103_TIMEOUT_SECONDS`
- Documented default: `133`
- Required: `false`
- Mode: `safe`
",True,configuration,Controlled design expectation: configuration; independent human/owner acceptance still required before merge.,True,configuration,"VAL-CFG-103: kod mijenja dokumentovanu konfiguraciju iz 'false' u 'true' (optional_to_required), dok docs-before eksplicitno navodi staru vrijednost; dokumentacija bi zato postala zastarjela.",approved,f725a8dc09934c050c3a5e4096024b14076c8ed1bfbb9dfa368295fb1dab202b,a3e0d65921725b59a66595f52a24a2d39de75385940575109bc83503d488f01c,configuration,rbi_property_valuation,optional_to_required,cases/patches/rbi_property_valuation/configuration/VAL-CFG-103.patch
CRPP2-VAL-CONFIGURATION-104,controlled-v2/rbi-property-valuation-copy,9401664,csharp,"[""PropertyValuation/DocGuardContractLab-v2/configuration/contracts_01.json""]","--- a/PropertyValuation/DocGuardContractLab-v2/configuration/contracts_01.json
+++ b/PropertyValuation/DocGuardContractLab-v2/configuration/contracts_01.json
@@ -30,7 +30,7 @@
       ""default"": 134,
       ""environmentVariable"": ""VAL_FEATURE_104_TIMEOUT_SECONDS"",
       ""key"": ""rbi_property_valuation.feature104.timeoutSeconds"",
-      ""mode"": ""safe"",
+      ""mode"": ""strict"",
       ""required"": false
     },
     {
","<!-- docs/docguard-contract-lab-v2/CONFIGURATION.md @ controlled-baseline:964bf0471796d05b -->
### VAL-CFG-104
- Configuration key: `rbi_property_valuation.feature104.timeoutSeconds`
- Environment variable: `VAL_FEATURE_104_TIMEOUT_SECONDS`
- Documented default: `134`
- Required: `false`
- Mode: `safe`
",True,configuration,Controlled design expectation: configuration; independent human/owner acceptance still required before merge.,True,configuration,"VAL-CFG-104: kod mijenja dokumentovanu konfiguraciju iz 'safe' u 'strict' (configuration_mode_change), dok docs-before eksplicitno navodi staru vrijednost; dokumentacija bi zato postala zastarjela.",approved,549103d5bcf27f1d37467a79cce5492a985d5d755318da5101e56062bc828683,b560bcb19a8ed2f64ce39dafe0670ee33822c9b79f2088773c48be2948f85d76,configuration,rbi_property_valuation,configuration_mode_change,cases/patches/rbi_property_valuation/configuration/VAL-CFG-104.patch
CRPP2-VAL-CONFIGURATION-105,controlled-v2/rbi-property-valuation-copy,9401665,csharp,"[""PropertyValuation/DocGuardContractLab-v2/configuration/contracts_01.json""]","--- a/PropertyValuation/DocGuardContractLab-v2/configuration/contracts_01.json
+++ b/PropertyValuation/DocGuardContractLab-v2/configuration/contracts_01.json
@@ -35,7 +35,7 @@
     },
     {
       ""contractId"": ""VAL-CFG-105"",
-      ""default"": 135,
+      ""default"": 165,
       ""environmentVariable"": ""VAL_FEATURE_105_TIMEOUT_SECONDS"",
       ""key"": ""rbi_property_valuation.feature105.timeoutSeconds"",
       ""mode"": ""safe"",
","<!-- docs/docguard-contract-lab-v2/CONFIGURATION.md @ controlled-baseline:964bf0471796d05b -->
### VAL-CFG-105
- Configuration key: `rbi_property_valuation.feature105.timeoutSeconds`
- Environment variable: `VAL_FEATURE_105_TIMEOUT_SECONDS`
- Documented default: `135`
- Required: `false`
- Mode: `safe`
",True,configuration,Controlled design expectation: configuration; independent human/owner acceptance still required before merge.,True,configuration,"VAL-CFG-105: kod mijenja dokumentovanu konfiguraciju iz '135' u '165' (documented_default_change), dok docs-before eksplicitno navodi staru vrijednost; dokumentacija bi zato postala zastarjela.",approved,7e7eab4984acedd72144a71dfc3792dffd97165043a13482f985016e9bafd188,bf26725272f18c76dbe55bbbada0885e4d4a52e0ebc5a70cc0bd5210c0b6c802,configuration,rbi_property_valuation,documented_default_change,cases/patches/rbi_property_valuation/configuration/VAL-CFG-105.patch
CRPP2-VAL-CONFIGURATION-106,controlled-v2/rbi-property-valuation-copy,9401666,csharp,"[""PropertyValuation/DocGuardContractLab-v2/configuration/contracts_01.json""]","--- a/PropertyValuation/DocGuardContractLab-v2/configuration/contracts_01.json
+++ b/PropertyValuation/DocGuardContractLab-v2/configuration/contracts_01.json
@@ -44,7 +44,7 @@
     {
       ""contractId"": ""VAL-CFG-106"",
       ""default"": 136,
-      ""environmentVariable"": ""VAL_FEATURE_106_TIMEOUT_SECONDS"",
+      ""environmentVariable"": ""VAL_FEATURE_106_TIMEOUT_SECONDS_V2"",
       ""key"": ""rbi_property_valuation.feature106.timeoutSeconds"",
       ""mode"": ""safe"",
       ""required"": false
","<!-- docs/docguard-contract-lab-v2/CONFIGURATION.md @ controlled-baseline:964bf0471796d05b -->
### VAL-CFG-106
- Configuration key: `rbi_property_valuation.feature106.timeoutSeconds`
- Environment variable: `VAL_FEATURE_106_TIMEOUT_SECONDS`
- Documented default: `136`
- Required: `false`
- Mode: `safe`
",True,configuration,Controlled design expectation: configuration; independent human/owner acceptance still required before merge.,True,configuration,"VAL-CFG-106: kod mijenja dokumentovanu konfiguraciju iz 'VAL_FEATURE_106_TIMEOUT_SECONDS' u 'VAL_FEATURE_106_TIMEOUT_SECONDS_V2' (environment_variable_rename), dok docs-before eksplicitno navodi staru vrijednost; dokumentacija bi zato postala zastarjela.",approved,31468815509216b7481ea68bc5462f70063517ca37bdf80c600946adb57f4187,059ebdfc13464479d939e53adeadf4ea861b3e60ff68a6cc3faf558e1af75631,configuration,rbi_property_valuation,environment_variable_rename,cases/patches/rbi_property_valuation/configuration/VAL-CFG-106.patch
CRPP2-VAL-CONFIGURATION-107,controlled-v2/rbi-property-valuation-copy,9401667,csharp,"[""PropertyValuation/DocGuardContractLab-v2/configuration/contracts_01.json""]","--- a/PropertyValuation/DocGuardContractLab-v2/configuration/contracts_01.json
+++ b/PropertyValuation/DocGuardContractLab-v2/configuration/contracts_01.json
@@ -55,7 +55,7 @@
       ""environmentVariable"": ""VAL_FEATURE_107_TIMEOUT_SECONDS"",
       ""key"": ""rbi_property_valuation.feature107.timeoutSeconds"",
       ""mode"": ""safe"",
-      ""required"": false
+      ""required"": true
     },
     {
       ""contractId"": ""VAL-CFG-108"",
","<!-- docs/docguard-contract-lab-v2/CONFIGURATION.md @ controlled-baseline:964bf0471796d05b -->
### VAL-CFG-107
- Configuration key: `rbi_property_valuation.feature107.timeoutSeconds`
- Environment variable: `VAL_FEATURE_107_TIMEOUT_SECONDS`
- Documented default: `137`
- Required: `false`
- Mode: `safe`
",True,configuration,Controlled design expectation: configuration; independent human/owner acceptance still required before merge.,True,configuration,"VAL-CFG-107: kod mijenja dokumentovanu konfiguraciju iz 'false' u 'true' (optional_to_required), dok docs-before eksplicitno navodi staru vrijednost; dokumentacija bi zato postala zastarjela.",approved,0e5c6ce7ac0f95dc1113de5fc26162568b6490d64548960c5870c7dbc49d3a99,9128560e6e3dbfd6c6de55f40b30358745bd763dcd418ee7761ccf10deaa4888,configuration,rbi_property_valuation,optional_to_required,cases/patches/rbi_property_valuation/configuration/VAL-CFG-107.patch
CRPP2-VAL-CONFIGURATION-108,controlled-v2/rbi-property-valuation-copy,9401668,csharp,"[""PropertyValuation/DocGuardContractLab-v2/configuration/contracts_01.json""]","--- a/PropertyValuation/DocGuardContractLab-v2/configuration/contracts_01.json
+++ b/PropertyValuation/DocGuardContractLab-v2/configuration/contracts_01.json
@@ -62,7 +62,7 @@
       ""default"": 138,
       ""environmentVariable"": ""VAL_FEATURE_108_TIMEOUT_SECONDS"",
       ""key"": ""rbi_property_valuation.feature108.timeoutSeconds"",
-      ""mode"": ""safe"",
+      ""mode"": ""strict"",
       ""required"": false
     },
     {
","<!-- docs/docguard-contract-lab-v2/CONFIGURATION.md @ controlled-baseline:964bf0471796d05b -->
### VAL-CFG-108
- Configuration key: `rbi_property_valuation.feature108.timeoutSeconds`
- Environment variable: `VAL_FEATURE_108_TIMEOUT_SECONDS`
- Documented default: `138`
- Required: `false`
- Mode: `safe`
",True,configuration,Controlled design expectation: configuration; independent human/owner acceptance still required before merge.,True,configuration,"VAL-CFG-108: kod mijenja dokumentovanu konfiguraciju iz 'safe' u 'strict' (configuration_mode_change), dok docs-before eksplicitno navodi staru vrijednost; dokumentacija bi zato postala zastarjela.",approved,0f0ded4e705bfb25d96904d4cbc37d5c3aee540d9f06ffa81a5f36b4acefea4c,2292062c70c3e9c76072f73efab799007367a5ad388ad6e594dfdc3319f711cd,configuration,rbi_property_valuation,configuration_mode_change,cases/patches/rbi_property_valuation/configuration/VAL-CFG-108.patch
CRPP2-VAL-CONFIGURATION-109,controlled-v2/rbi-property-valuation-copy,9401669,csharp,"[""PropertyValuation/DocGuardContractLab-v2/configuration/contracts_01.json""]","--- a/PropertyValuation/DocGuardContractLab-v2/configuration/contracts_01.json
+++ b/PropertyValuation/DocGuardContractLab-v2/configuration/contracts_01.json
@@ -67,7 +67,7 @@
     },
     {
       ""contractId"": ""VAL-CFG-109"",
-      ""default"": 139,
+      ""default"": 169,
       ""environmentVariable"": ""VAL_FEATURE_109_TIMEOUT_SECONDS"",
       ""key"": ""rbi_property_valuation.feature109.timeoutSeconds"",
       ""mode"": ""safe"",
","<!-- docs/docguard-contract-lab-v2/CONFIGURATION.md @ controlled-baseline:964bf0471796d05b -->
### VAL-CFG-109
- Configuration key: `rbi_property_valuation.feature109.timeoutSeconds`
- Environment variable: `VAL_FEATURE_109_TIMEOUT_SECONDS`
- Documented default: `139`
- Required: `false`
- Mode: `safe`
",True,configuration,Controlled design expectation: configuration; independent human/owner acceptance still required before merge.,True,configuration,"VAL-CFG-109: kod mijenja dokumentovanu konfiguraciju iz '139' u '169' (documented_default_change), dok docs-before eksplicitno navodi staru vrijednost; dokumentacija bi zato postala zastarjela.",approved,bcf94ca037472837d4ecc22c8300c12997baed8f1a2cb724c28db39e9e2f4d15,64b6bcf06e615f5e2b06177958c8d1805674b5dc46e934d86b1bb1ab54acb058,configuration,rbi_property_valuation,documented_default_change,cases/patches/rbi_property_valuation/configuration/VAL-CFG-109.patch
CRPP2-VAL-CONFIGURATION-110,controlled-v2/rbi-property-valuation-copy,9401670,csharp,"[""PropertyValuation/DocGuardContractLab-v2/configuration/contracts_01.json""]","--- a/PropertyValuation/DocGuardContractLab-v2/configuration/contracts_01.json
+++ b/PropertyValuation/DocGuardContractLab-v2/configuration/contracts_01.json
@@ -76,7 +76,7 @@
     {
       ""contractId"": ""VAL-CFG-110"",
       ""default"": 140,
-      ""environmentVariable"": ""VAL_FEATURE_110_TIMEOUT_SECONDS"",
+      ""environmentVariable"": ""VAL_FEATURE_110_TIMEOUT_SECONDS_V2"",
       ""key"": ""rbi_property_valuation.feature110.timeoutSeconds"",
       ""mode"": ""safe"",
       ""required"": false
","<!-- docs/docguard-contract-lab-v2/CONFIGURATION.md @ controlled-baseline:964bf0471796d05b -->
### VAL-CFG-110
- Configuration key: `rbi_property_valuation.feature110.timeoutSeconds`
- Environment variable: `VAL_FEATURE_110_TIMEOUT_SECONDS`
- Documented default: `140`
- Required: `false`
- Mode: `safe`
",True,configuration,Controlled design expectation: configuration; independent human/owner acceptance still required before merge.,True,configuration,"VAL-CFG-110: kod mijenja dokumentovanu konfiguraciju iz 'VAL_FEATURE_110_TIMEOUT_SECONDS' u 'VAL_FEATURE_110_TIMEOUT_SECONDS_V2' (environment_variable_rename), dok docs-before eksplicitno navodi staru vrijednost; dokumentacija bi zato postala zastarjela.",approved,1a24eac86c42cf125087ab2e9be65c3fbab18d27acdf0d67a43d9b307986da73,0e1ffcbcca7bc035b5032ccccb0ab66a3330c5cf500cc8c1a1f8623b15eb0f9a,configuration,rbi_property_valuation,environment_variable_rename,cases/patches/rbi_property_valuation/configuration/VAL-CFG-110.patch
CRPP2-VAL-CONFIGURATION-111,controlled-v2/rbi-property-valuation-copy,9401671,csharp,"[""PropertyValuation/DocGuardContractLab-v2/configuration/contracts_02.json""]","--- a/PropertyValuation/DocGuardContractLab-v2/configuration/contracts_02.json
+++ b/PropertyValuation/DocGuardContractLab-v2/configuration/contracts_02.json
@@ -7,7 +7,7 @@
       ""environmentVariable"": ""VAL_FEATURE_111_TIMEOUT_SECONDS"",
       ""key"": ""rbi_property_valuation.feature111.timeoutSeconds"",
       ""mode"": ""safe"",
-      ""required"": false
+      ""required"": true
     },
     {
       ""contractId"": ""VAL-CFG-112"",
","<!-- docs/docguard-contract-lab-v2/CONFIGURATION.md @ controlled-baseline:964bf0471796d05b -->
### VAL-CFG-111
- Configuration key: `rbi_property_valuation.feature111.timeoutSeconds`
- Environment variable: `VAL_FEATURE_111_TIMEOUT_SECONDS`
- Documented default: `141`
- Required: `false`
- Mode: `safe`
",True,configuration,Controlled design expectation: configuration; independent human/owner acceptance still required before merge.,True,configuration,"VAL-CFG-111: kod mijenja dokumentovanu konfiguraciju iz 'false' u 'true' (optional_to_required), dok docs-before eksplicitno navodi staru vrijednost; dokumentacija bi zato postala zastarjela.",approved,583dc9ec32bcb536073f54f78f924db563831ee6764b95f97f7ec901154e26a3,b16a5007bf3ba7677a3a0c3754004d5f07a06aa806e008594a150db8ac15086c,configuration,rbi_property_valuation,optional_to_required,cases/patches/rbi_property_valuation/configuration/VAL-CFG-111.patch
CRPP2-VAL-CONFIGURATION-112,controlled-v2/rbi-property-valuation-copy,9401672,csharp,"[""PropertyValuation/DocGuardContractLab-v2/configuration/contracts_02.json""]","--- a/PropertyValuation/DocGuardContractLab-v2/configuration/contracts_02.json
+++ b/PropertyValuation/DocGuardContractLab-v2/configuration/contracts_02.json
@@ -14,7 +14,7 @@
       ""default"": 142,
       ""environmentVariable"": ""VAL_FEATURE_112_TIMEOUT_SECONDS"",
       ""key"": ""rbi_property_valuation.feature112.timeoutSeconds"",
-      ""mode"": ""safe"",
+      ""mode"": ""strict"",
       ""required"": false
     },
     {
","<!-- docs/docguard-contract-lab-v2/CONFIGURATION.md @ controlled-baseline:964bf0471796d05b -->
### VAL-CFG-112
- Configuration key: `rbi_property_valuation.feature112.timeoutSeconds`
- Environment variable: `VAL_FEATURE_112_TIMEOUT_SECONDS`
- Documented default: `142`
- Required: `false`
- Mode: `safe`
",True,configuration,Controlled design expectation: configuration; independent human/owner acceptance still required before merge.,True,configuration,"VAL-CFG-112: kod mijenja dokumentovanu konfiguraciju iz 'safe' u 'strict' (configuration_mode_change), dok docs-before eksplicitno navodi staru vrijednost; dokumentacija bi zato postala zastarjela.",approved,ee0a3de61013451eceabbd99bb6c6ce32f5696c884d8c5c86d1aa459a77e52d8,815b7db0e1b98d1bcbf92dfbd9251634789be0cae5418ea35551202fea54b706,configuration,rbi_property_valuation,configuration_mode_change,cases/patches/rbi_property_valuation/configuration/VAL-CFG-112.patch
CRPP2-VAL-CONFIGURATION-113,controlled-v2/rbi-property-valuation-copy,9401673,csharp,"[""PropertyValuation/DocGuardContractLab-v2/configuration/contracts_02.json""]","--- a/PropertyValuation/DocGuardContractLab-v2/configuration/contracts_02.json
+++ b/PropertyValuation/DocGuardContractLab-v2/configuration/contracts_02.json
@@ -19,7 +19,7 @@
     },
     {
       ""contractId"": ""VAL-CFG-113"",
-      ""default"": 143,
+      ""default"": 173,
       ""environmentVariable"": ""VAL_FEATURE_113_TIMEOUT_SECONDS"",
       ""key"": ""rbi_property_valuation.feature113.timeoutSeconds"",
       ""mode"": ""safe"",
","<!-- docs/docguard-contract-lab-v2/CONFIGURATION.md @ controlled-baseline:964bf0471796d05b -->
### VAL-CFG-113
- Configuration key: `rbi_property_valuation.feature113.timeoutSeconds`
- Environment variable: `VAL_FEATURE_113_TIMEOUT_SECONDS`
- Documented default: `143`
- Required: `false`
- Mode: `safe`
",True,configuration,Controlled design expectation: configuration; independent human/owner acceptance still required before merge.,True,configuration,"VAL-CFG-113: kod mijenja dokumentovanu konfiguraciju iz '143' u '173' (documented_default_change), dok docs-before eksplicitno navodi staru vrijednost; dokumentacija bi zato postala zastarjela.",approved,993d617aa74a10b9e87a9657db3a99e9ed288082132bddd0d52a962d540b6f63,3e0e755b3022ecfcba7e8d6b73b32c0bcfe517b1b247ed43fbcc11eab540f42c,configuration,rbi_property_valuation,documented_default_change,cases/patches/rbi_property_valuation/configuration/VAL-CFG-113.patch
CRPP2-VAL-CONFIGURATION-114,controlled-v2/rbi-property-valuation-copy,9401674,csharp,"[""PropertyValuation/DocGuardContractLab-v2/configuration/contracts_02.json""]","--- a/PropertyValuation/DocGuardContractLab-v2/configuration/contracts_02.json
+++ b/PropertyValuation/DocGuardContractLab-v2/configuration/contracts_02.json
@@ -28,7 +28,7 @@
     {
       ""contractId"": ""VAL-CFG-114"",
       ""default"": 144,
-      ""environmentVariable"": ""VAL_FEATURE_114_TIMEOUT_SECONDS"",
+      ""environmentVariable"": ""VAL_FEATURE_114_TIMEOUT_SECONDS_V2"",
       ""key"": ""rbi_property_valuation.feature114.timeoutSeconds"",
       ""mode"": ""safe"",
       ""required"": false
","<!-- docs/docguard-contract-lab-v2/CONFIGURATION.md @ controlled-baseline:964bf0471796d05b -->
### VAL-CFG-114
- Configuration key: `rbi_property_valuation.feature114.timeoutSeconds`
- Environment variable: `VAL_FEATURE_114_TIMEOUT_SECONDS`
- Documented default: `144`
- Required: `false`
- Mode: `safe`
",True,configuration,Controlled design expectation: configuration; independent human/owner acceptance still required before merge.,True,configuration,"VAL-CFG-114: kod mijenja dokumentovanu konfiguraciju iz 'VAL_FEATURE_114_TIMEOUT_SECONDS' u 'VAL_FEATURE_114_TIMEOUT_SECONDS_V2' (environment_variable_rename), dok docs-before eksplicitno navodi staru vrijednost; dokumentacija bi zato postala zastarjela.",approved,196db4e9dc6721717132b7e4b78a25e0bb8b8812192f7b1e10ceec123f2467a7,c06341f61e92a877e8ff0ef65a685355dbd2c1b6fd05b4eb05dfd5e6753bae8e,configuration,rbi_property_valuation,environment_variable_rename,cases/patches/rbi_property_valuation/configuration/VAL-CFG-114.patch
CRPP2-VAL-CONFIGURATION-115,controlled-v2/rbi-property-valuation-copy,9401675,csharp,"[""PropertyValuation/DocGuardContractLab-v2/configuration/contracts_02.json""]","--- a/PropertyValuation/DocGuardContractLab-v2/configuration/contracts_02.json
+++ b/PropertyValuation/DocGuardContractLab-v2/configuration/contracts_02.json
@@ -39,7 +39,7 @@
       ""environmentVariable"": ""VAL_FEATURE_115_TIMEOUT_SECONDS"",
       ""key"": ""rbi_property_valuation.feature115.timeoutSeconds"",
       ""mode"": ""safe"",
-      ""required"": false
+      ""required"": true
     },
     {
       ""contractId"": ""VAL-CFG-116"",
","<!-- docs/docguard-contract-lab-v2/CONFIGURATION.md @ controlled-baseline:964bf0471796d05b -->
### VAL-CFG-115
- Configuration key: `rbi_property_valuation.feature115.timeoutSeconds`
- Environment variable: `VAL_FEATURE_115_TIMEOUT_SECONDS`
- Documented default: `145`
- Required: `false`
- Mode: `safe`
",True,configuration,Controlled design expectation: configuration; independent human/owner acceptance still required before merge.,True,configuration,"VAL-CFG-115: kod mijenja dokumentovanu konfiguraciju iz 'false' u 'true' (optional_to_required), dok docs-before eksplicitno navodi staru vrijednost; dokumentacija bi zato postala zastarjela.",approved,02cf39c4e4fdc9ada96c3eb52194cd3ff5e8ecf1bbb68275a2384f7c4deea688,bb0a761feb62eee191f7a92098ac9ef859bf7a0eb322bb321f9511357cd90c2a,configuration,rbi_property_valuation,optional_to_required,cases/patches/rbi_property_valuation/configuration/VAL-CFG-115.patch
CRPP2-VAL-CONFIGURATION-116,controlled-v2/rbi-property-valuation-copy,9401676,csharp,"[""PropertyValuation/DocGuardContractLab-v2/configuration/contracts_02.json""]","--- a/PropertyValuation/DocGuardContractLab-v2/configuration/contracts_02.json
+++ b/PropertyValuation/DocGuardContractLab-v2/configuration/contracts_02.json
@@ -46,7 +46,7 @@
       ""default"": 146,
       ""environmentVariable"": ""VAL_FEATURE_116_TIMEOUT_SECONDS"",
       ""key"": ""rbi_property_valuation.feature116.timeoutSeconds"",
-      ""mode"": ""safe"",
+      ""mode"": ""strict"",
       ""required"": false
     },
     {
","<!-- docs/docguard-contract-lab-v2/CONFIGURATION.md @ controlled-baseline:964bf0471796d05b -->
### VAL-CFG-116
- Configuration key: `rbi_property_valuation.feature116.timeoutSeconds`
- Environment variable: `VAL_FEATURE_116_TIMEOUT_SECONDS`
- Documented default: `146`
- Required: `false`
- Mode: `safe`
",True,configuration,Controlled design expectation: configuration; independent human/owner acceptance still required before merge.,True,configuration,"VAL-CFG-116: kod mijenja dokumentovanu konfiguraciju iz 'safe' u 'strict' (configuration_mode_change), dok docs-before eksplicitno navodi staru vrijednost; dokumentacija bi zato postala zastarjela.",approved,717b2f04b65ee2cd2c611ab5e9516b052d8e09a58290578c3d031d9ddddbb205,ca904db9bd0302b166a70250c166360b51ea0abcbd282ce6413e6b7e77b00677,configuration,rbi_property_valuation,configuration_mode_change,cases/patches/rbi_property_valuation/configuration/VAL-CFG-116.patch
CRPP2-VAL-CONFIGURATION-117,controlled-v2/rbi-property-valuation-copy,9401677,csharp,"[""PropertyValuation/DocGuardContractLab-v2/configuration/contracts_02.json""]","--- a/PropertyValuation/DocGuardContractLab-v2/configuration/contracts_02.json
+++ b/PropertyValuation/DocGuardContractLab-v2/configuration/contracts_02.json
@@ -51,7 +51,7 @@
     },
     {
       ""contractId"": ""VAL-CFG-117"",
-      ""default"": 147,
+      ""default"": 177,
       ""environmentVariable"": ""VAL_FEATURE_117_TIMEOUT_SECONDS"",
       ""key"": ""rbi_property_valuation.feature117.timeoutSeconds"",
       ""mode"": ""safe"",
","<!-- docs/docguard-contract-lab-v2/CONFIGURATION.md @ controlled-baseline:964bf0471796d05b -->
### VAL-CFG-117
- Configuration key: `rbi_property_valuation.feature117.timeoutSeconds`
- Environment variable: `VAL_FEATURE_117_TIMEOUT_SECONDS`
- Documented default: `147`
- Required: `false`
- Mode: `safe`
",True,configuration,Controlled design expectation: configuration; independent human/owner acceptance still required before merge.,True,configuration,"VAL-CFG-117: kod mijenja dokumentovanu konfiguraciju iz '147' u '177' (documented_default_change), dok docs-before eksplicitno navodi staru vrijednost; dokumentacija bi zato postala zastarjela.",approved,45a1c3e45a5606553618959c688f54db1e1f025e2b6ccea77400c3b62c1d61fa,c130b97a7a4589c74fc50dd6cc4b05d36602413f16260719473068f52552503e,configuration,rbi_property_valuation,documented_default_change,cases/patches/rbi_property_valuation/configuration/VAL-CFG-117.patch
CRPP2-VAL-CONFIGURATION-118,controlled-v2/rbi-property-valuation-copy,9401678,csharp,"[""PropertyValuation/DocGuardContractLab-v2/configuration/contracts_02.json""]","--- a/PropertyValuation/DocGuardContractLab-v2/configuration/contracts_02.json
+++ b/PropertyValuation/DocGuardContractLab-v2/configuration/contracts_02.json
@@ -60,7 +60,7 @@
     {
       ""contractId"": ""VAL-CFG-118"",
       ""default"": 148,
-      ""environmentVariable"": ""VAL_FEATURE_118_TIMEOUT_SECONDS"",
+      ""environmentVariable"": ""VAL_FEATURE_118_TIMEOUT_SECONDS_V2"",
       ""key"": ""rbi_property_valuation.feature118.timeoutSeconds"",
       ""mode"": ""safe"",
       ""required"": false
","<!-- docs/docguard-contract-lab-v2/CONFIGURATION.md @ controlled-baseline:964bf0471796d05b -->
### VAL-CFG-118
- Configuration key: `rbi_property_valuation.feature118.timeoutSeconds`
- Environment variable: `VAL_FEATURE_118_TIMEOUT_SECONDS`
- Documented default: `148`
- Required: `false`
- Mode: `safe`
",True,configuration,Controlled design expectation: configuration; independent human/owner acceptance still required before merge.,True,configuration,"VAL-CFG-118: kod mijenja dokumentovanu konfiguraciju iz 'VAL_FEATURE_118_TIMEOUT_SECONDS' u 'VAL_FEATURE_118_TIMEOUT_SECONDS_V2' (environment_variable_rename), dok docs-before eksplicitno navodi staru vrijednost; dokumentacija bi zato postala zastarjela.",approved,78f5dda49c9f0478324972d7016d539fa7c8770f2cd2b967d4d8fbc2e0696d2d,b1f0a7a5b0712e8db3e86fe9ad7a32a5bbfa647b1773071dd73b27144e492e30,configuration,rbi_property_valuation,environment_variable_rename,cases/patches/rbi_property_valuation/configuration/VAL-CFG-118.patch
CRPP2-VAL-CONFIGURATION-119,controlled-v2/rbi-property-valuation-copy,9401679,csharp,"[""PropertyValuation/DocGuardContractLab-v2/configuration/contracts_02.json""]","--- a/PropertyValuation/DocGuardContractLab-v2/configuration/contracts_02.json
+++ b/PropertyValuation/DocGuardContractLab-v2/configuration/contracts_02.json
@@ -71,7 +71,7 @@
       ""environmentVariable"": ""VAL_FEATURE_119_TIMEOUT_SECONDS"",
       ""key"": ""rbi_property_valuation.feature119.timeoutSeconds"",
       ""mode"": ""safe"",
-      ""required"": false
+      ""required"": true
     },
     {
       ""contractId"": ""VAL-CFG-120"",
","<!-- docs/docguard-contract-lab-v2/CONFIGURATION.md @ controlled-baseline:964bf0471796d05b -->
### VAL-CFG-119
- Configuration key: `rbi_property_valuation.feature119.timeoutSeconds`
- Environment variable: `VAL_FEATURE_119_TIMEOUT_SECONDS`
- Documented default: `149`
- Required: `false`
- Mode: `safe`
",True,configuration,Controlled design expectation: configuration; independent human/owner acceptance still required before merge.,True,configuration,"VAL-CFG-119: kod mijenja dokumentovanu konfiguraciju iz 'false' u 'true' (optional_to_required), dok docs-before eksplicitno navodi staru vrijednost; dokumentacija bi zato postala zastarjela.",approved,eff905d311232bd6903025154e5097301e47b81ddda1caaf4c10b39bde332b4e,3a9b54f783862e061bd1e198ee78808eb9399183828010f51ce571dd92b5f940,configuration,rbi_property_valuation,optional_to_required,cases/patches/rbi_property_valuation/configuration/VAL-CFG-119.patch
CRPP2-VAL-CONFIGURATION-120,controlled-v2/rbi-property-valuation-copy,9401680,csharp,"[""PropertyValuation/DocGuardContractLab-v2/configuration/contracts_02.json""]","--- a/PropertyValuation/DocGuardContractLab-v2/configuration/contracts_02.json
+++ b/PropertyValuation/DocGuardContractLab-v2/configuration/contracts_02.json
@@ -78,7 +78,7 @@
       ""default"": 150,
       ""environmentVariable"": ""VAL_FEATURE_120_TIMEOUT_SECONDS"",
       ""key"": ""rbi_property_valuation.feature120.timeoutSeconds"",
-      ""mode"": ""safe"",
+      ""mode"": ""strict"",
       ""required"": false
     }
   ],
","<!-- docs/docguard-contract-lab-v2/CONFIGURATION.md @ controlled-baseline:964bf0471796d05b -->
### VAL-CFG-120
- Configuration key: `rbi_property_valuation.feature120.timeoutSeconds`
- Environment variable: `VAL_FEATURE_120_TIMEOUT_SECONDS`
- Documented default: `150`
- Required: `false`
- Mode: `safe`
",True,configuration,Controlled design expectation: configuration; independent human/owner acceptance still required before merge.,True,configuration,"VAL-CFG-120: kod mijenja dokumentovanu konfiguraciju iz 'safe' u 'strict' (configuration_mode_change), dok docs-before eksplicitno navodi staru vrijednost; dokumentacija bi zato postala zastarjela.",approved,4a3e81e535a2afa36b9ff8b067e69feacc599b38f514584d8887d437e91de5bd,2b92debf13f23bfc22de983f16efdb47b2b719da1d6a9131472bf3b5c7f5b1d2,configuration,rbi_property_valuation,configuration_mode_change,cases/patches/rbi_property_valuation/configuration/VAL-CFG-120.patch
CRPP2-VAL-CONFIGURATION-121,controlled-v2/rbi-property-valuation-copy,9401681,csharp,"[""PropertyValuation/DocGuardContractLab-v2/configuration/contracts_03.json""]","--- a/PropertyValuation/DocGuardContractLab-v2/configuration/contracts_03.json
+++ b/PropertyValuation/DocGuardContractLab-v2/configuration/contracts_03.json
@@ -3,7 +3,7 @@
   ""contracts"": [
     {
       ""contractId"": ""VAL-CFG-121"",
-      ""default"": 151,
+      ""default"": 181,
       ""environmentVariable"": ""VAL_FEATURE_121_TIMEOUT_SECONDS"",
       ""key"": ""rbi_property_valuation.feature121.timeoutSeconds"",
       ""mode"": ""safe"",
","<!-- docs/docguard-contract-lab-v2/CONFIGURATION.md @ controlled-baseline:964bf0471796d05b -->
### VAL-CFG-121
- Configuration key: `rbi_property_valuation.feature121.timeoutSeconds`
- Environment variable: `VAL_FEATURE_121_TIMEOUT_SECONDS`
- Documented default: `151`
- Required: `false`
- Mode: `safe`
",True,configuration,Controlled design expectation: configuration; independent human/owner acceptance still required before merge.,True,configuration,"VAL-CFG-121: kod mijenja dokumentovanu konfiguraciju iz '151' u '181' (documented_default_change), dok docs-before eksplicitno navodi staru vrijednost; dokumentacija bi zato postala zastarjela.",approved,d8abbc3bfeebec05f1d4509694d39190f7b4f48457ce31289e43d978465c3cf7,069c8239ad55e5263d5e50ebe9099c485840bfe6194f056c623eb88fb79f09f5,configuration,rbi_property_valuation,documented_default_change,cases/patches/rbi_property_valuation/configuration/VAL-CFG-121.patch
CRPP2-VAL-CONFIGURATION-122,controlled-v2/rbi-property-valuation-copy,9401682,csharp,"[""PropertyValuation/DocGuardContractLab-v2/configuration/contracts_03.json""]","--- a/PropertyValuation/DocGuardContractLab-v2/configuration/contracts_03.json
+++ b/PropertyValuation/DocGuardContractLab-v2/configuration/contracts_03.json
@@ -12,7 +12,7 @@
     {
       ""contractId"": ""VAL-CFG-122"",
       ""default"": 152,
-      ""environmentVariable"": ""VAL_FEATURE_122_TIMEOUT_SECONDS"",
+      ""environmentVariable"": ""VAL_FEATURE_122_TIMEOUT_SECONDS_V2"",
       ""key"": ""rbi_property_valuation.feature122.timeoutSeconds"",
       ""mode"": ""safe"",
       ""required"": false
","<!-- docs/docguard-contract-lab-v2/CONFIGURATION.md @ controlled-baseline:964bf0471796d05b -->
### VAL-CFG-122
- Configuration key: `rbi_property_valuation.feature122.timeoutSeconds`
- Environment variable: `VAL_FEATURE_122_TIMEOUT_SECONDS`
- Documented default: `152`
- Required: `false`
- Mode: `safe`
",True,configuration,Controlled design expectation: configuration; independent human/owner acceptance still required before merge.,True,configuration,"VAL-CFG-122: kod mijenja dokumentovanu konfiguraciju iz 'VAL_FEATURE_122_TIMEOUT_SECONDS' u 'VAL_FEATURE_122_TIMEOUT_SECONDS_V2' (environment_variable_rename), dok docs-before eksplicitno navodi staru vrijednost; dokumentacija bi zato postala zastarjela.",approved,e37023214a97be45792e5bf37fd37717d9800af376d663c685aafdbc47dcdfa3,a97c1d3c31ee7c10d63403763548a65fad1435cc53b26d6477491acc1cab5270,configuration,rbi_property_valuation,environment_variable_rename,cases/patches/rbi_property_valuation/configuration/VAL-CFG-122.patch
CRPP2-VAL-CONFIGURATION-123,controlled-v2/rbi-property-valuation-copy,9401683,csharp,"[""PropertyValuation/DocGuardContractLab-v2/configuration/contracts_03.json""]","--- a/PropertyValuation/DocGuardContractLab-v2/configuration/contracts_03.json
+++ b/PropertyValuation/DocGuardContractLab-v2/configuration/contracts_03.json
@@ -23,7 +23,7 @@
       ""environmentVariable"": ""VAL_FEATURE_123_TIMEOUT_SECONDS"",
       ""key"": ""rbi_property_valuation.feature123.timeoutSeconds"",
       ""mode"": ""safe"",
-      ""required"": false
+      ""required"": true
     },
     {
       ""contractId"": ""VAL-CFG-124"",
","<!-- docs/docguard-contract-lab-v2/CONFIGURATION.md @ controlled-baseline:964bf0471796d05b -->
### VAL-CFG-123
- Configuration key: `rbi_property_valuation.feature123.timeoutSeconds`
- Environment variable: `VAL_FEATURE_123_TIMEOUT_SECONDS`
- Documented default: `153`
- Required: `false`
- Mode: `safe`
",True,configuration,Controlled design expectation: configuration; independent human/owner acceptance still required before merge.,True,configuration,"VAL-CFG-123: kod mijenja dokumentovanu konfiguraciju iz 'false' u 'true' (optional_to_required), dok docs-before eksplicitno navodi staru vrijednost; dokumentacija bi zato postala zastarjela.",approved,9c1d0742f9e9926ac573de9c4c22b941777a6c50b77a40906d70e6f421ec0635,9f59ed6799c337aef18070a111a5b45db85ff77efeb7fabc46b43356bcb934df,configuration,rbi_property_valuation,optional_to_required,cases/patches/rbi_property_valuation/configuration/VAL-CFG-123.patch
CRPP2-VAL-CONFIGURATION-124,controlled-v2/rbi-property-valuation-copy,9401684,csharp,"[""PropertyValuation/DocGuardContractLab-v2/configuration/contracts_03.json""]","--- a/PropertyValuation/DocGuardContractLab-v2/configuration/contracts_03.json
+++ b/PropertyValuation/DocGuardContractLab-v2/configuration/contracts_03.json
@@ -30,7 +30,7 @@
       ""default"": 154,
       ""environmentVariable"": ""VAL_FEATURE_124_TIMEOUT_SECONDS"",
       ""key"": ""rbi_property_valuation.feature124.timeoutSeconds"",
-      ""mode"": ""safe"",
+      ""mode"": ""strict"",
       ""required"": false
     },
     {
","<!-- docs/docguard-contract-lab-v2/CONFIGURATION.md @ controlled-baseline:964bf0471796d05b -->
### VAL-CFG-124
- Configuration key: `rbi_property_valuation.feature124.timeoutSeconds`
- Environment variable: `VAL_FEATURE_124_TIMEOUT_SECONDS`
- Documented default: `154`
- Required: `false`
- Mode: `safe`
",True,configuration,Controlled design expectation: configuration; independent human/owner acceptance still required before merge.,True,configuration,"VAL-CFG-124: kod mijenja dokumentovanu konfiguraciju iz 'safe' u 'strict' (configuration_mode_change), dok docs-before eksplicitno navodi staru vrijednost; dokumentacija bi zato postala zastarjela.",approved,0bb7a8c0568a9b72e36df7ccc66076072bcbc1555e0c13f311a8e16d38e5e31b,12dd1d38ef500bb1e7a8b4331e1f6d95f84426c95825167b7e8cdfd4d476e3ba,configuration,rbi_property_valuation,configuration_mode_change,cases/patches/rbi_property_valuation/configuration/VAL-CFG-124.patch
CRPP2-VAL-CONFIGURATION-125,controlled-v2/rbi-property-valuation-copy,9401685,csharp,"[""PropertyValuation/DocGuardContractLab-v2/configuration/contracts_03.json""]","--- a/PropertyValuation/DocGuardContractLab-v2/configuration/contracts_03.json
+++ b/PropertyValuation/DocGuardContractLab-v2/configuration/contracts_03.json
@@ -35,7 +35,7 @@
     },
     {
       ""contractId"": ""VAL-CFG-125"",
-      ""default"": 155,
+      ""default"": 185,
       ""environmentVariable"": ""VAL_FEATURE_125_TIMEOUT_SECONDS"",
       ""key"": ""rbi_property_valuation.feature125.timeoutSeconds"",
       ""mode"": ""safe"",
","<!-- docs/docguard-contract-lab-v2/CONFIGURATION.md @ controlled-baseline:964bf0471796d05b -->
### VAL-CFG-125
- Configuration key: `rbi_property_valuation.feature125.timeoutSeconds`
- Environment variable: `VAL_FEATURE_125_TIMEOUT_SECONDS`
- Documented default: `155`
- Required: `false`
- Mode: `safe`
",True,configuration,Controlled design expectation: configuration; independent human/owner acceptance still required before merge.,True,configuration,"VAL-CFG-125: kod mijenja dokumentovanu konfiguraciju iz '155' u '185' (documented_default_change), dok docs-before eksplicitno navodi staru vrijednost; dokumentacija bi zato postala zastarjela.",approved,6c0aaf5fb4f4af42af761bb24c75f1d00d5855bf73c32d7542e648105be0f131,f4172eb29909f6b60134497996e3419c5e5301e4eea0cefdc594762767e1b1cb,configuration,rbi_property_valuation,documented_default_change,cases/patches/rbi_property_valuation/configuration/VAL-CFG-125.patch
CRPP2-VAL-CONFIGURATION-126,controlled-v2/rbi-property-valuation-copy,9401686,csharp,"[""PropertyValuation/DocGuardContractLab-v2/configuration/contracts_03.json""]","--- a/PropertyValuation/DocGuardContractLab-v2/configuration/contracts_03.json
+++ b/PropertyValuation/DocGuardContractLab-v2/configuration/contracts_03.json
@@ -44,7 +44,7 @@
     {
       ""contractId"": ""VAL-CFG-126"",
       ""default"": 156,
-      ""environmentVariable"": ""VAL_FEATURE_126_TIMEOUT_SECONDS"",
+      ""environmentVariable"": ""VAL_FEATURE_126_TIMEOUT_SECONDS_V2"",
       ""key"": ""rbi_property_valuation.feature126.timeoutSeconds"",
       ""mode"": ""safe"",
       ""required"": false
","<!-- docs/docguard-contract-lab-v2/CONFIGURATION.md @ controlled-baseline:964bf0471796d05b -->
### VAL-CFG-126
- Configuration key: `rbi_property_valuation.feature126.timeoutSeconds`
- Environment variable: `VAL_FEATURE_126_TIMEOUT_SECONDS`
- Documented default: `156`
- Required: `false`
- Mode: `safe`
",True,configuration,Controlled design expectation: configuration; independent human/owner acceptance still required before merge.,True,configuration,"VAL-CFG-126: kod mijenja dokumentovanu konfiguraciju iz 'VAL_FEATURE_126_TIMEOUT_SECONDS' u 'VAL_FEATURE_126_TIMEOUT_SECONDS_V2' (environment_variable_rename), dok docs-before eksplicitno navodi staru vrijednost; dokumentacija bi zato postala zastarjela.",approved,9b9e8b5bbfbe09c4a715e46f82b710e3e971838717db3e7d83b1b30a10f37c58,03a438a456c504f0bd85792684107aa4a2e64ce4eada563fed06d3c311126d4f,configuration,rbi_property_valuation,environment_variable_rename,cases/patches/rbi_property_valuation/configuration/VAL-CFG-126.patch
CRPP2-VAL-CONFIGURATION-127,controlled-v2/rbi-property-valuation-copy,9401687,csharp,"[""PropertyValuation/DocGuardContractLab-v2/configuration/contracts_03.json""]","--- a/PropertyValuation/DocGuardContractLab-v2/configuration/contracts_03.json
+++ b/PropertyValuation/DocGuardContractLab-v2/configuration/contracts_03.json
@@ -55,7 +55,7 @@
       ""environmentVariable"": ""VAL_FEATURE_127_TIMEOUT_SECONDS"",
       ""key"": ""rbi_property_valuation.feature127.timeoutSeconds"",
       ""mode"": ""safe"",
-      ""required"": false
+      ""required"": true
     },
     {
       ""contractId"": ""VAL-CFG-128"",
","<!-- docs/docguard-contract-lab-v2/CONFIGURATION.md @ controlled-baseline:964bf0471796d05b -->
### VAL-CFG-127
- Configuration key: `rbi_property_valuation.feature127.timeoutSeconds`
- Environment variable: `VAL_FEATURE_127_TIMEOUT_SECONDS`
- Documented default: `157`
- Required: `false`
- Mode: `safe`
",True,configuration,Controlled design expectation: configuration; independent human/owner acceptance still required before merge.,True,configuration,"VAL-CFG-127: kod mijenja dokumentovanu konfiguraciju iz 'false' u 'true' (optional_to_required), dok docs-before eksplicitno navodi staru vrijednost; dokumentacija bi zato postala zastarjela.",approved,bd06ab6bc993671b6c7b64e69482c33c98a52d21815afb31c2c8bd38fb88e267,113336ec96c01dca3775a20b251ed6b732f7c0055fc33b6dc5fd76c1453d9255,configuration,rbi_property_valuation,optional_to_required,cases/patches/rbi_property_valuation/configuration/VAL-CFG-127.patch
CRPP2-VAL-CONFIGURATION-128,controlled-v2/rbi-property-valuation-copy,9401688,csharp,"[""PropertyValuation/DocGuardContractLab-v2/configuration/contracts_03.json""]","--- a/PropertyValuation/DocGuardContractLab-v2/configuration/contracts_03.json
+++ b/PropertyValuation/DocGuardContractLab-v2/configuration/contracts_03.json
@@ -62,7 +62,7 @@
       ""default"": 158,
       ""environmentVariable"": ""VAL_FEATURE_128_TIMEOUT_SECONDS"",
       ""key"": ""rbi_property_valuation.feature128.timeoutSeconds"",
-      ""mode"": ""safe"",
+      ""mode"": ""strict"",
       ""required"": false
     },
     {
","<!-- docs/docguard-contract-lab-v2/CONFIGURATION.md @ controlled-baseline:964bf0471796d05b -->
### VAL-CFG-128
- Configuration key: `rbi_property_valuation.feature128.timeoutSeconds`
- Environment variable: `VAL_FEATURE_128_TIMEOUT_SECONDS`
- Documented default: `158`
- Required: `false`
- Mode: `safe`
",True,configuration,Controlled design expectation: configuration; independent human/owner acceptance still required before merge.,True,configuration,"VAL-CFG-128: kod mijenja dokumentovanu konfiguraciju iz 'safe' u 'strict' (configuration_mode_change), dok docs-before eksplicitno navodi staru vrijednost; dokumentacija bi zato postala zastarjela.",approved,6cb1e7f99d5432c6d68b9590119caa61c34d8828b501bb9379c151ce1a220858,655f662c5637cbbefe21a1bf72405ad60468e3cf3b4d09fdbab60af67d88951c,configuration,rbi_property_valuation,configuration_mode_change,cases/patches/rbi_property_valuation/configuration/VAL-CFG-128.patch
CRPP2-VAL-CONFIGURATION-129,controlled-v2/rbi-property-valuation-copy,9401689,csharp,"[""PropertyValuation/DocGuardContractLab-v2/configuration/contracts_03.json""]","--- a/PropertyValuation/DocGuardContractLab-v2/configuration/contracts_03.json
+++ b/PropertyValuation/DocGuardContractLab-v2/configuration/contracts_03.json
@@ -67,7 +67,7 @@
     },
     {
       ""contractId"": ""VAL-CFG-129"",
-      ""default"": 159,
+      ""default"": 189,
       ""environmentVariable"": ""VAL_FEATURE_129_TIMEOUT_SECONDS"",
       ""key"": ""rbi_property_valuation.feature129.timeoutSeconds"",
       ""mode"": ""safe"",
","<!-- docs/docguard-contract-lab-v2/CONFIGURATION.md @ controlled-baseline:964bf0471796d05b -->
### VAL-CFG-129
- Configuration key: `rbi_property_valuation.feature129.timeoutSeconds`
- Environment variable: `VAL_FEATURE_129_TIMEOUT_SECONDS`
- Documented default: `159`
- Required: `false`
- Mode: `safe`
",True,configuration,Controlled design expectation: configuration; independent human/owner acceptance still required before merge.,True,configuration,"VAL-CFG-129: kod mijenja dokumentovanu konfiguraciju iz '159' u '189' (documented_default_change), dok docs-before eksplicitno navodi staru vrijednost; dokumentacija bi zato postala zastarjela.",approved,53ca5b26822d86a14c77486a1f2798fa09d20abaa64e5d0f06432992615fa53d,4dba951c64614412b5af59c61fcd916244efbc7059051040037021e88f6e89e8,configuration,rbi_property_valuation,documented_default_change,cases/patches/rbi_property_valuation/configuration/VAL-CFG-129.patch
CRPP2-VAL-CONFIGURATION-130,controlled-v2/rbi-property-valuation-copy,9401690,csharp,"[""PropertyValuation/DocGuardContractLab-v2/configuration/contracts_03.json""]","--- a/PropertyValuation/DocGuardContractLab-v2/configuration/contracts_03.json
+++ b/PropertyValuation/DocGuardContractLab-v2/configuration/contracts_03.json
@@ -76,7 +76,7 @@
     {
       ""contractId"": ""VAL-CFG-130"",
       ""default"": 160,
-      ""environmentVariable"": ""VAL_FEATURE_130_TIMEOUT_SECONDS"",
+      ""environmentVariable"": ""VAL_FEATURE_130_TIMEOUT_SECONDS_V2"",
       ""key"": ""rbi_property_valuation.feature130.timeoutSeconds"",
       ""mode"": ""safe"",
       ""required"": false
","<!-- docs/docguard-contract-lab-v2/CONFIGURATION.md @ controlled-baseline:964bf0471796d05b -->
### VAL-CFG-130
- Configuration key: `rbi_property_valuation.feature130.timeoutSeconds`
- Environment variable: `VAL_FEATURE_130_TIMEOUT_SECONDS`
- Documented default: `160`
- Required: `false`
- Mode: `safe`
",True,configuration,Controlled design expectation: configuration; independent human/owner acceptance still required before merge.,True,configuration,"VAL-CFG-130: kod mijenja dokumentovanu konfiguraciju iz 'VAL_FEATURE_130_TIMEOUT_SECONDS' u 'VAL_FEATURE_130_TIMEOUT_SECONDS_V2' (environment_variable_rename), dok docs-before eksplicitno navodi staru vrijednost; dokumentacija bi zato postala zastarjela.",approved,bda6b6aacfdc5990763afbbed7af001a1cdca24a114d03ba1e3ee8ff671ac96f,8fbfea0b8680161d475b231ab5616161268602d01a9cb69fa563d4b58bc37205,configuration,rbi_property_valuation,environment_variable_rename,cases/patches/rbi_property_valuation/configuration/VAL-CFG-130.patch
CRPP2-VAL-CONFIGURATION-131,controlled-v2/rbi-property-valuation-copy,9401691,csharp,"[""PropertyValuation/DocGuardContractLab-v2/configuration/contracts_04.json""]","--- a/PropertyValuation/DocGuardContractLab-v2/configuration/contracts_04.json
+++ b/PropertyValuation/DocGuardContractLab-v2/configuration/contracts_04.json
@@ -7,7 +7,7 @@
       ""environmentVariable"": ""VAL_FEATURE_131_TIMEOUT_SECONDS"",
       ""key"": ""rbi_property_valuation.feature131.timeoutSeconds"",
       ""mode"": ""safe"",
-      ""required"": false
+      ""required"": true
     },
     {
       ""contractId"": ""VAL-CFG-132"",
","<!-- docs/docguard-contract-lab-v2/CONFIGURATION.md @ controlled-baseline:964bf0471796d05b -->
### VAL-CFG-131
- Configuration key: `rbi_property_valuation.feature131.timeoutSeconds`
- Environment variable: `VAL_FEATURE_131_TIMEOUT_SECONDS`
- Documented default: `161`
- Required: `false`
- Mode: `safe`
",True,configuration,Controlled design expectation: configuration; independent human/owner acceptance still required before merge.,True,configuration,"VAL-CFG-131: kod mijenja dokumentovanu konfiguraciju iz 'false' u 'true' (optional_to_required), dok docs-before eksplicitno navodi staru vrijednost; dokumentacija bi zato postala zastarjela.",approved,9dab8a58456bfcc263d1911f1de88a3ba9e6361261882d7f1082482a23d014a7,e2257b3d763ca6e408f88118cabcb55074fe4756cdd3bdacd261f8d5cac61488,configuration,rbi_property_valuation,optional_to_required,cases/patches/rbi_property_valuation/configuration/VAL-CFG-131.patch
CRPP2-VAL-CONFIGURATION-132,controlled-v2/rbi-property-valuation-copy,9401692,csharp,"[""PropertyValuation/DocGuardContractLab-v2/configuration/contracts_04.json""]","--- a/PropertyValuation/DocGuardContractLab-v2/configuration/contracts_04.json
+++ b/PropertyValuation/DocGuardContractLab-v2/configuration/contracts_04.json
@@ -14,7 +14,7 @@
       ""default"": 162,
       ""environmentVariable"": ""VAL_FEATURE_132_TIMEOUT_SECONDS"",
       ""key"": ""rbi_property_valuation.feature132.timeoutSeconds"",
-      ""mode"": ""safe"",
+      ""mode"": ""strict"",
       ""required"": false
     },
     {
","<!-- docs/docguard-contract-lab-v2/CONFIGURATION.md @ controlled-baseline:964bf0471796d05b -->
### VAL-CFG-132
- Configuration key: `rbi_property_valuation.feature132.timeoutSeconds`
- Environment variable: `VAL_FEATURE_132_TIMEOUT_SECONDS`
- Documented default: `162`
- Required: `false`
- Mode: `safe`
",True,configuration,Controlled design expectation: configuration; independent human/owner acceptance still required before merge.,True,configuration,"VAL-CFG-132: kod mijenja dokumentovanu konfiguraciju iz 'safe' u 'strict' (configuration_mode_change), dok docs-before eksplicitno navodi staru vrijednost; dokumentacija bi zato postala zastarjela.",approved,40a6f5cd8be54cbee71de4159f1e3471f53e653014b83a0274d03ff54693c2e4,e60fa2e6e70e6aa4237651991ecf348f3aa7976b49a98362ba3941c7a8565706,configuration,rbi_property_valuation,configuration_mode_change,cases/patches/rbi_property_valuation/configuration/VAL-CFG-132.patch
CRPP2-VAL-CONFIGURATION-133,controlled-v2/rbi-property-valuation-copy,9401693,csharp,"[""PropertyValuation/DocGuardContractLab-v2/configuration/contracts_04.json""]","--- a/PropertyValuation/DocGuardContractLab-v2/configuration/contracts_04.json
+++ b/PropertyValuation/DocGuardContractLab-v2/configuration/contracts_04.json
@@ -19,7 +19,7 @@
     },
     {
       ""contractId"": ""VAL-CFG-133"",
-      ""default"": 163,
+      ""default"": 193,
       ""environmentVariable"": ""VAL_FEATURE_133_TIMEOUT_SECONDS"",
       ""key"": ""rbi_property_valuation.feature133.timeoutSeconds"",
       ""mode"": ""safe"",
","<!-- docs/docguard-contract-lab-v2/CONFIGURATION.md @ controlled-baseline:964bf0471796d05b -->
### VAL-CFG-133
- Configuration key: `rbi_property_valuation.feature133.timeoutSeconds`
- Environment variable: `VAL_FEATURE_133_TIMEOUT_SECONDS`
- Documented default: `163`
- Required: `false`
- Mode: `safe`
",True,configuration,Controlled design expectation: configuration; independent human/owner acceptance still required before merge.,True,configuration,"VAL-CFG-133: kod mijenja dokumentovanu konfiguraciju iz '163' u '193' (documented_default_change), dok docs-before eksplicitno navodi staru vrijednost; dokumentacija bi zato postala zastarjela.",approved,4653609be5e98dbdf0366cdee972be6e7676d9cd4dcc34eed7a555e72b7b2269,f1b767acf9604bea162145b6f7fd73f2d16c3d3b37e5f13fee9d1fa5d1d413bd,configuration,rbi_property_valuation,documented_default_change,cases/patches/rbi_property_valuation/configuration/VAL-CFG-133.patch
CRPP2-VAL-CONFIGURATION-134,controlled-v2/rbi-property-valuation-copy,9401694,csharp,"[""PropertyValuation/DocGuardContractLab-v2/configuration/contracts_04.json""]","--- a/PropertyValuation/DocGuardContractLab-v2/configuration/contracts_04.json
+++ b/PropertyValuation/DocGuardContractLab-v2/configuration/contracts_04.json
@@ -28,7 +28,7 @@
     {
       ""contractId"": ""VAL-CFG-134"",
       ""default"": 164,
-      ""environmentVariable"": ""VAL_FEATURE_134_TIMEOUT_SECONDS"",
+      ""environmentVariable"": ""VAL_FEATURE_134_TIMEOUT_SECONDS_V2"",
       ""key"": ""rbi_property_valuation.feature134.timeoutSeconds"",
       ""mode"": ""safe"",
       ""required"": false
","<!-- docs/docguard-contract-lab-v2/CONFIGURATION.md @ controlled-baseline:964bf0471796d05b -->
### VAL-CFG-134
- Configuration key: `rbi_property_valuation.feature134.timeoutSeconds`
- Environment variable: `VAL_FEATURE_134_TIMEOUT_SECONDS`
- Documented default: `164`
- Required: `false`
- Mode: `safe`
",True,configuration,Controlled design expectation: configuration; independent human/owner acceptance still required before merge.,True,configuration,"VAL-CFG-134: kod mijenja dokumentovanu konfiguraciju iz 'VAL_FEATURE_134_TIMEOUT_SECONDS' u 'VAL_FEATURE_134_TIMEOUT_SECONDS_V2' (environment_variable_rename), dok docs-before eksplicitno navodi staru vrijednost; dokumentacija bi zato postala zastarjela.",approved,fc31a2a997ea2387928b39eb998baacde69a54ba00dda76fcf66c518818a609b,3f65f67a8d80312e90cafe4421a8c11db5ae2af0bc51fa2bfe7d54a5158303fd,configuration,rbi_property_valuation,environment_variable_rename,cases/patches/rbi_property_valuation/configuration/VAL-CFG-134.patch
CRPP2-VAL-CONFIGURATION-135,controlled-v2/rbi-property-valuation-copy,9401695,csharp,"[""PropertyValuation/DocGuardContractLab-v2/configuration/contracts_04.json""]","--- a/PropertyValuation/DocGuardContractLab-v2/configuration/contracts_04.json
+++ b/PropertyValuation/DocGuardContractLab-v2/configuration/contracts_04.json
@@ -39,7 +39,7 @@
       ""environmentVariable"": ""VAL_FEATURE_135_TIMEOUT_SECONDS"",
       ""key"": ""rbi_property_valuation.feature135.timeoutSeconds"",
       ""mode"": ""safe"",
-      ""required"": false
+      ""required"": true
     },
     {
       ""contractId"": ""VAL-CFG-136"",
","<!-- docs/docguard-contract-lab-v2/CONFIGURATION.md @ controlled-baseline:964bf0471796d05b -->
### VAL-CFG-135
- Configuration key: `rbi_property_valuation.feature135.timeoutSeconds`
- Environment variable: `VAL_FEATURE_135_TIMEOUT_SECONDS`
- Documented default: `165`
- Required: `false`
- Mode: `safe`
",True,configuration,Controlled design expectation: configuration; independent human/owner acceptance still required before merge.,True,configuration,"VAL-CFG-135: kod mijenja dokumentovanu konfiguraciju iz 'false' u 'true' (optional_to_required), dok docs-before eksplicitno navodi staru vrijednost; dokumentacija bi zato postala zastarjela.",approved,cb2c2f7440931ccd1a566c7d9f7a01250b819b5aa444269f11c7d2aa29b6b81d,f3ed7a4fdf917c3182afad9c24c5a1f037d87981a9a2c7c54216763f94036eab,configuration,rbi_property_valuation,optional_to_required,cases/patches/rbi_property_valuation/configuration/VAL-CFG-135.patch
CRPP2-VAL-CONFIGURATION-136,controlled-v2/rbi-property-valuation-copy,9401696,csharp,"[""PropertyValuation/DocGuardContractLab-v2/configuration/contracts_04.json""]","--- a/PropertyValuation/DocGuardContractLab-v2/configuration/contracts_04.json
+++ b/PropertyValuation/DocGuardContractLab-v2/configuration/contracts_04.json
@@ -46,7 +46,7 @@
       ""default"": 166,
       ""environmentVariable"": ""VAL_FEATURE_136_TIMEOUT_SECONDS"",
       ""key"": ""rbi_property_valuation.feature136.timeoutSeconds"",
-      ""mode"": ""safe"",
+      ""mode"": ""strict"",
       ""required"": false
     },
     {
","<!-- docs/docguard-contract-lab-v2/CONFIGURATION.md @ controlled-baseline:964bf0471796d05b -->
### VAL-CFG-136
- Configuration key: `rbi_property_valuation.feature136.timeoutSeconds`
- Environment variable: `VAL_FEATURE_136_TIMEOUT_SECONDS`
- Documented default: `166`
- Required: `false`
- Mode: `safe`
",True,configuration,Controlled design expectation: configuration; independent human/owner acceptance still required before merge.,True,configuration,"VAL-CFG-136: kod mijenja dokumentovanu konfiguraciju iz 'safe' u 'strict' (configuration_mode_change), dok docs-before eksplicitno navodi staru vrijednost; dokumentacija bi zato postala zastarjela.",approved,cefa92d366c097eeec38ffe6dfe11b049f58f3cb13f1259804d49b114e74903a,56e1af8926baf105c22c34837f76dbba9dff85244fecbe5ccef76bad367249ba,configuration,rbi_property_valuation,configuration_mode_change,cases/patches/rbi_property_valuation/configuration/VAL-CFG-136.patch
CRPP2-VAL-CONFIGURATION-137,controlled-v2/rbi-property-valuation-copy,9401697,csharp,"[""PropertyValuation/DocGuardContractLab-v2/configuration/contracts_04.json""]","--- a/PropertyValuation/DocGuardContractLab-v2/configuration/contracts_04.json
+++ b/PropertyValuation/DocGuardContractLab-v2/configuration/contracts_04.json
@@ -51,7 +51,7 @@
     },
     {
       ""contractId"": ""VAL-CFG-137"",
-      ""default"": 167,
+      ""default"": 197,
       ""environmentVariable"": ""VAL_FEATURE_137_TIMEOUT_SECONDS"",
       ""key"": ""rbi_property_valuation.feature137.timeoutSeconds"",
       ""mode"": ""safe"",
","<!-- docs/docguard-contract-lab-v2/CONFIGURATION.md @ controlled-baseline:964bf0471796d05b -->
### VAL-CFG-137
- Configuration key: `rbi_property_valuation.feature137.timeoutSeconds`
- Environment variable: `VAL_FEATURE_137_TIMEOUT_SECONDS`
- Documented default: `167`
- Required: `false`
- Mode: `safe`
",True,configuration,Controlled design expectation: configuration; independent human/owner acceptance still required before merge.,True,configuration,"VAL-CFG-137: kod mijenja dokumentovanu konfiguraciju iz '167' u '197' (documented_default_change), dok docs-before eksplicitno navodi staru vrijednost; dokumentacija bi zato postala zastarjela.",approved,bf62351aa5ae8ed0dfb10fd556cf05c3a859e14a509b02f25ecf032b8195a882,98d6a9037a002bc4e43e90038059b45cbdf81c4e41e69f53b837d55796c08dfe,configuration,rbi_property_valuation,documented_default_change,cases/patches/rbi_property_valuation/configuration/VAL-CFG-137.patch
CRPP2-VAL-CONFIGURATION-138,controlled-v2/rbi-property-valuation-copy,9401698,csharp,"[""PropertyValuation/DocGuardContractLab-v2/configuration/contracts_04.json""]","--- a/PropertyValuation/DocGuardContractLab-v2/configuration/contracts_04.json
+++ b/PropertyValuation/DocGuardContractLab-v2/configuration/contracts_04.json
@@ -60,7 +60,7 @@
     {
       ""contractId"": ""VAL-CFG-138"",
       ""default"": 168,
-      ""environmentVariable"": ""VAL_FEATURE_138_TIMEOUT_SECONDS"",
+      ""environmentVariable"": ""VAL_FEATURE_138_TIMEOUT_SECONDS_V2"",
       ""key"": ""rbi_property_valuation.feature138.timeoutSeconds"",
       ""mode"": ""safe"",
       ""required"": false
","<!-- docs/docguard-contract-lab-v2/CONFIGURATION.md @ controlled-baseline:964bf0471796d05b -->
### VAL-CFG-138
- Configuration key: `rbi_property_valuation.feature138.timeoutSeconds`
- Environment variable: `VAL_FEATURE_138_TIMEOUT_SECONDS`
- Documented default: `168`
- Required: `false`
- Mode: `safe`
",True,configuration,Controlled design expectation: configuration; independent human/owner acceptance still required before merge.,True,configuration,"VAL-CFG-138: kod mijenja dokumentovanu konfiguraciju iz 'VAL_FEATURE_138_TIMEOUT_SECONDS' u 'VAL_FEATURE_138_TIMEOUT_SECONDS_V2' (environment_variable_rename), dok docs-before eksplicitno navodi staru vrijednost; dokumentacija bi zato postala zastarjela.",approved,595360801a0d9f7eaec31a59ce48a6477864c461e6284d381e8d5bc50a96481f,8dba6b1b9ae3bb8f1d2eecbb5d8d969787509d84a51efb0d9a0f5ea6f40ad865,configuration,rbi_property_valuation,environment_variable_rename,cases/patches/rbi_property_valuation/configuration/VAL-CFG-138.patch
CRPP2-VAL-CONFIGURATION-139,controlled-v2/rbi-property-valuation-copy,9401699,csharp,"[""PropertyValuation/DocGuardContractLab-v2/configuration/contracts_04.json""]","--- a/PropertyValuation/DocGuardContractLab-v2/configuration/contracts_04.json
+++ b/PropertyValuation/DocGuardContractLab-v2/configuration/contracts_04.json
@@ -71,7 +71,7 @@
       ""environmentVariable"": ""VAL_FEATURE_139_TIMEOUT_SECONDS"",
       ""key"": ""rbi_property_valuation.feature139.timeoutSeconds"",
       ""mode"": ""safe"",
-      ""required"": false
+      ""required"": true
     },
     {
       ""contractId"": ""VAL-CFG-140"",
","<!-- docs/docguard-contract-lab-v2/CONFIGURATION.md @ controlled-baseline:964bf0471796d05b -->
### VAL-CFG-139
- Configuration key: `rbi_property_valuation.feature139.timeoutSeconds`
- Environment variable: `VAL_FEATURE_139_TIMEOUT_SECONDS`
- Documented default: `169`
- Required: `false`
- Mode: `safe`
",True,configuration,Controlled design expectation: configuration; independent human/owner acceptance still required before merge.,True,configuration,"VAL-CFG-139: kod mijenja dokumentovanu konfiguraciju iz 'false' u 'true' (optional_to_required), dok docs-before eksplicitno navodi staru vrijednost; dokumentacija bi zato postala zastarjela.",approved,4d79ef2c8af162005d5c979430ef75ded7c983adca8ea6dbf7e24d0ba8bf215a,6798dc95279ecf33d1b6eaf7e60b0fcb110cdd7d3598df55fb21925769ca7201,configuration,rbi_property_valuation,optional_to_required,cases/patches/rbi_property_valuation/configuration/VAL-CFG-139.patch
CRPP2-VAL-CONFIGURATION-140,controlled-v2/rbi-property-valuation-copy,9401700,csharp,"[""PropertyValuation/DocGuardContractLab-v2/configuration/contracts_04.json""]","--- a/PropertyValuation/DocGuardContractLab-v2/configuration/contracts_04.json
+++ b/PropertyValuation/DocGuardContractLab-v2/configuration/contracts_04.json
@@ -78,7 +78,7 @@
       ""default"": 170,
       ""environmentVariable"": ""VAL_FEATURE_140_TIMEOUT_SECONDS"",
       ""key"": ""rbi_property_valuation.feature140.timeoutSeconds"",
-      ""mode"": ""safe"",
+      ""mode"": ""strict"",
       ""required"": false
     }
   ],
","<!-- docs/docguard-contract-lab-v2/CONFIGURATION.md @ controlled-baseline:964bf0471796d05b -->
### VAL-CFG-140
- Configuration key: `rbi_property_valuation.feature140.timeoutSeconds`
- Environment variable: `VAL_FEATURE_140_TIMEOUT_SECONDS`
- Documented default: `170`
- Required: `false`
- Mode: `safe`
",True,configuration,Controlled design expectation: configuration; independent human/owner acceptance still required before merge.,True,configuration,"VAL-CFG-140: kod mijenja dokumentovanu konfiguraciju iz 'safe' u 'strict' (configuration_mode_change), dok docs-before eksplicitno navodi staru vrijednost; dokumentacija bi zato postala zastarjela.",approved,f74a6d056f79c32ec40ea1f5c95579d960b00eca9a426ea7427216ad9c18e145,3e62e47fe8446691611ccebfb3ee45c73dd5f4bd99f6ed0093dd049c57e0e006,configuration,rbi_property_valuation,configuration_mode_change,cases/patches/rbi_property_valuation/configuration/VAL-CFG-140.patch
