case_id,repository,pr_number,language,code_changed_files,code_diff_excerpt,docs_before_excerpt,suggested_docs_update_required,suggested_doc_category,suggested_notes,human_docs_update_required,human_doc_category,human_label_notes,review_status,review_row_hash,review_context_hash,synthetic_category_by_design,source_project_key,mutation_template,patch_path
CRPP2-TFG-CONFIGURATION-121,controlled-v2/rbi-test-forge-copy,9401201,csharp,"[""TestGenerator/DocGuardContractLab-v2/configuration/contracts_03.json""]","--- a/TestGenerator/DocGuardContractLab-v2/configuration/contracts_03.json
+++ b/TestGenerator/DocGuardContractLab-v2/configuration/contracts_03.json
@@ -3,7 +3,7 @@
   ""contracts"": [
     {
       ""contractId"": ""TFG-CFG-121"",
-      ""default"": 151,
+      ""default"": 181,
       ""environmentVariable"": ""TFG_FEATURE_121_TIMEOUT_SECONDS"",
       ""key"": ""rbi_test_forge.feature121.timeoutSeconds"",
       ""mode"": ""safe"",
","<!-- docs/docguard-contract-lab-v2/CONFIGURATION.md @ controlled-baseline:bb1f6f1c7fb0e041 -->
### TFG-CFG-121
- Configuration key: `rbi_test_forge.feature121.timeoutSeconds`
- Environment variable: `TFG_FEATURE_121_TIMEOUT_SECONDS`
- Documented default: `151`
- Required: `false`
- Mode: `safe`
",True,configuration,Controlled design expectation: configuration; independent human/owner acceptance still required before merge.,True,configuration,"TFG-CFG-121: kod mijenja dokumentovanu konfiguraciju iz '151' u '181' (documented_default_change), dok docs-before eksplicitno navodi staru vrijednost; dokumentacija bi zato postala zastarjela.",approved,53b897dda5860b88b068c457a7b2c4bea19017365253292f0898335df5a9bd21,61ca6ad7a48b57fd3c153b451188493c3de2a52bb468ec01ab274c9dd6934ffc,configuration,rbi_test_forge,documented_default_change,cases/patches/rbi_test_forge/configuration/TFG-CFG-121.patch
CRPP2-TFG-CONFIGURATION-122,controlled-v2/rbi-test-forge-copy,9401202,csharp,"[""TestGenerator/DocGuardContractLab-v2/configuration/contracts_03.json""]","--- a/TestGenerator/DocGuardContractLab-v2/configuration/contracts_03.json
+++ b/TestGenerator/DocGuardContractLab-v2/configuration/contracts_03.json
@@ -12,7 +12,7 @@
     {
       ""contractId"": ""TFG-CFG-122"",
       ""default"": 152,
-      ""environmentVariable"": ""TFG_FEATURE_122_TIMEOUT_SECONDS"",
+      ""environmentVariable"": ""TFG_FEATURE_122_TIMEOUT_SECONDS_V2"",
       ""key"": ""rbi_test_forge.feature122.timeoutSeconds"",
       ""mode"": ""safe"",
       ""required"": false
","<!-- docs/docguard-contract-lab-v2/CONFIGURATION.md @ controlled-baseline:bb1f6f1c7fb0e041 -->
### TFG-CFG-122
- Configuration key: `rbi_test_forge.feature122.timeoutSeconds`
- Environment variable: `TFG_FEATURE_122_TIMEOUT_SECONDS`
- Documented default: `152`
- Required: `false`
- Mode: `safe`
",True,configuration,Controlled design expectation: configuration; independent human/owner acceptance still required before merge.,True,configuration,"TFG-CFG-122: kod mijenja dokumentovanu konfiguraciju iz 'TFG_FEATURE_122_TIMEOUT_SECONDS' u 'TFG_FEATURE_122_TIMEOUT_SECONDS_V2' (environment_variable_rename), dok docs-before eksplicitno navodi staru vrijednost; dokumentacija bi zato postala zastarjela.",approved,366df0f84531e7ab9986e9822567ec897bb2436ad692605a6aec593316baf66c,d62f074ea9009ff0e1b93c3a6071ae7c858ece94fe93b2b425710cfdc8ff4d9d,configuration,rbi_test_forge,environment_variable_rename,cases/patches/rbi_test_forge/configuration/TFG-CFG-122.patch
CRPP2-TFG-CONFIGURATION-123,controlled-v2/rbi-test-forge-copy,9401203,csharp,"[""TestGenerator/DocGuardContractLab-v2/configuration/contracts_03.json""]","--- a/TestGenerator/DocGuardContractLab-v2/configuration/contracts_03.json
+++ b/TestGenerator/DocGuardContractLab-v2/configuration/contracts_03.json
@@ -23,7 +23,7 @@
       ""environmentVariable"": ""TFG_FEATURE_123_TIMEOUT_SECONDS"",
       ""key"": ""rbi_test_forge.feature123.timeoutSeconds"",
       ""mode"": ""safe"",
-      ""required"": false
+      ""required"": true
     },
     {
       ""contractId"": ""TFG-CFG-124"",
","<!-- docs/docguard-contract-lab-v2/CONFIGURATION.md @ controlled-baseline:bb1f6f1c7fb0e041 -->
### TFG-CFG-123
- Configuration key: `rbi_test_forge.feature123.timeoutSeconds`
- Environment variable: `TFG_FEATURE_123_TIMEOUT_SECONDS`
- Documented default: `153`
- Required: `false`
- Mode: `safe`
",True,configuration,Controlled design expectation: configuration; independent human/owner acceptance still required before merge.,True,configuration,"TFG-CFG-123: kod mijenja dokumentovanu konfiguraciju iz 'false' u 'true' (optional_to_required), dok docs-before eksplicitno navodi staru vrijednost; dokumentacija bi zato postala zastarjela.",approved,22df66102374442c65bb09403d9ea55c9cea151d870e78ee59507fe1b8d2aeb3,fc1a006a08a646f5d4d66e1697262a0be6c4c3a82f4e3cca58bce6c636828fe5,configuration,rbi_test_forge,optional_to_required,cases/patches/rbi_test_forge/configuration/TFG-CFG-123.patch
CRPP2-TFG-CONFIGURATION-124,controlled-v2/rbi-test-forge-copy,9401204,csharp,"[""TestGenerator/DocGuardContractLab-v2/configuration/contracts_03.json""]","--- a/TestGenerator/DocGuardContractLab-v2/configuration/contracts_03.json
+++ b/TestGenerator/DocGuardContractLab-v2/configuration/contracts_03.json
@@ -30,7 +30,7 @@
       ""default"": 154,
       ""environmentVariable"": ""TFG_FEATURE_124_TIMEOUT_SECONDS"",
       ""key"": ""rbi_test_forge.feature124.timeoutSeconds"",
-      ""mode"": ""safe"",
+      ""mode"": ""strict"",
       ""required"": false
     },
     {
","<!-- docs/docguard-contract-lab-v2/CONFIGURATION.md @ controlled-baseline:bb1f6f1c7fb0e041 -->
### TFG-CFG-124
- Configuration key: `rbi_test_forge.feature124.timeoutSeconds`
- Environment variable: `TFG_FEATURE_124_TIMEOUT_SECONDS`
- Documented default: `154`
- Required: `false`
- Mode: `safe`
",True,configuration,Controlled design expectation: configuration; independent human/owner acceptance still required before merge.,True,configuration,"TFG-CFG-124: kod mijenja dokumentovanu konfiguraciju iz 'safe' u 'strict' (configuration_mode_change), dok docs-before eksplicitno navodi staru vrijednost; dokumentacija bi zato postala zastarjela.",approved,7ccba08753dfe9e1e15ef8c1352c9e5e8113bd6e54346958102e618412d31451,b4deb3c3e44888859739ad9dc7e9fb26acb3aff252e989e07be9f4b15776bb74,configuration,rbi_test_forge,configuration_mode_change,cases/patches/rbi_test_forge/configuration/TFG-CFG-124.patch
CRPP2-TFG-CONFIGURATION-125,controlled-v2/rbi-test-forge-copy,9401205,csharp,"[""TestGenerator/DocGuardContractLab-v2/configuration/contracts_03.json""]","--- a/TestGenerator/DocGuardContractLab-v2/configuration/contracts_03.json
+++ b/TestGenerator/DocGuardContractLab-v2/configuration/contracts_03.json
@@ -35,7 +35,7 @@
     },
     {
       ""contractId"": ""TFG-CFG-125"",
-      ""default"": 155,
+      ""default"": 185,
       ""environmentVariable"": ""TFG_FEATURE_125_TIMEOUT_SECONDS"",
       ""key"": ""rbi_test_forge.feature125.timeoutSeconds"",
       ""mode"": ""safe"",
","<!-- docs/docguard-contract-lab-v2/CONFIGURATION.md @ controlled-baseline:bb1f6f1c7fb0e041 -->
### TFG-CFG-125
- Configuration key: `rbi_test_forge.feature125.timeoutSeconds`
- Environment variable: `TFG_FEATURE_125_TIMEOUT_SECONDS`
- Documented default: `155`
- Required: `false`
- Mode: `safe`
",True,configuration,Controlled design expectation: configuration; independent human/owner acceptance still required before merge.,True,configuration,"TFG-CFG-125: kod mijenja dokumentovanu konfiguraciju iz '155' u '185' (documented_default_change), dok docs-before eksplicitno navodi staru vrijednost; dokumentacija bi zato postala zastarjela.",approved,5bd341ad1aeff6f29afb5a26f13f1348a2b7e5199c6b5c6bc725a01c8c9ebd56,f661874a81bf686c9345f33fc55d66f4264bde76728188aecd80153da2bb96ea,configuration,rbi_test_forge,documented_default_change,cases/patches/rbi_test_forge/configuration/TFG-CFG-125.patch
CRPP2-TFG-CONFIGURATION-126,controlled-v2/rbi-test-forge-copy,9401206,csharp,"[""TestGenerator/DocGuardContractLab-v2/configuration/contracts_03.json""]","--- a/TestGenerator/DocGuardContractLab-v2/configuration/contracts_03.json
+++ b/TestGenerator/DocGuardContractLab-v2/configuration/contracts_03.json
@@ -44,7 +44,7 @@
     {
       ""contractId"": ""TFG-CFG-126"",
       ""default"": 156,
-      ""environmentVariable"": ""TFG_FEATURE_126_TIMEOUT_SECONDS"",
+      ""environmentVariable"": ""TFG_FEATURE_126_TIMEOUT_SECONDS_V2"",
       ""key"": ""rbi_test_forge.feature126.timeoutSeconds"",
       ""mode"": ""safe"",
       ""required"": false
","<!-- docs/docguard-contract-lab-v2/CONFIGURATION.md @ controlled-baseline:bb1f6f1c7fb0e041 -->
### TFG-CFG-126
- Configuration key: `rbi_test_forge.feature126.timeoutSeconds`
- Environment variable: `TFG_FEATURE_126_TIMEOUT_SECONDS`
- Documented default: `156`
- Required: `false`
- Mode: `safe`
",True,configuration,Controlled design expectation: configuration; independent human/owner acceptance still required before merge.,True,configuration,"TFG-CFG-126: kod mijenja dokumentovanu konfiguraciju iz 'TFG_FEATURE_126_TIMEOUT_SECONDS' u 'TFG_FEATURE_126_TIMEOUT_SECONDS_V2' (environment_variable_rename), dok docs-before eksplicitno navodi staru vrijednost; dokumentacija bi zato postala zastarjela.",approved,dfce146e95307c387af08763853b603cbe17431cfb4136a3ae353de3d423629f,8e87a3c83627a687e77efbda63a6d5c7b4c8bb80084c37b6b3754d861357d1c6,configuration,rbi_test_forge,environment_variable_rename,cases/patches/rbi_test_forge/configuration/TFG-CFG-126.patch
CRPP2-TFG-CONFIGURATION-127,controlled-v2/rbi-test-forge-copy,9401207,csharp,"[""TestGenerator/DocGuardContractLab-v2/configuration/contracts_03.json""]","--- a/TestGenerator/DocGuardContractLab-v2/configuration/contracts_03.json
+++ b/TestGenerator/DocGuardContractLab-v2/configuration/contracts_03.json
@@ -55,7 +55,7 @@
       ""environmentVariable"": ""TFG_FEATURE_127_TIMEOUT_SECONDS"",
       ""key"": ""rbi_test_forge.feature127.timeoutSeconds"",
       ""mode"": ""safe"",
-      ""required"": false
+      ""required"": true
     },
     {
       ""contractId"": ""TFG-CFG-128"",
","<!-- docs/docguard-contract-lab-v2/CONFIGURATION.md @ controlled-baseline:bb1f6f1c7fb0e041 -->
### TFG-CFG-127
- Configuration key: `rbi_test_forge.feature127.timeoutSeconds`
- Environment variable: `TFG_FEATURE_127_TIMEOUT_SECONDS`
- Documented default: `157`
- Required: `false`
- Mode: `safe`
",True,configuration,Controlled design expectation: configuration; independent human/owner acceptance still required before merge.,True,configuration,"TFG-CFG-127: kod mijenja dokumentovanu konfiguraciju iz 'false' u 'true' (optional_to_required), dok docs-before eksplicitno navodi staru vrijednost; dokumentacija bi zato postala zastarjela.",approved,7dbdc315d800069e81ae2dcefe45762707119678d9e66c7d0d671ddeec000b85,7da07bfdedd3618fdcdfe0e3abda9ec48b225cda78ae028f243eebcdd81cf931,configuration,rbi_test_forge,optional_to_required,cases/patches/rbi_test_forge/configuration/TFG-CFG-127.patch
CRPP2-TFG-CONFIGURATION-128,controlled-v2/rbi-test-forge-copy,9401208,csharp,"[""TestGenerator/DocGuardContractLab-v2/configuration/contracts_03.json""]","--- a/TestGenerator/DocGuardContractLab-v2/configuration/contracts_03.json
+++ b/TestGenerator/DocGuardContractLab-v2/configuration/contracts_03.json
@@ -62,7 +62,7 @@
       ""default"": 158,
       ""environmentVariable"": ""TFG_FEATURE_128_TIMEOUT_SECONDS"",
       ""key"": ""rbi_test_forge.feature128.timeoutSeconds"",
-      ""mode"": ""safe"",
+      ""mode"": ""strict"",
       ""required"": false
     },
     {
","<!-- docs/docguard-contract-lab-v2/CONFIGURATION.md @ controlled-baseline:bb1f6f1c7fb0e041 -->
### TFG-CFG-128
- Configuration key: `rbi_test_forge.feature128.timeoutSeconds`
- Environment variable: `TFG_FEATURE_128_TIMEOUT_SECONDS`
- Documented default: `158`
- Required: `false`
- Mode: `safe`
",True,configuration,Controlled design expectation: configuration; independent human/owner acceptance still required before merge.,True,configuration,"TFG-CFG-128: kod mijenja dokumentovanu konfiguraciju iz 'safe' u 'strict' (configuration_mode_change), dok docs-before eksplicitno navodi staru vrijednost; dokumentacija bi zato postala zastarjela.",approved,65beda36842f6f0a1dde9c20ad17eb61c0299e87467d939cf1921a3d88373428,39f71f8fcbbce2555c800370ccca9f0d05eff5ff60ed06a2f752799bad2d345d,configuration,rbi_test_forge,configuration_mode_change,cases/patches/rbi_test_forge/configuration/TFG-CFG-128.patch
CRPP2-TFG-CONFIGURATION-129,controlled-v2/rbi-test-forge-copy,9401209,csharp,"[""TestGenerator/DocGuardContractLab-v2/configuration/contracts_03.json""]","--- a/TestGenerator/DocGuardContractLab-v2/configuration/contracts_03.json
+++ b/TestGenerator/DocGuardContractLab-v2/configuration/contracts_03.json
@@ -67,7 +67,7 @@
     },
     {
       ""contractId"": ""TFG-CFG-129"",
-      ""default"": 159,
+      ""default"": 189,
       ""environmentVariable"": ""TFG_FEATURE_129_TIMEOUT_SECONDS"",
       ""key"": ""rbi_test_forge.feature129.timeoutSeconds"",
       ""mode"": ""safe"",
","<!-- docs/docguard-contract-lab-v2/CONFIGURATION.md @ controlled-baseline:bb1f6f1c7fb0e041 -->
### TFG-CFG-129
- Configuration key: `rbi_test_forge.feature129.timeoutSeconds`
- Environment variable: `TFG_FEATURE_129_TIMEOUT_SECONDS`
- Documented default: `159`
- Required: `false`
- Mode: `safe`
",True,configuration,Controlled design expectation: configuration; independent human/owner acceptance still required before merge.,True,configuration,"TFG-CFG-129: kod mijenja dokumentovanu konfiguraciju iz '159' u '189' (documented_default_change), dok docs-before eksplicitno navodi staru vrijednost; dokumentacija bi zato postala zastarjela.",approved,2a0fbf630e6c7c19d4315f58458701b41ea5d121d12d7060a7853200cecc6a9b,7d1f7dc2f55e698ce31b8bcc9ec6beecdb245a893cfddb8778e448ff75f72140,configuration,rbi_test_forge,documented_default_change,cases/patches/rbi_test_forge/configuration/TFG-CFG-129.patch
CRPP2-TFG-CONFIGURATION-130,controlled-v2/rbi-test-forge-copy,9401210,csharp,"[""TestGenerator/DocGuardContractLab-v2/configuration/contracts_03.json""]","--- a/TestGenerator/DocGuardContractLab-v2/configuration/contracts_03.json
+++ b/TestGenerator/DocGuardContractLab-v2/configuration/contracts_03.json
@@ -76,7 +76,7 @@
     {
       ""contractId"": ""TFG-CFG-130"",
       ""default"": 160,
-      ""environmentVariable"": ""TFG_FEATURE_130_TIMEOUT_SECONDS"",
+      ""environmentVariable"": ""TFG_FEATURE_130_TIMEOUT_SECONDS_V2"",
       ""key"": ""rbi_test_forge.feature130.timeoutSeconds"",
       ""mode"": ""safe"",
       ""required"": false
","<!-- docs/docguard-contract-lab-v2/CONFIGURATION.md @ controlled-baseline:bb1f6f1c7fb0e041 -->
### TFG-CFG-130
- Configuration key: `rbi_test_forge.feature130.timeoutSeconds`
- Environment variable: `TFG_FEATURE_130_TIMEOUT_SECONDS`
- Documented default: `160`
- Required: `false`
- Mode: `safe`
",True,configuration,Controlled design expectation: configuration; independent human/owner acceptance still required before merge.,True,configuration,"TFG-CFG-130: kod mijenja dokumentovanu konfiguraciju iz 'TFG_FEATURE_130_TIMEOUT_SECONDS' u 'TFG_FEATURE_130_TIMEOUT_SECONDS_V2' (environment_variable_rename), dok docs-before eksplicitno navodi staru vrijednost; dokumentacija bi zato postala zastarjela.",approved,187f3ec7570e391b42eacb16a20c5423f2ba8f147a627a541298ab09451714d7,b60e4c144b2e5553081c99a6bde6118a36a8259bd47b8e0abc7d9809ea2b2f55,configuration,rbi_test_forge,environment_variable_rename,cases/patches/rbi_test_forge/configuration/TFG-CFG-130.patch
CRPP2-TFG-CONFIGURATION-131,controlled-v2/rbi-test-forge-copy,9401211,csharp,"[""TestGenerator/DocGuardContractLab-v2/configuration/contracts_04.json""]","--- a/TestGenerator/DocGuardContractLab-v2/configuration/contracts_04.json
+++ b/TestGenerator/DocGuardContractLab-v2/configuration/contracts_04.json
@@ -7,7 +7,7 @@
       ""environmentVariable"": ""TFG_FEATURE_131_TIMEOUT_SECONDS"",
       ""key"": ""rbi_test_forge.feature131.timeoutSeconds"",
       ""mode"": ""safe"",
-      ""required"": false
+      ""required"": true
     },
     {
       ""contractId"": ""TFG-CFG-132"",
","<!-- docs/docguard-contract-lab-v2/CONFIGURATION.md @ controlled-baseline:bb1f6f1c7fb0e041 -->
### TFG-CFG-131
- Configuration key: `rbi_test_forge.feature131.timeoutSeconds`
- Environment variable: `TFG_FEATURE_131_TIMEOUT_SECONDS`
- Documented default: `161`
- Required: `false`
- Mode: `safe`
",True,configuration,Controlled design expectation: configuration; independent human/owner acceptance still required before merge.,True,configuration,"TFG-CFG-131: kod mijenja dokumentovanu konfiguraciju iz 'false' u 'true' (optional_to_required), dok docs-before eksplicitno navodi staru vrijednost; dokumentacija bi zato postala zastarjela.",approved,1cb3973c749f26d9b9f8ba19b3b750a81f4cbee0ef9bb25100ea380d0b8adb22,939bc39287290f8b41f07abf2995c6cd67fe7ce1114402595b648fa7f6b95986,configuration,rbi_test_forge,optional_to_required,cases/patches/rbi_test_forge/configuration/TFG-CFG-131.patch
CRPP2-TFG-CONFIGURATION-132,controlled-v2/rbi-test-forge-copy,9401212,csharp,"[""TestGenerator/DocGuardContractLab-v2/configuration/contracts_04.json""]","--- a/TestGenerator/DocGuardContractLab-v2/configuration/contracts_04.json
+++ b/TestGenerator/DocGuardContractLab-v2/configuration/contracts_04.json
@@ -14,7 +14,7 @@
       ""default"": 162,
       ""environmentVariable"": ""TFG_FEATURE_132_TIMEOUT_SECONDS"",
       ""key"": ""rbi_test_forge.feature132.timeoutSeconds"",
-      ""mode"": ""safe"",
+      ""mode"": ""strict"",
       ""required"": false
     },
     {
","<!-- docs/docguard-contract-lab-v2/CONFIGURATION.md @ controlled-baseline:bb1f6f1c7fb0e041 -->
### TFG-CFG-132
- Configuration key: `rbi_test_forge.feature132.timeoutSeconds`
- Environment variable: `TFG_FEATURE_132_TIMEOUT_SECONDS`
- Documented default: `162`
- Required: `false`
- Mode: `safe`
",True,configuration,Controlled design expectation: configuration; independent human/owner acceptance still required before merge.,True,configuration,"TFG-CFG-132: kod mijenja dokumentovanu konfiguraciju iz 'safe' u 'strict' (configuration_mode_change), dok docs-before eksplicitno navodi staru vrijednost; dokumentacija bi zato postala zastarjela.",approved,0b05b1bc1538891cdcdbff9a2a478b5dd90e1dc83c5d164031759c4a74f3fb35,091046e9d5c4e3c5598c1b7de2a9ed88e0378fac6b5fdc3846871175c590de9a,configuration,rbi_test_forge,configuration_mode_change,cases/patches/rbi_test_forge/configuration/TFG-CFG-132.patch
CRPP2-TFG-CONFIGURATION-133,controlled-v2/rbi-test-forge-copy,9401213,csharp,"[""TestGenerator/DocGuardContractLab-v2/configuration/contracts_04.json""]","--- a/TestGenerator/DocGuardContractLab-v2/configuration/contracts_04.json
+++ b/TestGenerator/DocGuardContractLab-v2/configuration/contracts_04.json
@@ -19,7 +19,7 @@
     },
     {
       ""contractId"": ""TFG-CFG-133"",
-      ""default"": 163,
+      ""default"": 193,
       ""environmentVariable"": ""TFG_FEATURE_133_TIMEOUT_SECONDS"",
       ""key"": ""rbi_test_forge.feature133.timeoutSeconds"",
       ""mode"": ""safe"",
","<!-- docs/docguard-contract-lab-v2/CONFIGURATION.md @ controlled-baseline:bb1f6f1c7fb0e041 -->
### TFG-CFG-133
- Configuration key: `rbi_test_forge.feature133.timeoutSeconds`
- Environment variable: `TFG_FEATURE_133_TIMEOUT_SECONDS`
- Documented default: `163`
- Required: `false`
- Mode: `safe`
",True,configuration,Controlled design expectation: configuration; independent human/owner acceptance still required before merge.,True,configuration,"TFG-CFG-133: kod mijenja dokumentovanu konfiguraciju iz '163' u '193' (documented_default_change), dok docs-before eksplicitno navodi staru vrijednost; dokumentacija bi zato postala zastarjela.",approved,e103a95adca6d4a2d4638ddac55d984cbe9f64272526aa23e83af3f13932fd54,19f821dc627dca131f2959ab0f004440653165d6f518151f2353387ce5859d07,configuration,rbi_test_forge,documented_default_change,cases/patches/rbi_test_forge/configuration/TFG-CFG-133.patch
CRPP2-TFG-CONFIGURATION-134,controlled-v2/rbi-test-forge-copy,9401214,csharp,"[""TestGenerator/DocGuardContractLab-v2/configuration/contracts_04.json""]","--- a/TestGenerator/DocGuardContractLab-v2/configuration/contracts_04.json
+++ b/TestGenerator/DocGuardContractLab-v2/configuration/contracts_04.json
@@ -28,7 +28,7 @@
     {
       ""contractId"": ""TFG-CFG-134"",
       ""default"": 164,
-      ""environmentVariable"": ""TFG_FEATURE_134_TIMEOUT_SECONDS"",
+      ""environmentVariable"": ""TFG_FEATURE_134_TIMEOUT_SECONDS_V2"",
       ""key"": ""rbi_test_forge.feature134.timeoutSeconds"",
       ""mode"": ""safe"",
       ""required"": false
","<!-- docs/docguard-contract-lab-v2/CONFIGURATION.md @ controlled-baseline:bb1f6f1c7fb0e041 -->
### TFG-CFG-134
- Configuration key: `rbi_test_forge.feature134.timeoutSeconds`
- Environment variable: `TFG_FEATURE_134_TIMEOUT_SECONDS`
- Documented default: `164`
- Required: `false`
- Mode: `safe`
",True,configuration,Controlled design expectation: configuration; independent human/owner acceptance still required before merge.,True,configuration,"TFG-CFG-134: kod mijenja dokumentovanu konfiguraciju iz 'TFG_FEATURE_134_TIMEOUT_SECONDS' u 'TFG_FEATURE_134_TIMEOUT_SECONDS_V2' (environment_variable_rename), dok docs-before eksplicitno navodi staru vrijednost; dokumentacija bi zato postala zastarjela.",approved,34d0bcd5dea8fd2995348147b4e21ac92ee954511aa22c1c694442d50098e750,07a263cfe3a0ec792791306d4bc9ca0437c58b0acbad823d0fb58d0e3516c8ef,configuration,rbi_test_forge,environment_variable_rename,cases/patches/rbi_test_forge/configuration/TFG-CFG-134.patch
CRPP2-TFG-CONFIGURATION-135,controlled-v2/rbi-test-forge-copy,9401215,csharp,"[""TestGenerator/DocGuardContractLab-v2/configuration/contracts_04.json""]","--- a/TestGenerator/DocGuardContractLab-v2/configuration/contracts_04.json
+++ b/TestGenerator/DocGuardContractLab-v2/configuration/contracts_04.json
@@ -39,7 +39,7 @@
       ""environmentVariable"": ""TFG_FEATURE_135_TIMEOUT_SECONDS"",
       ""key"": ""rbi_test_forge.feature135.timeoutSeconds"",
       ""mode"": ""safe"",
-      ""required"": false
+      ""required"": true
     },
     {
       ""contractId"": ""TFG-CFG-136"",
","<!-- docs/docguard-contract-lab-v2/CONFIGURATION.md @ controlled-baseline:bb1f6f1c7fb0e041 -->
### TFG-CFG-135
- Configuration key: `rbi_test_forge.feature135.timeoutSeconds`
- Environment variable: `TFG_FEATURE_135_TIMEOUT_SECONDS`
- Documented default: `165`
- Required: `false`
- Mode: `safe`
",True,configuration,Controlled design expectation: configuration; independent human/owner acceptance still required before merge.,True,configuration,"TFG-CFG-135: kod mijenja dokumentovanu konfiguraciju iz 'false' u 'true' (optional_to_required), dok docs-before eksplicitno navodi staru vrijednost; dokumentacija bi zato postala zastarjela.",approved,cab8e1486476c1aa1575d4367dc7446da5264c8172c875d2d1530710c448997d,49daf58d776001ba379743fb563652685cbe24274b0be4a258c3d5d03543fa0a,configuration,rbi_test_forge,optional_to_required,cases/patches/rbi_test_forge/configuration/TFG-CFG-135.patch
CRPP2-TFG-CONFIGURATION-136,controlled-v2/rbi-test-forge-copy,9401216,csharp,"[""TestGenerator/DocGuardContractLab-v2/configuration/contracts_04.json""]","--- a/TestGenerator/DocGuardContractLab-v2/configuration/contracts_04.json
+++ b/TestGenerator/DocGuardContractLab-v2/configuration/contracts_04.json
@@ -46,7 +46,7 @@
       ""default"": 166,
       ""environmentVariable"": ""TFG_FEATURE_136_TIMEOUT_SECONDS"",
       ""key"": ""rbi_test_forge.feature136.timeoutSeconds"",
-      ""mode"": ""safe"",
+      ""mode"": ""strict"",
       ""required"": false
     },
     {
","<!-- docs/docguard-contract-lab-v2/CONFIGURATION.md @ controlled-baseline:bb1f6f1c7fb0e041 -->
### TFG-CFG-136
- Configuration key: `rbi_test_forge.feature136.timeoutSeconds`
- Environment variable: `TFG_FEATURE_136_TIMEOUT_SECONDS`
- Documented default: `166`
- Required: `false`
- Mode: `safe`
",True,configuration,Controlled design expectation: configuration; independent human/owner acceptance still required before merge.,True,configuration,"TFG-CFG-136: kod mijenja dokumentovanu konfiguraciju iz 'safe' u 'strict' (configuration_mode_change), dok docs-before eksplicitno navodi staru vrijednost; dokumentacija bi zato postala zastarjela.",approved,492174ccf7706cc6d2aeaeab97fe2eb44f5ea0017e0ff819826b8c0693bb37e3,38837bc1bd6ae5b887da1a8597ed6d1dd002144c01fb821e2bbe336262337b6f,configuration,rbi_test_forge,configuration_mode_change,cases/patches/rbi_test_forge/configuration/TFG-CFG-136.patch
CRPP2-TFG-CONFIGURATION-137,controlled-v2/rbi-test-forge-copy,9401217,csharp,"[""TestGenerator/DocGuardContractLab-v2/configuration/contracts_04.json""]","--- a/TestGenerator/DocGuardContractLab-v2/configuration/contracts_04.json
+++ b/TestGenerator/DocGuardContractLab-v2/configuration/contracts_04.json
@@ -51,7 +51,7 @@
     },
     {
       ""contractId"": ""TFG-CFG-137"",
-      ""default"": 167,
+      ""default"": 197,
       ""environmentVariable"": ""TFG_FEATURE_137_TIMEOUT_SECONDS"",
       ""key"": ""rbi_test_forge.feature137.timeoutSeconds"",
       ""mode"": ""safe"",
","<!-- docs/docguard-contract-lab-v2/CONFIGURATION.md @ controlled-baseline:bb1f6f1c7fb0e041 -->
### TFG-CFG-137
- Configuration key: `rbi_test_forge.feature137.timeoutSeconds`
- Environment variable: `TFG_FEATURE_137_TIMEOUT_SECONDS`
- Documented default: `167`
- Required: `false`
- Mode: `safe`
",True,configuration,Controlled design expectation: configuration; independent human/owner acceptance still required before merge.,True,configuration,"TFG-CFG-137: kod mijenja dokumentovanu konfiguraciju iz '167' u '197' (documented_default_change), dok docs-before eksplicitno navodi staru vrijednost; dokumentacija bi zato postala zastarjela.",approved,e328b1a4ec8cbd998cbd98b6bc496c5845036dce0c7402a2399da2969aba0b0f,051bc646a3df9f81e1392cf72edbc869dbf834d21e9387c9d67fbe56f45f0e87,configuration,rbi_test_forge,documented_default_change,cases/patches/rbi_test_forge/configuration/TFG-CFG-137.patch
CRPP2-TFG-CONFIGURATION-138,controlled-v2/rbi-test-forge-copy,9401218,csharp,"[""TestGenerator/DocGuardContractLab-v2/configuration/contracts_04.json""]","--- a/TestGenerator/DocGuardContractLab-v2/configuration/contracts_04.json
+++ b/TestGenerator/DocGuardContractLab-v2/configuration/contracts_04.json
@@ -60,7 +60,7 @@
     {
       ""contractId"": ""TFG-CFG-138"",
       ""default"": 168,
-      ""environmentVariable"": ""TFG_FEATURE_138_TIMEOUT_SECONDS"",
+      ""environmentVariable"": ""TFG_FEATURE_138_TIMEOUT_SECONDS_V2"",
       ""key"": ""rbi_test_forge.feature138.timeoutSeconds"",
       ""mode"": ""safe"",
       ""required"": false
","<!-- docs/docguard-contract-lab-v2/CONFIGURATION.md @ controlled-baseline:bb1f6f1c7fb0e041 -->
### TFG-CFG-138
- Configuration key: `rbi_test_forge.feature138.timeoutSeconds`
- Environment variable: `TFG_FEATURE_138_TIMEOUT_SECONDS`
- Documented default: `168`
- Required: `false`
- Mode: `safe`
",True,configuration,Controlled design expectation: configuration; independent human/owner acceptance still required before merge.,True,configuration,"TFG-CFG-138: kod mijenja dokumentovanu konfiguraciju iz 'TFG_FEATURE_138_TIMEOUT_SECONDS' u 'TFG_FEATURE_138_TIMEOUT_SECONDS_V2' (environment_variable_rename), dok docs-before eksplicitno navodi staru vrijednost; dokumentacija bi zato postala zastarjela.",approved,77d9ab8cc53b8c3a4e6581510248eeb2d1a0cc0b5f0e3101998e44810ab13d70,b8ef048e660fb0cd46ae83b7b8a1e16f1aa8be2179ca278e30a4d40915dba57d,configuration,rbi_test_forge,environment_variable_rename,cases/patches/rbi_test_forge/configuration/TFG-CFG-138.patch
CRPP2-TFG-CONFIGURATION-139,controlled-v2/rbi-test-forge-copy,9401219,csharp,"[""TestGenerator/DocGuardContractLab-v2/configuration/contracts_04.json""]","--- a/TestGenerator/DocGuardContractLab-v2/configuration/contracts_04.json
+++ b/TestGenerator/DocGuardContractLab-v2/configuration/contracts_04.json
@@ -71,7 +71,7 @@
       ""environmentVariable"": ""TFG_FEATURE_139_TIMEOUT_SECONDS"",
       ""key"": ""rbi_test_forge.feature139.timeoutSeconds"",
       ""mode"": ""safe"",
-      ""required"": false
+      ""required"": true
     },
     {
       ""contractId"": ""TFG-CFG-140"",
","<!-- docs/docguard-contract-lab-v2/CONFIGURATION.md @ controlled-baseline:bb1f6f1c7fb0e041 -->
### TFG-CFG-139
- Configuration key: `rbi_test_forge.feature139.timeoutSeconds`
- Environment variable: `TFG_FEATURE_139_TIMEOUT_SECONDS`
- Documented default: `169`
- Required: `false`
- Mode: `safe`
",True,configuration,Controlled design expectation: configuration; independent human/owner acceptance still required before merge.,True,configuration,"TFG-CFG-139: kod mijenja dokumentovanu konfiguraciju iz 'false' u 'true' (optional_to_required), dok docs-before eksplicitno navodi staru vrijednost; dokumentacija bi zato postala zastarjela.",approved,28667703a419439d3656a1fae3ab644558474fc06c5010f2d7792296a2cdd53d,5137fc8de990b215defd3de5f368da8c59ae1f5a40c1a9a0a0ec6b9b812a5aa1,configuration,rbi_test_forge,optional_to_required,cases/patches/rbi_test_forge/configuration/TFG-CFG-139.patch
CRPP2-TFG-CONFIGURATION-140,controlled-v2/rbi-test-forge-copy,9401220,csharp,"[""TestGenerator/DocGuardContractLab-v2/configuration/contracts_04.json""]","--- a/TestGenerator/DocGuardContractLab-v2/configuration/contracts_04.json
+++ b/TestGenerator/DocGuardContractLab-v2/configuration/contracts_04.json
@@ -78,7 +78,7 @@
       ""default"": 170,
       ""environmentVariable"": ""TFG_FEATURE_140_TIMEOUT_SECONDS"",
       ""key"": ""rbi_test_forge.feature140.timeoutSeconds"",
-      ""mode"": ""safe"",
+      ""mode"": ""strict"",
       ""required"": false
     }
   ],
","<!-- docs/docguard-contract-lab-v2/CONFIGURATION.md @ controlled-baseline:bb1f6f1c7fb0e041 -->
### TFG-CFG-140
- Configuration key: `rbi_test_forge.feature140.timeoutSeconds`
- Environment variable: `TFG_FEATURE_140_TIMEOUT_SECONDS`
- Documented default: `170`
- Required: `false`
- Mode: `safe`
",True,configuration,Controlled design expectation: configuration; independent human/owner acceptance still required before merge.,True,configuration,"TFG-CFG-140: kod mijenja dokumentovanu konfiguraciju iz 'safe' u 'strict' (configuration_mode_change), dok docs-before eksplicitno navodi staru vrijednost; dokumentacija bi zato postala zastarjela.",approved,3ed686d6f2dddb42b6845336206bb7cc7d38c55b69ad9d0e952eeed57958d85d,c1484dec755c7aae00de46482ed8bb19c97ea85589bb012993a2925d11d990b2,configuration,rbi_test_forge,configuration_mode_change,cases/patches/rbi_test_forge/configuration/TFG-CFG-140.patch
CRPP2-TFG-CONFIGURATION-141,controlled-v2/rbi-test-forge-copy,9401221,csharp,"[""TestGenerator/DocGuardContractLab-v2/configuration/contracts_05.json""]","--- a/TestGenerator/DocGuardContractLab-v2/configuration/contracts_05.json
+++ b/TestGenerator/DocGuardContractLab-v2/configuration/contracts_05.json
@@ -3,7 +3,7 @@
   ""contracts"": [
     {
       ""contractId"": ""TFG-CFG-141"",
-      ""default"": 171,
+      ""default"": 201,
       ""environmentVariable"": ""TFG_FEATURE_141_TIMEOUT_SECONDS"",
       ""key"": ""rbi_test_forge.feature141.timeoutSeconds"",
       ""mode"": ""safe"",
","<!-- docs/docguard-contract-lab-v2/CONFIGURATION.md @ controlled-baseline:bb1f6f1c7fb0e041 -->
### TFG-CFG-141
- Configuration key: `rbi_test_forge.feature141.timeoutSeconds`
- Environment variable: `TFG_FEATURE_141_TIMEOUT_SECONDS`
- Documented default: `171`
- Required: `false`
- Mode: `safe`
",True,configuration,Controlled design expectation: configuration; independent human/owner acceptance still required before merge.,True,configuration,"TFG-CFG-141: kod mijenja dokumentovanu konfiguraciju iz '171' u '201' (documented_default_change), dok docs-before eksplicitno navodi staru vrijednost; dokumentacija bi zato postala zastarjela.",approved,c5384b598d87779664ae6d77bf30b3c065d579903fb009830aefa8cb703b7ad4,2f848351505e9876f8dbdf727deeaff5e9f493e43337161c0816b714d8be403f,configuration,rbi_test_forge,documented_default_change,cases/patches/rbi_test_forge/configuration/TFG-CFG-141.patch
CRPP2-TFG-CONFIGURATION-142,controlled-v2/rbi-test-forge-copy,9401222,csharp,"[""TestGenerator/DocGuardContractLab-v2/configuration/contracts_05.json""]","--- a/TestGenerator/DocGuardContractLab-v2/configuration/contracts_05.json
+++ b/TestGenerator/DocGuardContractLab-v2/configuration/contracts_05.json
@@ -12,7 +12,7 @@
     {
       ""contractId"": ""TFG-CFG-142"",
       ""default"": 172,
-      ""environmentVariable"": ""TFG_FEATURE_142_TIMEOUT_SECONDS"",
+      ""environmentVariable"": ""TFG_FEATURE_142_TIMEOUT_SECONDS_V2"",
       ""key"": ""rbi_test_forge.feature142.timeoutSeconds"",
       ""mode"": ""safe"",
       ""required"": false
","<!-- docs/docguard-contract-lab-v2/CONFIGURATION.md @ controlled-baseline:bb1f6f1c7fb0e041 -->
### TFG-CFG-142
- Configuration key: `rbi_test_forge.feature142.timeoutSeconds`
- Environment variable: `TFG_FEATURE_142_TIMEOUT_SECONDS`
- Documented default: `172`
- Required: `false`
- Mode: `safe`
",True,configuration,Controlled design expectation: configuration; independent human/owner acceptance still required before merge.,True,configuration,"TFG-CFG-142: kod mijenja dokumentovanu konfiguraciju iz 'TFG_FEATURE_142_TIMEOUT_SECONDS' u 'TFG_FEATURE_142_TIMEOUT_SECONDS_V2' (environment_variable_rename), dok docs-before eksplicitno navodi staru vrijednost; dokumentacija bi zato postala zastarjela.",approved,54d872353d34a79e521e11ce2c530be46cca513c69de1ba4ae0b12b2e8c9c14d,f4a108ac4da0d9ee98fb6748bbe2e3535776767df4e55e142e85cf7fc9832db6,configuration,rbi_test_forge,environment_variable_rename,cases/patches/rbi_test_forge/configuration/TFG-CFG-142.patch
CRPP2-TFG-CONFIGURATION-143,controlled-v2/rbi-test-forge-copy,9401223,csharp,"[""TestGenerator/DocGuardContractLab-v2/configuration/contracts_05.json""]","--- a/TestGenerator/DocGuardContractLab-v2/configuration/contracts_05.json
+++ b/TestGenerator/DocGuardContractLab-v2/configuration/contracts_05.json
@@ -23,7 +23,7 @@
       ""environmentVariable"": ""TFG_FEATURE_143_TIMEOUT_SECONDS"",
       ""key"": ""rbi_test_forge.feature143.timeoutSeconds"",
       ""mode"": ""safe"",
-      ""required"": false
+      ""required"": true
     },
     {
       ""contractId"": ""TFG-CFG-144"",
","<!-- docs/docguard-contract-lab-v2/CONFIGURATION.md @ controlled-baseline:bb1f6f1c7fb0e041 -->
### TFG-CFG-143
- Configuration key: `rbi_test_forge.feature143.timeoutSeconds`
- Environment variable: `TFG_FEATURE_143_TIMEOUT_SECONDS`
- Documented default: `173`
- Required: `false`
- Mode: `safe`
",True,configuration,Controlled design expectation: configuration; independent human/owner acceptance still required before merge.,True,configuration,"TFG-CFG-143: kod mijenja dokumentovanu konfiguraciju iz 'false' u 'true' (optional_to_required), dok docs-before eksplicitno navodi staru vrijednost; dokumentacija bi zato postala zastarjela.",approved,68215173f6fd1551e7cf6684cb1f0bc9811d1207d7658d6ceae24dd8ec8e3a26,c5d91f6b3080e0fa225a9d57aca8aee530cb93276e375997605923e3439d59d3,configuration,rbi_test_forge,optional_to_required,cases/patches/rbi_test_forge/configuration/TFG-CFG-143.patch
CRPP2-TFG-CONFIGURATION-144,controlled-v2/rbi-test-forge-copy,9401224,csharp,"[""TestGenerator/DocGuardContractLab-v2/configuration/contracts_05.json""]","--- a/TestGenerator/DocGuardContractLab-v2/configuration/contracts_05.json
+++ b/TestGenerator/DocGuardContractLab-v2/configuration/contracts_05.json
@@ -30,7 +30,7 @@
       ""default"": 174,
       ""environmentVariable"": ""TFG_FEATURE_144_TIMEOUT_SECONDS"",
       ""key"": ""rbi_test_forge.feature144.timeoutSeconds"",
-      ""mode"": ""safe"",
+      ""mode"": ""strict"",
       ""required"": false
     },
     {
","<!-- docs/docguard-contract-lab-v2/CONFIGURATION.md @ controlled-baseline:bb1f6f1c7fb0e041 -->
### TFG-CFG-144
- Configuration key: `rbi_test_forge.feature144.timeoutSeconds`
- Environment variable: `TFG_FEATURE_144_TIMEOUT_SECONDS`
- Documented default: `174`
- Required: `false`
- Mode: `safe`
",True,configuration,Controlled design expectation: configuration; independent human/owner acceptance still required before merge.,True,configuration,"TFG-CFG-144: kod mijenja dokumentovanu konfiguraciju iz 'safe' u 'strict' (configuration_mode_change), dok docs-before eksplicitno navodi staru vrijednost; dokumentacija bi zato postala zastarjela.",approved,8c65eb6293e8e0534dbcd3b23f495ec58a12706d18e8175b580f45eea183328b,b40bf30f692c5025d244959884ac9b4fb3a363dbb5bdc02ddc381e16956c2141,configuration,rbi_test_forge,configuration_mode_change,cases/patches/rbi_test_forge/configuration/TFG-CFG-144.patch
CRPP2-TFG-CONFIGURATION-145,controlled-v2/rbi-test-forge-copy,9401225,csharp,"[""TestGenerator/DocGuardContractLab-v2/configuration/contracts_05.json""]","--- a/TestGenerator/DocGuardContractLab-v2/configuration/contracts_05.json
+++ b/TestGenerator/DocGuardContractLab-v2/configuration/contracts_05.json
@@ -35,7 +35,7 @@
     },
     {
       ""contractId"": ""TFG-CFG-145"",
-      ""default"": 175,
+      ""default"": 205,
       ""environmentVariable"": ""TFG_FEATURE_145_TIMEOUT_SECONDS"",
       ""key"": ""rbi_test_forge.feature145.timeoutSeconds"",
       ""mode"": ""safe"",
","<!-- docs/docguard-contract-lab-v2/CONFIGURATION.md @ controlled-baseline:bb1f6f1c7fb0e041 -->
### TFG-CFG-145
- Configuration key: `rbi_test_forge.feature145.timeoutSeconds`
- Environment variable: `TFG_FEATURE_145_TIMEOUT_SECONDS`
- Documented default: `175`
- Required: `false`
- Mode: `safe`
",True,configuration,Controlled design expectation: configuration; independent human/owner acceptance still required before merge.,True,configuration,"TFG-CFG-145: kod mijenja dokumentovanu konfiguraciju iz '175' u '205' (documented_default_change), dok docs-before eksplicitno navodi staru vrijednost; dokumentacija bi zato postala zastarjela.",approved,d3f7ec0b559634b4f134aee2f09d5e1caff2a1edfd92c3e697128ef98b84abae,a355cbc4fdb8b855829e320bd12725e1ff0737a2fe3b61d1d839e8fcb01d9d9c,configuration,rbi_test_forge,documented_default_change,cases/patches/rbi_test_forge/configuration/TFG-CFG-145.patch
CRPP2-TFG-CONFIGURATION-146,controlled-v2/rbi-test-forge-copy,9401226,csharp,"[""TestGenerator/DocGuardContractLab-v2/configuration/contracts_05.json""]","--- a/TestGenerator/DocGuardContractLab-v2/configuration/contracts_05.json
+++ b/TestGenerator/DocGuardContractLab-v2/configuration/contracts_05.json
@@ -44,7 +44,7 @@
     {
       ""contractId"": ""TFG-CFG-146"",
       ""default"": 176,
-      ""environmentVariable"": ""TFG_FEATURE_146_TIMEOUT_SECONDS"",
+      ""environmentVariable"": ""TFG_FEATURE_146_TIMEOUT_SECONDS_V2"",
       ""key"": ""rbi_test_forge.feature146.timeoutSeconds"",
       ""mode"": ""safe"",
       ""required"": false
","<!-- docs/docguard-contract-lab-v2/CONFIGURATION.md @ controlled-baseline:bb1f6f1c7fb0e041 -->
### TFG-CFG-146
- Configuration key: `rbi_test_forge.feature146.timeoutSeconds`
- Environment variable: `TFG_FEATURE_146_TIMEOUT_SECONDS`
- Documented default: `176`
- Required: `false`
- Mode: `safe`
",True,configuration,Controlled design expectation: configuration; independent human/owner acceptance still required before merge.,True,configuration,"TFG-CFG-146: kod mijenja dokumentovanu konfiguraciju iz 'TFG_FEATURE_146_TIMEOUT_SECONDS' u 'TFG_FEATURE_146_TIMEOUT_SECONDS_V2' (environment_variable_rename), dok docs-before eksplicitno navodi staru vrijednost; dokumentacija bi zato postala zastarjela.",approved,c2e5c22b0d2fac5741cc3e2b4a75a2c7f19d2ffed8cc5212cc8ae21c48e663d1,d9beb73723dbe1a3556fc2d3865a9d66c33475e13c1aa23193ad495f3bc290dd,configuration,rbi_test_forge,environment_variable_rename,cases/patches/rbi_test_forge/configuration/TFG-CFG-146.patch
CRPP2-TFG-CONFIGURATION-147,controlled-v2/rbi-test-forge-copy,9401227,csharp,"[""TestGenerator/DocGuardContractLab-v2/configuration/contracts_05.json""]","--- a/TestGenerator/DocGuardContractLab-v2/configuration/contracts_05.json
+++ b/TestGenerator/DocGuardContractLab-v2/configuration/contracts_05.json
@@ -55,7 +55,7 @@
       ""environmentVariable"": ""TFG_FEATURE_147_TIMEOUT_SECONDS"",
       ""key"": ""rbi_test_forge.feature147.timeoutSeconds"",
       ""mode"": ""safe"",
-      ""required"": false
+      ""required"": true
     },
     {
       ""contractId"": ""TFG-CFG-148"",
","<!-- docs/docguard-contract-lab-v2/CONFIGURATION.md @ controlled-baseline:bb1f6f1c7fb0e041 -->
### TFG-CFG-147
- Configuration key: `rbi_test_forge.feature147.timeoutSeconds`
- Environment variable: `TFG_FEATURE_147_TIMEOUT_SECONDS`
- Documented default: `177`
- Required: `false`
- Mode: `safe`
",True,configuration,Controlled design expectation: configuration; independent human/owner acceptance still required before merge.,True,configuration,"TFG-CFG-147: kod mijenja dokumentovanu konfiguraciju iz 'false' u 'true' (optional_to_required), dok docs-before eksplicitno navodi staru vrijednost; dokumentacija bi zato postala zastarjela.",approved,671fb73952442247946afe3626a0b7cfe8020b0181c4add761c5caedbc11ae82,c72621efc286dc323470c9ce03f336cd0c76f5e73215ee1a1054e0f96a1a76b7,configuration,rbi_test_forge,optional_to_required,cases/patches/rbi_test_forge/configuration/TFG-CFG-147.patch
CRPP2-TFG-CONFIGURATION-148,controlled-v2/rbi-test-forge-copy,9401228,csharp,"[""TestGenerator/DocGuardContractLab-v2/configuration/contracts_05.json""]","--- a/TestGenerator/DocGuardContractLab-v2/configuration/contracts_05.json
+++ b/TestGenerator/DocGuardContractLab-v2/configuration/contracts_05.json
@@ -62,7 +62,7 @@
       ""default"": 178,
       ""environmentVariable"": ""TFG_FEATURE_148_TIMEOUT_SECONDS"",
       ""key"": ""rbi_test_forge.feature148.timeoutSeconds"",
-      ""mode"": ""safe"",
+      ""mode"": ""strict"",
       ""required"": false
     },
     {
","<!-- docs/docguard-contract-lab-v2/CONFIGURATION.md @ controlled-baseline:bb1f6f1c7fb0e041 -->
### TFG-CFG-148
- Configuration key: `rbi_test_forge.feature148.timeoutSeconds`
- Environment variable: `TFG_FEATURE_148_TIMEOUT_SECONDS`
- Documented default: `178`
- Required: `false`
- Mode: `safe`
",True,configuration,Controlled design expectation: configuration; independent human/owner acceptance still required before merge.,True,configuration,"TFG-CFG-148: kod mijenja dokumentovanu konfiguraciju iz 'safe' u 'strict' (configuration_mode_change), dok docs-before eksplicitno navodi staru vrijednost; dokumentacija bi zato postala zastarjela.",approved,37c77369a67035c00459894ee2da5767714028946436ba00a65cfe8fd823b21e,3819fdcde25475136ec22a6ea98eead4cadb858ff128d2d77a793f847474d83d,configuration,rbi_test_forge,configuration_mode_change,cases/patches/rbi_test_forge/configuration/TFG-CFG-148.patch
CRPP2-TFG-CONFIGURATION-149,controlled-v2/rbi-test-forge-copy,9401229,csharp,"[""TestGenerator/DocGuardContractLab-v2/configuration/contracts_05.json""]","--- a/TestGenerator/DocGuardContractLab-v2/configuration/contracts_05.json
+++ b/TestGenerator/DocGuardContractLab-v2/configuration/contracts_05.json
@@ -67,7 +67,7 @@
     },
     {
       ""contractId"": ""TFG-CFG-149"",
-      ""default"": 179,
+      ""default"": 209,
       ""environmentVariable"": ""TFG_FEATURE_149_TIMEOUT_SECONDS"",
       ""key"": ""rbi_test_forge.feature149.timeoutSeconds"",
       ""mode"": ""safe"",
","<!-- docs/docguard-contract-lab-v2/CONFIGURATION.md @ controlled-baseline:bb1f6f1c7fb0e041 -->
### TFG-CFG-149
- Configuration key: `rbi_test_forge.feature149.timeoutSeconds`
- Environment variable: `TFG_FEATURE_149_TIMEOUT_SECONDS`
- Documented default: `179`
- Required: `false`
- Mode: `safe`
",True,configuration,Controlled design expectation: configuration; independent human/owner acceptance still required before merge.,True,configuration,"TFG-CFG-149: kod mijenja dokumentovanu konfiguraciju iz '179' u '209' (documented_default_change), dok docs-before eksplicitno navodi staru vrijednost; dokumentacija bi zato postala zastarjela.",approved,48d1d5d0543772eaef9ce1dafda8ea9339e7feeb4a65adcbdabbf2dc49b59362,3efa9292397b78948a757faded0a13df5f0f9a0d58074dc1f2e582dc7b8304ce,configuration,rbi_test_forge,documented_default_change,cases/patches/rbi_test_forge/configuration/TFG-CFG-149.patch
CRPP2-TFG-CONFIGURATION-150,controlled-v2/rbi-test-forge-copy,9401230,csharp,"[""TestGenerator/DocGuardContractLab-v2/configuration/contracts_05.json""]","--- a/TestGenerator/DocGuardContractLab-v2/configuration/contracts_05.json
+++ b/TestGenerator/DocGuardContractLab-v2/configuration/contracts_05.json
@@ -76,7 +76,7 @@
     {
       ""contractId"": ""TFG-CFG-150"",
       ""default"": 180,
-      ""environmentVariable"": ""TFG_FEATURE_150_TIMEOUT_SECONDS"",
+      ""environmentVariable"": ""TFG_FEATURE_150_TIMEOUT_SECONDS_V2"",
       ""key"": ""rbi_test_forge.feature150.timeoutSeconds"",
       ""mode"": ""safe"",
       ""required"": false
","<!-- docs/docguard-contract-lab-v2/CONFIGURATION.md @ controlled-baseline:bb1f6f1c7fb0e041 -->
### TFG-CFG-150
- Configuration key: `rbi_test_forge.feature150.timeoutSeconds`
- Environment variable: `TFG_FEATURE_150_TIMEOUT_SECONDS`
- Documented default: `180`
- Required: `false`
- Mode: `safe`
",True,configuration,Controlled design expectation: configuration; independent human/owner acceptance still required before merge.,True,configuration,"TFG-CFG-150: kod mijenja dokumentovanu konfiguraciju iz 'TFG_FEATURE_150_TIMEOUT_SECONDS' u 'TFG_FEATURE_150_TIMEOUT_SECONDS_V2' (environment_variable_rename), dok docs-before eksplicitno navodi staru vrijednost; dokumentacija bi zato postala zastarjela.",approved,4ba0b017fd91790f91c8815a9a16aaf6f50c22c73bd493dc82fe5440c5681747,132fd6243f01125ccc40a91bbc61f62b704ad3860ec21b4328ef8e82ebeb1d47,configuration,rbi_test_forge,environment_variable_rename,cases/patches/rbi_test_forge/configuration/TFG-CFG-150.patch
CRPP2-TFG-CONFIGURATION-151,controlled-v2/rbi-test-forge-copy,9401231,csharp,"[""TestGenerator/DocGuardContractLab-v2/configuration/contracts_06.json""]","--- a/TestGenerator/DocGuardContractLab-v2/configuration/contracts_06.json
+++ b/TestGenerator/DocGuardContractLab-v2/configuration/contracts_06.json
@@ -7,7 +7,7 @@
       ""environmentVariable"": ""TFG_FEATURE_151_TIMEOUT_SECONDS"",
       ""key"": ""rbi_test_forge.feature151.timeoutSeconds"",
       ""mode"": ""safe"",
-      ""required"": false
+      ""required"": true
     },
     {
       ""contractId"": ""TFG-CFG-152"",
","<!-- docs/docguard-contract-lab-v2/CONFIGURATION.md @ controlled-baseline:bb1f6f1c7fb0e041 -->
### TFG-CFG-151
- Configuration key: `rbi_test_forge.feature151.timeoutSeconds`
- Environment variable: `TFG_FEATURE_151_TIMEOUT_SECONDS`
- Documented default: `181`
- Required: `false`
- Mode: `safe`
",True,configuration,Controlled design expectation: configuration; independent human/owner acceptance still required before merge.,True,configuration,"TFG-CFG-151: kod mijenja dokumentovanu konfiguraciju iz 'false' u 'true' (optional_to_required), dok docs-before eksplicitno navodi staru vrijednost; dokumentacija bi zato postala zastarjela.",approved,5c90b69eb7779e0970fafd18aab41cc4a3ddbc5163d86d84b0e207a26edff21f,2472b0e50cfdf0ac4413a7ddb5d79a0f6e958a9fe77400d778be711ca024cb93,configuration,rbi_test_forge,optional_to_required,cases/patches/rbi_test_forge/configuration/TFG-CFG-151.patch
CRPP2-TFG-CONFIGURATION-152,controlled-v2/rbi-test-forge-copy,9401232,csharp,"[""TestGenerator/DocGuardContractLab-v2/configuration/contracts_06.json""]","--- a/TestGenerator/DocGuardContractLab-v2/configuration/contracts_06.json
+++ b/TestGenerator/DocGuardContractLab-v2/configuration/contracts_06.json
@@ -14,7 +14,7 @@
       ""default"": 182,
       ""environmentVariable"": ""TFG_FEATURE_152_TIMEOUT_SECONDS"",
       ""key"": ""rbi_test_forge.feature152.timeoutSeconds"",
-      ""mode"": ""safe"",
+      ""mode"": ""strict"",
       ""required"": false
     },
     {
","<!-- docs/docguard-contract-lab-v2/CONFIGURATION.md @ controlled-baseline:bb1f6f1c7fb0e041 -->
### TFG-CFG-152
- Configuration key: `rbi_test_forge.feature152.timeoutSeconds`
- Environment variable: `TFG_FEATURE_152_TIMEOUT_SECONDS`
- Documented default: `182`
- Required: `false`
- Mode: `safe`
",True,configuration,Controlled design expectation: configuration; independent human/owner acceptance still required before merge.,True,configuration,"TFG-CFG-152: kod mijenja dokumentovanu konfiguraciju iz 'safe' u 'strict' (configuration_mode_change), dok docs-before eksplicitno navodi staru vrijednost; dokumentacija bi zato postala zastarjela.",approved,eb0aee096e856ee1ee5f0a9dcc1ca76c329ff4aaf2b19971ec58daa96b61a8d5,5dce60559b3edd8623ad76a0605671a1a888b76d3ff2dbfb04649bb4d95dbad4,configuration,rbi_test_forge,configuration_mode_change,cases/patches/rbi_test_forge/configuration/TFG-CFG-152.patch
CRPP2-TFG-CONFIGURATION-153,controlled-v2/rbi-test-forge-copy,9401233,csharp,"[""TestGenerator/DocGuardContractLab-v2/configuration/contracts_06.json""]","--- a/TestGenerator/DocGuardContractLab-v2/configuration/contracts_06.json
+++ b/TestGenerator/DocGuardContractLab-v2/configuration/contracts_06.json
@@ -19,7 +19,7 @@
     },
     {
       ""contractId"": ""TFG-CFG-153"",
-      ""default"": 183,
+      ""default"": 213,
       ""environmentVariable"": ""TFG_FEATURE_153_TIMEOUT_SECONDS"",
       ""key"": ""rbi_test_forge.feature153.timeoutSeconds"",
       ""mode"": ""safe"",
","<!-- docs/docguard-contract-lab-v2/CONFIGURATION.md @ controlled-baseline:bb1f6f1c7fb0e041 -->
### TFG-CFG-153
- Configuration key: `rbi_test_forge.feature153.timeoutSeconds`
- Environment variable: `TFG_FEATURE_153_TIMEOUT_SECONDS`
- Documented default: `183`
- Required: `false`
- Mode: `safe`
",True,configuration,Controlled design expectation: configuration; independent human/owner acceptance still required before merge.,True,configuration,"TFG-CFG-153: kod mijenja dokumentovanu konfiguraciju iz '183' u '213' (documented_default_change), dok docs-before eksplicitno navodi staru vrijednost; dokumentacija bi zato postala zastarjela.",approved,d176d29ef02e2cd30ecabfd70d44d3347cd6a2c4551d4b7e8dcf276370718397,7bd114afdb4059e99f8137f63354f034255950cd1b3cefab1dc8d7913def4d75,configuration,rbi_test_forge,documented_default_change,cases/patches/rbi_test_forge/configuration/TFG-CFG-153.patch
CRPP2-TFG-CONFIGURATION-154,controlled-v2/rbi-test-forge-copy,9401234,csharp,"[""TestGenerator/DocGuardContractLab-v2/configuration/contracts_06.json""]","--- a/TestGenerator/DocGuardContractLab-v2/configuration/contracts_06.json
+++ b/TestGenerator/DocGuardContractLab-v2/configuration/contracts_06.json
@@ -28,7 +28,7 @@
     {
       ""contractId"": ""TFG-CFG-154"",
       ""default"": 184,
-      ""environmentVariable"": ""TFG_FEATURE_154_TIMEOUT_SECONDS"",
+      ""environmentVariable"": ""TFG_FEATURE_154_TIMEOUT_SECONDS_V2"",
       ""key"": ""rbi_test_forge.feature154.timeoutSeconds"",
       ""mode"": ""safe"",
       ""required"": false
","<!-- docs/docguard-contract-lab-v2/CONFIGURATION.md @ controlled-baseline:bb1f6f1c7fb0e041 -->
### TFG-CFG-154
- Configuration key: `rbi_test_forge.feature154.timeoutSeconds`
- Environment variable: `TFG_FEATURE_154_TIMEOUT_SECONDS`
- Documented default: `184`
- Required: `false`
- Mode: `safe`
",True,configuration,Controlled design expectation: configuration; independent human/owner acceptance still required before merge.,True,configuration,"TFG-CFG-154: kod mijenja dokumentovanu konfiguraciju iz 'TFG_FEATURE_154_TIMEOUT_SECONDS' u 'TFG_FEATURE_154_TIMEOUT_SECONDS_V2' (environment_variable_rename), dok docs-before eksplicitno navodi staru vrijednost; dokumentacija bi zato postala zastarjela.",approved,b2529ba6a35f438e4fd0a6ed007018d2ae55001438de178d65331a6ed6c9ee78,afd7ae5228d681dc80a807fce26632713aa42b2cea3d91fd934bdf1e5244b9f7,configuration,rbi_test_forge,environment_variable_rename,cases/patches/rbi_test_forge/configuration/TFG-CFG-154.patch
CRPP2-TFG-CONFIGURATION-155,controlled-v2/rbi-test-forge-copy,9401235,csharp,"[""TestGenerator/DocGuardContractLab-v2/configuration/contracts_06.json""]","--- a/TestGenerator/DocGuardContractLab-v2/configuration/contracts_06.json
+++ b/TestGenerator/DocGuardContractLab-v2/configuration/contracts_06.json
@@ -39,7 +39,7 @@
       ""environmentVariable"": ""TFG_FEATURE_155_TIMEOUT_SECONDS"",
       ""key"": ""rbi_test_forge.feature155.timeoutSeconds"",
       ""mode"": ""safe"",
-      ""required"": false
+      ""required"": true
     },
     {
       ""contractId"": ""TFG-CFG-156"",
","<!-- docs/docguard-contract-lab-v2/CONFIGURATION.md @ controlled-baseline:bb1f6f1c7fb0e041 -->
### TFG-CFG-155
- Configuration key: `rbi_test_forge.feature155.timeoutSeconds`
- Environment variable: `TFG_FEATURE_155_TIMEOUT_SECONDS`
- Documented default: `185`
- Required: `false`
- Mode: `safe`
",True,configuration,Controlled design expectation: configuration; independent human/owner acceptance still required before merge.,True,configuration,"TFG-CFG-155: kod mijenja dokumentovanu konfiguraciju iz 'false' u 'true' (optional_to_required), dok docs-before eksplicitno navodi staru vrijednost; dokumentacija bi zato postala zastarjela.",approved,4b023a824f3e27f523d51ab20c079a236686af567b101a0ce1f0946aba1b101e,2f465cd014ba9e1af55761d1e35f7e405cd9bd5f36706a46ee0b6e3bc4129be6,configuration,rbi_test_forge,optional_to_required,cases/patches/rbi_test_forge/configuration/TFG-CFG-155.patch
CRPP2-TFG-CONFIGURATION-156,controlled-v2/rbi-test-forge-copy,9401236,csharp,"[""TestGenerator/DocGuardContractLab-v2/configuration/contracts_06.json""]","--- a/TestGenerator/DocGuardContractLab-v2/configuration/contracts_06.json
+++ b/TestGenerator/DocGuardContractLab-v2/configuration/contracts_06.json
@@ -46,7 +46,7 @@
       ""default"": 186,
       ""environmentVariable"": ""TFG_FEATURE_156_TIMEOUT_SECONDS"",
       ""key"": ""rbi_test_forge.feature156.timeoutSeconds"",
-      ""mode"": ""safe"",
+      ""mode"": ""strict"",
       ""required"": false
     },
     {
","<!-- docs/docguard-contract-lab-v2/CONFIGURATION.md @ controlled-baseline:bb1f6f1c7fb0e041 -->
### TFG-CFG-156
- Configuration key: `rbi_test_forge.feature156.timeoutSeconds`
- Environment variable: `TFG_FEATURE_156_TIMEOUT_SECONDS`
- Documented default: `186`
- Required: `false`
- Mode: `safe`
",True,configuration,Controlled design expectation: configuration; independent human/owner acceptance still required before merge.,True,configuration,"TFG-CFG-156: kod mijenja dokumentovanu konfiguraciju iz 'safe' u 'strict' (configuration_mode_change), dok docs-before eksplicitno navodi staru vrijednost; dokumentacija bi zato postala zastarjela.",approved,427ed3c79fbb5896c83972eaa45f525e4f6482611d673cabafba007f24a36249,2c99c9d2b1c0c07a8a521bed29c19aa9c99e635da472fdc299f222c99f945775,configuration,rbi_test_forge,configuration_mode_change,cases/patches/rbi_test_forge/configuration/TFG-CFG-156.patch
CRPP2-TFG-CONFIGURATION-157,controlled-v2/rbi-test-forge-copy,9401237,csharp,"[""TestGenerator/DocGuardContractLab-v2/configuration/contracts_06.json""]","--- a/TestGenerator/DocGuardContractLab-v2/configuration/contracts_06.json
+++ b/TestGenerator/DocGuardContractLab-v2/configuration/contracts_06.json
@@ -51,7 +51,7 @@
     },
     {
       ""contractId"": ""TFG-CFG-157"",
-      ""default"": 187,
+      ""default"": 217,
       ""environmentVariable"": ""TFG_FEATURE_157_TIMEOUT_SECONDS"",
       ""key"": ""rbi_test_forge.feature157.timeoutSeconds"",
       ""mode"": ""safe"",
","<!-- docs/docguard-contract-lab-v2/CONFIGURATION.md @ controlled-baseline:bb1f6f1c7fb0e041 -->
### TFG-CFG-157
- Configuration key: `rbi_test_forge.feature157.timeoutSeconds`
- Environment variable: `TFG_FEATURE_157_TIMEOUT_SECONDS`
- Documented default: `187`
- Required: `false`
- Mode: `safe`
",True,configuration,Controlled design expectation: configuration; independent human/owner acceptance still required before merge.,True,configuration,"TFG-CFG-157: kod mijenja dokumentovanu konfiguraciju iz '187' u '217' (documented_default_change), dok docs-before eksplicitno navodi staru vrijednost; dokumentacija bi zato postala zastarjela.",approved,7e3e4236fc1d4b392e37c2e4e193d9bd9adcda8be10f947ad431b8e4de732a94,bd9e1f07b2f2671026a64d6292aadd85c235aaa2fdfe660ada39fdd711dca01c,configuration,rbi_test_forge,documented_default_change,cases/patches/rbi_test_forge/configuration/TFG-CFG-157.patch
CRPP2-TFG-CONFIGURATION-158,controlled-v2/rbi-test-forge-copy,9401238,csharp,"[""TestGenerator/DocGuardContractLab-v2/configuration/contracts_06.json""]","--- a/TestGenerator/DocGuardContractLab-v2/configuration/contracts_06.json
+++ b/TestGenerator/DocGuardContractLab-v2/configuration/contracts_06.json
@@ -60,7 +60,7 @@
     {
       ""contractId"": ""TFG-CFG-158"",
       ""default"": 188,
-      ""environmentVariable"": ""TFG_FEATURE_158_TIMEOUT_SECONDS"",
+      ""environmentVariable"": ""TFG_FEATURE_158_TIMEOUT_SECONDS_V2"",
       ""key"": ""rbi_test_forge.feature158.timeoutSeconds"",
       ""mode"": ""safe"",
       ""required"": false
","<!-- docs/docguard-contract-lab-v2/CONFIGURATION.md @ controlled-baseline:bb1f6f1c7fb0e041 -->
### TFG-CFG-158
- Configuration key: `rbi_test_forge.feature158.timeoutSeconds`
- Environment variable: `TFG_FEATURE_158_TIMEOUT_SECONDS`
- Documented default: `188`
- Required: `false`
- Mode: `safe`
",True,configuration,Controlled design expectation: configuration; independent human/owner acceptance still required before merge.,True,configuration,"TFG-CFG-158: kod mijenja dokumentovanu konfiguraciju iz 'TFG_FEATURE_158_TIMEOUT_SECONDS' u 'TFG_FEATURE_158_TIMEOUT_SECONDS_V2' (environment_variable_rename), dok docs-before eksplicitno navodi staru vrijednost; dokumentacija bi zato postala zastarjela.",approved,f9440f4b1f089787eec9352a8a4e68ddb6538ff5603ae145b83870de8af09853,6d072bca03fc40dfb928992d5563912d28a4b3fab6881073501d5198121b51b2,configuration,rbi_test_forge,environment_variable_rename,cases/patches/rbi_test_forge/configuration/TFG-CFG-158.patch
CRPP2-TFG-CONFIGURATION-159,controlled-v2/rbi-test-forge-copy,9401239,csharp,"[""TestGenerator/DocGuardContractLab-v2/configuration/contracts_06.json""]","--- a/TestGenerator/DocGuardContractLab-v2/configuration/contracts_06.json
+++ b/TestGenerator/DocGuardContractLab-v2/configuration/contracts_06.json
@@ -71,7 +71,7 @@
       ""environmentVariable"": ""TFG_FEATURE_159_TIMEOUT_SECONDS"",
       ""key"": ""rbi_test_forge.feature159.timeoutSeconds"",
       ""mode"": ""safe"",
-      ""required"": false
+      ""required"": true
     },
     {
       ""contractId"": ""TFG-CFG-160"",
","<!-- docs/docguard-contract-lab-v2/CONFIGURATION.md @ controlled-baseline:bb1f6f1c7fb0e041 -->
### TFG-CFG-159
- Configuration key: `rbi_test_forge.feature159.timeoutSeconds`
- Environment variable: `TFG_FEATURE_159_TIMEOUT_SECONDS`
- Documented default: `189`
- Required: `false`
- Mode: `safe`
",True,configuration,Controlled design expectation: configuration; independent human/owner acceptance still required before merge.,True,configuration,"TFG-CFG-159: kod mijenja dokumentovanu konfiguraciju iz 'false' u 'true' (optional_to_required), dok docs-before eksplicitno navodi staru vrijednost; dokumentacija bi zato postala zastarjela.",approved,256c314b18a15eab84f9c939bbe141c05d81279b37533fa0065af4e5315eae40,f0e5708b33f32f68aa6acfe8e2752f3359383f6af5ee0a380dc310b991ce0c20,configuration,rbi_test_forge,optional_to_required,cases/patches/rbi_test_forge/configuration/TFG-CFG-159.patch
CRPP2-TFG-CONFIGURATION-160,controlled-v2/rbi-test-forge-copy,9401240,csharp,"[""TestGenerator/DocGuardContractLab-v2/configuration/contracts_06.json""]","--- a/TestGenerator/DocGuardContractLab-v2/configuration/contracts_06.json
+++ b/TestGenerator/DocGuardContractLab-v2/configuration/contracts_06.json
@@ -78,7 +78,7 @@
       ""default"": 190,
       ""environmentVariable"": ""TFG_FEATURE_160_TIMEOUT_SECONDS"",
       ""key"": ""rbi_test_forge.feature160.timeoutSeconds"",
-      ""mode"": ""safe"",
+      ""mode"": ""strict"",
       ""required"": false
     }
   ],
","<!-- docs/docguard-contract-lab-v2/CONFIGURATION.md @ controlled-baseline:bb1f6f1c7fb0e041 -->
### TFG-CFG-160
- Configuration key: `rbi_test_forge.feature160.timeoutSeconds`
- Environment variable: `TFG_FEATURE_160_TIMEOUT_SECONDS`
- Documented default: `190`
- Required: `false`
- Mode: `safe`
",True,configuration,Controlled design expectation: configuration; independent human/owner acceptance still required before merge.,True,configuration,"TFG-CFG-160: kod mijenja dokumentovanu konfiguraciju iz 'safe' u 'strict' (configuration_mode_change), dok docs-before eksplicitno navodi staru vrijednost; dokumentacija bi zato postala zastarjela.",approved,2353a99379f325f142c28c25660dffd9ada254d3434f3fdda81d52d7cb0f830e,2d304f46cb14e8237129e5ae13779c70155647ecef119ffa4f37925391b049e8,configuration,rbi_test_forge,configuration_mode_change,cases/patches/rbi_test_forge/configuration/TFG-CFG-160.patch
CRPP2-TFG-CONFIGURATION-161,controlled-v2/rbi-test-forge-copy,9401241,csharp,"[""TestGenerator/DocGuardContractLab-v2/configuration/contracts_07.json""]","--- a/TestGenerator/DocGuardContractLab-v2/configuration/contracts_07.json
+++ b/TestGenerator/DocGuardContractLab-v2/configuration/contracts_07.json
@@ -3,7 +3,7 @@
   ""contracts"": [
     {
       ""contractId"": ""TFG-CFG-161"",
-      ""default"": 191,
+      ""default"": 221,
       ""environmentVariable"": ""TFG_FEATURE_161_TIMEOUT_SECONDS"",
       ""key"": ""rbi_test_forge.feature161.timeoutSeconds"",
       ""mode"": ""safe"",
","<!-- docs/docguard-contract-lab-v2/CONFIGURATION.md @ controlled-baseline:bb1f6f1c7fb0e041 -->
### TFG-CFG-161
- Configuration key: `rbi_test_forge.feature161.timeoutSeconds`
- Environment variable: `TFG_FEATURE_161_TIMEOUT_SECONDS`
- Documented default: `191`
- Required: `false`
- Mode: `safe`
",True,configuration,Controlled design expectation: configuration; independent human/owner acceptance still required before merge.,True,configuration,"TFG-CFG-161: kod mijenja dokumentovanu konfiguraciju iz '191' u '221' (documented_default_change), dok docs-before eksplicitno navodi staru vrijednost; dokumentacija bi zato postala zastarjela.",approved,77522cb44462c44c365c612e38db717292dc0d429547a7d80b61d9b4635d4164,49acc4aae9431588be428859a9dc3713432ee612f201ddfe4efaad4a1314845a,configuration,rbi_test_forge,documented_default_change,cases/patches/rbi_test_forge/configuration/TFG-CFG-161.patch
CRPP2-TFG-CONFIGURATION-162,controlled-v2/rbi-test-forge-copy,9401242,csharp,"[""TestGenerator/DocGuardContractLab-v2/configuration/contracts_07.json""]","--- a/TestGenerator/DocGuardContractLab-v2/configuration/contracts_07.json
+++ b/TestGenerator/DocGuardContractLab-v2/configuration/contracts_07.json
@@ -12,7 +12,7 @@
     {
       ""contractId"": ""TFG-CFG-162"",
       ""default"": 192,
-      ""environmentVariable"": ""TFG_FEATURE_162_TIMEOUT_SECONDS"",
+      ""environmentVariable"": ""TFG_FEATURE_162_TIMEOUT_SECONDS_V2"",
       ""key"": ""rbi_test_forge.feature162.timeoutSeconds"",
       ""mode"": ""safe"",
       ""required"": false
","<!-- docs/docguard-contract-lab-v2/CONFIGURATION.md @ controlled-baseline:bb1f6f1c7fb0e041 -->
### TFG-CFG-162
- Configuration key: `rbi_test_forge.feature162.timeoutSeconds`
- Environment variable: `TFG_FEATURE_162_TIMEOUT_SECONDS`
- Documented default: `192`
- Required: `false`
- Mode: `safe`
",True,configuration,Controlled design expectation: configuration; independent human/owner acceptance still required before merge.,True,configuration,"TFG-CFG-162: kod mijenja dokumentovanu konfiguraciju iz 'TFG_FEATURE_162_TIMEOUT_SECONDS' u 'TFG_FEATURE_162_TIMEOUT_SECONDS_V2' (environment_variable_rename), dok docs-before eksplicitno navodi staru vrijednost; dokumentacija bi zato postala zastarjela.",approved,3d7ce8afb07d181d4cfaf009f341d16ee4b4ff3de838530f267fd7b194258cab,69df8307a3bb4787abe0061b2c23bdfbec4426da9c0fd9ba4dd29e985d359b71,configuration,rbi_test_forge,environment_variable_rename,cases/patches/rbi_test_forge/configuration/TFG-CFG-162.patch
CRPP2-TFG-CONFIGURATION-163,controlled-v2/rbi-test-forge-copy,9401243,csharp,"[""TestGenerator/DocGuardContractLab-v2/configuration/contracts_07.json""]","--- a/TestGenerator/DocGuardContractLab-v2/configuration/contracts_07.json
+++ b/TestGenerator/DocGuardContractLab-v2/configuration/contracts_07.json
@@ -23,7 +23,7 @@
       ""environmentVariable"": ""TFG_FEATURE_163_TIMEOUT_SECONDS"",
       ""key"": ""rbi_test_forge.feature163.timeoutSeconds"",
       ""mode"": ""safe"",
-      ""required"": false
+      ""required"": true
     },
     {
       ""contractId"": ""TFG-CFG-164"",
","<!-- docs/docguard-contract-lab-v2/CONFIGURATION.md @ controlled-baseline:bb1f6f1c7fb0e041 -->
### TFG-CFG-163
- Configuration key: `rbi_test_forge.feature163.timeoutSeconds`
- Environment variable: `TFG_FEATURE_163_TIMEOUT_SECONDS`
- Documented default: `193`
- Required: `false`
- Mode: `safe`
",True,configuration,Controlled design expectation: configuration; independent human/owner acceptance still required before merge.,True,configuration,"TFG-CFG-163: kod mijenja dokumentovanu konfiguraciju iz 'false' u 'true' (optional_to_required), dok docs-before eksplicitno navodi staru vrijednost; dokumentacija bi zato postala zastarjela.",approved,b4febd90da06f4ce85e6358a65d3fd6e445aba88a5b1817152e97d5dd0225b53,ec1c58f5a1eace2cf4746422bd1d54d024ae8c5407545395664315a5b4484392,configuration,rbi_test_forge,optional_to_required,cases/patches/rbi_test_forge/configuration/TFG-CFG-163.patch
CRPP2-TFG-CONFIGURATION-164,controlled-v2/rbi-test-forge-copy,9401244,csharp,"[""TestGenerator/DocGuardContractLab-v2/configuration/contracts_07.json""]","--- a/TestGenerator/DocGuardContractLab-v2/configuration/contracts_07.json
+++ b/TestGenerator/DocGuardContractLab-v2/configuration/contracts_07.json
@@ -30,7 +30,7 @@
       ""default"": 194,
       ""environmentVariable"": ""TFG_FEATURE_164_TIMEOUT_SECONDS"",
       ""key"": ""rbi_test_forge.feature164.timeoutSeconds"",
-      ""mode"": ""safe"",
+      ""mode"": ""strict"",
       ""required"": false
     },
     {
","<!-- docs/docguard-contract-lab-v2/CONFIGURATION.md @ controlled-baseline:bb1f6f1c7fb0e041 -->
### TFG-CFG-164
- Configuration key: `rbi_test_forge.feature164.timeoutSeconds`
- Environment variable: `TFG_FEATURE_164_TIMEOUT_SECONDS`
- Documented default: `194`
- Required: `false`
- Mode: `safe`
",True,configuration,Controlled design expectation: configuration; independent human/owner acceptance still required before merge.,True,configuration,"TFG-CFG-164: kod mijenja dokumentovanu konfiguraciju iz 'safe' u 'strict' (configuration_mode_change), dok docs-before eksplicitno navodi staru vrijednost; dokumentacija bi zato postala zastarjela.",approved,141a59cc0a7c435c8f12e35fb0394e204e2806585d513c0b88cf3f8490687409,b057fd1f3351dda9cae79c0832f8d6550d3c3adf4197d49c6371dcd486a54628,configuration,rbi_test_forge,configuration_mode_change,cases/patches/rbi_test_forge/configuration/TFG-CFG-164.patch
CRPP2-TFG-CONFIGURATION-165,controlled-v2/rbi-test-forge-copy,9401245,csharp,"[""TestGenerator/DocGuardContractLab-v2/configuration/contracts_07.json""]","--- a/TestGenerator/DocGuardContractLab-v2/configuration/contracts_07.json
+++ b/TestGenerator/DocGuardContractLab-v2/configuration/contracts_07.json
@@ -35,7 +35,7 @@
     },
     {
       ""contractId"": ""TFG-CFG-165"",
-      ""default"": 195,
+      ""default"": 225,
       ""environmentVariable"": ""TFG_FEATURE_165_TIMEOUT_SECONDS"",
       ""key"": ""rbi_test_forge.feature165.timeoutSeconds"",
       ""mode"": ""safe"",
","<!-- docs/docguard-contract-lab-v2/CONFIGURATION.md @ controlled-baseline:bb1f6f1c7fb0e041 -->
### TFG-CFG-165
- Configuration key: `rbi_test_forge.feature165.timeoutSeconds`
- Environment variable: `TFG_FEATURE_165_TIMEOUT_SECONDS`
- Documented default: `195`
- Required: `false`
- Mode: `safe`
",True,configuration,Controlled design expectation: configuration; independent human/owner acceptance still required before merge.,True,configuration,"TFG-CFG-165: kod mijenja dokumentovanu konfiguraciju iz '195' u '225' (documented_default_change), dok docs-before eksplicitno navodi staru vrijednost; dokumentacija bi zato postala zastarjela.",approved,4e4b273e4b49b58dba024e20b99a96e1110d4494f6f6d77e341dd34a53a3d2d3,96aacaf3356e9d4ae77113f66954feb9bd301979e9886bb5fcebad86b8b39a0c,configuration,rbi_test_forge,documented_default_change,cases/patches/rbi_test_forge/configuration/TFG-CFG-165.patch
CRPP2-TFG-CONFIGURATION-166,controlled-v2/rbi-test-forge-copy,9401246,csharp,"[""TestGenerator/DocGuardContractLab-v2/configuration/contracts_07.json""]","--- a/TestGenerator/DocGuardContractLab-v2/configuration/contracts_07.json
+++ b/TestGenerator/DocGuardContractLab-v2/configuration/contracts_07.json
@@ -44,7 +44,7 @@
     {
       ""contractId"": ""TFG-CFG-166"",
       ""default"": 196,
-      ""environmentVariable"": ""TFG_FEATURE_166_TIMEOUT_SECONDS"",
+      ""environmentVariable"": ""TFG_FEATURE_166_TIMEOUT_SECONDS_V2"",
       ""key"": ""rbi_test_forge.feature166.timeoutSeconds"",
       ""mode"": ""safe"",
       ""required"": false
","<!-- docs/docguard-contract-lab-v2/CONFIGURATION.md @ controlled-baseline:bb1f6f1c7fb0e041 -->
### TFG-CFG-166
- Configuration key: `rbi_test_forge.feature166.timeoutSeconds`
- Environment variable: `TFG_FEATURE_166_TIMEOUT_SECONDS`
- Documented default: `196`
- Required: `false`
- Mode: `safe`
",True,configuration,Controlled design expectation: configuration; independent human/owner acceptance still required before merge.,True,configuration,"TFG-CFG-166: kod mijenja dokumentovanu konfiguraciju iz 'TFG_FEATURE_166_TIMEOUT_SECONDS' u 'TFG_FEATURE_166_TIMEOUT_SECONDS_V2' (environment_variable_rename), dok docs-before eksplicitno navodi staru vrijednost; dokumentacija bi zato postala zastarjela.",approved,445f5bcf698714a0a1438f701d65b50ef65d423afb0ae337facf770a1fc24230,a2233e353ee830d486662a971068c3ca41af919be366b14e3f82dd047fd15164,configuration,rbi_test_forge,environment_variable_rename,cases/patches/rbi_test_forge/configuration/TFG-CFG-166.patch
CRPP2-TFG-CONFIGURATION-167,controlled-v2/rbi-test-forge-copy,9401247,csharp,"[""TestGenerator/DocGuardContractLab-v2/configuration/contracts_07.json""]","--- a/TestGenerator/DocGuardContractLab-v2/configuration/contracts_07.json
+++ b/TestGenerator/DocGuardContractLab-v2/configuration/contracts_07.json
@@ -55,7 +55,7 @@
       ""environmentVariable"": ""TFG_FEATURE_167_TIMEOUT_SECONDS"",
       ""key"": ""rbi_test_forge.feature167.timeoutSeconds"",
       ""mode"": ""safe"",
-      ""required"": false
+      ""required"": true
     },
     {
       ""contractId"": ""TFG-CFG-168"",
","<!-- docs/docguard-contract-lab-v2/CONFIGURATION.md @ controlled-baseline:bb1f6f1c7fb0e041 -->
### TFG-CFG-167
- Configuration key: `rbi_test_forge.feature167.timeoutSeconds`
- Environment variable: `TFG_FEATURE_167_TIMEOUT_SECONDS`
- Documented default: `197`
- Required: `false`
- Mode: `safe`
",True,configuration,Controlled design expectation: configuration; independent human/owner acceptance still required before merge.,True,configuration,"TFG-CFG-167: kod mijenja dokumentovanu konfiguraciju iz 'false' u 'true' (optional_to_required), dok docs-before eksplicitno navodi staru vrijednost; dokumentacija bi zato postala zastarjela.",approved,723343c4b0f36679b5eac6026de32cb5432621c5e5b617cdb7ab597734bc5576,54b48dd61f7fe21ae16bc8c76aca64a451f55e08685e7a3b6ac85dd91cd35003,configuration,rbi_test_forge,optional_to_required,cases/patches/rbi_test_forge/configuration/TFG-CFG-167.patch
CRPP2-TFG-CONFIGURATION-168,controlled-v2/rbi-test-forge-copy,9401248,csharp,"[""TestGenerator/DocGuardContractLab-v2/configuration/contracts_07.json""]","--- a/TestGenerator/DocGuardContractLab-v2/configuration/contracts_07.json
+++ b/TestGenerator/DocGuardContractLab-v2/configuration/contracts_07.json
@@ -62,7 +62,7 @@
       ""default"": 198,
       ""environmentVariable"": ""TFG_FEATURE_168_TIMEOUT_SECONDS"",
       ""key"": ""rbi_test_forge.feature168.timeoutSeconds"",
-      ""mode"": ""safe"",
+      ""mode"": ""strict"",
       ""required"": false
     },
     {
","<!-- docs/docguard-contract-lab-v2/CONFIGURATION.md @ controlled-baseline:bb1f6f1c7fb0e041 -->
### TFG-CFG-168
- Configuration key: `rbi_test_forge.feature168.timeoutSeconds`
- Environment variable: `TFG_FEATURE_168_TIMEOUT_SECONDS`
- Documented default: `198`
- Required: `false`
- Mode: `safe`
",True,configuration,Controlled design expectation: configuration; independent human/owner acceptance still required before merge.,True,configuration,"TFG-CFG-168: kod mijenja dokumentovanu konfiguraciju iz 'safe' u 'strict' (configuration_mode_change), dok docs-before eksplicitno navodi staru vrijednost; dokumentacija bi zato postala zastarjela.",approved,6d856ccda75d0711ed535d4043f3788b78c761ad82279df2d453ea97a5b1a30c,43e2c1c15081dc9ddadbad4c88d689696ae8c967bf980de9ad8e324e8f544ca3,configuration,rbi_test_forge,configuration_mode_change,cases/patches/rbi_test_forge/configuration/TFG-CFG-168.patch
CRPP2-TFG-CONFIGURATION-169,controlled-v2/rbi-test-forge-copy,9401249,csharp,"[""TestGenerator/DocGuardContractLab-v2/configuration/contracts_07.json""]","--- a/TestGenerator/DocGuardContractLab-v2/configuration/contracts_07.json
+++ b/TestGenerator/DocGuardContractLab-v2/configuration/contracts_07.json
@@ -67,7 +67,7 @@
     },
     {
       ""contractId"": ""TFG-CFG-169"",
-      ""default"": 199,
+      ""default"": 229,
       ""environmentVariable"": ""TFG_FEATURE_169_TIMEOUT_SECONDS"",
       ""key"": ""rbi_test_forge.feature169.timeoutSeconds"",
       ""mode"": ""safe"",
","<!-- docs/docguard-contract-lab-v2/CONFIGURATION.md @ controlled-baseline:bb1f6f1c7fb0e041 -->
### TFG-CFG-169
- Configuration key: `rbi_test_forge.feature169.timeoutSeconds`
- Environment variable: `TFG_FEATURE_169_TIMEOUT_SECONDS`
- Documented default: `199`
- Required: `false`
- Mode: `safe`
",True,configuration,Controlled design expectation: configuration; independent human/owner acceptance still required before merge.,True,configuration,"TFG-CFG-169: kod mijenja dokumentovanu konfiguraciju iz '199' u '229' (documented_default_change), dok docs-before eksplicitno navodi staru vrijednost; dokumentacija bi zato postala zastarjela.",approved,91bca6ec732c6095293e82d58deecea33c934f1477e75dabec9ec388e8ce06ac,463a187d937c853c37a24f48d5d24934017fe3251888f2afc3232f8ac2a61b47,configuration,rbi_test_forge,documented_default_change,cases/patches/rbi_test_forge/configuration/TFG-CFG-169.patch
CRPP2-TFG-CONFIGURATION-170,controlled-v2/rbi-test-forge-copy,9401250,csharp,"[""TestGenerator/DocGuardContractLab-v2/configuration/contracts_07.json""]","--- a/TestGenerator/DocGuardContractLab-v2/configuration/contracts_07.json
+++ b/TestGenerator/DocGuardContractLab-v2/configuration/contracts_07.json
@@ -76,7 +76,7 @@
     {
       ""contractId"": ""TFG-CFG-170"",
       ""default"": 200,
-      ""environmentVariable"": ""TFG_FEATURE_170_TIMEOUT_SECONDS"",
+      ""environmentVariable"": ""TFG_FEATURE_170_TIMEOUT_SECONDS_V2"",
       ""key"": ""rbi_test_forge.feature170.timeoutSeconds"",
       ""mode"": ""safe"",
       ""required"": false
","<!-- docs/docguard-contract-lab-v2/CONFIGURATION.md @ controlled-baseline:bb1f6f1c7fb0e041 -->
### TFG-CFG-170
- Configuration key: `rbi_test_forge.feature170.timeoutSeconds`
- Environment variable: `TFG_FEATURE_170_TIMEOUT_SECONDS`
- Documented default: `200`
- Required: `false`
- Mode: `safe`
",True,configuration,Controlled design expectation: configuration; independent human/owner acceptance still required before merge.,True,configuration,"TFG-CFG-170: kod mijenja dokumentovanu konfiguraciju iz 'TFG_FEATURE_170_TIMEOUT_SECONDS' u 'TFG_FEATURE_170_TIMEOUT_SECONDS_V2' (environment_variable_rename), dok docs-before eksplicitno navodi staru vrijednost; dokumentacija bi zato postala zastarjela.",approved,3d96cf4d729efcbab259f052b1b93f772df0690f3d1c9d3f4cc3cefdb134e0dc,9b7cf90e82a1f23447c483b534aed5d5ccbf0d9737c7228cfc8c4cc084424295,configuration,rbi_test_forge,environment_variable_rename,cases/patches/rbi_test_forge/configuration/TFG-CFG-170.patch
CRPP2-TFG-CONFIGURATION-171,controlled-v2/rbi-test-forge-copy,9401251,csharp,"[""TestGenerator/DocGuardContractLab-v2/configuration/contracts_08.json""]","--- a/TestGenerator/DocGuardContractLab-v2/configuration/contracts_08.json
+++ b/TestGenerator/DocGuardContractLab-v2/configuration/contracts_08.json
@@ -7,7 +7,7 @@
       ""environmentVariable"": ""TFG_FEATURE_171_TIMEOUT_SECONDS"",
       ""key"": ""rbi_test_forge.feature171.timeoutSeconds"",
       ""mode"": ""safe"",
-      ""required"": false
+      ""required"": true
     },
     {
       ""contractId"": ""TFG-CFG-172"",
","<!-- docs/docguard-contract-lab-v2/CONFIGURATION.md @ controlled-baseline:bb1f6f1c7fb0e041 -->
### TFG-CFG-171
- Configuration key: `rbi_test_forge.feature171.timeoutSeconds`
- Environment variable: `TFG_FEATURE_171_TIMEOUT_SECONDS`
- Documented default: `201`
- Required: `false`
- Mode: `safe`
",True,configuration,Controlled design expectation: configuration; independent human/owner acceptance still required before merge.,True,configuration,"TFG-CFG-171: kod mijenja dokumentovanu konfiguraciju iz 'false' u 'true' (optional_to_required), dok docs-before eksplicitno navodi staru vrijednost; dokumentacija bi zato postala zastarjela.",approved,44c6f2c1938f6deacf5179d958429a0b4c905a3c57eb903af3e520d9dcdc404f,2dee71e98f351aa0e7d43aa912f2721170b5c92ae0447ec55ad2c10f3fa21cce,configuration,rbi_test_forge,optional_to_required,cases/patches/rbi_test_forge/configuration/TFG-CFG-171.patch
CRPP2-TFG-CONFIGURATION-172,controlled-v2/rbi-test-forge-copy,9401252,csharp,"[""TestGenerator/DocGuardContractLab-v2/configuration/contracts_08.json""]","--- a/TestGenerator/DocGuardContractLab-v2/configuration/contracts_08.json
+++ b/TestGenerator/DocGuardContractLab-v2/configuration/contracts_08.json
@@ -14,7 +14,7 @@
       ""default"": 202,
       ""environmentVariable"": ""TFG_FEATURE_172_TIMEOUT_SECONDS"",
       ""key"": ""rbi_test_forge.feature172.timeoutSeconds"",
-      ""mode"": ""safe"",
+      ""mode"": ""strict"",
       ""required"": false
     },
     {
","<!-- docs/docguard-contract-lab-v2/CONFIGURATION.md @ controlled-baseline:bb1f6f1c7fb0e041 -->
### TFG-CFG-172
- Configuration key: `rbi_test_forge.feature172.timeoutSeconds`
- Environment variable: `TFG_FEATURE_172_TIMEOUT_SECONDS`
- Documented default: `202`
- Required: `false`
- Mode: `safe`
",True,configuration,Controlled design expectation: configuration; independent human/owner acceptance still required before merge.,True,configuration,"TFG-CFG-172: kod mijenja dokumentovanu konfiguraciju iz 'safe' u 'strict' (configuration_mode_change), dok docs-before eksplicitno navodi staru vrijednost; dokumentacija bi zato postala zastarjela.",approved,e2997dc1c09b9489014b961c3ab7fe170990cd4655c67246350f65fc8f14144b,d1c9f211a9cf5b3ef1fb83fb85812fb4cab61fe8b7c05d6e2b350778a7689c6b,configuration,rbi_test_forge,configuration_mode_change,cases/patches/rbi_test_forge/configuration/TFG-CFG-172.patch
CRPP2-TFG-CONFIGURATION-173,controlled-v2/rbi-test-forge-copy,9401253,csharp,"[""TestGenerator/DocGuardContractLab-v2/configuration/contracts_08.json""]","--- a/TestGenerator/DocGuardContractLab-v2/configuration/contracts_08.json
+++ b/TestGenerator/DocGuardContractLab-v2/configuration/contracts_08.json
@@ -19,7 +19,7 @@
     },
     {
       ""contractId"": ""TFG-CFG-173"",
-      ""default"": 203,
+      ""default"": 233,
       ""environmentVariable"": ""TFG_FEATURE_173_TIMEOUT_SECONDS"",
       ""key"": ""rbi_test_forge.feature173.timeoutSeconds"",
       ""mode"": ""safe"",
","<!-- docs/docguard-contract-lab-v2/CONFIGURATION.md @ controlled-baseline:bb1f6f1c7fb0e041 -->
### TFG-CFG-173
- Configuration key: `rbi_test_forge.feature173.timeoutSeconds`
- Environment variable: `TFG_FEATURE_173_TIMEOUT_SECONDS`
- Documented default: `203`
- Required: `false`
- Mode: `safe`
",True,configuration,Controlled design expectation: configuration; independent human/owner acceptance still required before merge.,True,configuration,"TFG-CFG-173: kod mijenja dokumentovanu konfiguraciju iz '203' u '233' (documented_default_change), dok docs-before eksplicitno navodi staru vrijednost; dokumentacija bi zato postala zastarjela.",approved,92a3213711495bb225fd6d15e689ae2fd3fe9c3afc3534fd76c635d706c0ef1e,a95991bf2cfa3caf63eb2c5d772e7f6be715c29e99915751468d140079a7f42a,configuration,rbi_test_forge,documented_default_change,cases/patches/rbi_test_forge/configuration/TFG-CFG-173.patch
CRPP2-TFG-CONFIGURATION-174,controlled-v2/rbi-test-forge-copy,9401254,csharp,"[""TestGenerator/DocGuardContractLab-v2/configuration/contracts_08.json""]","--- a/TestGenerator/DocGuardContractLab-v2/configuration/contracts_08.json
+++ b/TestGenerator/DocGuardContractLab-v2/configuration/contracts_08.json
@@ -28,7 +28,7 @@
     {
       ""contractId"": ""TFG-CFG-174"",
       ""default"": 204,
-      ""environmentVariable"": ""TFG_FEATURE_174_TIMEOUT_SECONDS"",
+      ""environmentVariable"": ""TFG_FEATURE_174_TIMEOUT_SECONDS_V2"",
       ""key"": ""rbi_test_forge.feature174.timeoutSeconds"",
       ""mode"": ""safe"",
       ""required"": false
","<!-- docs/docguard-contract-lab-v2/CONFIGURATION.md @ controlled-baseline:bb1f6f1c7fb0e041 -->
### TFG-CFG-174
- Configuration key: `rbi_test_forge.feature174.timeoutSeconds`
- Environment variable: `TFG_FEATURE_174_TIMEOUT_SECONDS`
- Documented default: `204`
- Required: `false`
- Mode: `safe`
",True,configuration,Controlled design expectation: configuration; independent human/owner acceptance still required before merge.,True,configuration,"TFG-CFG-174: kod mijenja dokumentovanu konfiguraciju iz 'TFG_FEATURE_174_TIMEOUT_SECONDS' u 'TFG_FEATURE_174_TIMEOUT_SECONDS_V2' (environment_variable_rename), dok docs-before eksplicitno navodi staru vrijednost; dokumentacija bi zato postala zastarjela.",approved,5073cf18f33b77bd0d7306961bd79141a85bb47cc074a824e7a1ac6c120298a9,8ce16b847f4102372239b608b48e8299f28a51a434fb34c7d8a00fb7af68acb5,configuration,rbi_test_forge,environment_variable_rename,cases/patches/rbi_test_forge/configuration/TFG-CFG-174.patch
CRPP2-TFG-CONFIGURATION-175,controlled-v2/rbi-test-forge-copy,9401255,csharp,"[""TestGenerator/DocGuardContractLab-v2/configuration/contracts_08.json""]","--- a/TestGenerator/DocGuardContractLab-v2/configuration/contracts_08.json
+++ b/TestGenerator/DocGuardContractLab-v2/configuration/contracts_08.json
@@ -39,7 +39,7 @@
       ""environmentVariable"": ""TFG_FEATURE_175_TIMEOUT_SECONDS"",
       ""key"": ""rbi_test_forge.feature175.timeoutSeconds"",
       ""mode"": ""safe"",
-      ""required"": false
+      ""required"": true
     },
     {
       ""contractId"": ""TFG-CFG-176"",
","<!-- docs/docguard-contract-lab-v2/CONFIGURATION.md @ controlled-baseline:bb1f6f1c7fb0e041 -->
### TFG-CFG-175
- Configuration key: `rbi_test_forge.feature175.timeoutSeconds`
- Environment variable: `TFG_FEATURE_175_TIMEOUT_SECONDS`
- Documented default: `205`
- Required: `false`
- Mode: `safe`
",True,configuration,Controlled design expectation: configuration; independent human/owner acceptance still required before merge.,True,configuration,"TFG-CFG-175: kod mijenja dokumentovanu konfiguraciju iz 'false' u 'true' (optional_to_required), dok docs-before eksplicitno navodi staru vrijednost; dokumentacija bi zato postala zastarjela.",approved,37d5819876100b5446c2d271e4220150708cdefc80f9316fc4ef00fbf3a89bc3,795fcba550a358fab33a6cca02decd819d9d3a066332f449859739ff3081cedc,configuration,rbi_test_forge,optional_to_required,cases/patches/rbi_test_forge/configuration/TFG-CFG-175.patch
CRPP2-TFG-CONFIGURATION-176,controlled-v2/rbi-test-forge-copy,9401256,csharp,"[""TestGenerator/DocGuardContractLab-v2/configuration/contracts_08.json""]","--- a/TestGenerator/DocGuardContractLab-v2/configuration/contracts_08.json
+++ b/TestGenerator/DocGuardContractLab-v2/configuration/contracts_08.json
@@ -46,7 +46,7 @@
       ""default"": 206,
       ""environmentVariable"": ""TFG_FEATURE_176_TIMEOUT_SECONDS"",
       ""key"": ""rbi_test_forge.feature176.timeoutSeconds"",
-      ""mode"": ""safe"",
+      ""mode"": ""strict"",
       ""required"": false
     },
     {
","<!-- docs/docguard-contract-lab-v2/CONFIGURATION.md @ controlled-baseline:bb1f6f1c7fb0e041 -->
### TFG-CFG-176
- Configuration key: `rbi_test_forge.feature176.timeoutSeconds`
- Environment variable: `TFG_FEATURE_176_TIMEOUT_SECONDS`
- Documented default: `206`
- Required: `false`
- Mode: `safe`
",True,configuration,Controlled design expectation: configuration; independent human/owner acceptance still required before merge.,True,configuration,"TFG-CFG-176: kod mijenja dokumentovanu konfiguraciju iz 'safe' u 'strict' (configuration_mode_change), dok docs-before eksplicitno navodi staru vrijednost; dokumentacija bi zato postala zastarjela.",approved,de049b3bc0c3f25c9797e017057d653790f49b7493cecbcb4e3e281df032b3ee,1e489e8030ee5c07cf60b4986656878aa1e1c9a2bdb2dd0a7510436704892c1a,configuration,rbi_test_forge,configuration_mode_change,cases/patches/rbi_test_forge/configuration/TFG-CFG-176.patch
CRPP2-TFG-CONFIGURATION-177,controlled-v2/rbi-test-forge-copy,9401257,csharp,"[""TestGenerator/DocGuardContractLab-v2/configuration/contracts_08.json""]","--- a/TestGenerator/DocGuardContractLab-v2/configuration/contracts_08.json
+++ b/TestGenerator/DocGuardContractLab-v2/configuration/contracts_08.json
@@ -51,7 +51,7 @@
     },
     {
       ""contractId"": ""TFG-CFG-177"",
-      ""default"": 207,
+      ""default"": 237,
       ""environmentVariable"": ""TFG_FEATURE_177_TIMEOUT_SECONDS"",
       ""key"": ""rbi_test_forge.feature177.timeoutSeconds"",
       ""mode"": ""safe"",
","<!-- docs/docguard-contract-lab-v2/CONFIGURATION.md @ controlled-baseline:bb1f6f1c7fb0e041 -->
### TFG-CFG-177
- Configuration key: `rbi_test_forge.feature177.timeoutSeconds`
- Environment variable: `TFG_FEATURE_177_TIMEOUT_SECONDS`
- Documented default: `207`
- Required: `false`
- Mode: `safe`
",True,configuration,Controlled design expectation: configuration; independent human/owner acceptance still required before merge.,True,configuration,"TFG-CFG-177: kod mijenja dokumentovanu konfiguraciju iz '207' u '237' (documented_default_change), dok docs-before eksplicitno navodi staru vrijednost; dokumentacija bi zato postala zastarjela.",approved,d94dd65edfd8eae3afed4b7ed8e64cc02fe809bd351a7714b9e77bc68e54152e,8cd0b5f5f8e1e32415b9603b05a6177aa49892ed1c4b900e8a0e99b95d844615,configuration,rbi_test_forge,documented_default_change,cases/patches/rbi_test_forge/configuration/TFG-CFG-177.patch
CRPP2-TFG-CONFIGURATION-178,controlled-v2/rbi-test-forge-copy,9401258,csharp,"[""TestGenerator/DocGuardContractLab-v2/configuration/contracts_08.json""]","--- a/TestGenerator/DocGuardContractLab-v2/configuration/contracts_08.json
+++ b/TestGenerator/DocGuardContractLab-v2/configuration/contracts_08.json
@@ -60,7 +60,7 @@
     {
       ""contractId"": ""TFG-CFG-178"",
       ""default"": 208,
-      ""environmentVariable"": ""TFG_FEATURE_178_TIMEOUT_SECONDS"",
+      ""environmentVariable"": ""TFG_FEATURE_178_TIMEOUT_SECONDS_V2"",
       ""key"": ""rbi_test_forge.feature178.timeoutSeconds"",
       ""mode"": ""safe"",
       ""required"": false
","<!-- docs/docguard-contract-lab-v2/CONFIGURATION.md @ controlled-baseline:bb1f6f1c7fb0e041 -->
### TFG-CFG-178
- Configuration key: `rbi_test_forge.feature178.timeoutSeconds`
- Environment variable: `TFG_FEATURE_178_TIMEOUT_SECONDS`
- Documented default: `208`
- Required: `false`
- Mode: `safe`
",True,configuration,Controlled design expectation: configuration; independent human/owner acceptance still required before merge.,True,configuration,"TFG-CFG-178: kod mijenja dokumentovanu konfiguraciju iz 'TFG_FEATURE_178_TIMEOUT_SECONDS' u 'TFG_FEATURE_178_TIMEOUT_SECONDS_V2' (environment_variable_rename), dok docs-before eksplicitno navodi staru vrijednost; dokumentacija bi zato postala zastarjela.",approved,4746dce8336757ad5e1dc92549bd25207fd3426928b7599087381c7fdf6c503c,ecd22cb8fa2f1d54ea8542c4966dda6a870521e7944ab0344049842a57f6cf48,configuration,rbi_test_forge,environment_variable_rename,cases/patches/rbi_test_forge/configuration/TFG-CFG-178.patch
CRPP2-TFG-CONFIGURATION-179,controlled-v2/rbi-test-forge-copy,9401259,csharp,"[""TestGenerator/DocGuardContractLab-v2/configuration/contracts_08.json""]","--- a/TestGenerator/DocGuardContractLab-v2/configuration/contracts_08.json
+++ b/TestGenerator/DocGuardContractLab-v2/configuration/contracts_08.json
@@ -71,7 +71,7 @@
       ""environmentVariable"": ""TFG_FEATURE_179_TIMEOUT_SECONDS"",
       ""key"": ""rbi_test_forge.feature179.timeoutSeconds"",
       ""mode"": ""safe"",
-      ""required"": false
+      ""required"": true
     },
     {
       ""contractId"": ""TFG-CFG-180"",
","<!-- docs/docguard-contract-lab-v2/CONFIGURATION.md @ controlled-baseline:bb1f6f1c7fb0e041 -->
### TFG-CFG-179
- Configuration key: `rbi_test_forge.feature179.timeoutSeconds`
- Environment variable: `TFG_FEATURE_179_TIMEOUT_SECONDS`
- Documented default: `209`
- Required: `false`
- Mode: `safe`
",True,configuration,Controlled design expectation: configuration; independent human/owner acceptance still required before merge.,True,configuration,"TFG-CFG-179: kod mijenja dokumentovanu konfiguraciju iz 'false' u 'true' (optional_to_required), dok docs-before eksplicitno navodi staru vrijednost; dokumentacija bi zato postala zastarjela.",approved,a976de3ada145a00e36f6e9f76ce8dee9144540d8fff708d4742ce321bb65cef,671741f9493f272673f9c06963a56a286d120e1848d7defe8f7e169d20ed6d83,configuration,rbi_test_forge,optional_to_required,cases/patches/rbi_test_forge/configuration/TFG-CFG-179.patch
CRPP2-TFG-CONFIGURATION-180,controlled-v2/rbi-test-forge-copy,9401260,csharp,"[""TestGenerator/DocGuardContractLab-v2/configuration/contracts_08.json""]","--- a/TestGenerator/DocGuardContractLab-v2/configuration/contracts_08.json
+++ b/TestGenerator/DocGuardContractLab-v2/configuration/contracts_08.json
@@ -78,7 +78,7 @@
       ""default"": 210,
       ""environmentVariable"": ""TFG_FEATURE_180_TIMEOUT_SECONDS"",
       ""key"": ""rbi_test_forge.feature180.timeoutSeconds"",
-      ""mode"": ""safe"",
+      ""mode"": ""strict"",
       ""required"": false
     }
   ],
","<!-- docs/docguard-contract-lab-v2/CONFIGURATION.md @ controlled-baseline:bb1f6f1c7fb0e041 -->
### TFG-CFG-180
- Configuration key: `rbi_test_forge.feature180.timeoutSeconds`
- Environment variable: `TFG_FEATURE_180_TIMEOUT_SECONDS`
- Documented default: `210`
- Required: `false`
- Mode: `safe`
",True,configuration,Controlled design expectation: configuration; independent human/owner acceptance still required before merge.,True,configuration,"TFG-CFG-180: kod mijenja dokumentovanu konfiguraciju iz 'safe' u 'strict' (configuration_mode_change), dok docs-before eksplicitno navodi staru vrijednost; dokumentacija bi zato postala zastarjela.",approved,1a2538fc41d093816a8649cbd9e42dbafb222878160aeb608e753f4be0da1123,c3be132f7641e0b0c1baf4adb07c8c0c7d1be97cea2f624047ade4bdf9e13cda,configuration,rbi_test_forge,configuration_mode_change,cases/patches/rbi_test_forge/configuration/TFG-CFG-180.patch
CRPP2-TFG-CONFIGURATION-181,controlled-v2/rbi-test-forge-copy,9401261,csharp,"[""TestGenerator/DocGuardContractLab-v2/configuration/contracts_09.json""]","--- a/TestGenerator/DocGuardContractLab-v2/configuration/contracts_09.json
+++ b/TestGenerator/DocGuardContractLab-v2/configuration/contracts_09.json
@@ -3,7 +3,7 @@
   ""contracts"": [
     {
       ""contractId"": ""TFG-CFG-181"",
-      ""default"": 211,
+      ""default"": 241,
       ""environmentVariable"": ""TFG_FEATURE_181_TIMEOUT_SECONDS"",
       ""key"": ""rbi_test_forge.feature181.timeoutSeconds"",
       ""mode"": ""safe"",
","<!-- docs/docguard-contract-lab-v2/CONFIGURATION.md @ controlled-baseline:bb1f6f1c7fb0e041 -->
### TFG-CFG-181
- Configuration key: `rbi_test_forge.feature181.timeoutSeconds`
- Environment variable: `TFG_FEATURE_181_TIMEOUT_SECONDS`
- Documented default: `211`
- Required: `false`
- Mode: `safe`
",True,configuration,Controlled design expectation: configuration; independent human/owner acceptance still required before merge.,True,configuration,"TFG-CFG-181: kod mijenja dokumentovanu konfiguraciju iz '211' u '241' (documented_default_change), dok docs-before eksplicitno navodi staru vrijednost; dokumentacija bi zato postala zastarjela.",approved,d7eb559f83ea2b950004516841d8dcab5fece952f3f2886c32bbff9bf5e2fb25,05be096e89f235e01ed762a047ee6102c81059901d34ae80077799715f185c15,configuration,rbi_test_forge,documented_default_change,cases/patches/rbi_test_forge/configuration/TFG-CFG-181.patch
CRPP2-TFG-CONFIGURATION-182,controlled-v2/rbi-test-forge-copy,9401262,csharp,"[""TestGenerator/DocGuardContractLab-v2/configuration/contracts_09.json""]","--- a/TestGenerator/DocGuardContractLab-v2/configuration/contracts_09.json
+++ b/TestGenerator/DocGuardContractLab-v2/configuration/contracts_09.json
@@ -12,7 +12,7 @@
     {
       ""contractId"": ""TFG-CFG-182"",
       ""default"": 212,
-      ""environmentVariable"": ""TFG_FEATURE_182_TIMEOUT_SECONDS"",
+      ""environmentVariable"": ""TFG_FEATURE_182_TIMEOUT_SECONDS_V2"",
       ""key"": ""rbi_test_forge.feature182.timeoutSeconds"",
       ""mode"": ""safe"",
       ""required"": false
","<!-- docs/docguard-contract-lab-v2/CONFIGURATION.md @ controlled-baseline:bb1f6f1c7fb0e041 -->
### TFG-CFG-182
- Configuration key: `rbi_test_forge.feature182.timeoutSeconds`
- Environment variable: `TFG_FEATURE_182_TIMEOUT_SECONDS`
- Documented default: `212`
- Required: `false`
- Mode: `safe`
",True,configuration,Controlled design expectation: configuration; independent human/owner acceptance still required before merge.,True,configuration,"TFG-CFG-182: kod mijenja dokumentovanu konfiguraciju iz 'TFG_FEATURE_182_TIMEOUT_SECONDS' u 'TFG_FEATURE_182_TIMEOUT_SECONDS_V2' (environment_variable_rename), dok docs-before eksplicitno navodi staru vrijednost; dokumentacija bi zato postala zastarjela.",approved,855a14f424d1b30db1e210fe0bc541ec44cf118426ddbfe0a7880046e8329636,59511f90eea601e84ade18f87154fa37879a6d15edf638796ddae208f1965e4f,configuration,rbi_test_forge,environment_variable_rename,cases/patches/rbi_test_forge/configuration/TFG-CFG-182.patch
CRPP2-TFG-CONFIGURATION-183,controlled-v2/rbi-test-forge-copy,9401263,csharp,"[""TestGenerator/DocGuardContractLab-v2/configuration/contracts_09.json""]","--- a/TestGenerator/DocGuardContractLab-v2/configuration/contracts_09.json
+++ b/TestGenerator/DocGuardContractLab-v2/configuration/contracts_09.json
@@ -23,7 +23,7 @@
       ""environmentVariable"": ""TFG_FEATURE_183_TIMEOUT_SECONDS"",
       ""key"": ""rbi_test_forge.feature183.timeoutSeconds"",
       ""mode"": ""safe"",
-      ""required"": false
+      ""required"": true
     },
     {
       ""contractId"": ""TFG-CFG-184"",
","<!-- docs/docguard-contract-lab-v2/CONFIGURATION.md @ controlled-baseline:bb1f6f1c7fb0e041 -->
### TFG-CFG-183
- Configuration key: `rbi_test_forge.feature183.timeoutSeconds`
- Environment variable: `TFG_FEATURE_183_TIMEOUT_SECONDS`
- Documented default: `213`
- Required: `false`
- Mode: `safe`
",True,configuration,Controlled design expectation: configuration; independent human/owner acceptance still required before merge.,True,configuration,"TFG-CFG-183: kod mijenja dokumentovanu konfiguraciju iz 'false' u 'true' (optional_to_required), dok docs-before eksplicitno navodi staru vrijednost; dokumentacija bi zato postala zastarjela.",approved,753f8b479dc7b314c33e9d0415d599bba0e6274c044d3f001781158645423e27,d67a7e1f9ba7575fb02f1e030784ad9bfc03e98ef99ecaa3e32aa3e5e11a7993,configuration,rbi_test_forge,optional_to_required,cases/patches/rbi_test_forge/configuration/TFG-CFG-183.patch
CRPP2-TFG-CONFIGURATION-184,controlled-v2/rbi-test-forge-copy,9401264,csharp,"[""TestGenerator/DocGuardContractLab-v2/configuration/contracts_09.json""]","--- a/TestGenerator/DocGuardContractLab-v2/configuration/contracts_09.json
+++ b/TestGenerator/DocGuardContractLab-v2/configuration/contracts_09.json
@@ -30,7 +30,7 @@
       ""default"": 214,
       ""environmentVariable"": ""TFG_FEATURE_184_TIMEOUT_SECONDS"",
       ""key"": ""rbi_test_forge.feature184.timeoutSeconds"",
-      ""mode"": ""safe"",
+      ""mode"": ""strict"",
       ""required"": false
     },
     {
","<!-- docs/docguard-contract-lab-v2/CONFIGURATION.md @ controlled-baseline:bb1f6f1c7fb0e041 -->
### TFG-CFG-184
- Configuration key: `rbi_test_forge.feature184.timeoutSeconds`
- Environment variable: `TFG_FEATURE_184_TIMEOUT_SECONDS`
- Documented default: `214`
- Required: `false`
- Mode: `safe`
",True,configuration,Controlled design expectation: configuration; independent human/owner acceptance still required before merge.,True,configuration,"TFG-CFG-184: kod mijenja dokumentovanu konfiguraciju iz 'safe' u 'strict' (configuration_mode_change), dok docs-before eksplicitno navodi staru vrijednost; dokumentacija bi zato postala zastarjela.",approved,c3d71b0fb1afddf1805fc8d1467949e97f7c03aef62a270160d9ce7b7d1da6fe,2212873a454633ea5ae801921d38428c7deeaf7cdff5aeaa47f98aa73bf342a4,configuration,rbi_test_forge,configuration_mode_change,cases/patches/rbi_test_forge/configuration/TFG-CFG-184.patch
CRPP2-TFG-CONFIGURATION-185,controlled-v2/rbi-test-forge-copy,9401265,csharp,"[""TestGenerator/DocGuardContractLab-v2/configuration/contracts_09.json""]","--- a/TestGenerator/DocGuardContractLab-v2/configuration/contracts_09.json
+++ b/TestGenerator/DocGuardContractLab-v2/configuration/contracts_09.json
@@ -35,7 +35,7 @@
     },
     {
       ""contractId"": ""TFG-CFG-185"",
-      ""default"": 215,
+      ""default"": 245,
       ""environmentVariable"": ""TFG_FEATURE_185_TIMEOUT_SECONDS"",
       ""key"": ""rbi_test_forge.feature185.timeoutSeconds"",
       ""mode"": ""safe"",
","<!-- docs/docguard-contract-lab-v2/CONFIGURATION.md @ controlled-baseline:bb1f6f1c7fb0e041 -->
### TFG-CFG-185
- Configuration key: `rbi_test_forge.feature185.timeoutSeconds`
- Environment variable: `TFG_FEATURE_185_TIMEOUT_SECONDS`
- Documented default: `215`
- Required: `false`
- Mode: `safe`
",True,configuration,Controlled design expectation: configuration; independent human/owner acceptance still required before merge.,True,configuration,"TFG-CFG-185: kod mijenja dokumentovanu konfiguraciju iz '215' u '245' (documented_default_change), dok docs-before eksplicitno navodi staru vrijednost; dokumentacija bi zato postala zastarjela.",approved,b011b464158dc6a14dce3391aaa96f70e1f8c6ef7d021b492f63db5e6d67679c,093593e62e7586bc060c9970aa511ece938c44a071d4308a2262860bddc1cd92,configuration,rbi_test_forge,documented_default_change,cases/patches/rbi_test_forge/configuration/TFG-CFG-185.patch
CRPP2-TFG-CONFIGURATION-186,controlled-v2/rbi-test-forge-copy,9401266,csharp,"[""TestGenerator/DocGuardContractLab-v2/configuration/contracts_09.json""]","--- a/TestGenerator/DocGuardContractLab-v2/configuration/contracts_09.json
+++ b/TestGenerator/DocGuardContractLab-v2/configuration/contracts_09.json
@@ -44,7 +44,7 @@
     {
       ""contractId"": ""TFG-CFG-186"",
       ""default"": 216,
-      ""environmentVariable"": ""TFG_FEATURE_186_TIMEOUT_SECONDS"",
+      ""environmentVariable"": ""TFG_FEATURE_186_TIMEOUT_SECONDS_V2"",
       ""key"": ""rbi_test_forge.feature186.timeoutSeconds"",
       ""mode"": ""safe"",
       ""required"": false
","<!-- docs/docguard-contract-lab-v2/CONFIGURATION.md @ controlled-baseline:bb1f6f1c7fb0e041 -->
### TFG-CFG-186
- Configuration key: `rbi_test_forge.feature186.timeoutSeconds`
- Environment variable: `TFG_FEATURE_186_TIMEOUT_SECONDS`
- Documented default: `216`
- Required: `false`
- Mode: `safe`
",True,configuration,Controlled design expectation: configuration; independent human/owner acceptance still required before merge.,True,configuration,"TFG-CFG-186: kod mijenja dokumentovanu konfiguraciju iz 'TFG_FEATURE_186_TIMEOUT_SECONDS' u 'TFG_FEATURE_186_TIMEOUT_SECONDS_V2' (environment_variable_rename), dok docs-before eksplicitno navodi staru vrijednost; dokumentacija bi zato postala zastarjela.",approved,cb214ca2ec2e36e22fe4e15d732c903502f3dd3160c211c352d1b91bd00630ef,c9c7b33b9a539ed4f8d36b47084c57b147548d729528e020ba0c0006e0c32777,configuration,rbi_test_forge,environment_variable_rename,cases/patches/rbi_test_forge/configuration/TFG-CFG-186.patch
CRPP2-TFG-CONFIGURATION-187,controlled-v2/rbi-test-forge-copy,9401267,csharp,"[""TestGenerator/DocGuardContractLab-v2/configuration/contracts_09.json""]","--- a/TestGenerator/DocGuardContractLab-v2/configuration/contracts_09.json
+++ b/TestGenerator/DocGuardContractLab-v2/configuration/contracts_09.json
@@ -55,7 +55,7 @@
       ""environmentVariable"": ""TFG_FEATURE_187_TIMEOUT_SECONDS"",
       ""key"": ""rbi_test_forge.feature187.timeoutSeconds"",
       ""mode"": ""safe"",
-      ""required"": false
+      ""required"": true
     },
     {
       ""contractId"": ""TFG-CFG-188"",
","<!-- docs/docguard-contract-lab-v2/CONFIGURATION.md @ controlled-baseline:bb1f6f1c7fb0e041 -->
### TFG-CFG-187
- Configuration key: `rbi_test_forge.feature187.timeoutSeconds`
- Environment variable: `TFG_FEATURE_187_TIMEOUT_SECONDS`
- Documented default: `217`
- Required: `false`
- Mode: `safe`
",True,configuration,Controlled design expectation: configuration; independent human/owner acceptance still required before merge.,True,configuration,"TFG-CFG-187: kod mijenja dokumentovanu konfiguraciju iz 'false' u 'true' (optional_to_required), dok docs-before eksplicitno navodi staru vrijednost; dokumentacija bi zato postala zastarjela.",approved,523359b1c2e705fe8bac37324b78261e89fe341e9a41cd298b3300b95d220c11,72e298b06082741ea1cbd29d9298e4866b54ec17943db16b99bd9cc176069ec4,configuration,rbi_test_forge,optional_to_required,cases/patches/rbi_test_forge/configuration/TFG-CFG-187.patch
CRPP2-TFG-CONFIGURATION-188,controlled-v2/rbi-test-forge-copy,9401268,csharp,"[""TestGenerator/DocGuardContractLab-v2/configuration/contracts_09.json""]","--- a/TestGenerator/DocGuardContractLab-v2/configuration/contracts_09.json
+++ b/TestGenerator/DocGuardContractLab-v2/configuration/contracts_09.json
@@ -62,7 +62,7 @@
       ""default"": 218,
       ""environmentVariable"": ""TFG_FEATURE_188_TIMEOUT_SECONDS"",
       ""key"": ""rbi_test_forge.feature188.timeoutSeconds"",
-      ""mode"": ""safe"",
+      ""mode"": ""strict"",
       ""required"": false
     },
     {
","<!-- docs/docguard-contract-lab-v2/CONFIGURATION.md @ controlled-baseline:bb1f6f1c7fb0e041 -->
### TFG-CFG-188
- Configuration key: `rbi_test_forge.feature188.timeoutSeconds`
- Environment variable: `TFG_FEATURE_188_TIMEOUT_SECONDS`
- Documented default: `218`
- Required: `false`
- Mode: `safe`
",True,configuration,Controlled design expectation: configuration; independent human/owner acceptance still required before merge.,True,configuration,"TFG-CFG-188: kod mijenja dokumentovanu konfiguraciju iz 'safe' u 'strict' (configuration_mode_change), dok docs-before eksplicitno navodi staru vrijednost; dokumentacija bi zato postala zastarjela.",approved,b92a1d09e44c99218839380785efb4a37596f487c47422fdb48c22248bab4ad6,f89af9dd3bd8cd14e04b5490acf95c0ee5433f55979dc69147ef45c3a97f891f,configuration,rbi_test_forge,configuration_mode_change,cases/patches/rbi_test_forge/configuration/TFG-CFG-188.patch
CRPP2-TFG-CONFIGURATION-189,controlled-v2/rbi-test-forge-copy,9401269,csharp,"[""TestGenerator/DocGuardContractLab-v2/configuration/contracts_09.json""]","--- a/TestGenerator/DocGuardContractLab-v2/configuration/contracts_09.json
+++ b/TestGenerator/DocGuardContractLab-v2/configuration/contracts_09.json
@@ -67,7 +67,7 @@
     },
     {
       ""contractId"": ""TFG-CFG-189"",
-      ""default"": 219,
+      ""default"": 249,
       ""environmentVariable"": ""TFG_FEATURE_189_TIMEOUT_SECONDS"",
       ""key"": ""rbi_test_forge.feature189.timeoutSeconds"",
       ""mode"": ""safe"",
","<!-- docs/docguard-contract-lab-v2/CONFIGURATION.md @ controlled-baseline:bb1f6f1c7fb0e041 -->
### TFG-CFG-189
- Configuration key: `rbi_test_forge.feature189.timeoutSeconds`
- Environment variable: `TFG_FEATURE_189_TIMEOUT_SECONDS`
- Documented default: `219`
- Required: `false`
- Mode: `safe`
",True,configuration,Controlled design expectation: configuration; independent human/owner acceptance still required before merge.,True,configuration,"TFG-CFG-189: kod mijenja dokumentovanu konfiguraciju iz '219' u '249' (documented_default_change), dok docs-before eksplicitno navodi staru vrijednost; dokumentacija bi zato postala zastarjela.",approved,84abe9aec1275d43f9608d78d6141c91bea5aae8193b6d796233fc858d1011c1,06e76d491707a226b13c572df73b2f5a40191215e47987751b61d656ec58c872,configuration,rbi_test_forge,documented_default_change,cases/patches/rbi_test_forge/configuration/TFG-CFG-189.patch
CRPP2-TFG-CONFIGURATION-190,controlled-v2/rbi-test-forge-copy,9401270,csharp,"[""TestGenerator/DocGuardContractLab-v2/configuration/contracts_09.json""]","--- a/TestGenerator/DocGuardContractLab-v2/configuration/contracts_09.json
+++ b/TestGenerator/DocGuardContractLab-v2/configuration/contracts_09.json
@@ -76,7 +76,7 @@
     {
       ""contractId"": ""TFG-CFG-190"",
       ""default"": 220,
-      ""environmentVariable"": ""TFG_FEATURE_190_TIMEOUT_SECONDS"",
+      ""environmentVariable"": ""TFG_FEATURE_190_TIMEOUT_SECONDS_V2"",
       ""key"": ""rbi_test_forge.feature190.timeoutSeconds"",
       ""mode"": ""safe"",
       ""required"": false
","<!-- docs/docguard-contract-lab-v2/CONFIGURATION.md @ controlled-baseline:bb1f6f1c7fb0e041 -->
### TFG-CFG-190
- Configuration key: `rbi_test_forge.feature190.timeoutSeconds`
- Environment variable: `TFG_FEATURE_190_TIMEOUT_SECONDS`
- Documented default: `220`
- Required: `false`
- Mode: `safe`
",True,configuration,Controlled design expectation: configuration; independent human/owner acceptance still required before merge.,True,configuration,"TFG-CFG-190: kod mijenja dokumentovanu konfiguraciju iz 'TFG_FEATURE_190_TIMEOUT_SECONDS' u 'TFG_FEATURE_190_TIMEOUT_SECONDS_V2' (environment_variable_rename), dok docs-before eksplicitno navodi staru vrijednost; dokumentacija bi zato postala zastarjela.",approved,51ce782fb16db5b4391dc8a94b6b20abab3ceb7eef89f2231e8023187bf5dfed,a50d8fbc62d0bbc96d49aed0843f9c69d4564232707a072fa5bef4cca1f5c139,configuration,rbi_test_forge,environment_variable_rename,cases/patches/rbi_test_forge/configuration/TFG-CFG-190.patch
CRPP2-TFG-CONFIGURATION-191,controlled-v2/rbi-test-forge-copy,9401271,csharp,"[""TestGenerator/DocGuardContractLab-v2/configuration/contracts_10.json""]","--- a/TestGenerator/DocGuardContractLab-v2/configuration/contracts_10.json
+++ b/TestGenerator/DocGuardContractLab-v2/configuration/contracts_10.json
@@ -7,7 +7,7 @@
       ""environmentVariable"": ""TFG_FEATURE_191_TIMEOUT_SECONDS"",
       ""key"": ""rbi_test_forge.feature191.timeoutSeconds"",
       ""mode"": ""safe"",
-      ""required"": false
+      ""required"": true
     },
     {
       ""contractId"": ""TFG-CFG-192"",
","<!-- docs/docguard-contract-lab-v2/CONFIGURATION.md @ controlled-baseline:bb1f6f1c7fb0e041 -->
### TFG-CFG-191
- Configuration key: `rbi_test_forge.feature191.timeoutSeconds`
- Environment variable: `TFG_FEATURE_191_TIMEOUT_SECONDS`
- Documented default: `221`
- Required: `false`
- Mode: `safe`
",True,configuration,Controlled design expectation: configuration; independent human/owner acceptance still required before merge.,True,configuration,"TFG-CFG-191: kod mijenja dokumentovanu konfiguraciju iz 'false' u 'true' (optional_to_required), dok docs-before eksplicitno navodi staru vrijednost; dokumentacija bi zato postala zastarjela.",approved,2380f263c7e63ba366987d3e3b3617c74bb68756ef6742ddfb3fd33aca79db4d,de65cc7addb9290b64751320c080a5b5f0cc10273f926a0c874a547814e3cc74,configuration,rbi_test_forge,optional_to_required,cases/patches/rbi_test_forge/configuration/TFG-CFG-191.patch
CRPP2-TFG-CONFIGURATION-192,controlled-v2/rbi-test-forge-copy,9401272,csharp,"[""TestGenerator/DocGuardContractLab-v2/configuration/contracts_10.json""]","--- a/TestGenerator/DocGuardContractLab-v2/configuration/contracts_10.json
+++ b/TestGenerator/DocGuardContractLab-v2/configuration/contracts_10.json
@@ -14,7 +14,7 @@
       ""default"": 222,
       ""environmentVariable"": ""TFG_FEATURE_192_TIMEOUT_SECONDS"",
       ""key"": ""rbi_test_forge.feature192.timeoutSeconds"",
-      ""mode"": ""safe"",
+      ""mode"": ""strict"",
       ""required"": false
     },
     {
","<!-- docs/docguard-contract-lab-v2/CONFIGURATION.md @ controlled-baseline:bb1f6f1c7fb0e041 -->
### TFG-CFG-192
- Configuration key: `rbi_test_forge.feature192.timeoutSeconds`
- Environment variable: `TFG_FEATURE_192_TIMEOUT_SECONDS`
- Documented default: `222`
- Required: `false`
- Mode: `safe`
",True,configuration,Controlled design expectation: configuration; independent human/owner acceptance still required before merge.,True,configuration,"TFG-CFG-192: kod mijenja dokumentovanu konfiguraciju iz 'safe' u 'strict' (configuration_mode_change), dok docs-before eksplicitno navodi staru vrijednost; dokumentacija bi zato postala zastarjela.",approved,cbf0d38b92fdc368b2e0ce339a44475bccf5804ab492fb80f011ebfc472d6fc8,cb4b7bb50d3bafbc86915b0ffc799c7ec5636df4f7cd2c013f45cb54a3d19d34,configuration,rbi_test_forge,configuration_mode_change,cases/patches/rbi_test_forge/configuration/TFG-CFG-192.patch
CRPP2-TFG-CONFIGURATION-193,controlled-v2/rbi-test-forge-copy,9401273,csharp,"[""TestGenerator/DocGuardContractLab-v2/configuration/contracts_10.json""]","--- a/TestGenerator/DocGuardContractLab-v2/configuration/contracts_10.json
+++ b/TestGenerator/DocGuardContractLab-v2/configuration/contracts_10.json
@@ -19,7 +19,7 @@
     },
     {
       ""contractId"": ""TFG-CFG-193"",
-      ""default"": 223,
+      ""default"": 253,
       ""environmentVariable"": ""TFG_FEATURE_193_TIMEOUT_SECONDS"",
       ""key"": ""rbi_test_forge.feature193.timeoutSeconds"",
       ""mode"": ""safe"",
","<!-- docs/docguard-contract-lab-v2/CONFIGURATION.md @ controlled-baseline:bb1f6f1c7fb0e041 -->
### TFG-CFG-193
- Configuration key: `rbi_test_forge.feature193.timeoutSeconds`
- Environment variable: `TFG_FEATURE_193_TIMEOUT_SECONDS`
- Documented default: `223`
- Required: `false`
- Mode: `safe`
",True,configuration,Controlled design expectation: configuration; independent human/owner acceptance still required before merge.,True,configuration,"TFG-CFG-193: kod mijenja dokumentovanu konfiguraciju iz '223' u '253' (documented_default_change), dok docs-before eksplicitno navodi staru vrijednost; dokumentacija bi zato postala zastarjela.",approved,21a353a4e09049ed6055078f0dd300d058a5720519655cb0477b3f98eb7fe43e,bb6889d36f99649d2e23a89f9126d8d8a674f2abcca3b935a511907bc889266a,configuration,rbi_test_forge,documented_default_change,cases/patches/rbi_test_forge/configuration/TFG-CFG-193.patch
CRPP2-TFG-CONFIGURATION-194,controlled-v2/rbi-test-forge-copy,9401274,csharp,"[""TestGenerator/DocGuardContractLab-v2/configuration/contracts_10.json""]","--- a/TestGenerator/DocGuardContractLab-v2/configuration/contracts_10.json
+++ b/TestGenerator/DocGuardContractLab-v2/configuration/contracts_10.json
@@ -28,7 +28,7 @@
     {
       ""contractId"": ""TFG-CFG-194"",
       ""default"": 224,
-      ""environmentVariable"": ""TFG_FEATURE_194_TIMEOUT_SECONDS"",
+      ""environmentVariable"": ""TFG_FEATURE_194_TIMEOUT_SECONDS_V2"",
       ""key"": ""rbi_test_forge.feature194.timeoutSeconds"",
       ""mode"": ""safe"",
       ""required"": false
","<!-- docs/docguard-contract-lab-v2/CONFIGURATION.md @ controlled-baseline:bb1f6f1c7fb0e041 -->
### TFG-CFG-194
- Configuration key: `rbi_test_forge.feature194.timeoutSeconds`
- Environment variable: `TFG_FEATURE_194_TIMEOUT_SECONDS`
- Documented default: `224`
- Required: `false`
- Mode: `safe`
",True,configuration,Controlled design expectation: configuration; independent human/owner acceptance still required before merge.,True,configuration,"TFG-CFG-194: kod mijenja dokumentovanu konfiguraciju iz 'TFG_FEATURE_194_TIMEOUT_SECONDS' u 'TFG_FEATURE_194_TIMEOUT_SECONDS_V2' (environment_variable_rename), dok docs-before eksplicitno navodi staru vrijednost; dokumentacija bi zato postala zastarjela.",approved,6d9c1a1e2eda1cbedcca424905ef43132aa2ad979b1e0d04210430bf35ef44ea,39edf0c9ef797156caaba127f03239e18517cb531b8294b106c0786197550c85,configuration,rbi_test_forge,environment_variable_rename,cases/patches/rbi_test_forge/configuration/TFG-CFG-194.patch
CRPP2-TFG-CONFIGURATION-195,controlled-v2/rbi-test-forge-copy,9401275,csharp,"[""TestGenerator/DocGuardContractLab-v2/configuration/contracts_10.json""]","--- a/TestGenerator/DocGuardContractLab-v2/configuration/contracts_10.json
+++ b/TestGenerator/DocGuardContractLab-v2/configuration/contracts_10.json
@@ -39,7 +39,7 @@
       ""environmentVariable"": ""TFG_FEATURE_195_TIMEOUT_SECONDS"",
       ""key"": ""rbi_test_forge.feature195.timeoutSeconds"",
       ""mode"": ""safe"",
-      ""required"": false
+      ""required"": true
     },
     {
       ""contractId"": ""TFG-CFG-196"",
","<!-- docs/docguard-contract-lab-v2/CONFIGURATION.md @ controlled-baseline:bb1f6f1c7fb0e041 -->
### TFG-CFG-195
- Configuration key: `rbi_test_forge.feature195.timeoutSeconds`
- Environment variable: `TFG_FEATURE_195_TIMEOUT_SECONDS`
- Documented default: `225`
- Required: `false`
- Mode: `safe`
",True,configuration,Controlled design expectation: configuration; independent human/owner acceptance still required before merge.,True,configuration,"TFG-CFG-195: kod mijenja dokumentovanu konfiguraciju iz 'false' u 'true' (optional_to_required), dok docs-before eksplicitno navodi staru vrijednost; dokumentacija bi zato postala zastarjela.",approved,aa12e438059bcb49ef6da3c65fcb7efb649b807e14b938ee6a2c45b98712aba1,ec11d82815959a4b0871d899aba5f05f1d86bb99d6d44160373614c5e410aad1,configuration,rbi_test_forge,optional_to_required,cases/patches/rbi_test_forge/configuration/TFG-CFG-195.patch
CRPP2-TFG-CONFIGURATION-196,controlled-v2/rbi-test-forge-copy,9401276,csharp,"[""TestGenerator/DocGuardContractLab-v2/configuration/contracts_10.json""]","--- a/TestGenerator/DocGuardContractLab-v2/configuration/contracts_10.json
+++ b/TestGenerator/DocGuardContractLab-v2/configuration/contracts_10.json
@@ -46,7 +46,7 @@
       ""default"": 226,
       ""environmentVariable"": ""TFG_FEATURE_196_TIMEOUT_SECONDS"",
       ""key"": ""rbi_test_forge.feature196.timeoutSeconds"",
-      ""mode"": ""safe"",
+      ""mode"": ""strict"",
       ""required"": false
     },
     {
","<!-- docs/docguard-contract-lab-v2/CONFIGURATION.md @ controlled-baseline:bb1f6f1c7fb0e041 -->
### TFG-CFG-196
- Configuration key: `rbi_test_forge.feature196.timeoutSeconds`
- Environment variable: `TFG_FEATURE_196_TIMEOUT_SECONDS`
- Documented default: `226`
- Required: `false`
- Mode: `safe`
",True,configuration,Controlled design expectation: configuration; independent human/owner acceptance still required before merge.,True,configuration,"TFG-CFG-196: kod mijenja dokumentovanu konfiguraciju iz 'safe' u 'strict' (configuration_mode_change), dok docs-before eksplicitno navodi staru vrijednost; dokumentacija bi zato postala zastarjela.",approved,964cb7ba84801285eda17942faed5786717ff4ec22a747146b42b380857f6512,b1084fef28045366e3eaf6e71ad73cc68614910deb3ae8b23c7da0e5a21ed192,configuration,rbi_test_forge,configuration_mode_change,cases/patches/rbi_test_forge/configuration/TFG-CFG-196.patch
CRPP2-TFG-CONFIGURATION-197,controlled-v2/rbi-test-forge-copy,9401277,csharp,"[""TestGenerator/DocGuardContractLab-v2/configuration/contracts_10.json""]","--- a/TestGenerator/DocGuardContractLab-v2/configuration/contracts_10.json
+++ b/TestGenerator/DocGuardContractLab-v2/configuration/contracts_10.json
@@ -51,7 +51,7 @@
     },
     {
       ""contractId"": ""TFG-CFG-197"",
-      ""default"": 227,
+      ""default"": 257,
       ""environmentVariable"": ""TFG_FEATURE_197_TIMEOUT_SECONDS"",
       ""key"": ""rbi_test_forge.feature197.timeoutSeconds"",
       ""mode"": ""safe"",
","<!-- docs/docguard-contract-lab-v2/CONFIGURATION.md @ controlled-baseline:bb1f6f1c7fb0e041 -->
### TFG-CFG-197
- Configuration key: `rbi_test_forge.feature197.timeoutSeconds`
- Environment variable: `TFG_FEATURE_197_TIMEOUT_SECONDS`
- Documented default: `227`
- Required: `false`
- Mode: `safe`
",True,configuration,Controlled design expectation: configuration; independent human/owner acceptance still required before merge.,True,configuration,"TFG-CFG-197: kod mijenja dokumentovanu konfiguraciju iz '227' u '257' (documented_default_change), dok docs-before eksplicitno navodi staru vrijednost; dokumentacija bi zato postala zastarjela.",approved,48f7b40ac394656fe66d650eae8f7936ed6e479f6831a0ba2368566bec2b329e,8e73aca0a6fd7c2ee64932d172efe361ff388bfdcd76903ba3c2bde88ba21bc7,configuration,rbi_test_forge,documented_default_change,cases/patches/rbi_test_forge/configuration/TFG-CFG-197.patch
CRPP2-TFG-CONFIGURATION-198,controlled-v2/rbi-test-forge-copy,9401278,csharp,"[""TestGenerator/DocGuardContractLab-v2/configuration/contracts_10.json""]","--- a/TestGenerator/DocGuardContractLab-v2/configuration/contracts_10.json
+++ b/TestGenerator/DocGuardContractLab-v2/configuration/contracts_10.json
@@ -60,7 +60,7 @@
     {
       ""contractId"": ""TFG-CFG-198"",
       ""default"": 228,
-      ""environmentVariable"": ""TFG_FEATURE_198_TIMEOUT_SECONDS"",
+      ""environmentVariable"": ""TFG_FEATURE_198_TIMEOUT_SECONDS_V2"",
       ""key"": ""rbi_test_forge.feature198.timeoutSeconds"",
       ""mode"": ""safe"",
       ""required"": false
","<!-- docs/docguard-contract-lab-v2/CONFIGURATION.md @ controlled-baseline:bb1f6f1c7fb0e041 -->
### TFG-CFG-198
- Configuration key: `rbi_test_forge.feature198.timeoutSeconds`
- Environment variable: `TFG_FEATURE_198_TIMEOUT_SECONDS`
- Documented default: `228`
- Required: `false`
- Mode: `safe`
",True,configuration,Controlled design expectation: configuration; independent human/owner acceptance still required before merge.,True,configuration,"TFG-CFG-198: kod mijenja dokumentovanu konfiguraciju iz 'TFG_FEATURE_198_TIMEOUT_SECONDS' u 'TFG_FEATURE_198_TIMEOUT_SECONDS_V2' (environment_variable_rename), dok docs-before eksplicitno navodi staru vrijednost; dokumentacija bi zato postala zastarjela.",approved,632f84d1c02e85f9e4d5082a4cc6fb8fca26167ba2c8347044bea5ded271f59a,9c7ec813d73390f963ec0df668de62b21d95adc2418313b1cff604857e309785,configuration,rbi_test_forge,environment_variable_rename,cases/patches/rbi_test_forge/configuration/TFG-CFG-198.patch
CRPP2-TFG-CONFIGURATION-199,controlled-v2/rbi-test-forge-copy,9401279,csharp,"[""TestGenerator/DocGuardContractLab-v2/configuration/contracts_10.json""]","--- a/TestGenerator/DocGuardContractLab-v2/configuration/contracts_10.json
+++ b/TestGenerator/DocGuardContractLab-v2/configuration/contracts_10.json
@@ -71,7 +71,7 @@
       ""environmentVariable"": ""TFG_FEATURE_199_TIMEOUT_SECONDS"",
       ""key"": ""rbi_test_forge.feature199.timeoutSeconds"",
       ""mode"": ""safe"",
-      ""required"": false
+      ""required"": true
     },
     {
       ""contractId"": ""TFG-CFG-200"",
","<!-- docs/docguard-contract-lab-v2/CONFIGURATION.md @ controlled-baseline:bb1f6f1c7fb0e041 -->
### TFG-CFG-199
- Configuration key: `rbi_test_forge.feature199.timeoutSeconds`
- Environment variable: `TFG_FEATURE_199_TIMEOUT_SECONDS`
- Documented default: `229`
- Required: `false`
- Mode: `safe`
",True,configuration,Controlled design expectation: configuration; independent human/owner acceptance still required before merge.,True,configuration,"TFG-CFG-199: kod mijenja dokumentovanu konfiguraciju iz 'false' u 'true' (optional_to_required), dok docs-before eksplicitno navodi staru vrijednost; dokumentacija bi zato postala zastarjela.",approved,f62d9baa793de901dbe4236c6fa5987271928008153715b95dc336eca7ac801d,aab966a3d91fb25de434ad10df7b9d659f658bc85d1fa0dadb296a0b80819b82,configuration,rbi_test_forge,optional_to_required,cases/patches/rbi_test_forge/configuration/TFG-CFG-199.patch
CRPP2-TFG-CONFIGURATION-200,controlled-v2/rbi-test-forge-copy,9401280,csharp,"[""TestGenerator/DocGuardContractLab-v2/configuration/contracts_10.json""]","--- a/TestGenerator/DocGuardContractLab-v2/configuration/contracts_10.json
+++ b/TestGenerator/DocGuardContractLab-v2/configuration/contracts_10.json
@@ -78,7 +78,7 @@
       ""default"": 230,
       ""environmentVariable"": ""TFG_FEATURE_200_TIMEOUT_SECONDS"",
       ""key"": ""rbi_test_forge.feature200.timeoutSeconds"",
-      ""mode"": ""safe"",
+      ""mode"": ""strict"",
       ""required"": false
     }
   ],
","<!-- docs/docguard-contract-lab-v2/CONFIGURATION.md @ controlled-baseline:bb1f6f1c7fb0e041 -->
### TFG-CFG-200
- Configuration key: `rbi_test_forge.feature200.timeoutSeconds`
- Environment variable: `TFG_FEATURE_200_TIMEOUT_SECONDS`
- Documented default: `230`
- Required: `false`
- Mode: `safe`
",True,configuration,Controlled design expectation: configuration; independent human/owner acceptance still required before merge.,True,configuration,"TFG-CFG-200: kod mijenja dokumentovanu konfiguraciju iz 'safe' u 'strict' (configuration_mode_change), dok docs-before eksplicitno navodi staru vrijednost; dokumentacija bi zato postala zastarjela.",approved,290c4ecb41dee9e71a79a866877328464e3ec7b0db8d79da7beff05690147199,8cea3d5a21b15196e2b0bb2c8adc554e221430fc50ca56a8f1766c443f575e31,configuration,rbi_test_forge,configuration_mode_change,cases/patches/rbi_test_forge/configuration/TFG-CFG-200.patch
CRPP2-TFG-CONFIGURATION-201,controlled-v2/rbi-test-forge-copy,9401281,csharp,"[""TestGenerator/DocGuardContractLab-v2/configuration/contracts_11.json""]","--- a/TestGenerator/DocGuardContractLab-v2/configuration/contracts_11.json
+++ b/TestGenerator/DocGuardContractLab-v2/configuration/contracts_11.json
@@ -3,7 +3,7 @@
   ""contracts"": [
     {
       ""contractId"": ""TFG-CFG-201"",
-      ""default"": 231,
+      ""default"": 261,
       ""environmentVariable"": ""TFG_FEATURE_201_TIMEOUT_SECONDS"",
       ""key"": ""rbi_test_forge.feature201.timeoutSeconds"",
       ""mode"": ""safe"",
","<!-- docs/docguard-contract-lab-v2/CONFIGURATION.md @ controlled-baseline:bb1f6f1c7fb0e041 -->
### TFG-CFG-201
- Configuration key: `rbi_test_forge.feature201.timeoutSeconds`
- Environment variable: `TFG_FEATURE_201_TIMEOUT_SECONDS`
- Documented default: `231`
- Required: `false`
- Mode: `safe`
",True,configuration,Controlled design expectation: configuration; independent human/owner acceptance still required before merge.,True,configuration,"TFG-CFG-201: kod mijenja dokumentovanu konfiguraciju iz '231' u '261' (documented_default_change), dok docs-before eksplicitno navodi staru vrijednost; dokumentacija bi zato postala zastarjela.",approved,8027330c8260851fb053bc061bdb537bb79953c2f84a9d0caf6835ff8d969713,e6521f06f8455c96b2ad3eed42096c292a5df5cb784dc7bd958fc6cbf1d8a5aa,configuration,rbi_test_forge,documented_default_change,cases/patches/rbi_test_forge/configuration/TFG-CFG-201.patch
CRPP2-TFG-CONFIGURATION-202,controlled-v2/rbi-test-forge-copy,9401282,csharp,"[""TestGenerator/DocGuardContractLab-v2/configuration/contracts_11.json""]","--- a/TestGenerator/DocGuardContractLab-v2/configuration/contracts_11.json
+++ b/TestGenerator/DocGuardContractLab-v2/configuration/contracts_11.json
@@ -12,7 +12,7 @@
     {
       ""contractId"": ""TFG-CFG-202"",
       ""default"": 232,
-      ""environmentVariable"": ""TFG_FEATURE_202_TIMEOUT_SECONDS"",
+      ""environmentVariable"": ""TFG_FEATURE_202_TIMEOUT_SECONDS_V2"",
       ""key"": ""rbi_test_forge.feature202.timeoutSeconds"",
       ""mode"": ""safe"",
       ""required"": false
","<!-- docs/docguard-contract-lab-v2/CONFIGURATION.md @ controlled-baseline:bb1f6f1c7fb0e041 -->
### TFG-CFG-202
- Configuration key: `rbi_test_forge.feature202.timeoutSeconds`
- Environment variable: `TFG_FEATURE_202_TIMEOUT_SECONDS`
- Documented default: `232`
- Required: `false`
- Mode: `safe`
",True,configuration,Controlled design expectation: configuration; independent human/owner acceptance still required before merge.,True,configuration,"TFG-CFG-202: kod mijenja dokumentovanu konfiguraciju iz 'TFG_FEATURE_202_TIMEOUT_SECONDS' u 'TFG_FEATURE_202_TIMEOUT_SECONDS_V2' (environment_variable_rename), dok docs-before eksplicitno navodi staru vrijednost; dokumentacija bi zato postala zastarjela.",approved,fd7d4e9ec369b62aab42731d11b5e485993034160fd991c960da7d7033a7eb16,3bda8a020fd175fd4cdd856717c0d921ddc84686b80bc8093c6ffef469ec5347,configuration,rbi_test_forge,environment_variable_rename,cases/patches/rbi_test_forge/configuration/TFG-CFG-202.patch
CRPP2-TFG-CONFIGURATION-203,controlled-v2/rbi-test-forge-copy,9401283,csharp,"[""TestGenerator/DocGuardContractLab-v2/configuration/contracts_11.json""]","--- a/TestGenerator/DocGuardContractLab-v2/configuration/contracts_11.json
+++ b/TestGenerator/DocGuardContractLab-v2/configuration/contracts_11.json
@@ -23,7 +23,7 @@
       ""environmentVariable"": ""TFG_FEATURE_203_TIMEOUT_SECONDS"",
       ""key"": ""rbi_test_forge.feature203.timeoutSeconds"",
       ""mode"": ""safe"",
-      ""required"": false
+      ""required"": true
     },
     {
       ""contractId"": ""TFG-CFG-204"",
","<!-- docs/docguard-contract-lab-v2/CONFIGURATION.md @ controlled-baseline:bb1f6f1c7fb0e041 -->
### TFG-CFG-203
- Configuration key: `rbi_test_forge.feature203.timeoutSeconds`
- Environment variable: `TFG_FEATURE_203_TIMEOUT_SECONDS`
- Documented default: `233`
- Required: `false`
- Mode: `safe`
",True,configuration,Controlled design expectation: configuration; independent human/owner acceptance still required before merge.,True,configuration,"TFG-CFG-203: kod mijenja dokumentovanu konfiguraciju iz 'false' u 'true' (optional_to_required), dok docs-before eksplicitno navodi staru vrijednost; dokumentacija bi zato postala zastarjela.",approved,70d5a018103decbf6ed38bf29590e69c5d8e72726267f4a21793b6c8dae772ac,c025b5e9173c7e390875ebfb33ba66a43e47593a4b1a075fc437a2347328776d,configuration,rbi_test_forge,optional_to_required,cases/patches/rbi_test_forge/configuration/TFG-CFG-203.patch
CRPP2-TFG-CONFIGURATION-204,controlled-v2/rbi-test-forge-copy,9401284,csharp,"[""TestGenerator/DocGuardContractLab-v2/configuration/contracts_11.json""]","--- a/TestGenerator/DocGuardContractLab-v2/configuration/contracts_11.json
+++ b/TestGenerator/DocGuardContractLab-v2/configuration/contracts_11.json
@@ -30,7 +30,7 @@
       ""default"": 234,
       ""environmentVariable"": ""TFG_FEATURE_204_TIMEOUT_SECONDS"",
       ""key"": ""rbi_test_forge.feature204.timeoutSeconds"",
-      ""mode"": ""safe"",
+      ""mode"": ""strict"",
       ""required"": false
     },
     {
","<!-- docs/docguard-contract-lab-v2/CONFIGURATION.md @ controlled-baseline:bb1f6f1c7fb0e041 -->
### TFG-CFG-204
- Configuration key: `rbi_test_forge.feature204.timeoutSeconds`
- Environment variable: `TFG_FEATURE_204_TIMEOUT_SECONDS`
- Documented default: `234`
- Required: `false`
- Mode: `safe`
",True,configuration,Controlled design expectation: configuration; independent human/owner acceptance still required before merge.,True,configuration,"TFG-CFG-204: kod mijenja dokumentovanu konfiguraciju iz 'safe' u 'strict' (configuration_mode_change), dok docs-before eksplicitno navodi staru vrijednost; dokumentacija bi zato postala zastarjela.",approved,26a10c2b41f70d971a7b77a5fc3e6b25c0d64992cf807253e7e912be512e41b8,3bcfadd52cfe831d34fda05ed442a7f92d2b8e4084ab76d7820815cee434e08a,configuration,rbi_test_forge,configuration_mode_change,cases/patches/rbi_test_forge/configuration/TFG-CFG-204.patch
CRPP2-TFG-CONFIGURATION-205,controlled-v2/rbi-test-forge-copy,9401285,csharp,"[""TestGenerator/DocGuardContractLab-v2/configuration/contracts_11.json""]","--- a/TestGenerator/DocGuardContractLab-v2/configuration/contracts_11.json
+++ b/TestGenerator/DocGuardContractLab-v2/configuration/contracts_11.json
@@ -35,7 +35,7 @@
     },
     {
       ""contractId"": ""TFG-CFG-205"",
-      ""default"": 235,
+      ""default"": 265,
       ""environmentVariable"": ""TFG_FEATURE_205_TIMEOUT_SECONDS"",
       ""key"": ""rbi_test_forge.feature205.timeoutSeconds"",
       ""mode"": ""safe"",
","<!-- docs/docguard-contract-lab-v2/CONFIGURATION.md @ controlled-baseline:bb1f6f1c7fb0e041 -->
### TFG-CFG-205
- Configuration key: `rbi_test_forge.feature205.timeoutSeconds`
- Environment variable: `TFG_FEATURE_205_TIMEOUT_SECONDS`
- Documented default: `235`
- Required: `false`
- Mode: `safe`
",True,configuration,Controlled design expectation: configuration; independent human/owner acceptance still required before merge.,True,configuration,"TFG-CFG-205: kod mijenja dokumentovanu konfiguraciju iz '235' u '265' (documented_default_change), dok docs-before eksplicitno navodi staru vrijednost; dokumentacija bi zato postala zastarjela.",approved,b76161edb9391d305eded2fa6168eea8f20010e84ee12bb3dfaf08063107cc4d,172011d1cdd299d123fa9ff5697101066c74fe9f21bf64223bb71be054cba6e5,configuration,rbi_test_forge,documented_default_change,cases/patches/rbi_test_forge/configuration/TFG-CFG-205.patch
CRPP2-TFG-DEVELOPER_SETUP-101,controlled-v2/rbi-test-forge-copy,9401286,csharp,"[""TestGenerator/DocGuardContractLab-v2/developer_setup/contracts_01.json""]","--- a/TestGenerator/DocGuardContractLab-v2/developer_setup/contracts_01.json
+++ b/TestGenerator/DocGuardContractLab-v2/developer_setup/contracts_01.json
@@ -8,7 +8,7 @@
       ""packageManager"": ""NuGet@6"",
       ""profile"": ""developer-profile-101"",
       ""runtime"": "".NET SDK"",
-      ""runtimeVersion"": ""8.0""
+      ""runtimeVersion"": ""10.0""
     },
     {
       ""contractId"": ""TFG-SETUP-102"",
","<!-- docs/docguard-contract-lab-v2/DEVELOPER_SETUP.md @ controlled-baseline:9c9f9e9868c8fe78 -->
### TFG-SETUP-101
- Profile: `developer-profile-101`
- Required runtime: `.NET SDK 8.0`
- Package manager: `NuGet@6`
- Local development command: `dotnet run --project TestGenerator -- --profile 101`
- Migration command: `dotnet ef database update --project TestGenerator --profile 101`
",True,developer_setup,Controlled design expectation: developer_setup; independent human/owner acceptance still required before merge.,True,developer_setup,"TFG-SETUP-101: kod mijenja dokumentovani razvojni setup iz '8.0' u '10.0' (runtime_requirement_change), dok docs-before eksplicitno navodi staru vrijednost; dokumentacija bi zato postala zastarjela.",approved,aed8447a81e6abe4d33559371ba7fd724f806b3ee54606dd8a133d3a53af66ec,1bd18052b27875205428e5b383333d4e513b62a058833962eb7ab6e22f376c58,developer_setup,rbi_test_forge,runtime_requirement_change,cases/patches/rbi_test_forge/developer_setup/TFG-SETUP-101.patch
CRPP2-TFG-DEVELOPER_SETUP-102,controlled-v2/rbi-test-forge-copy,9401287,csharp,"[""TestGenerator/DocGuardContractLab-v2/developer_setup/contracts_01.json""]","--- a/TestGenerator/DocGuardContractLab-v2/developer_setup/contracts_01.json
+++ b/TestGenerator/DocGuardContractLab-v2/developer_setup/contracts_01.json
@@ -12,7 +12,7 @@
     },
     {
       ""contractId"": ""TFG-SETUP-102"",
-      ""developmentCommand"": ""dotnet run --project TestGenerator -- --profile 102"",
+      ""developmentCommand"": ""dotnet run --project TestGenerator -- --profile 102 --strict"",
       ""migrationCommand"": ""dotnet ef database update --project TestGenerator --profile 102"",
       ""packageManager"": ""NuGet@6"",
       ""profile"": ""developer-profile-102"",
","<!-- docs/docguard-contract-lab-v2/DEVELOPER_SETUP.md @ controlled-baseline:9c9f9e9868c8fe78 -->
### TFG-SETUP-102
- Profile: `developer-profile-102`
- Required runtime: `.NET SDK 8.0`
- Package manager: `NuGet@6`
- Local development command: `dotnet run --project TestGenerator -- --profile 102`
- Migration command: `dotnet ef database update --project TestGenerator --profile 102`
",True,developer_setup,Controlled design expectation: developer_setup; independent human/owner acceptance still required before merge.,True,developer_setup,"TFG-SETUP-102: kod mijenja dokumentovani razvojni setup iz 'dotnet run --project TestGenerator -- --profile 102' u 'dotnet run --project TestGenerator -- --profile 102 --strict' (local_command_change), dok docs-before eksplicitno navodi staru vrijednost; dokumentacija bi zato postala zastarjela.",approved,50da290b7d7db9ae877fe21b231baf3f5b7f28aa1bba9f0f5d09b1bb7458c165,9e5efc00d97cbd26e0ed7329a8acde1de893ab98fdd27e1a28ccd3313dda0f76,developer_setup,rbi_test_forge,local_command_change,cases/patches/rbi_test_forge/developer_setup/TFG-SETUP-102.patch
CRPP2-TFG-DEVELOPER_SETUP-103,controlled-v2/rbi-test-forge-copy,9401288,csharp,"[""TestGenerator/DocGuardContractLab-v2/developer_setup/contracts_01.json""]","--- a/TestGenerator/DocGuardContractLab-v2/developer_setup/contracts_01.json
+++ b/TestGenerator/DocGuardContractLab-v2/developer_setup/contracts_01.json
@@ -23,7 +23,7 @@
       ""contractId"": ""TFG-SETUP-103"",
       ""developmentCommand"": ""dotnet run --project TestGenerator -- --profile 103"",
       ""migrationCommand"": ""dotnet ef database update --project TestGenerator --profile 103"",
-      ""packageManager"": ""NuGet@6"",
+      ""packageManager"": ""NuGet@7"",
       ""profile"": ""developer-profile-103"",
       ""runtime"": "".NET SDK"",
       ""runtimeVersion"": ""8.0""
","<!-- docs/docguard-contract-lab-v2/DEVELOPER_SETUP.md @ controlled-baseline:9c9f9e9868c8fe78 -->
### TFG-SETUP-103
- Profile: `developer-profile-103`
- Required runtime: `.NET SDK 8.0`
- Package manager: `NuGet@6`
- Local development command: `dotnet run --project TestGenerator -- --profile 103`
- Migration command: `dotnet ef database update --project TestGenerator --profile 103`
",True,developer_setup,Controlled design expectation: developer_setup; independent human/owner acceptance still required before merge.,True,developer_setup,"TFG-SETUP-103: kod mijenja dokumentovani razvojni setup iz 'NuGet@6' u 'NuGet@7' (package_manager_version_change), dok docs-before eksplicitno navodi staru vrijednost; dokumentacija bi zato postala zastarjela.",approved,0c1967d9b2022ef943f38cfe672bae912f89e68c417185926e536fea391a9e2b,069daaa7e4de89b0f80797e65b7138391fb2d6e8c271eb3831f8b48f4c122ff6,developer_setup,rbi_test_forge,package_manager_version_change,cases/patches/rbi_test_forge/developer_setup/TFG-SETUP-103.patch
CRPP2-TFG-DEVELOPER_SETUP-104,controlled-v2/rbi-test-forge-copy,9401289,csharp,"[""TestGenerator/DocGuardContractLab-v2/developer_setup/contracts_01.json""]","--- a/TestGenerator/DocGuardContractLab-v2/developer_setup/contracts_01.json
+++ b/TestGenerator/DocGuardContractLab-v2/developer_setup/contracts_01.json
@@ -31,7 +31,7 @@
     {
       ""contractId"": ""TFG-SETUP-104"",
       ""developmentCommand"": ""dotnet run --project TestGenerator -- --profile 104"",
-      ""migrationCommand"": ""dotnet ef database update --project TestGenerator --profile 104"",
+      ""migrationCommand"": ""dotnet ef database update --project TestGenerator --profile 104 --no-build"",
       ""packageManager"": ""NuGet@6"",
       ""profile"": ""developer-profile-104"",
       ""runtime"": "".NET SDK"",
","<!-- docs/docguard-contract-lab-v2/DEVELOPER_SETUP.md @ controlled-baseline:9c9f9e9868c8fe78 -->
### TFG-SETUP-104
- Profile: `developer-profile-104`
- Required runtime: `.NET SDK 8.0`
- Package manager: `NuGet@6`
- Local development command: `dotnet run --project TestGenerator -- --profile 104`
- Migration command: `dotnet ef database update --project TestGenerator --profile 104`
",True,developer_setup,Controlled design expectation: developer_setup; independent human/owner acceptance still required before merge.,True,developer_setup,"TFG-SETUP-104: kod mijenja dokumentovani razvojni setup iz 'dotnet ef database update --project TestGenerator --profile 104' u 'dotnet ef database update --project TestGenerator --profile 104 --no-build' (migration_command_change), dok docs-before eksplicitno navodi staru vrijednost; dokumentacija bi zato postala zastarjela.",approved,9643f26e5731b43cb44ba69bc316f4bbaa05d1b1e6bff5de046a5251d3d5e2b0,c1424b048cb55df9b6981c0a4fd625ed4ab75752ae6664c9586808c03f3f076a,developer_setup,rbi_test_forge,migration_command_change,cases/patches/rbi_test_forge/developer_setup/TFG-SETUP-104.patch
CRPP2-TFG-DEVELOPER_SETUP-105,controlled-v2/rbi-test-forge-copy,9401290,csharp,"[""TestGenerator/DocGuardContractLab-v2/developer_setup/contracts_01.json""]","--- a/TestGenerator/DocGuardContractLab-v2/developer_setup/contracts_01.json
+++ b/TestGenerator/DocGuardContractLab-v2/developer_setup/contracts_01.json
@@ -44,7 +44,7 @@
       ""packageManager"": ""NuGet@6"",
       ""profile"": ""developer-profile-105"",
       ""runtime"": "".NET SDK"",
-      ""runtimeVersion"": ""8.0""
+      ""runtimeVersion"": ""10.0""
     },
     {
       ""contractId"": ""TFG-SETUP-106"",
","<!-- docs/docguard-contract-lab-v2/DEVELOPER_SETUP.md @ controlled-baseline:9c9f9e9868c8fe78 -->
### TFG-SETUP-105
- Profile: `developer-profile-105`
- Required runtime: `.NET SDK 8.0`
- Package manager: `NuGet@6`
- Local development command: `dotnet run --project TestGenerator -- --profile 105`
- Migration command: `dotnet ef database update --project TestGenerator --profile 105`
",True,developer_setup,Controlled design expectation: developer_setup; independent human/owner acceptance still required before merge.,True,developer_setup,"TFG-SETUP-105: kod mijenja dokumentovani razvojni setup iz '8.0' u '10.0' (runtime_requirement_change), dok docs-before eksplicitno navodi staru vrijednost; dokumentacija bi zato postala zastarjela.",approved,4f9e89d4142fc99ef55113c2dc61f72ff2307aef2d1c57f57fb94119d2bf3979,62c9f0d27396b22bde722d486a1546c3afb33a592d1cc609e743eed2896a2722,developer_setup,rbi_test_forge,runtime_requirement_change,cases/patches/rbi_test_forge/developer_setup/TFG-SETUP-105.patch
CRPP2-TFG-DEVELOPER_SETUP-106,controlled-v2/rbi-test-forge-copy,9401291,csharp,"[""TestGenerator/DocGuardContractLab-v2/developer_setup/contracts_01.json""]","--- a/TestGenerator/DocGuardContractLab-v2/developer_setup/contracts_01.json
+++ b/TestGenerator/DocGuardContractLab-v2/developer_setup/contracts_01.json
@@ -48,7 +48,7 @@
     },
     {
       ""contractId"": ""TFG-SETUP-106"",
-      ""developmentCommand"": ""dotnet run --project TestGenerator -- --profile 106"",
+      ""developmentCommand"": ""dotnet run --project TestGenerator -- --profile 106 --strict"",
       ""migrationCommand"": ""dotnet ef database update --project TestGenerator --profile 106"",
       ""packageManager"": ""NuGet@6"",
       ""profile"": ""developer-profile-106"",
","<!-- docs/docguard-contract-lab-v2/DEVELOPER_SETUP.md @ controlled-baseline:9c9f9e9868c8fe78 -->
### TFG-SETUP-106
- Profile: `developer-profile-106`
- Required runtime: `.NET SDK 8.0`
- Package manager: `NuGet@6`
- Local development command: `dotnet run --project TestGenerator -- --profile 106`
- Migration command: `dotnet ef database update --project TestGenerator --profile 106`
",True,developer_setup,Controlled design expectation: developer_setup; independent human/owner acceptance still required before merge.,True,developer_setup,"TFG-SETUP-106: kod mijenja dokumentovani razvojni setup iz 'dotnet run --project TestGenerator -- --profile 106' u 'dotnet run --project TestGenerator -- --profile 106 --strict' (local_command_change), dok docs-before eksplicitno navodi staru vrijednost; dokumentacija bi zato postala zastarjela.",approved,209517efe7ee44aedfd25b6aaa54065c45b3986901ea338f5210cf4740c2a74c,a2fcf90e37fa9baacf86e16ae2c7b225ae8fb1bde92d55a13aac0a1e00bbc1fb,developer_setup,rbi_test_forge,local_command_change,cases/patches/rbi_test_forge/developer_setup/TFG-SETUP-106.patch
CRPP2-TFG-DEVELOPER_SETUP-107,controlled-v2/rbi-test-forge-copy,9401292,csharp,"[""TestGenerator/DocGuardContractLab-v2/developer_setup/contracts_01.json""]","--- a/TestGenerator/DocGuardContractLab-v2/developer_setup/contracts_01.json
+++ b/TestGenerator/DocGuardContractLab-v2/developer_setup/contracts_01.json
@@ -59,7 +59,7 @@
       ""contractId"": ""TFG-SETUP-107"",
       ""developmentCommand"": ""dotnet run --project TestGenerator -- --profile 107"",
       ""migrationCommand"": ""dotnet ef database update --project TestGenerator --profile 107"",
-      ""packageManager"": ""NuGet@6"",
+      ""packageManager"": ""NuGet@7"",
       ""profile"": ""developer-profile-107"",
       ""runtime"": "".NET SDK"",
       ""runtimeVersion"": ""8.0""
","<!-- docs/docguard-contract-lab-v2/DEVELOPER_SETUP.md @ controlled-baseline:9c9f9e9868c8fe78 -->
### TFG-SETUP-107
- Profile: `developer-profile-107`
- Required runtime: `.NET SDK 8.0`
- Package manager: `NuGet@6`
- Local development command: `dotnet run --project TestGenerator -- --profile 107`
- Migration command: `dotnet ef database update --project TestGenerator --profile 107`
",True,developer_setup,Controlled design expectation: developer_setup; independent human/owner acceptance still required before merge.,True,developer_setup,"TFG-SETUP-107: kod mijenja dokumentovani razvojni setup iz 'NuGet@6' u 'NuGet@7' (package_manager_version_change), dok docs-before eksplicitno navodi staru vrijednost; dokumentacija bi zato postala zastarjela.",approved,ca00afc97048a70c814f47674d20d4106a75484e99b0a2f5c8af01a062d2e7d0,a50ff52548663743f35bbd4bae363339cc69c79aa718bdbfaa8c0fdb88834c3e,developer_setup,rbi_test_forge,package_manager_version_change,cases/patches/rbi_test_forge/developer_setup/TFG-SETUP-107.patch
CRPP2-TFG-DEVELOPER_SETUP-108,controlled-v2/rbi-test-forge-copy,9401293,csharp,"[""TestGenerator/DocGuardContractLab-v2/developer_setup/contracts_01.json""]","--- a/TestGenerator/DocGuardContractLab-v2/developer_setup/contracts_01.json
+++ b/TestGenerator/DocGuardContractLab-v2/developer_setup/contracts_01.json
@@ -67,7 +67,7 @@
     {
       ""contractId"": ""TFG-SETUP-108"",
       ""developmentCommand"": ""dotnet run --project TestGenerator -- --profile 108"",
-      ""migrationCommand"": ""dotnet ef database update --project TestGenerator --profile 108"",
+      ""migrationCommand"": ""dotnet ef database update --project TestGenerator --profile 108 --no-build"",
       ""packageManager"": ""NuGet@6"",
       ""profile"": ""developer-profile-108"",
       ""runtime"": "".NET SDK"",
","<!-- docs/docguard-contract-lab-v2/DEVELOPER_SETUP.md @ controlled-baseline:9c9f9e9868c8fe78 -->
### TFG-SETUP-108
- Profile: `developer-profile-108`
- Required runtime: `.NET SDK 8.0`
- Package manager: `NuGet@6`
- Local development command: `dotnet run --project TestGenerator -- --profile 108`
- Migration command: `dotnet ef database update --project TestGenerator --profile 108`
",True,developer_setup,Controlled design expectation: developer_setup; independent human/owner acceptance still required before merge.,True,developer_setup,"TFG-SETUP-108: kod mijenja dokumentovani razvojni setup iz 'dotnet ef database update --project TestGenerator --profile 108' u 'dotnet ef database update --project TestGenerator --profile 108 --no-build' (migration_command_change), dok docs-before eksplicitno navodi staru vrijednost; dokumentacija bi zato postala zastarjela.",approved,bc086cd37d2ad051136b49f905342be8dcea6eb29817ad5ad8fab95f222f0db4,dbd0583b14a9b8f57573f3c5447331786baa77349adaf811048872a7232d0ba0,developer_setup,rbi_test_forge,migration_command_change,cases/patches/rbi_test_forge/developer_setup/TFG-SETUP-108.patch
CRPP2-TFG-DEVELOPER_SETUP-109,controlled-v2/rbi-test-forge-copy,9401294,csharp,"[""TestGenerator/DocGuardContractLab-v2/developer_setup/contracts_01.json""]","--- a/TestGenerator/DocGuardContractLab-v2/developer_setup/contracts_01.json
+++ b/TestGenerator/DocGuardContractLab-v2/developer_setup/contracts_01.json
@@ -80,7 +80,7 @@
       ""packageManager"": ""NuGet@6"",
       ""profile"": ""developer-profile-109"",
       ""runtime"": "".NET SDK"",
-      ""runtimeVersion"": ""8.0""
+      ""runtimeVersion"": ""10.0""
     },
     {
       ""contractId"": ""TFG-SETUP-110"",
","<!-- docs/docguard-contract-lab-v2/DEVELOPER_SETUP.md @ controlled-baseline:9c9f9e9868c8fe78 -->
### TFG-SETUP-109
- Profile: `developer-profile-109`
- Required runtime: `.NET SDK 8.0`
- Package manager: `NuGet@6`
- Local development command: `dotnet run --project TestGenerator -- --profile 109`
- Migration command: `dotnet ef database update --project TestGenerator --profile 109`
",True,developer_setup,Controlled design expectation: developer_setup; independent human/owner acceptance still required before merge.,True,developer_setup,"TFG-SETUP-109: kod mijenja dokumentovani razvojni setup iz '8.0' u '10.0' (runtime_requirement_change), dok docs-before eksplicitno navodi staru vrijednost; dokumentacija bi zato postala zastarjela.",approved,e7e11ebc97248e7d6e878fdd6868c344aa0d97c50677198f4b7ac69fa5065acc,93c8ff23c95558f1d2d8e7ae05ced484a842bbc50f9bcc0fd169c29b30bd42cf,developer_setup,rbi_test_forge,runtime_requirement_change,cases/patches/rbi_test_forge/developer_setup/TFG-SETUP-109.patch
CRPP2-TFG-DEVELOPER_SETUP-110,controlled-v2/rbi-test-forge-copy,9401295,csharp,"[""TestGenerator/DocGuardContractLab-v2/developer_setup/contracts_01.json""]","--- a/TestGenerator/DocGuardContractLab-v2/developer_setup/contracts_01.json
+++ b/TestGenerator/DocGuardContractLab-v2/developer_setup/contracts_01.json
@@ -84,7 +84,7 @@
     },
     {
       ""contractId"": ""TFG-SETUP-110"",
-      ""developmentCommand"": ""dotnet run --project TestGenerator -- --profile 110"",
+      ""developmentCommand"": ""dotnet run --project TestGenerator -- --profile 110 --strict"",
       ""migrationCommand"": ""dotnet ef database update --project TestGenerator --profile 110"",
       ""packageManager"": ""NuGet@6"",
       ""profile"": ""developer-profile-110"",
","<!-- docs/docguard-contract-lab-v2/DEVELOPER_SETUP.md @ controlled-baseline:9c9f9e9868c8fe78 -->
### TFG-SETUP-110
- Profile: `developer-profile-110`
- Required runtime: `.NET SDK 8.0`
- Package manager: `NuGet@6`
- Local development command: `dotnet run --project TestGenerator -- --profile 110`
- Migration command: `dotnet ef database update --project TestGenerator --profile 110`
",True,developer_setup,Controlled design expectation: developer_setup; independent human/owner acceptance still required before merge.,True,developer_setup,"TFG-SETUP-110: kod mijenja dokumentovani razvojni setup iz 'dotnet run --project TestGenerator -- --profile 110' u 'dotnet run --project TestGenerator -- --profile 110 --strict' (local_command_change), dok docs-before eksplicitno navodi staru vrijednost; dokumentacija bi zato postala zastarjela.",approved,d7b92e5a4763b3f9e47bc52960e5c958e2f920617dcda6c06cd4341d716026a4,1c56769f0d60d05f413108e3d77c742e54c7da83dabd8114af1e902a1d388d3f,developer_setup,rbi_test_forge,local_command_change,cases/patches/rbi_test_forge/developer_setup/TFG-SETUP-110.patch
CRPP2-TFG-DEVELOPER_SETUP-111,controlled-v2/rbi-test-forge-copy,9401296,csharp,"[""TestGenerator/DocGuardContractLab-v2/developer_setup/contracts_02.json""]","--- a/TestGenerator/DocGuardContractLab-v2/developer_setup/contracts_02.json
+++ b/TestGenerator/DocGuardContractLab-v2/developer_setup/contracts_02.json
@@ -5,7 +5,7 @@
       ""contractId"": ""TFG-SETUP-111"",
       ""developmentCommand"": ""dotnet run --project TestGenerator -- --profile 111"",
       ""migrationCommand"": ""dotnet ef database update --project TestGenerator --profile 111"",
-      ""packageManager"": ""NuGet@6"",
+      ""packageManager"": ""NuGet@7"",
       ""profile"": ""developer-profile-111"",
       ""runtime"": "".NET SDK"",
       ""runtimeVersion"": ""8.0""
","<!-- docs/docguard-contract-lab-v2/DEVELOPER_SETUP.md @ controlled-baseline:9c9f9e9868c8fe78 -->
### TFG-SETUP-111
- Profile: `developer-profile-111`
- Required runtime: `.NET SDK 8.0`
- Package manager: `NuGet@6`
- Local development command: `dotnet run --project TestGenerator -- --profile 111`
- Migration command: `dotnet ef database update --project TestGenerator --profile 111`
",True,developer_setup,Controlled design expectation: developer_setup; independent human/owner acceptance still required before merge.,True,developer_setup,"TFG-SETUP-111: kod mijenja dokumentovani razvojni setup iz 'NuGet@6' u 'NuGet@7' (package_manager_version_change), dok docs-before eksplicitno navodi staru vrijednost; dokumentacija bi zato postala zastarjela.",approved,1b68acd2adbb9d21f9ebc71095c5b499a026f2d7c36e931213038dd0342954c1,be1670340553a041d9085fe9e843aac4d9be89955752bae4be43c9b287f47424,developer_setup,rbi_test_forge,package_manager_version_change,cases/patches/rbi_test_forge/developer_setup/TFG-SETUP-111.patch
CRPP2-TFG-DEVELOPER_SETUP-112,controlled-v2/rbi-test-forge-copy,9401297,csharp,"[""TestGenerator/DocGuardContractLab-v2/developer_setup/contracts_02.json""]","--- a/TestGenerator/DocGuardContractLab-v2/developer_setup/contracts_02.json
+++ b/TestGenerator/DocGuardContractLab-v2/developer_setup/contracts_02.json
@@ -13,7 +13,7 @@
     {
       ""contractId"": ""TFG-SETUP-112"",
       ""developmentCommand"": ""dotnet run --project TestGenerator -- --profile 112"",
-      ""migrationCommand"": ""dotnet ef database update --project TestGenerator --profile 112"",
+      ""migrationCommand"": ""dotnet ef database update --project TestGenerator --profile 112 --no-build"",
       ""packageManager"": ""NuGet@6"",
       ""profile"": ""developer-profile-112"",
       ""runtime"": "".NET SDK"",
","<!-- docs/docguard-contract-lab-v2/DEVELOPER_SETUP.md @ controlled-baseline:9c9f9e9868c8fe78 -->
### TFG-SETUP-112
- Profile: `developer-profile-112`
- Required runtime: `.NET SDK 8.0`
- Package manager: `NuGet@6`
- Local development command: `dotnet run --project TestGenerator -- --profile 112`
- Migration command: `dotnet ef database update --project TestGenerator --profile 112`
",True,developer_setup,Controlled design expectation: developer_setup; independent human/owner acceptance still required before merge.,True,developer_setup,"TFG-SETUP-112: kod mijenja dokumentovani razvojni setup iz 'dotnet ef database update --project TestGenerator --profile 112' u 'dotnet ef database update --project TestGenerator --profile 112 --no-build' (migration_command_change), dok docs-before eksplicitno navodi staru vrijednost; dokumentacija bi zato postala zastarjela.",approved,d7628b0404aeec9ed3466544fde8ccaeb313a5a5125d5a0e291930d831cd0998,e7b630b81400c1c9868bea3f90c37d9b02b9f338b8d5e46e2c2501a8073ede02,developer_setup,rbi_test_forge,migration_command_change,cases/patches/rbi_test_forge/developer_setup/TFG-SETUP-112.patch
CRPP2-TFG-DEVELOPER_SETUP-113,controlled-v2/rbi-test-forge-copy,9401298,csharp,"[""TestGenerator/DocGuardContractLab-v2/developer_setup/contracts_02.json""]","--- a/TestGenerator/DocGuardContractLab-v2/developer_setup/contracts_02.json
+++ b/TestGenerator/DocGuardContractLab-v2/developer_setup/contracts_02.json
@@ -26,7 +26,7 @@
       ""packageManager"": ""NuGet@6"",
       ""profile"": ""developer-profile-113"",
       ""runtime"": "".NET SDK"",
-      ""runtimeVersion"": ""8.0""
+      ""runtimeVersion"": ""10.0""
     },
     {
       ""contractId"": ""TFG-SETUP-114"",
","<!-- docs/docguard-contract-lab-v2/DEVELOPER_SETUP.md @ controlled-baseline:9c9f9e9868c8fe78 -->
### TFG-SETUP-113
- Profile: `developer-profile-113`
- Required runtime: `.NET SDK 8.0`
- Package manager: `NuGet@6`
- Local development command: `dotnet run --project TestGenerator -- --profile 113`
- Migration command: `dotnet ef database update --project TestGenerator --profile 113`
",True,developer_setup,Controlled design expectation: developer_setup; independent human/owner acceptance still required before merge.,True,developer_setup,"TFG-SETUP-113: kod mijenja dokumentovani razvojni setup iz '8.0' u '10.0' (runtime_requirement_change), dok docs-before eksplicitno navodi staru vrijednost; dokumentacija bi zato postala zastarjela.",approved,62331401844dcc62ec9c38421d84f7627831d032e6373c32035ffa88b5ced9ae,2245b5a06b2fef8fab3316aba64910d2702e7b376b9804e10f13c9b161a1b393,developer_setup,rbi_test_forge,runtime_requirement_change,cases/patches/rbi_test_forge/developer_setup/TFG-SETUP-113.patch
CRPP2-TFG-DEVELOPER_SETUP-114,controlled-v2/rbi-test-forge-copy,9401299,csharp,"[""TestGenerator/DocGuardContractLab-v2/developer_setup/contracts_02.json""]","--- a/TestGenerator/DocGuardContractLab-v2/developer_setup/contracts_02.json
+++ b/TestGenerator/DocGuardContractLab-v2/developer_setup/contracts_02.json
@@ -30,7 +30,7 @@
     },
     {
       ""contractId"": ""TFG-SETUP-114"",
-      ""developmentCommand"": ""dotnet run --project TestGenerator -- --profile 114"",
+      ""developmentCommand"": ""dotnet run --project TestGenerator -- --profile 114 --strict"",
       ""migrationCommand"": ""dotnet ef database update --project TestGenerator --profile 114"",
       ""packageManager"": ""NuGet@6"",
       ""profile"": ""developer-profile-114"",
","<!-- docs/docguard-contract-lab-v2/DEVELOPER_SETUP.md @ controlled-baseline:9c9f9e9868c8fe78 -->
### TFG-SETUP-114
- Profile: `developer-profile-114`
- Required runtime: `.NET SDK 8.0`
- Package manager: `NuGet@6`
- Local development command: `dotnet run --project TestGenerator -- --profile 114`
- Migration command: `dotnet ef database update --project TestGenerator --profile 114`
",True,developer_setup,Controlled design expectation: developer_setup; independent human/owner acceptance still required before merge.,True,developer_setup,"TFG-SETUP-114: kod mijenja dokumentovani razvojni setup iz 'dotnet run --project TestGenerator -- --profile 114' u 'dotnet run --project TestGenerator -- --profile 114 --strict' (local_command_change), dok docs-before eksplicitno navodi staru vrijednost; dokumentacija bi zato postala zastarjela.",approved,99485d293e73286a19fce9b5da1b4b3366e0b843d2bfb5cc7d6d04021afe1ae4,030fe6556d1b103e646abcf3bcdcbdccc7f41b380a23c957341c9d6685881d1a,developer_setup,rbi_test_forge,local_command_change,cases/patches/rbi_test_forge/developer_setup/TFG-SETUP-114.patch
CRPP2-TFG-DEVELOPER_SETUP-115,controlled-v2/rbi-test-forge-copy,9401300,csharp,"[""TestGenerator/DocGuardContractLab-v2/developer_setup/contracts_02.json""]","--- a/TestGenerator/DocGuardContractLab-v2/developer_setup/contracts_02.json
+++ b/TestGenerator/DocGuardContractLab-v2/developer_setup/contracts_02.json
@@ -41,7 +41,7 @@
       ""contractId"": ""TFG-SETUP-115"",
       ""developmentCommand"": ""dotnet run --project TestGenerator -- --profile 115"",
       ""migrationCommand"": ""dotnet ef database update --project TestGenerator --profile 115"",
-      ""packageManager"": ""NuGet@6"",
+      ""packageManager"": ""NuGet@7"",
       ""profile"": ""developer-profile-115"",
       ""runtime"": "".NET SDK"",
       ""runtimeVersion"": ""8.0""
","<!-- docs/docguard-contract-lab-v2/DEVELOPER_SETUP.md @ controlled-baseline:9c9f9e9868c8fe78 -->
### TFG-SETUP-115
- Profile: `developer-profile-115`
- Required runtime: `.NET SDK 8.0`
- Package manager: `NuGet@6`
- Local development command: `dotnet run --project TestGenerator -- --profile 115`
- Migration command: `dotnet ef database update --project TestGenerator --profile 115`
",True,developer_setup,Controlled design expectation: developer_setup; independent human/owner acceptance still required before merge.,True,developer_setup,"TFG-SETUP-115: kod mijenja dokumentovani razvojni setup iz 'NuGet@6' u 'NuGet@7' (package_manager_version_change), dok docs-before eksplicitno navodi staru vrijednost; dokumentacija bi zato postala zastarjela.",approved,3d4cfae8e16d0fa864c14b92c26a5a4098c07016903f8440ee0716432319cb49,348421d99495d455a342181ef86461079a484bd65cb0bc7e19db63bd99b5ba53,developer_setup,rbi_test_forge,package_manager_version_change,cases/patches/rbi_test_forge/developer_setup/TFG-SETUP-115.patch
