case_id,repository,pr_number,language,code_changed_files,code_diff_excerpt,docs_before_excerpt,suggested_docs_update_required,suggested_doc_category,suggested_notes,human_docs_update_required,human_doc_category,human_label_notes,review_status,review_row_hash,review_context_hash,synthetic_category_by_design,source_project_key,mutation_template,patch_path
CRPP2-RPP-API_REFERENCE-141,controlled-v2/rbi-related-parties-portal-copy,9400601,typescript,"[""src/Web/src/docguard-contract-lab-v2/api_reference/contracts_05.json""]","--- a/src/Web/src/docguard-contract-lab-v2/api_reference/contracts_05.json
+++ b/src/Web/src/docguard-contract-lab-v2/api_reference/contracts_05.json
@@ -3,7 +3,7 @@
   ""contracts"": [
     {
       ""contractId"": ""RPP-API-141"",
-      ""method"": ""POST"",
+      ""method"": ""PUT"",
       ""operationId"": ""rbirelatedpartiesportalOperation141"",
       ""path"": ""/api/rbi-related-parties-portal/v1/resources/141"",
       ""requiredQuery"": [
","<!-- docs/docguard-contract-lab-v2/API_REFERENCE.md @ controlled-baseline:19b04b8dac0d1838 -->
### RPP-API-141
- Operation: `rbirelatedpartiesportalOperation141`
- Public endpoint: `POST /api/rbi-related-parties-portal/v1/resources/141`
- Required query parameters: `tenantId`
- Success response status: `200`
",True,api_reference,Controlled design expectation: api_reference; independent human/owner acceptance still required before merge.,True,api_reference,"RPP-API-141: kod mijenja javni API ugovor iz 'POST' u 'PUT' (http_method_change), dok docs-before eksplicitno navodi staru vrijednost; dokumentacija bi zato postala zastarjela.",approved,93b6a4d218da48e07c6f8e74808a324f461d62678186a155218201e3a09c045a,9ac41c4d95413604eb9f09dfe6deeb1cbf88c381b18121e5277c6ab8b4144508,api_reference,rbi_related_parties_portal,http_method_change,cases/patches/rbi_related_parties_portal/api_reference/RPP-API-141.patch
CRPP2-RPP-API_REFERENCE-142,controlled-v2/rbi-related-parties-portal-copy,9400602,typescript,"[""src/Web/src/docguard-contract-lab-v2/api_reference/contracts_05.json""]","--- a/src/Web/src/docguard-contract-lab-v2/api_reference/contracts_05.json
+++ b/src/Web/src/docguard-contract-lab-v2/api_reference/contracts_05.json
@@ -15,7 +15,7 @@
       ""contractId"": ""RPP-API-142"",
       ""method"": ""PUT"",
       ""operationId"": ""rbirelatedpartiesportalOperation142"",
-      ""path"": ""/api/rbi-related-parties-portal/v1/resources/142"",
+      ""path"": ""/api/rbi-related-parties-portal/v2/resources/142"",
       ""requiredQuery"": [
         ""tenantId""
       ],
","<!-- docs/docguard-contract-lab-v2/API_REFERENCE.md @ controlled-baseline:19b04b8dac0d1838 -->
### RPP-API-142
- Operation: `rbirelatedpartiesportalOperation142`
- Public endpoint: `PUT /api/rbi-related-parties-portal/v1/resources/142`
- Required query parameters: `tenantId`
- Success response status: `200`
",True,api_reference,Controlled design expectation: api_reference; independent human/owner acceptance still required before merge.,True,api_reference,"RPP-API-142: kod mijenja javni API ugovor iz '/api/rbi-related-parties-portal/v1/resources/142' u '/api/rbi-related-parties-portal/v2/resources/142' (endpoint_version_change), dok docs-before eksplicitno navodi staru vrijednost; dokumentacija bi zato postala zastarjela.",approved,d708c6f3c02e2cf22094975b37c28478b4387ab9327d37e1dd50741eee6fb54b,dc311e0a5b0d40c26682c2dfa63c5a77b870ad6e81b5d52164d2d5ac374fafaf,api_reference,rbi_related_parties_portal,endpoint_version_change,cases/patches/rbi_related_parties_portal/api_reference/RPP-API-142.patch
CRPP2-RPP-API_REFERENCE-143,controlled-v2/rbi-related-parties-portal-copy,9400603,typescript,"[""src/Web/src/docguard-contract-lab-v2/api_reference/contracts_05.json""]","--- a/src/Web/src/docguard-contract-lab-v2/api_reference/contracts_05.json
+++ b/src/Web/src/docguard-contract-lab-v2/api_reference/contracts_05.json
@@ -27,7 +27,8 @@
       ""operationId"": ""rbirelatedpartiesportalOperation143"",
       ""path"": ""/api/rbi-related-parties-portal/v1/resources/143"",
       ""requiredQuery"": [
-        ""tenantId""
+        ""tenantId"",
+        ""includeAudit""
       ],
       ""successStatus"": 200
     },
","<!-- docs/docguard-contract-lab-v2/API_REFERENCE.md @ controlled-baseline:19b04b8dac0d1838 -->
### RPP-API-143
- Operation: `rbirelatedpartiesportalOperation143`
- Public endpoint: `DELETE /api/rbi-related-parties-portal/v1/resources/143`
- Required query parameters: `tenantId`
- Success response status: `200`
",True,api_reference,Controlled design expectation: api_reference; independent human/owner acceptance still required before merge.,True,api_reference,"RPP-API-143: kod mijenja javni API ugovor iz 'tenantId' u 'tenantId, includeAudit' (required_parameter_added), dok docs-before eksplicitno navodi staru vrijednost; dokumentacija bi zato postala zastarjela.",approved,78daf411f549ee46bfd411c7ed7880713f6b710ac5b316e1df580b8eae321c92,e19d3a4f891cc6f2ef389e84712857a15e31b2d247777f6a51fc317613c09e3e,api_reference,rbi_related_parties_portal,required_parameter_added,cases/patches/rbi_related_parties_portal/api_reference/RPP-API-143.patch
CRPP2-RPP-API_REFERENCE-144,controlled-v2/rbi-related-parties-portal-copy,9400604,typescript,"[""src/Web/src/docguard-contract-lab-v2/api_reference/contracts_05.json""]","--- a/src/Web/src/docguard-contract-lab-v2/api_reference/contracts_05.json
+++ b/src/Web/src/docguard-contract-lab-v2/api_reference/contracts_05.json
@@ -39,7 +39,7 @@
       ""requiredQuery"": [
         ""tenantId""
       ],
-      ""successStatus"": 200
+      ""successStatus"": 202
     },
     {
       ""contractId"": ""RPP-API-145"",
","<!-- docs/docguard-contract-lab-v2/API_REFERENCE.md @ controlled-baseline:19b04b8dac0d1838 -->
### RPP-API-144
- Operation: `rbirelatedpartiesportalOperation144`
- Public endpoint: `GET /api/rbi-related-parties-portal/v1/resources/144`
- Required query parameters: `tenantId`
- Success response status: `200`
",True,api_reference,Controlled design expectation: api_reference; independent human/owner acceptance still required before merge.,True,api_reference,"RPP-API-144: kod mijenja javni API ugovor iz '200' u '202' (success_status_change), dok docs-before eksplicitno navodi staru vrijednost; dokumentacija bi zato postala zastarjela.",approved,de5d1be7dddb7316562bc72d347d31be6554e6be0941473e4707a84171240622,8969f2ce8bb429e6b1f295103637533e02ab0dc0570ccbbb0351fac3284998f6,api_reference,rbi_related_parties_portal,success_status_change,cases/patches/rbi_related_parties_portal/api_reference/RPP-API-144.patch
CRPP2-RPP-API_REFERENCE-145,controlled-v2/rbi-related-parties-portal-copy,9400605,typescript,"[""src/Web/src/docguard-contract-lab-v2/api_reference/contracts_05.json""]","--- a/src/Web/src/docguard-contract-lab-v2/api_reference/contracts_05.json
+++ b/src/Web/src/docguard-contract-lab-v2/api_reference/contracts_05.json
@@ -43,7 +43,7 @@
     },
     {
       ""contractId"": ""RPP-API-145"",
-      ""method"": ""POST"",
+      ""method"": ""PUT"",
       ""operationId"": ""rbirelatedpartiesportalOperation145"",
       ""path"": ""/api/rbi-related-parties-portal/v1/resources/145"",
       ""requiredQuery"": [
","<!-- docs/docguard-contract-lab-v2/API_REFERENCE.md @ controlled-baseline:19b04b8dac0d1838 -->
### RPP-API-145
- Operation: `rbirelatedpartiesportalOperation145`
- Public endpoint: `POST /api/rbi-related-parties-portal/v1/resources/145`
- Required query parameters: `tenantId`
- Success response status: `200`
",True,api_reference,Controlled design expectation: api_reference; independent human/owner acceptance still required before merge.,True,api_reference,"RPP-API-145: kod mijenja javni API ugovor iz 'POST' u 'PUT' (http_method_change), dok docs-before eksplicitno navodi staru vrijednost; dokumentacija bi zato postala zastarjela.",approved,5bbf4ccc31c3d979038f71653c162daed12f3b8924a720e2b43e341ae573aa32,7fab239ee718aea92074dbf138eefeb97282485780d9e6eccdce2f26c2e127d4,api_reference,rbi_related_parties_portal,http_method_change,cases/patches/rbi_related_parties_portal/api_reference/RPP-API-145.patch
CRPP2-RPP-API_REFERENCE-146,controlled-v2/rbi-related-parties-portal-copy,9400606,typescript,"[""src/Web/src/docguard-contract-lab-v2/api_reference/contracts_05.json""]","--- a/src/Web/src/docguard-contract-lab-v2/api_reference/contracts_05.json
+++ b/src/Web/src/docguard-contract-lab-v2/api_reference/contracts_05.json
@@ -55,7 +55,7 @@
       ""contractId"": ""RPP-API-146"",
       ""method"": ""PUT"",
       ""operationId"": ""rbirelatedpartiesportalOperation146"",
-      ""path"": ""/api/rbi-related-parties-portal/v1/resources/146"",
+      ""path"": ""/api/rbi-related-parties-portal/v2/resources/146"",
       ""requiredQuery"": [
         ""tenantId""
       ],
","<!-- docs/docguard-contract-lab-v2/API_REFERENCE.md @ controlled-baseline:19b04b8dac0d1838 -->
### RPP-API-146
- Operation: `rbirelatedpartiesportalOperation146`
- Public endpoint: `PUT /api/rbi-related-parties-portal/v1/resources/146`
- Required query parameters: `tenantId`
- Success response status: `200`
",True,api_reference,Controlled design expectation: api_reference; independent human/owner acceptance still required before merge.,True,api_reference,"RPP-API-146: kod mijenja javni API ugovor iz '/api/rbi-related-parties-portal/v1/resources/146' u '/api/rbi-related-parties-portal/v2/resources/146' (endpoint_version_change), dok docs-before eksplicitno navodi staru vrijednost; dokumentacija bi zato postala zastarjela.",approved,06a80964af480ef52dad810429bb17fcf640a1ee9cb81ea780432772f8d29f04,54c649753e2c3acdd700555cf7707be6eef3c3715633c9ce4c265bc3ec97c8b1,api_reference,rbi_related_parties_portal,endpoint_version_change,cases/patches/rbi_related_parties_portal/api_reference/RPP-API-146.patch
CRPP2-RPP-API_REFERENCE-147,controlled-v2/rbi-related-parties-portal-copy,9400607,typescript,"[""src/Web/src/docguard-contract-lab-v2/api_reference/contracts_05.json""]","--- a/src/Web/src/docguard-contract-lab-v2/api_reference/contracts_05.json
+++ b/src/Web/src/docguard-contract-lab-v2/api_reference/contracts_05.json
@@ -67,7 +67,8 @@
       ""operationId"": ""rbirelatedpartiesportalOperation147"",
       ""path"": ""/api/rbi-related-parties-portal/v1/resources/147"",
       ""requiredQuery"": [
-        ""tenantId""
+        ""tenantId"",
+        ""includeAudit""
       ],
       ""successStatus"": 200
     },
","<!-- docs/docguard-contract-lab-v2/API_REFERENCE.md @ controlled-baseline:19b04b8dac0d1838 -->
### RPP-API-147
- Operation: `rbirelatedpartiesportalOperation147`
- Public endpoint: `DELETE /api/rbi-related-parties-portal/v1/resources/147`
- Required query parameters: `tenantId`
- Success response status: `200`
",True,api_reference,Controlled design expectation: api_reference; independent human/owner acceptance still required before merge.,True,api_reference,"RPP-API-147: kod mijenja javni API ugovor iz 'tenantId' u 'tenantId, includeAudit' (required_parameter_added), dok docs-before eksplicitno navodi staru vrijednost; dokumentacija bi zato postala zastarjela.",approved,0290014dbd81484321f946b2c6cb40c856e3b4d1e5a061ed8c30d75ecf04ba82,7a10139d9240b7f06614370e2f4c9db88133c3396a494c549e941616d0eeeb3b,api_reference,rbi_related_parties_portal,required_parameter_added,cases/patches/rbi_related_parties_portal/api_reference/RPP-API-147.patch
CRPP2-RPP-API_REFERENCE-148,controlled-v2/rbi-related-parties-portal-copy,9400608,typescript,"[""src/Web/src/docguard-contract-lab-v2/api_reference/contracts_05.json""]","--- a/src/Web/src/docguard-contract-lab-v2/api_reference/contracts_05.json
+++ b/src/Web/src/docguard-contract-lab-v2/api_reference/contracts_05.json
@@ -79,7 +79,7 @@
       ""requiredQuery"": [
         ""tenantId""
       ],
-      ""successStatus"": 200
+      ""successStatus"": 202
     },
     {
       ""contractId"": ""RPP-API-149"",
","<!-- docs/docguard-contract-lab-v2/API_REFERENCE.md @ controlled-baseline:19b04b8dac0d1838 -->
### RPP-API-148
- Operation: `rbirelatedpartiesportalOperation148`
- Public endpoint: `GET /api/rbi-related-parties-portal/v1/resources/148`
- Required query parameters: `tenantId`
- Success response status: `200`
",True,api_reference,Controlled design expectation: api_reference; independent human/owner acceptance still required before merge.,True,api_reference,"RPP-API-148: kod mijenja javni API ugovor iz '200' u '202' (success_status_change), dok docs-before eksplicitno navodi staru vrijednost; dokumentacija bi zato postala zastarjela.",approved,d5201da7116f117a95e183c848a294bcf26bd1d74b35fac1207e3462d28e7631,3e452623726441f9d663ed2d6cc33b4b0d1ababf11566f3f65fe2363c230cb3a,api_reference,rbi_related_parties_portal,success_status_change,cases/patches/rbi_related_parties_portal/api_reference/RPP-API-148.patch
CRPP2-RPP-API_REFERENCE-149,controlled-v2/rbi-related-parties-portal-copy,9400609,typescript,"[""src/Web/src/docguard-contract-lab-v2/api_reference/contracts_05.json""]","--- a/src/Web/src/docguard-contract-lab-v2/api_reference/contracts_05.json
+++ b/src/Web/src/docguard-contract-lab-v2/api_reference/contracts_05.json
@@ -83,7 +83,7 @@
     },
     {
       ""contractId"": ""RPP-API-149"",
-      ""method"": ""POST"",
+      ""method"": ""PUT"",
       ""operationId"": ""rbirelatedpartiesportalOperation149"",
       ""path"": ""/api/rbi-related-parties-portal/v1/resources/149"",
       ""requiredQuery"": [
","<!-- docs/docguard-contract-lab-v2/API_REFERENCE.md @ controlled-baseline:19b04b8dac0d1838 -->
### RPP-API-149
- Operation: `rbirelatedpartiesportalOperation149`
- Public endpoint: `POST /api/rbi-related-parties-portal/v1/resources/149`
- Required query parameters: `tenantId`
- Success response status: `200`
",True,api_reference,Controlled design expectation: api_reference; independent human/owner acceptance still required before merge.,True,api_reference,"RPP-API-149: kod mijenja javni API ugovor iz 'POST' u 'PUT' (http_method_change), dok docs-before eksplicitno navodi staru vrijednost; dokumentacija bi zato postala zastarjela.",approved,f888151dd84ebfefb64d479da3528716aaef2e53b642bdc53accb604a76ea012,8cdfb8433d8227775e6d20855744fce349925f0b6caa17fa7b233a396f7bbca2,api_reference,rbi_related_parties_portal,http_method_change,cases/patches/rbi_related_parties_portal/api_reference/RPP-API-149.patch
CRPP2-RPP-API_REFERENCE-150,controlled-v2/rbi-related-parties-portal-copy,9400610,typescript,"[""src/Web/src/docguard-contract-lab-v2/api_reference/contracts_05.json""]","--- a/src/Web/src/docguard-contract-lab-v2/api_reference/contracts_05.json
+++ b/src/Web/src/docguard-contract-lab-v2/api_reference/contracts_05.json
@@ -95,7 +95,7 @@
       ""contractId"": ""RPP-API-150"",
       ""method"": ""PUT"",
       ""operationId"": ""rbirelatedpartiesportalOperation150"",
-      ""path"": ""/api/rbi-related-parties-portal/v1/resources/150"",
+      ""path"": ""/api/rbi-related-parties-portal/v2/resources/150"",
       ""requiredQuery"": [
         ""tenantId""
       ],
","<!-- docs/docguard-contract-lab-v2/API_REFERENCE.md @ controlled-baseline:19b04b8dac0d1838 -->
### RPP-API-150
- Operation: `rbirelatedpartiesportalOperation150`
- Public endpoint: `PUT /api/rbi-related-parties-portal/v1/resources/150`
- Required query parameters: `tenantId`
- Success response status: `200`
",True,api_reference,Controlled design expectation: api_reference; independent human/owner acceptance still required before merge.,True,api_reference,"RPP-API-150: kod mijenja javni API ugovor iz '/api/rbi-related-parties-portal/v1/resources/150' u '/api/rbi-related-parties-portal/v2/resources/150' (endpoint_version_change), dok docs-before eksplicitno navodi staru vrijednost; dokumentacija bi zato postala zastarjela.",approved,71338056306b352884f2bf95677404227ff9731f43e170bc7a2aee21e3aca2e2,c2f5fda74a18276bf23529a5cb8473b82336f5110e467464b376b840878d5e64,api_reference,rbi_related_parties_portal,endpoint_version_change,cases/patches/rbi_related_parties_portal/api_reference/RPP-API-150.patch
CRPP2-RPP-API_REFERENCE-151,controlled-v2/rbi-related-parties-portal-copy,9400611,typescript,"[""src/Web/src/docguard-contract-lab-v2/api_reference/contracts_06.json""]","--- a/src/Web/src/docguard-contract-lab-v2/api_reference/contracts_06.json
+++ b/src/Web/src/docguard-contract-lab-v2/api_reference/contracts_06.json
@@ -7,7 +7,8 @@
       ""operationId"": ""rbirelatedpartiesportalOperation151"",
       ""path"": ""/api/rbi-related-parties-portal/v1/resources/151"",
       ""requiredQuery"": [
-        ""tenantId""
+        ""tenantId"",
+        ""includeAudit""
       ],
       ""successStatus"": 200
     },
","<!-- docs/docguard-contract-lab-v2/API_REFERENCE.md @ controlled-baseline:19b04b8dac0d1838 -->
### RPP-API-151
- Operation: `rbirelatedpartiesportalOperation151`
- Public endpoint: `DELETE /api/rbi-related-parties-portal/v1/resources/151`
- Required query parameters: `tenantId`
- Success response status: `200`
",True,api_reference,Controlled design expectation: api_reference; independent human/owner acceptance still required before merge.,True,api_reference,"RPP-API-151: kod mijenja javni API ugovor iz 'tenantId' u 'tenantId, includeAudit' (required_parameter_added), dok docs-before eksplicitno navodi staru vrijednost; dokumentacija bi zato postala zastarjela.",approved,e7cb17cdf001406d89230837444630000dd1af2302d534d46cb854cabcd26692,6bd2e62a869e9222de9a2869b3c3de660c3a53953e110b1c0de05d65badf6d61,api_reference,rbi_related_parties_portal,required_parameter_added,cases/patches/rbi_related_parties_portal/api_reference/RPP-API-151.patch
CRPP2-RPP-API_REFERENCE-152,controlled-v2/rbi-related-parties-portal-copy,9400612,typescript,"[""src/Web/src/docguard-contract-lab-v2/api_reference/contracts_06.json""]","--- a/src/Web/src/docguard-contract-lab-v2/api_reference/contracts_06.json
+++ b/src/Web/src/docguard-contract-lab-v2/api_reference/contracts_06.json
@@ -19,7 +19,7 @@
       ""requiredQuery"": [
         ""tenantId""
       ],
-      ""successStatus"": 200
+      ""successStatus"": 202
     },
     {
       ""contractId"": ""RPP-API-153"",
","<!-- docs/docguard-contract-lab-v2/API_REFERENCE.md @ controlled-baseline:19b04b8dac0d1838 -->
### RPP-API-152
- Operation: `rbirelatedpartiesportalOperation152`
- Public endpoint: `GET /api/rbi-related-parties-portal/v1/resources/152`
- Required query parameters: `tenantId`
- Success response status: `200`
",True,api_reference,Controlled design expectation: api_reference; independent human/owner acceptance still required before merge.,True,api_reference,"RPP-API-152: kod mijenja javni API ugovor iz '200' u '202' (success_status_change), dok docs-before eksplicitno navodi staru vrijednost; dokumentacija bi zato postala zastarjela.",approved,9c954581a7feac5f7ae0e59ee3e9a29d531df311fb64d427104f8c8dda4d741b,14bd0cac41d91814377a747c120c18563e25d343c24650f3d515a37a34d980a3,api_reference,rbi_related_parties_portal,success_status_change,cases/patches/rbi_related_parties_portal/api_reference/RPP-API-152.patch
CRPP2-RPP-API_REFERENCE-153,controlled-v2/rbi-related-parties-portal-copy,9400613,typescript,"[""src/Web/src/docguard-contract-lab-v2/api_reference/contracts_06.json""]","--- a/src/Web/src/docguard-contract-lab-v2/api_reference/contracts_06.json
+++ b/src/Web/src/docguard-contract-lab-v2/api_reference/contracts_06.json
@@ -23,7 +23,7 @@
     },
     {
       ""contractId"": ""RPP-API-153"",
-      ""method"": ""POST"",
+      ""method"": ""PUT"",
       ""operationId"": ""rbirelatedpartiesportalOperation153"",
       ""path"": ""/api/rbi-related-parties-portal/v1/resources/153"",
       ""requiredQuery"": [
","<!-- docs/docguard-contract-lab-v2/API_REFERENCE.md @ controlled-baseline:19b04b8dac0d1838 -->
### RPP-API-153
- Operation: `rbirelatedpartiesportalOperation153`
- Public endpoint: `POST /api/rbi-related-parties-portal/v1/resources/153`
- Required query parameters: `tenantId`
- Success response status: `200`
",True,api_reference,Controlled design expectation: api_reference; independent human/owner acceptance still required before merge.,True,api_reference,"RPP-API-153: kod mijenja javni API ugovor iz 'POST' u 'PUT' (http_method_change), dok docs-before eksplicitno navodi staru vrijednost; dokumentacija bi zato postala zastarjela.",approved,38a6d659737a94591565ea768d6572671518829c47daab6350fb27849900caea,9520d349c6123dcd489f9a74fc513ef378c104e1d9411acf715f8a4a6aab7c29,api_reference,rbi_related_parties_portal,http_method_change,cases/patches/rbi_related_parties_portal/api_reference/RPP-API-153.patch
CRPP2-RPP-API_REFERENCE-154,controlled-v2/rbi-related-parties-portal-copy,9400614,typescript,"[""src/Web/src/docguard-contract-lab-v2/api_reference/contracts_06.json""]","--- a/src/Web/src/docguard-contract-lab-v2/api_reference/contracts_06.json
+++ b/src/Web/src/docguard-contract-lab-v2/api_reference/contracts_06.json
@@ -35,7 +35,7 @@
       ""contractId"": ""RPP-API-154"",
       ""method"": ""PUT"",
       ""operationId"": ""rbirelatedpartiesportalOperation154"",
-      ""path"": ""/api/rbi-related-parties-portal/v1/resources/154"",
+      ""path"": ""/api/rbi-related-parties-portal/v2/resources/154"",
       ""requiredQuery"": [
         ""tenantId""
       ],
","<!-- docs/docguard-contract-lab-v2/API_REFERENCE.md @ controlled-baseline:19b04b8dac0d1838 -->
### RPP-API-154
- Operation: `rbirelatedpartiesportalOperation154`
- Public endpoint: `PUT /api/rbi-related-parties-portal/v1/resources/154`
- Required query parameters: `tenantId`
- Success response status: `200`
",True,api_reference,Controlled design expectation: api_reference; independent human/owner acceptance still required before merge.,True,api_reference,"RPP-API-154: kod mijenja javni API ugovor iz '/api/rbi-related-parties-portal/v1/resources/154' u '/api/rbi-related-parties-portal/v2/resources/154' (endpoint_version_change), dok docs-before eksplicitno navodi staru vrijednost; dokumentacija bi zato postala zastarjela.",approved,336553e7b75664cf0b61e277fb7df263dcccd8a1c04f1732860e936a1e27ae8f,bad635dd47fa67d66dbb1e8dd8a7178a3a5bba08271e984bd7c4e1e7e02d0f78,api_reference,rbi_related_parties_portal,endpoint_version_change,cases/patches/rbi_related_parties_portal/api_reference/RPP-API-154.patch
CRPP2-RPP-API_REFERENCE-155,controlled-v2/rbi-related-parties-portal-copy,9400615,typescript,"[""src/Web/src/docguard-contract-lab-v2/api_reference/contracts_06.json""]","--- a/src/Web/src/docguard-contract-lab-v2/api_reference/contracts_06.json
+++ b/src/Web/src/docguard-contract-lab-v2/api_reference/contracts_06.json
@@ -47,7 +47,8 @@
       ""operationId"": ""rbirelatedpartiesportalOperation155"",
       ""path"": ""/api/rbi-related-parties-portal/v1/resources/155"",
       ""requiredQuery"": [
-        ""tenantId""
+        ""tenantId"",
+        ""includeAudit""
       ],
       ""successStatus"": 200
     },
","<!-- docs/docguard-contract-lab-v2/API_REFERENCE.md @ controlled-baseline:19b04b8dac0d1838 -->
### RPP-API-155
- Operation: `rbirelatedpartiesportalOperation155`
- Public endpoint: `DELETE /api/rbi-related-parties-portal/v1/resources/155`
- Required query parameters: `tenantId`
- Success response status: `200`
",True,api_reference,Controlled design expectation: api_reference; independent human/owner acceptance still required before merge.,True,api_reference,"RPP-API-155: kod mijenja javni API ugovor iz 'tenantId' u 'tenantId, includeAudit' (required_parameter_added), dok docs-before eksplicitno navodi staru vrijednost; dokumentacija bi zato postala zastarjela.",approved,f01a14b07a1f0239e6c1f237b0e033f7d0ce698fe868e79e69e85ad8954242cb,c88126d77885db149ca1ad9742a5a76ba141e8fbdf11d1392d4fa97cad6025d4,api_reference,rbi_related_parties_portal,required_parameter_added,cases/patches/rbi_related_parties_portal/api_reference/RPP-API-155.patch
CRPP2-RPP-API_REFERENCE-156,controlled-v2/rbi-related-parties-portal-copy,9400616,typescript,"[""src/Web/src/docguard-contract-lab-v2/api_reference/contracts_06.json""]","--- a/src/Web/src/docguard-contract-lab-v2/api_reference/contracts_06.json
+++ b/src/Web/src/docguard-contract-lab-v2/api_reference/contracts_06.json
@@ -59,7 +59,7 @@
       ""requiredQuery"": [
         ""tenantId""
       ],
-      ""successStatus"": 200
+      ""successStatus"": 202
     },
     {
       ""contractId"": ""RPP-API-157"",
","<!-- docs/docguard-contract-lab-v2/API_REFERENCE.md @ controlled-baseline:19b04b8dac0d1838 -->
### RPP-API-156
- Operation: `rbirelatedpartiesportalOperation156`
- Public endpoint: `GET /api/rbi-related-parties-portal/v1/resources/156`
- Required query parameters: `tenantId`
- Success response status: `200`
",True,api_reference,Controlled design expectation: api_reference; independent human/owner acceptance still required before merge.,True,api_reference,"RPP-API-156: kod mijenja javni API ugovor iz '200' u '202' (success_status_change), dok docs-before eksplicitno navodi staru vrijednost; dokumentacija bi zato postala zastarjela.",approved,a93e59a70106faacef94296dfee9b6bf5a4310276fe07bd7e2405bbdd1e7a425,83d31354801a0adf020c9340fa299e9becb30987cc131fd6a6bc69a79ea9037a,api_reference,rbi_related_parties_portal,success_status_change,cases/patches/rbi_related_parties_portal/api_reference/RPP-API-156.patch
CRPP2-RPP-API_REFERENCE-157,controlled-v2/rbi-related-parties-portal-copy,9400617,typescript,"[""src/Web/src/docguard-contract-lab-v2/api_reference/contracts_06.json""]","--- a/src/Web/src/docguard-contract-lab-v2/api_reference/contracts_06.json
+++ b/src/Web/src/docguard-contract-lab-v2/api_reference/contracts_06.json
@@ -63,7 +63,7 @@
     },
     {
       ""contractId"": ""RPP-API-157"",
-      ""method"": ""POST"",
+      ""method"": ""PUT"",
       ""operationId"": ""rbirelatedpartiesportalOperation157"",
       ""path"": ""/api/rbi-related-parties-portal/v1/resources/157"",
       ""requiredQuery"": [
","<!-- docs/docguard-contract-lab-v2/API_REFERENCE.md @ controlled-baseline:19b04b8dac0d1838 -->
### RPP-API-157
- Operation: `rbirelatedpartiesportalOperation157`
- Public endpoint: `POST /api/rbi-related-parties-portal/v1/resources/157`
- Required query parameters: `tenantId`
- Success response status: `200`
",True,api_reference,Controlled design expectation: api_reference; independent human/owner acceptance still required before merge.,True,api_reference,"RPP-API-157: kod mijenja javni API ugovor iz 'POST' u 'PUT' (http_method_change), dok docs-before eksplicitno navodi staru vrijednost; dokumentacija bi zato postala zastarjela.",approved,98b2c601d13bc5687da9f5380a4e93b5728b81b146040489b5e1505fe0dfa193,30783e391bdd66bf4d53db5d219ca51ec795738d04c410a463736d000253c4ce,api_reference,rbi_related_parties_portal,http_method_change,cases/patches/rbi_related_parties_portal/api_reference/RPP-API-157.patch
CRPP2-RPP-API_REFERENCE-158,controlled-v2/rbi-related-parties-portal-copy,9400618,typescript,"[""src/Web/src/docguard-contract-lab-v2/api_reference/contracts_06.json""]","--- a/src/Web/src/docguard-contract-lab-v2/api_reference/contracts_06.json
+++ b/src/Web/src/docguard-contract-lab-v2/api_reference/contracts_06.json
@@ -75,7 +75,7 @@
       ""contractId"": ""RPP-API-158"",
       ""method"": ""PUT"",
       ""operationId"": ""rbirelatedpartiesportalOperation158"",
-      ""path"": ""/api/rbi-related-parties-portal/v1/resources/158"",
+      ""path"": ""/api/rbi-related-parties-portal/v2/resources/158"",
       ""requiredQuery"": [
         ""tenantId""
       ],
","<!-- docs/docguard-contract-lab-v2/API_REFERENCE.md @ controlled-baseline:19b04b8dac0d1838 -->
### RPP-API-158
- Operation: `rbirelatedpartiesportalOperation158`
- Public endpoint: `PUT /api/rbi-related-parties-portal/v1/resources/158`
- Required query parameters: `tenantId`
- Success response status: `200`
",True,api_reference,Controlled design expectation: api_reference; independent human/owner acceptance still required before merge.,True,api_reference,"RPP-API-158: kod mijenja javni API ugovor iz '/api/rbi-related-parties-portal/v1/resources/158' u '/api/rbi-related-parties-portal/v2/resources/158' (endpoint_version_change), dok docs-before eksplicitno navodi staru vrijednost; dokumentacija bi zato postala zastarjela.",approved,4fe8cb0fd413c529b97d2390dd753cf21471dcdded526bf70c259559bee8ca52,e76d778a4aa29acaafb72afa7a0f54c34ae95b527c73415e63c41f78321280de,api_reference,rbi_related_parties_portal,endpoint_version_change,cases/patches/rbi_related_parties_portal/api_reference/RPP-API-158.patch
CRPP2-RPP-API_REFERENCE-159,controlled-v2/rbi-related-parties-portal-copy,9400619,typescript,"[""src/Web/src/docguard-contract-lab-v2/api_reference/contracts_06.json""]","--- a/src/Web/src/docguard-contract-lab-v2/api_reference/contracts_06.json
+++ b/src/Web/src/docguard-contract-lab-v2/api_reference/contracts_06.json
@@ -87,7 +87,8 @@
       ""operationId"": ""rbirelatedpartiesportalOperation159"",
       ""path"": ""/api/rbi-related-parties-portal/v1/resources/159"",
       ""requiredQuery"": [
-        ""tenantId""
+        ""tenantId"",
+        ""includeAudit""
       ],
       ""successStatus"": 200
     },
","<!-- docs/docguard-contract-lab-v2/API_REFERENCE.md @ controlled-baseline:19b04b8dac0d1838 -->
### RPP-API-159
- Operation: `rbirelatedpartiesportalOperation159`
- Public endpoint: `DELETE /api/rbi-related-parties-portal/v1/resources/159`
- Required query parameters: `tenantId`
- Success response status: `200`
",True,api_reference,Controlled design expectation: api_reference; independent human/owner acceptance still required before merge.,True,api_reference,"RPP-API-159: kod mijenja javni API ugovor iz 'tenantId' u 'tenantId, includeAudit' (required_parameter_added), dok docs-before eksplicitno navodi staru vrijednost; dokumentacija bi zato postala zastarjela.",approved,7cd22f73adb439ecb243c15cc986181a647f06de24e9380f0a108a00b53f83af,e88cdf7160a96ef3f3c270167cd26a24db7ed2945fe73b9b10889d621c4bf54f,api_reference,rbi_related_parties_portal,required_parameter_added,cases/patches/rbi_related_parties_portal/api_reference/RPP-API-159.patch
CRPP2-RPP-API_REFERENCE-160,controlled-v2/rbi-related-parties-portal-copy,9400620,typescript,"[""src/Web/src/docguard-contract-lab-v2/api_reference/contracts_06.json""]","--- a/src/Web/src/docguard-contract-lab-v2/api_reference/contracts_06.json
+++ b/src/Web/src/docguard-contract-lab-v2/api_reference/contracts_06.json
@@ -99,7 +99,7 @@
       ""requiredQuery"": [
         ""tenantId""
       ],
-      ""successStatus"": 200
+      ""successStatus"": 202
     }
   ],
   ""project"": ""rbi_related_parties_portal"",
","<!-- docs/docguard-contract-lab-v2/API_REFERENCE.md @ controlled-baseline:19b04b8dac0d1838 -->
### RPP-API-160
- Operation: `rbirelatedpartiesportalOperation160`
- Public endpoint: `GET /api/rbi-related-parties-portal/v1/resources/160`
- Required query parameters: `tenantId`
- Success response status: `200`
",True,api_reference,Controlled design expectation: api_reference; independent human/owner acceptance still required before merge.,True,api_reference,"RPP-API-160: kod mijenja javni API ugovor iz '200' u '202' (success_status_change), dok docs-before eksplicitno navodi staru vrijednost; dokumentacija bi zato postala zastarjela.",approved,4c50a70e9766c64e605e6353fd0ef9d43a22fd11a549947f7bc4eb5c3db14732,268994a3b0e1022cb032a9f363b9601fd7195eec62479165be155a59999a3cc8,api_reference,rbi_related_parties_portal,success_status_change,cases/patches/rbi_related_parties_portal/api_reference/RPP-API-160.patch
CRPP2-RPP-API_REFERENCE-161,controlled-v2/rbi-related-parties-portal-copy,9400621,typescript,"[""src/Web/src/docguard-contract-lab-v2/api_reference/contracts_07.json""]","--- a/src/Web/src/docguard-contract-lab-v2/api_reference/contracts_07.json
+++ b/src/Web/src/docguard-contract-lab-v2/api_reference/contracts_07.json
@@ -3,7 +3,7 @@
   ""contracts"": [
     {
       ""contractId"": ""RPP-API-161"",
-      ""method"": ""POST"",
+      ""method"": ""PUT"",
       ""operationId"": ""rbirelatedpartiesportalOperation161"",
       ""path"": ""/api/rbi-related-parties-portal/v1/resources/161"",
       ""requiredQuery"": [
","<!-- docs/docguard-contract-lab-v2/API_REFERENCE.md @ controlled-baseline:19b04b8dac0d1838 -->
### RPP-API-161
- Operation: `rbirelatedpartiesportalOperation161`
- Public endpoint: `POST /api/rbi-related-parties-portal/v1/resources/161`
- Required query parameters: `tenantId`
- Success response status: `200`
",True,api_reference,Controlled design expectation: api_reference; independent human/owner acceptance still required before merge.,True,api_reference,"RPP-API-161: kod mijenja javni API ugovor iz 'POST' u 'PUT' (http_method_change), dok docs-before eksplicitno navodi staru vrijednost; dokumentacija bi zato postala zastarjela.",approved,e4b57fb1f97de4226d26a524d8270f15ccf2541951d1bec40aefddb65eb4b723,5d762928968b102adfdb4a5c3ab85846be50e2d2d84b662fa3ec7316559f4a31,api_reference,rbi_related_parties_portal,http_method_change,cases/patches/rbi_related_parties_portal/api_reference/RPP-API-161.patch
CRPP2-RPP-API_REFERENCE-162,controlled-v2/rbi-related-parties-portal-copy,9400622,typescript,"[""src/Web/src/docguard-contract-lab-v2/api_reference/contracts_07.json""]","--- a/src/Web/src/docguard-contract-lab-v2/api_reference/contracts_07.json
+++ b/src/Web/src/docguard-contract-lab-v2/api_reference/contracts_07.json
@@ -15,7 +15,7 @@
       ""contractId"": ""RPP-API-162"",
       ""method"": ""PUT"",
       ""operationId"": ""rbirelatedpartiesportalOperation162"",
-      ""path"": ""/api/rbi-related-parties-portal/v1/resources/162"",
+      ""path"": ""/api/rbi-related-parties-portal/v2/resources/162"",
       ""requiredQuery"": [
         ""tenantId""
       ],
","<!-- docs/docguard-contract-lab-v2/API_REFERENCE.md @ controlled-baseline:19b04b8dac0d1838 -->
### RPP-API-162
- Operation: `rbirelatedpartiesportalOperation162`
- Public endpoint: `PUT /api/rbi-related-parties-portal/v1/resources/162`
- Required query parameters: `tenantId`
- Success response status: `200`
",True,api_reference,Controlled design expectation: api_reference; independent human/owner acceptance still required before merge.,True,api_reference,"RPP-API-162: kod mijenja javni API ugovor iz '/api/rbi-related-parties-portal/v1/resources/162' u '/api/rbi-related-parties-portal/v2/resources/162' (endpoint_version_change), dok docs-before eksplicitno navodi staru vrijednost; dokumentacija bi zato postala zastarjela.",approved,ecd9e3ddb9cf0a2315ce465a930fade19ff1a73fd9114299ebc5c410c79d49c3,bc291a59221c43ba3051a156595c27f3b7eec6b73542d804df92a097c6151deb,api_reference,rbi_related_parties_portal,endpoint_version_change,cases/patches/rbi_related_parties_portal/api_reference/RPP-API-162.patch
CRPP2-RPP-API_REFERENCE-163,controlled-v2/rbi-related-parties-portal-copy,9400623,typescript,"[""src/Web/src/docguard-contract-lab-v2/api_reference/contracts_07.json""]","--- a/src/Web/src/docguard-contract-lab-v2/api_reference/contracts_07.json
+++ b/src/Web/src/docguard-contract-lab-v2/api_reference/contracts_07.json
@@ -27,7 +27,8 @@
       ""operationId"": ""rbirelatedpartiesportalOperation163"",
       ""path"": ""/api/rbi-related-parties-portal/v1/resources/163"",
       ""requiredQuery"": [
-        ""tenantId""
+        ""tenantId"",
+        ""includeAudit""
       ],
       ""successStatus"": 200
     },
","<!-- docs/docguard-contract-lab-v2/API_REFERENCE.md @ controlled-baseline:19b04b8dac0d1838 -->
### RPP-API-163
- Operation: `rbirelatedpartiesportalOperation163`
- Public endpoint: `DELETE /api/rbi-related-parties-portal/v1/resources/163`
- Required query parameters: `tenantId`
- Success response status: `200`
",True,api_reference,Controlled design expectation: api_reference; independent human/owner acceptance still required before merge.,True,api_reference,"RPP-API-163: kod mijenja javni API ugovor iz 'tenantId' u 'tenantId, includeAudit' (required_parameter_added), dok docs-before eksplicitno navodi staru vrijednost; dokumentacija bi zato postala zastarjela.",approved,d6b3019f148b90bb2fca32ee8e87496de5eea256b70c0dd6610009e10633e309,9df51ee2b8f425163521077eabfd1bca93e5b529d62289e9171aa35a18883a13,api_reference,rbi_related_parties_portal,required_parameter_added,cases/patches/rbi_related_parties_portal/api_reference/RPP-API-163.patch
CRPP2-RPP-API_REFERENCE-164,controlled-v2/rbi-related-parties-portal-copy,9400624,typescript,"[""src/Web/src/docguard-contract-lab-v2/api_reference/contracts_07.json""]","--- a/src/Web/src/docguard-contract-lab-v2/api_reference/contracts_07.json
+++ b/src/Web/src/docguard-contract-lab-v2/api_reference/contracts_07.json
@@ -39,7 +39,7 @@
       ""requiredQuery"": [
         ""tenantId""
       ],
-      ""successStatus"": 200
+      ""successStatus"": 202
     },
     {
       ""contractId"": ""RPP-API-165"",
","<!-- docs/docguard-contract-lab-v2/API_REFERENCE.md @ controlled-baseline:19b04b8dac0d1838 -->
### RPP-API-164
- Operation: `rbirelatedpartiesportalOperation164`
- Public endpoint: `GET /api/rbi-related-parties-portal/v1/resources/164`
- Required query parameters: `tenantId`
- Success response status: `200`
",True,api_reference,Controlled design expectation: api_reference; independent human/owner acceptance still required before merge.,True,api_reference,"RPP-API-164: kod mijenja javni API ugovor iz '200' u '202' (success_status_change), dok docs-before eksplicitno navodi staru vrijednost; dokumentacija bi zato postala zastarjela.",approved,6be4385084e6e07598c0ba07d9459c05b123cfd3b82cde6091cc1e6ca3289134,13cb7fe6740a0744a25bbbe8c6f87f04da24f73c73119e20cdde9c6bd50306df,api_reference,rbi_related_parties_portal,success_status_change,cases/patches/rbi_related_parties_portal/api_reference/RPP-API-164.patch
CRPP2-RPP-API_REFERENCE-165,controlled-v2/rbi-related-parties-portal-copy,9400625,typescript,"[""src/Web/src/docguard-contract-lab-v2/api_reference/contracts_07.json""]","--- a/src/Web/src/docguard-contract-lab-v2/api_reference/contracts_07.json
+++ b/src/Web/src/docguard-contract-lab-v2/api_reference/contracts_07.json
@@ -43,7 +43,7 @@
     },
     {
       ""contractId"": ""RPP-API-165"",
-      ""method"": ""POST"",
+      ""method"": ""PUT"",
       ""operationId"": ""rbirelatedpartiesportalOperation165"",
       ""path"": ""/api/rbi-related-parties-portal/v1/resources/165"",
       ""requiredQuery"": [
","<!-- docs/docguard-contract-lab-v2/API_REFERENCE.md @ controlled-baseline:19b04b8dac0d1838 -->
### RPP-API-165
- Operation: `rbirelatedpartiesportalOperation165`
- Public endpoint: `POST /api/rbi-related-parties-portal/v1/resources/165`
- Required query parameters: `tenantId`
- Success response status: `200`
",True,api_reference,Controlled design expectation: api_reference; independent human/owner acceptance still required before merge.,True,api_reference,"RPP-API-165: kod mijenja javni API ugovor iz 'POST' u 'PUT' (http_method_change), dok docs-before eksplicitno navodi staru vrijednost; dokumentacija bi zato postala zastarjela.",approved,d2441602e5a9522aa7b37534d091cb309536074a22daf26cc83c41b12bfb2711,b19e7790d4b7e37f7c26ddd62f06d2e5124a7e67c69f070560e1fdd8b1399f8e,api_reference,rbi_related_parties_portal,http_method_change,cases/patches/rbi_related_parties_portal/api_reference/RPP-API-165.patch
CRPP2-RPP-API_REFERENCE-166,controlled-v2/rbi-related-parties-portal-copy,9400626,typescript,"[""src/Web/src/docguard-contract-lab-v2/api_reference/contracts_07.json""]","--- a/src/Web/src/docguard-contract-lab-v2/api_reference/contracts_07.json
+++ b/src/Web/src/docguard-contract-lab-v2/api_reference/contracts_07.json
@@ -55,7 +55,7 @@
       ""contractId"": ""RPP-API-166"",
       ""method"": ""PUT"",
       ""operationId"": ""rbirelatedpartiesportalOperation166"",
-      ""path"": ""/api/rbi-related-parties-portal/v1/resources/166"",
+      ""path"": ""/api/rbi-related-parties-portal/v2/resources/166"",
       ""requiredQuery"": [
         ""tenantId""
       ],
","<!-- docs/docguard-contract-lab-v2/API_REFERENCE.md @ controlled-baseline:19b04b8dac0d1838 -->
### RPP-API-166
- Operation: `rbirelatedpartiesportalOperation166`
- Public endpoint: `PUT /api/rbi-related-parties-portal/v1/resources/166`
- Required query parameters: `tenantId`
- Success response status: `200`
",True,api_reference,Controlled design expectation: api_reference; independent human/owner acceptance still required before merge.,True,api_reference,"RPP-API-166: kod mijenja javni API ugovor iz '/api/rbi-related-parties-portal/v1/resources/166' u '/api/rbi-related-parties-portal/v2/resources/166' (endpoint_version_change), dok docs-before eksplicitno navodi staru vrijednost; dokumentacija bi zato postala zastarjela.",approved,1c6a37c9bcc958aca2105142e18447a5e791e4aee9029b4a01688bf500caee29,dadc504993556e9bd56acf7ab14afbe26bb40dd3f8e8b1240993e8e5e635d899,api_reference,rbi_related_parties_portal,endpoint_version_change,cases/patches/rbi_related_parties_portal/api_reference/RPP-API-166.patch
CRPP2-RPP-API_REFERENCE-167,controlled-v2/rbi-related-parties-portal-copy,9400627,typescript,"[""src/Web/src/docguard-contract-lab-v2/api_reference/contracts_07.json""]","--- a/src/Web/src/docguard-contract-lab-v2/api_reference/contracts_07.json
+++ b/src/Web/src/docguard-contract-lab-v2/api_reference/contracts_07.json
@@ -67,7 +67,8 @@
       ""operationId"": ""rbirelatedpartiesportalOperation167"",
       ""path"": ""/api/rbi-related-parties-portal/v1/resources/167"",
       ""requiredQuery"": [
-        ""tenantId""
+        ""tenantId"",
+        ""includeAudit""
       ],
       ""successStatus"": 200
     },
","<!-- docs/docguard-contract-lab-v2/API_REFERENCE.md @ controlled-baseline:19b04b8dac0d1838 -->
### RPP-API-167
- Operation: `rbirelatedpartiesportalOperation167`
- Public endpoint: `DELETE /api/rbi-related-parties-portal/v1/resources/167`
- Required query parameters: `tenantId`
- Success response status: `200`
",True,api_reference,Controlled design expectation: api_reference; independent human/owner acceptance still required before merge.,True,api_reference,"RPP-API-167: kod mijenja javni API ugovor iz 'tenantId' u 'tenantId, includeAudit' (required_parameter_added), dok docs-before eksplicitno navodi staru vrijednost; dokumentacija bi zato postala zastarjela.",approved,c51596865fc57a1c57eb46bf8e5cf520b655a46512d5531efde54952b37dbb12,a69b0571d74f608c8e1478d4ce1a4583455db515949412c8d7e16605c549ee9b,api_reference,rbi_related_parties_portal,required_parameter_added,cases/patches/rbi_related_parties_portal/api_reference/RPP-API-167.patch
CRPP2-RPP-API_REFERENCE-168,controlled-v2/rbi-related-parties-portal-copy,9400628,typescript,"[""src/Web/src/docguard-contract-lab-v2/api_reference/contracts_07.json""]","--- a/src/Web/src/docguard-contract-lab-v2/api_reference/contracts_07.json
+++ b/src/Web/src/docguard-contract-lab-v2/api_reference/contracts_07.json
@@ -79,7 +79,7 @@
       ""requiredQuery"": [
         ""tenantId""
       ],
-      ""successStatus"": 200
+      ""successStatus"": 202
     },
     {
       ""contractId"": ""RPP-API-169"",
","<!-- docs/docguard-contract-lab-v2/API_REFERENCE.md @ controlled-baseline:19b04b8dac0d1838 -->
### RPP-API-168
- Operation: `rbirelatedpartiesportalOperation168`
- Public endpoint: `GET /api/rbi-related-parties-portal/v1/resources/168`
- Required query parameters: `tenantId`
- Success response status: `200`
",True,api_reference,Controlled design expectation: api_reference; independent human/owner acceptance still required before merge.,True,api_reference,"RPP-API-168: kod mijenja javni API ugovor iz '200' u '202' (success_status_change), dok docs-before eksplicitno navodi staru vrijednost; dokumentacija bi zato postala zastarjela.",approved,71d0de1a2612f3172ea2e7f508f68a32c009af4fc9eee2914a29e67dcd487fcf,e06dbe1c3c29f12e419a9571c63bbf5998077ee4e44ee633cf2c7ff90917b3d8,api_reference,rbi_related_parties_portal,success_status_change,cases/patches/rbi_related_parties_portal/api_reference/RPP-API-168.patch
CRPP2-RPP-API_REFERENCE-169,controlled-v2/rbi-related-parties-portal-copy,9400629,typescript,"[""src/Web/src/docguard-contract-lab-v2/api_reference/contracts_07.json""]","--- a/src/Web/src/docguard-contract-lab-v2/api_reference/contracts_07.json
+++ b/src/Web/src/docguard-contract-lab-v2/api_reference/contracts_07.json
@@ -83,7 +83,7 @@
     },
     {
       ""contractId"": ""RPP-API-169"",
-      ""method"": ""POST"",
+      ""method"": ""PUT"",
       ""operationId"": ""rbirelatedpartiesportalOperation169"",
       ""path"": ""/api/rbi-related-parties-portal/v1/resources/169"",
       ""requiredQuery"": [
","<!-- docs/docguard-contract-lab-v2/API_REFERENCE.md @ controlled-baseline:19b04b8dac0d1838 -->
### RPP-API-169
- Operation: `rbirelatedpartiesportalOperation169`
- Public endpoint: `POST /api/rbi-related-parties-portal/v1/resources/169`
- Required query parameters: `tenantId`
- Success response status: `200`
",True,api_reference,Controlled design expectation: api_reference; independent human/owner acceptance still required before merge.,True,api_reference,"RPP-API-169: kod mijenja javni API ugovor iz 'POST' u 'PUT' (http_method_change), dok docs-before eksplicitno navodi staru vrijednost; dokumentacija bi zato postala zastarjela.",approved,201e42e6766bfd6b224f54c44e429001d66d0b759bd74321e61602557f1b19a5,d484d9b33a8e71053e026704c005a4548949e17e5c5213e68c21a2196cdb204b,api_reference,rbi_related_parties_portal,http_method_change,cases/patches/rbi_related_parties_portal/api_reference/RPP-API-169.patch
CRPP2-RPP-API_REFERENCE-170,controlled-v2/rbi-related-parties-portal-copy,9400630,typescript,"[""src/Web/src/docguard-contract-lab-v2/api_reference/contracts_07.json""]","--- a/src/Web/src/docguard-contract-lab-v2/api_reference/contracts_07.json
+++ b/src/Web/src/docguard-contract-lab-v2/api_reference/contracts_07.json
@@ -95,7 +95,7 @@
       ""contractId"": ""RPP-API-170"",
       ""method"": ""PUT"",
       ""operationId"": ""rbirelatedpartiesportalOperation170"",
-      ""path"": ""/api/rbi-related-parties-portal/v1/resources/170"",
+      ""path"": ""/api/rbi-related-parties-portal/v2/resources/170"",
       ""requiredQuery"": [
         ""tenantId""
       ],
","<!-- docs/docguard-contract-lab-v2/API_REFERENCE.md @ controlled-baseline:19b04b8dac0d1838 -->
### RPP-API-170
- Operation: `rbirelatedpartiesportalOperation170`
- Public endpoint: `PUT /api/rbi-related-parties-portal/v1/resources/170`
- Required query parameters: `tenantId`
- Success response status: `200`
",True,api_reference,Controlled design expectation: api_reference; independent human/owner acceptance still required before merge.,True,api_reference,"RPP-API-170: kod mijenja javni API ugovor iz '/api/rbi-related-parties-portal/v1/resources/170' u '/api/rbi-related-parties-portal/v2/resources/170' (endpoint_version_change), dok docs-before eksplicitno navodi staru vrijednost; dokumentacija bi zato postala zastarjela.",approved,01a80c3d00c46eac3cff3161fa4cc602c3dd8cf87dd2672e4ab09b8f4250583f,db81fe8ce48057869fd6b2c061e3a39f56af2f8b388c5385659bdc8f31e5f452,api_reference,rbi_related_parties_portal,endpoint_version_change,cases/patches/rbi_related_parties_portal/api_reference/RPP-API-170.patch
CRPP2-RPP-API_REFERENCE-171,controlled-v2/rbi-related-parties-portal-copy,9400631,typescript,"[""src/Web/src/docguard-contract-lab-v2/api_reference/contracts_08.json""]","--- a/src/Web/src/docguard-contract-lab-v2/api_reference/contracts_08.json
+++ b/src/Web/src/docguard-contract-lab-v2/api_reference/contracts_08.json
@@ -7,7 +7,8 @@
       ""operationId"": ""rbirelatedpartiesportalOperation171"",
       ""path"": ""/api/rbi-related-parties-portal/v1/resources/171"",
       ""requiredQuery"": [
-        ""tenantId""
+        ""tenantId"",
+        ""includeAudit""
       ],
       ""successStatus"": 200
     },
","<!-- docs/docguard-contract-lab-v2/API_REFERENCE.md @ controlled-baseline:19b04b8dac0d1838 -->
### RPP-API-171
- Operation: `rbirelatedpartiesportalOperation171`
- Public endpoint: `DELETE /api/rbi-related-parties-portal/v1/resources/171`
- Required query parameters: `tenantId`
- Success response status: `200`
",True,api_reference,Controlled design expectation: api_reference; independent human/owner acceptance still required before merge.,True,api_reference,"RPP-API-171: kod mijenja javni API ugovor iz 'tenantId' u 'tenantId, includeAudit' (required_parameter_added), dok docs-before eksplicitno navodi staru vrijednost; dokumentacija bi zato postala zastarjela.",approved,1e00758720eff21cf84bd18d9763993664a31d9d405a7a7e5a8054db245550e6,2430b752fbd13e5b3f2f3d98731ce06b545e985ea72fed57957771112e3e13f9,api_reference,rbi_related_parties_portal,required_parameter_added,cases/patches/rbi_related_parties_portal/api_reference/RPP-API-171.patch
CRPP2-RPP-API_REFERENCE-172,controlled-v2/rbi-related-parties-portal-copy,9400632,typescript,"[""src/Web/src/docguard-contract-lab-v2/api_reference/contracts_08.json""]","--- a/src/Web/src/docguard-contract-lab-v2/api_reference/contracts_08.json
+++ b/src/Web/src/docguard-contract-lab-v2/api_reference/contracts_08.json
@@ -19,7 +19,7 @@
       ""requiredQuery"": [
         ""tenantId""
       ],
-      ""successStatus"": 200
+      ""successStatus"": 202
     },
     {
       ""contractId"": ""RPP-API-173"",
","<!-- docs/docguard-contract-lab-v2/API_REFERENCE.md @ controlled-baseline:19b04b8dac0d1838 -->
### RPP-API-172
- Operation: `rbirelatedpartiesportalOperation172`
- Public endpoint: `GET /api/rbi-related-parties-portal/v1/resources/172`
- Required query parameters: `tenantId`
- Success response status: `200`
",True,api_reference,Controlled design expectation: api_reference; independent human/owner acceptance still required before merge.,True,api_reference,"RPP-API-172: kod mijenja javni API ugovor iz '200' u '202' (success_status_change), dok docs-before eksplicitno navodi staru vrijednost; dokumentacija bi zato postala zastarjela.",approved,3cb14d9527d9308ba7a476923f676c2204f2317d9f2355a4c256f20915786942,8ee41f8ccbc416203559d813bd7293911ec952ce5c223f8a576b273fda9edc32,api_reference,rbi_related_parties_portal,success_status_change,cases/patches/rbi_related_parties_portal/api_reference/RPP-API-172.patch
CRPP2-RPP-API_REFERENCE-173,controlled-v2/rbi-related-parties-portal-copy,9400633,typescript,"[""src/Web/src/docguard-contract-lab-v2/api_reference/contracts_08.json""]","--- a/src/Web/src/docguard-contract-lab-v2/api_reference/contracts_08.json
+++ b/src/Web/src/docguard-contract-lab-v2/api_reference/contracts_08.json
@@ -23,7 +23,7 @@
     },
     {
       ""contractId"": ""RPP-API-173"",
-      ""method"": ""POST"",
+      ""method"": ""PUT"",
       ""operationId"": ""rbirelatedpartiesportalOperation173"",
       ""path"": ""/api/rbi-related-parties-portal/v1/resources/173"",
       ""requiredQuery"": [
","<!-- docs/docguard-contract-lab-v2/API_REFERENCE.md @ controlled-baseline:19b04b8dac0d1838 -->
### RPP-API-173
- Operation: `rbirelatedpartiesportalOperation173`
- Public endpoint: `POST /api/rbi-related-parties-portal/v1/resources/173`
- Required query parameters: `tenantId`
- Success response status: `200`
",True,api_reference,Controlled design expectation: api_reference; independent human/owner acceptance still required before merge.,True,api_reference,"RPP-API-173: kod mijenja javni API ugovor iz 'POST' u 'PUT' (http_method_change), dok docs-before eksplicitno navodi staru vrijednost; dokumentacija bi zato postala zastarjela.",approved,23949d85356b62f2196fa8d104db8683ab79de3198390a27452edf10870fd0f3,bc0f2a92579e004df7a330859f3f344eeb218532352bf11de5488790a8648aa2,api_reference,rbi_related_parties_portal,http_method_change,cases/patches/rbi_related_parties_portal/api_reference/RPP-API-173.patch
CRPP2-RPP-API_REFERENCE-174,controlled-v2/rbi-related-parties-portal-copy,9400634,typescript,"[""src/Web/src/docguard-contract-lab-v2/api_reference/contracts_08.json""]","--- a/src/Web/src/docguard-contract-lab-v2/api_reference/contracts_08.json
+++ b/src/Web/src/docguard-contract-lab-v2/api_reference/contracts_08.json
@@ -35,7 +35,7 @@
       ""contractId"": ""RPP-API-174"",
       ""method"": ""PUT"",
       ""operationId"": ""rbirelatedpartiesportalOperation174"",
-      ""path"": ""/api/rbi-related-parties-portal/v1/resources/174"",
+      ""path"": ""/api/rbi-related-parties-portal/v2/resources/174"",
       ""requiredQuery"": [
         ""tenantId""
       ],
","<!-- docs/docguard-contract-lab-v2/API_REFERENCE.md @ controlled-baseline:19b04b8dac0d1838 -->
### RPP-API-174
- Operation: `rbirelatedpartiesportalOperation174`
- Public endpoint: `PUT /api/rbi-related-parties-portal/v1/resources/174`
- Required query parameters: `tenantId`
- Success response status: `200`
",True,api_reference,Controlled design expectation: api_reference; independent human/owner acceptance still required before merge.,True,api_reference,"RPP-API-174: kod mijenja javni API ugovor iz '/api/rbi-related-parties-portal/v1/resources/174' u '/api/rbi-related-parties-portal/v2/resources/174' (endpoint_version_change), dok docs-before eksplicitno navodi staru vrijednost; dokumentacija bi zato postala zastarjela.",approved,a638b4f888ba25c59c71c0320746affe2e19c0a9fbe46e150ebc60465e933291,0d9bcbca25e926fe9e4011ab4b158a0d91c72ad73b964d06bc2c59022a08469c,api_reference,rbi_related_parties_portal,endpoint_version_change,cases/patches/rbi_related_parties_portal/api_reference/RPP-API-174.patch
CRPP2-RPP-API_REFERENCE-175,controlled-v2/rbi-related-parties-portal-copy,9400635,typescript,"[""src/Web/src/docguard-contract-lab-v2/api_reference/contracts_08.json""]","--- a/src/Web/src/docguard-contract-lab-v2/api_reference/contracts_08.json
+++ b/src/Web/src/docguard-contract-lab-v2/api_reference/contracts_08.json
@@ -47,7 +47,8 @@
       ""operationId"": ""rbirelatedpartiesportalOperation175"",
       ""path"": ""/api/rbi-related-parties-portal/v1/resources/175"",
       ""requiredQuery"": [
-        ""tenantId""
+        ""tenantId"",
+        ""includeAudit""
       ],
       ""successStatus"": 200
     },
","<!-- docs/docguard-contract-lab-v2/API_REFERENCE.md @ controlled-baseline:19b04b8dac0d1838 -->
### RPP-API-175
- Operation: `rbirelatedpartiesportalOperation175`
- Public endpoint: `DELETE /api/rbi-related-parties-portal/v1/resources/175`
- Required query parameters: `tenantId`
- Success response status: `200`
",True,api_reference,Controlled design expectation: api_reference; independent human/owner acceptance still required before merge.,True,api_reference,"RPP-API-175: kod mijenja javni API ugovor iz 'tenantId' u 'tenantId, includeAudit' (required_parameter_added), dok docs-before eksplicitno navodi staru vrijednost; dokumentacija bi zato postala zastarjela.",approved,5c8255deb38c48e41dd9c693cf98da0653d1984af18c8868a5632f18ada85b42,faa1b23ea6e204ef2752b86ebe351710e1807a8372993c4d0efc71790e9cb369,api_reference,rbi_related_parties_portal,required_parameter_added,cases/patches/rbi_related_parties_portal/api_reference/RPP-API-175.patch
CRPP2-RPP-API_REFERENCE-176,controlled-v2/rbi-related-parties-portal-copy,9400636,typescript,"[""src/Web/src/docguard-contract-lab-v2/api_reference/contracts_08.json""]","--- a/src/Web/src/docguard-contract-lab-v2/api_reference/contracts_08.json
+++ b/src/Web/src/docguard-contract-lab-v2/api_reference/contracts_08.json
@@ -59,7 +59,7 @@
       ""requiredQuery"": [
         ""tenantId""
       ],
-      ""successStatus"": 200
+      ""successStatus"": 202
     },
     {
       ""contractId"": ""RPP-API-177"",
","<!-- docs/docguard-contract-lab-v2/API_REFERENCE.md @ controlled-baseline:19b04b8dac0d1838 -->
### RPP-API-176
- Operation: `rbirelatedpartiesportalOperation176`
- Public endpoint: `GET /api/rbi-related-parties-portal/v1/resources/176`
- Required query parameters: `tenantId`
- Success response status: `200`
",True,api_reference,Controlled design expectation: api_reference; independent human/owner acceptance still required before merge.,True,api_reference,"RPP-API-176: kod mijenja javni API ugovor iz '200' u '202' (success_status_change), dok docs-before eksplicitno navodi staru vrijednost; dokumentacija bi zato postala zastarjela.",approved,d18e20e33803d023a813078acdcd5e8d1a9473f4f76c8211e822098b0ab473ab,3e04c8d850a16831c061676065aa6a1bbd566803fa8fd2d812fa529245884e53,api_reference,rbi_related_parties_portal,success_status_change,cases/patches/rbi_related_parties_portal/api_reference/RPP-API-176.patch
CRPP2-RPP-API_REFERENCE-177,controlled-v2/rbi-related-parties-portal-copy,9400637,typescript,"[""src/Web/src/docguard-contract-lab-v2/api_reference/contracts_08.json""]","--- a/src/Web/src/docguard-contract-lab-v2/api_reference/contracts_08.json
+++ b/src/Web/src/docguard-contract-lab-v2/api_reference/contracts_08.json
@@ -63,7 +63,7 @@
     },
     {
       ""contractId"": ""RPP-API-177"",
-      ""method"": ""POST"",
+      ""method"": ""PUT"",
       ""operationId"": ""rbirelatedpartiesportalOperation177"",
       ""path"": ""/api/rbi-related-parties-portal/v1/resources/177"",
       ""requiredQuery"": [
","<!-- docs/docguard-contract-lab-v2/API_REFERENCE.md @ controlled-baseline:19b04b8dac0d1838 -->
### RPP-API-177
- Operation: `rbirelatedpartiesportalOperation177`
- Public endpoint: `POST /api/rbi-related-parties-portal/v1/resources/177`
- Required query parameters: `tenantId`
- Success response status: `200`
",True,api_reference,Controlled design expectation: api_reference; independent human/owner acceptance still required before merge.,True,api_reference,"RPP-API-177: kod mijenja javni API ugovor iz 'POST' u 'PUT' (http_method_change), dok docs-before eksplicitno navodi staru vrijednost; dokumentacija bi zato postala zastarjela.",approved,b8220abe64f06e9d836061cb6c8438f8887977c1cbe3cfedc31bb7ac493050d8,5570d0a210acda9b6ca923c4dfe366d5e074be17dcf7166f9675372e0df6d5a6,api_reference,rbi_related_parties_portal,http_method_change,cases/patches/rbi_related_parties_portal/api_reference/RPP-API-177.patch
CRPP2-RPP-API_REFERENCE-178,controlled-v2/rbi-related-parties-portal-copy,9400638,typescript,"[""src/Web/src/docguard-contract-lab-v2/api_reference/contracts_08.json""]","--- a/src/Web/src/docguard-contract-lab-v2/api_reference/contracts_08.json
+++ b/src/Web/src/docguard-contract-lab-v2/api_reference/contracts_08.json
@@ -75,7 +75,7 @@
       ""contractId"": ""RPP-API-178"",
       ""method"": ""PUT"",
       ""operationId"": ""rbirelatedpartiesportalOperation178"",
-      ""path"": ""/api/rbi-related-parties-portal/v1/resources/178"",
+      ""path"": ""/api/rbi-related-parties-portal/v2/resources/178"",
       ""requiredQuery"": [
         ""tenantId""
       ],
","<!-- docs/docguard-contract-lab-v2/API_REFERENCE.md @ controlled-baseline:19b04b8dac0d1838 -->
### RPP-API-178
- Operation: `rbirelatedpartiesportalOperation178`
- Public endpoint: `PUT /api/rbi-related-parties-portal/v1/resources/178`
- Required query parameters: `tenantId`
- Success response status: `200`
",True,api_reference,Controlled design expectation: api_reference; independent human/owner acceptance still required before merge.,True,api_reference,"RPP-API-178: kod mijenja javni API ugovor iz '/api/rbi-related-parties-portal/v1/resources/178' u '/api/rbi-related-parties-portal/v2/resources/178' (endpoint_version_change), dok docs-before eksplicitno navodi staru vrijednost; dokumentacija bi zato postala zastarjela.",approved,0595fcf5c0103e233cf97bc1b8d87f78e3687817b437a3f69824d16dd07ad763,c1080845323dfb293626d44cc9ef8785a17b7d3070d377216565df6994e53a7e,api_reference,rbi_related_parties_portal,endpoint_version_change,cases/patches/rbi_related_parties_portal/api_reference/RPP-API-178.patch
CRPP2-RPP-API_REFERENCE-179,controlled-v2/rbi-related-parties-portal-copy,9400639,typescript,"[""src/Web/src/docguard-contract-lab-v2/api_reference/contracts_08.json""]","--- a/src/Web/src/docguard-contract-lab-v2/api_reference/contracts_08.json
+++ b/src/Web/src/docguard-contract-lab-v2/api_reference/contracts_08.json
@@ -87,7 +87,8 @@
       ""operationId"": ""rbirelatedpartiesportalOperation179"",
       ""path"": ""/api/rbi-related-parties-portal/v1/resources/179"",
       ""requiredQuery"": [
-        ""tenantId""
+        ""tenantId"",
+        ""includeAudit""
       ],
       ""successStatus"": 200
     },
","<!-- docs/docguard-contract-lab-v2/API_REFERENCE.md @ controlled-baseline:19b04b8dac0d1838 -->
### RPP-API-179
- Operation: `rbirelatedpartiesportalOperation179`
- Public endpoint: `DELETE /api/rbi-related-parties-portal/v1/resources/179`
- Required query parameters: `tenantId`
- Success response status: `200`
",True,api_reference,Controlled design expectation: api_reference; independent human/owner acceptance still required before merge.,True,api_reference,"RPP-API-179: kod mijenja javni API ugovor iz 'tenantId' u 'tenantId, includeAudit' (required_parameter_added), dok docs-before eksplicitno navodi staru vrijednost; dokumentacija bi zato postala zastarjela.",approved,5c9d4c634f7d1bb52b7efdfe55dc404f5e2e28cbb0a4bde3868d4f89173ec97d,446b0313d265c7d16029d9d46d8bd92cdaae90299881624b6258483c4b73e33b,api_reference,rbi_related_parties_portal,required_parameter_added,cases/patches/rbi_related_parties_portal/api_reference/RPP-API-179.patch
CRPP2-RPP-API_REFERENCE-180,controlled-v2/rbi-related-parties-portal-copy,9400640,typescript,"[""src/Web/src/docguard-contract-lab-v2/api_reference/contracts_08.json""]","--- a/src/Web/src/docguard-contract-lab-v2/api_reference/contracts_08.json
+++ b/src/Web/src/docguard-contract-lab-v2/api_reference/contracts_08.json
@@ -99,7 +99,7 @@
       ""requiredQuery"": [
         ""tenantId""
       ],
-      ""successStatus"": 200
+      ""successStatus"": 202
     }
   ],
   ""project"": ""rbi_related_parties_portal"",
","<!-- docs/docguard-contract-lab-v2/API_REFERENCE.md @ controlled-baseline:19b04b8dac0d1838 -->
### RPP-API-180
- Operation: `rbirelatedpartiesportalOperation180`
- Public endpoint: `GET /api/rbi-related-parties-portal/v1/resources/180`
- Required query parameters: `tenantId`
- Success response status: `200`
",True,api_reference,Controlled design expectation: api_reference; independent human/owner acceptance still required before merge.,True,api_reference,"RPP-API-180: kod mijenja javni API ugovor iz '200' u '202' (success_status_change), dok docs-before eksplicitno navodi staru vrijednost; dokumentacija bi zato postala zastarjela.",approved,bb84571ae5e84c3eac23743b89e794144344d4e66e10117e8f9a3d1a688ba630,32eda5fd247a4cf0a513739203f90f1626f4ae4fbdec65ae0a1b08e194e96b7e,api_reference,rbi_related_parties_portal,success_status_change,cases/patches/rbi_related_parties_portal/api_reference/RPP-API-180.patch
CRPP2-RPP-API_REFERENCE-181,controlled-v2/rbi-related-parties-portal-copy,9400641,typescript,"[""src/Web/src/docguard-contract-lab-v2/api_reference/contracts_09.json""]","--- a/src/Web/src/docguard-contract-lab-v2/api_reference/contracts_09.json
+++ b/src/Web/src/docguard-contract-lab-v2/api_reference/contracts_09.json
@@ -3,7 +3,7 @@
   ""contracts"": [
     {
       ""contractId"": ""RPP-API-181"",
-      ""method"": ""POST"",
+      ""method"": ""PUT"",
       ""operationId"": ""rbirelatedpartiesportalOperation181"",
       ""path"": ""/api/rbi-related-parties-portal/v1/resources/181"",
       ""requiredQuery"": [
","<!-- docs/docguard-contract-lab-v2/API_REFERENCE.md @ controlled-baseline:19b04b8dac0d1838 -->
### RPP-API-181
- Operation: `rbirelatedpartiesportalOperation181`
- Public endpoint: `POST /api/rbi-related-parties-portal/v1/resources/181`
- Required query parameters: `tenantId`
- Success response status: `200`
",True,api_reference,Controlled design expectation: api_reference; independent human/owner acceptance still required before merge.,True,api_reference,"RPP-API-181: kod mijenja javni API ugovor iz 'POST' u 'PUT' (http_method_change), dok docs-before eksplicitno navodi staru vrijednost; dokumentacija bi zato postala zastarjela.",approved,980a7e40ca6e2bc0cd2be2c986820ebe17b8d94bb29c549bc3d65984d888f16e,18e836ef3a2ae1333c455ee8136e9f878e7ec9dcfa11d3b8aeca8d056973822b,api_reference,rbi_related_parties_portal,http_method_change,cases/patches/rbi_related_parties_portal/api_reference/RPP-API-181.patch
CRPP2-RPP-API_REFERENCE-182,controlled-v2/rbi-related-parties-portal-copy,9400642,typescript,"[""src/Web/src/docguard-contract-lab-v2/api_reference/contracts_09.json""]","--- a/src/Web/src/docguard-contract-lab-v2/api_reference/contracts_09.json
+++ b/src/Web/src/docguard-contract-lab-v2/api_reference/contracts_09.json
@@ -15,7 +15,7 @@
       ""contractId"": ""RPP-API-182"",
       ""method"": ""PUT"",
       ""operationId"": ""rbirelatedpartiesportalOperation182"",
-      ""path"": ""/api/rbi-related-parties-portal/v1/resources/182"",
+      ""path"": ""/api/rbi-related-parties-portal/v2/resources/182"",
       ""requiredQuery"": [
         ""tenantId""
       ],
","<!-- docs/docguard-contract-lab-v2/API_REFERENCE.md @ controlled-baseline:19b04b8dac0d1838 -->
### RPP-API-182
- Operation: `rbirelatedpartiesportalOperation182`
- Public endpoint: `PUT /api/rbi-related-parties-portal/v1/resources/182`
- Required query parameters: `tenantId`
- Success response status: `200`
",True,api_reference,Controlled design expectation: api_reference; independent human/owner acceptance still required before merge.,True,api_reference,"RPP-API-182: kod mijenja javni API ugovor iz '/api/rbi-related-parties-portal/v1/resources/182' u '/api/rbi-related-parties-portal/v2/resources/182' (endpoint_version_change), dok docs-before eksplicitno navodi staru vrijednost; dokumentacija bi zato postala zastarjela.",approved,7c324a2704035881677d9303bf47599b1e330640b70f63de525ac57e1e678da6,552904a4012a7ab65c293595565002450849122b4420edcba7a884d0d2b7033f,api_reference,rbi_related_parties_portal,endpoint_version_change,cases/patches/rbi_related_parties_portal/api_reference/RPP-API-182.patch
CRPP2-RPP-API_REFERENCE-183,controlled-v2/rbi-related-parties-portal-copy,9400643,typescript,"[""src/Web/src/docguard-contract-lab-v2/api_reference/contracts_09.json""]","--- a/src/Web/src/docguard-contract-lab-v2/api_reference/contracts_09.json
+++ b/src/Web/src/docguard-contract-lab-v2/api_reference/contracts_09.json
@@ -27,7 +27,8 @@
       ""operationId"": ""rbirelatedpartiesportalOperation183"",
       ""path"": ""/api/rbi-related-parties-portal/v1/resources/183"",
       ""requiredQuery"": [
-        ""tenantId""
+        ""tenantId"",
+        ""includeAudit""
       ],
       ""successStatus"": 200
     },
","<!-- docs/docguard-contract-lab-v2/API_REFERENCE.md @ controlled-baseline:19b04b8dac0d1838 -->
### RPP-API-183
- Operation: `rbirelatedpartiesportalOperation183`
- Public endpoint: `DELETE /api/rbi-related-parties-portal/v1/resources/183`
- Required query parameters: `tenantId`
- Success response status: `200`
",True,api_reference,Controlled design expectation: api_reference; independent human/owner acceptance still required before merge.,True,api_reference,"RPP-API-183: kod mijenja javni API ugovor iz 'tenantId' u 'tenantId, includeAudit' (required_parameter_added), dok docs-before eksplicitno navodi staru vrijednost; dokumentacija bi zato postala zastarjela.",approved,4e3c7f09e39deb52ace26bda6c8b94c886d69078698915732748a66b55f9c72c,75b19a82e1aefbd50b27b81464f37c8cacb95a0c90a459bc227c369d80924eea,api_reference,rbi_related_parties_portal,required_parameter_added,cases/patches/rbi_related_parties_portal/api_reference/RPP-API-183.patch
CRPP2-RPP-API_REFERENCE-184,controlled-v2/rbi-related-parties-portal-copy,9400644,typescript,"[""src/Web/src/docguard-contract-lab-v2/api_reference/contracts_09.json""]","--- a/src/Web/src/docguard-contract-lab-v2/api_reference/contracts_09.json
+++ b/src/Web/src/docguard-contract-lab-v2/api_reference/contracts_09.json
@@ -39,7 +39,7 @@
       ""requiredQuery"": [
         ""tenantId""
       ],
-      ""successStatus"": 200
+      ""successStatus"": 202
     },
     {
       ""contractId"": ""RPP-API-185"",
","<!-- docs/docguard-contract-lab-v2/API_REFERENCE.md @ controlled-baseline:19b04b8dac0d1838 -->
### RPP-API-184
- Operation: `rbirelatedpartiesportalOperation184`
- Public endpoint: `GET /api/rbi-related-parties-portal/v1/resources/184`
- Required query parameters: `tenantId`
- Success response status: `200`
",True,api_reference,Controlled design expectation: api_reference; independent human/owner acceptance still required before merge.,True,api_reference,"RPP-API-184: kod mijenja javni API ugovor iz '200' u '202' (success_status_change), dok docs-before eksplicitno navodi staru vrijednost; dokumentacija bi zato postala zastarjela.",approved,5800f3a46cb57b60a85862abe41f1ef0c39dbd8ac612d4708635fd218864b2c1,7fcd6651917130a7e6ff3ddab928096c582459614ecbbc0faf2b097c12c55396,api_reference,rbi_related_parties_portal,success_status_change,cases/patches/rbi_related_parties_portal/api_reference/RPP-API-184.patch
CRPP2-RPP-API_REFERENCE-185,controlled-v2/rbi-related-parties-portal-copy,9400645,typescript,"[""src/Web/src/docguard-contract-lab-v2/api_reference/contracts_09.json""]","--- a/src/Web/src/docguard-contract-lab-v2/api_reference/contracts_09.json
+++ b/src/Web/src/docguard-contract-lab-v2/api_reference/contracts_09.json
@@ -43,7 +43,7 @@
     },
     {
       ""contractId"": ""RPP-API-185"",
-      ""method"": ""POST"",
+      ""method"": ""PUT"",
       ""operationId"": ""rbirelatedpartiesportalOperation185"",
       ""path"": ""/api/rbi-related-parties-portal/v1/resources/185"",
       ""requiredQuery"": [
","<!-- docs/docguard-contract-lab-v2/API_REFERENCE.md @ controlled-baseline:19b04b8dac0d1838 -->
### RPP-API-185
- Operation: `rbirelatedpartiesportalOperation185`
- Public endpoint: `POST /api/rbi-related-parties-portal/v1/resources/185`
- Required query parameters: `tenantId`
- Success response status: `200`
",True,api_reference,Controlled design expectation: api_reference; independent human/owner acceptance still required before merge.,True,api_reference,"RPP-API-185: kod mijenja javni API ugovor iz 'POST' u 'PUT' (http_method_change), dok docs-before eksplicitno navodi staru vrijednost; dokumentacija bi zato postala zastarjela.",approved,66bc9efe39c5d52d860920b2b7362641321cad369f1e2bd46a5ddb49da8e8272,f2312468feed8045b063ea2958cd785bab231d83cf7387daa16e953d768e2e87,api_reference,rbi_related_parties_portal,http_method_change,cases/patches/rbi_related_parties_portal/api_reference/RPP-API-185.patch
CRPP2-RPP-API_REFERENCE-186,controlled-v2/rbi-related-parties-portal-copy,9400646,typescript,"[""src/Web/src/docguard-contract-lab-v2/api_reference/contracts_09.json""]","--- a/src/Web/src/docguard-contract-lab-v2/api_reference/contracts_09.json
+++ b/src/Web/src/docguard-contract-lab-v2/api_reference/contracts_09.json
@@ -55,7 +55,7 @@
       ""contractId"": ""RPP-API-186"",
       ""method"": ""PUT"",
       ""operationId"": ""rbirelatedpartiesportalOperation186"",
-      ""path"": ""/api/rbi-related-parties-portal/v1/resources/186"",
+      ""path"": ""/api/rbi-related-parties-portal/v2/resources/186"",
       ""requiredQuery"": [
         ""tenantId""
       ],
","<!-- docs/docguard-contract-lab-v2/API_REFERENCE.md @ controlled-baseline:19b04b8dac0d1838 -->
### RPP-API-186
- Operation: `rbirelatedpartiesportalOperation186`
- Public endpoint: `PUT /api/rbi-related-parties-portal/v1/resources/186`
- Required query parameters: `tenantId`
- Success response status: `200`
",True,api_reference,Controlled design expectation: api_reference; independent human/owner acceptance still required before merge.,True,api_reference,"RPP-API-186: kod mijenja javni API ugovor iz '/api/rbi-related-parties-portal/v1/resources/186' u '/api/rbi-related-parties-portal/v2/resources/186' (endpoint_version_change), dok docs-before eksplicitno navodi staru vrijednost; dokumentacija bi zato postala zastarjela.",approved,1b50c201af53c5ef04c8b9dc6c44689fce5c0f48c3550c5223305fbc70492076,480e46a81540791d0457a00405b95b3f485a8dea8fabf41276d9a5a66c80cfe9,api_reference,rbi_related_parties_portal,endpoint_version_change,cases/patches/rbi_related_parties_portal/api_reference/RPP-API-186.patch
CRPP2-RPP-API_REFERENCE-187,controlled-v2/rbi-related-parties-portal-copy,9400647,typescript,"[""src/Web/src/docguard-contract-lab-v2/api_reference/contracts_09.json""]","--- a/src/Web/src/docguard-contract-lab-v2/api_reference/contracts_09.json
+++ b/src/Web/src/docguard-contract-lab-v2/api_reference/contracts_09.json
@@ -67,7 +67,8 @@
       ""operationId"": ""rbirelatedpartiesportalOperation187"",
       ""path"": ""/api/rbi-related-parties-portal/v1/resources/187"",
       ""requiredQuery"": [
-        ""tenantId""
+        ""tenantId"",
+        ""includeAudit""
       ],
       ""successStatus"": 200
     },
","<!-- docs/docguard-contract-lab-v2/API_REFERENCE.md @ controlled-baseline:19b04b8dac0d1838 -->
### RPP-API-187
- Operation: `rbirelatedpartiesportalOperation187`
- Public endpoint: `DELETE /api/rbi-related-parties-portal/v1/resources/187`
- Required query parameters: `tenantId`
- Success response status: `200`
",True,api_reference,Controlled design expectation: api_reference; independent human/owner acceptance still required before merge.,True,api_reference,"RPP-API-187: kod mijenja javni API ugovor iz 'tenantId' u 'tenantId, includeAudit' (required_parameter_added), dok docs-before eksplicitno navodi staru vrijednost; dokumentacija bi zato postala zastarjela.",approved,2df12e8a6d8fbb0e83e2fdca3238b7138b37b0f3e8154fd02eb30018b90ff84c,a9c405f64b137fd999c52ea3c2f034c39148bc404b8c7bae237ec46f4bd93df6,api_reference,rbi_related_parties_portal,required_parameter_added,cases/patches/rbi_related_parties_portal/api_reference/RPP-API-187.patch
CRPP2-RPP-API_REFERENCE-188,controlled-v2/rbi-related-parties-portal-copy,9400648,typescript,"[""src/Web/src/docguard-contract-lab-v2/api_reference/contracts_09.json""]","--- a/src/Web/src/docguard-contract-lab-v2/api_reference/contracts_09.json
+++ b/src/Web/src/docguard-contract-lab-v2/api_reference/contracts_09.json
@@ -79,7 +79,7 @@
       ""requiredQuery"": [
         ""tenantId""
       ],
-      ""successStatus"": 200
+      ""successStatus"": 202
     },
     {
       ""contractId"": ""RPP-API-189"",
","<!-- docs/docguard-contract-lab-v2/API_REFERENCE.md @ controlled-baseline:19b04b8dac0d1838 -->
### RPP-API-188
- Operation: `rbirelatedpartiesportalOperation188`
- Public endpoint: `GET /api/rbi-related-parties-portal/v1/resources/188`
- Required query parameters: `tenantId`
- Success response status: `200`
",True,api_reference,Controlled design expectation: api_reference; independent human/owner acceptance still required before merge.,True,api_reference,"RPP-API-188: kod mijenja javni API ugovor iz '200' u '202' (success_status_change), dok docs-before eksplicitno navodi staru vrijednost; dokumentacija bi zato postala zastarjela.",approved,f3aeb3fa1273ccecee44fb5fe2249e63db5786ec79ae041a453dea3252536168,2aadfc713f78608ab321d8e9d15a489fd267befab401daed360de4d5a9fb9667,api_reference,rbi_related_parties_portal,success_status_change,cases/patches/rbi_related_parties_portal/api_reference/RPP-API-188.patch
CRPP2-RPP-API_REFERENCE-189,controlled-v2/rbi-related-parties-portal-copy,9400649,typescript,"[""src/Web/src/docguard-contract-lab-v2/api_reference/contracts_09.json""]","--- a/src/Web/src/docguard-contract-lab-v2/api_reference/contracts_09.json
+++ b/src/Web/src/docguard-contract-lab-v2/api_reference/contracts_09.json
@@ -83,7 +83,7 @@
     },
     {
       ""contractId"": ""RPP-API-189"",
-      ""method"": ""POST"",
+      ""method"": ""PUT"",
       ""operationId"": ""rbirelatedpartiesportalOperation189"",
       ""path"": ""/api/rbi-related-parties-portal/v1/resources/189"",
       ""requiredQuery"": [
","<!-- docs/docguard-contract-lab-v2/API_REFERENCE.md @ controlled-baseline:19b04b8dac0d1838 -->
### RPP-API-189
- Operation: `rbirelatedpartiesportalOperation189`
- Public endpoint: `POST /api/rbi-related-parties-portal/v1/resources/189`
- Required query parameters: `tenantId`
- Success response status: `200`
",True,api_reference,Controlled design expectation: api_reference; independent human/owner acceptance still required before merge.,True,api_reference,"RPP-API-189: kod mijenja javni API ugovor iz 'POST' u 'PUT' (http_method_change), dok docs-before eksplicitno navodi staru vrijednost; dokumentacija bi zato postala zastarjela.",approved,a2028fc38a0b4b70086613f6fac48f0abb2ac5e14c3f0e4da3b7aac4700abbf4,b1efbdf59e9ee07d55c90f58584da552041f79bd480735529920720d995a022e,api_reference,rbi_related_parties_portal,http_method_change,cases/patches/rbi_related_parties_portal/api_reference/RPP-API-189.patch
CRPP2-RPP-API_REFERENCE-190,controlled-v2/rbi-related-parties-portal-copy,9400650,typescript,"[""src/Web/src/docguard-contract-lab-v2/api_reference/contracts_09.json""]","--- a/src/Web/src/docguard-contract-lab-v2/api_reference/contracts_09.json
+++ b/src/Web/src/docguard-contract-lab-v2/api_reference/contracts_09.json
@@ -95,7 +95,7 @@
       ""contractId"": ""RPP-API-190"",
       ""method"": ""PUT"",
       ""operationId"": ""rbirelatedpartiesportalOperation190"",
-      ""path"": ""/api/rbi-related-parties-portal/v1/resources/190"",
+      ""path"": ""/api/rbi-related-parties-portal/v2/resources/190"",
       ""requiredQuery"": [
         ""tenantId""
       ],
","<!-- docs/docguard-contract-lab-v2/API_REFERENCE.md @ controlled-baseline:19b04b8dac0d1838 -->
### RPP-API-190
- Operation: `rbirelatedpartiesportalOperation190`
- Public endpoint: `PUT /api/rbi-related-parties-portal/v1/resources/190`
- Required query parameters: `tenantId`
- Success response status: `200`
",True,api_reference,Controlled design expectation: api_reference; independent human/owner acceptance still required before merge.,True,api_reference,"RPP-API-190: kod mijenja javni API ugovor iz '/api/rbi-related-parties-portal/v1/resources/190' u '/api/rbi-related-parties-portal/v2/resources/190' (endpoint_version_change), dok docs-before eksplicitno navodi staru vrijednost; dokumentacija bi zato postala zastarjela.",approved,790ae33b728220a3109eded97d7443c716e7f9482b44762d57742f7402fcdc4d,badc2f5253f307daa83f5529bdc74f17a74ec3bdec9392bf540f6075524847b1,api_reference,rbi_related_parties_portal,endpoint_version_change,cases/patches/rbi_related_parties_portal/api_reference/RPP-API-190.patch
CRPP2-RPP-API_REFERENCE-191,controlled-v2/rbi-related-parties-portal-copy,9400651,typescript,"[""src/Web/src/docguard-contract-lab-v2/api_reference/contracts_10.json""]","--- a/src/Web/src/docguard-contract-lab-v2/api_reference/contracts_10.json
+++ b/src/Web/src/docguard-contract-lab-v2/api_reference/contracts_10.json
@@ -7,7 +7,8 @@
       ""operationId"": ""rbirelatedpartiesportalOperation191"",
       ""path"": ""/api/rbi-related-parties-portal/v1/resources/191"",
       ""requiredQuery"": [
-        ""tenantId""
+        ""tenantId"",
+        ""includeAudit""
       ],
       ""successStatus"": 200
     },
","<!-- docs/docguard-contract-lab-v2/API_REFERENCE.md @ controlled-baseline:19b04b8dac0d1838 -->
### RPP-API-191
- Operation: `rbirelatedpartiesportalOperation191`
- Public endpoint: `DELETE /api/rbi-related-parties-portal/v1/resources/191`
- Required query parameters: `tenantId`
- Success response status: `200`
",True,api_reference,Controlled design expectation: api_reference; independent human/owner acceptance still required before merge.,True,api_reference,"RPP-API-191: kod mijenja javni API ugovor iz 'tenantId' u 'tenantId, includeAudit' (required_parameter_added), dok docs-before eksplicitno navodi staru vrijednost; dokumentacija bi zato postala zastarjela.",approved,68dede480fb8730a5265c5f448b904eb203994bf0f890a9e38adfb198ef0b0ba,9c11db46c0513bcf062b907991026c7f8bb2135451f3343c2db6502930a5feb2,api_reference,rbi_related_parties_portal,required_parameter_added,cases/patches/rbi_related_parties_portal/api_reference/RPP-API-191.patch
CRPP2-RPP-API_REFERENCE-192,controlled-v2/rbi-related-parties-portal-copy,9400652,typescript,"[""src/Web/src/docguard-contract-lab-v2/api_reference/contracts_10.json""]","--- a/src/Web/src/docguard-contract-lab-v2/api_reference/contracts_10.json
+++ b/src/Web/src/docguard-contract-lab-v2/api_reference/contracts_10.json
@@ -19,7 +19,7 @@
       ""requiredQuery"": [
         ""tenantId""
       ],
-      ""successStatus"": 200
+      ""successStatus"": 202
     },
     {
       ""contractId"": ""RPP-API-193"",
","<!-- docs/docguard-contract-lab-v2/API_REFERENCE.md @ controlled-baseline:19b04b8dac0d1838 -->
### RPP-API-192
- Operation: `rbirelatedpartiesportalOperation192`
- Public endpoint: `GET /api/rbi-related-parties-portal/v1/resources/192`
- Required query parameters: `tenantId`
- Success response status: `200`
",True,api_reference,Controlled design expectation: api_reference; independent human/owner acceptance still required before merge.,True,api_reference,"RPP-API-192: kod mijenja javni API ugovor iz '200' u '202' (success_status_change), dok docs-before eksplicitno navodi staru vrijednost; dokumentacija bi zato postala zastarjela.",approved,fc47e5f6d66ecf18475a2a2549c73edddba7f2d4b3125ebaeeff8ae9ebacfb62,851abe1fd38538b96ea6cb3456c9fb2d8c384bfa1edd0b0de9be6c1a60208482,api_reference,rbi_related_parties_portal,success_status_change,cases/patches/rbi_related_parties_portal/api_reference/RPP-API-192.patch
CRPP2-RPP-API_REFERENCE-193,controlled-v2/rbi-related-parties-portal-copy,9400653,typescript,"[""src/Web/src/docguard-contract-lab-v2/api_reference/contracts_10.json""]","--- a/src/Web/src/docguard-contract-lab-v2/api_reference/contracts_10.json
+++ b/src/Web/src/docguard-contract-lab-v2/api_reference/contracts_10.json
@@ -23,7 +23,7 @@
     },
     {
       ""contractId"": ""RPP-API-193"",
-      ""method"": ""POST"",
+      ""method"": ""PUT"",
       ""operationId"": ""rbirelatedpartiesportalOperation193"",
       ""path"": ""/api/rbi-related-parties-portal/v1/resources/193"",
       ""requiredQuery"": [
","<!-- docs/docguard-contract-lab-v2/API_REFERENCE.md @ controlled-baseline:19b04b8dac0d1838 -->
### RPP-API-193
- Operation: `rbirelatedpartiesportalOperation193`
- Public endpoint: `POST /api/rbi-related-parties-portal/v1/resources/193`
- Required query parameters: `tenantId`
- Success response status: `200`
",True,api_reference,Controlled design expectation: api_reference; independent human/owner acceptance still required before merge.,True,api_reference,"RPP-API-193: kod mijenja javni API ugovor iz 'POST' u 'PUT' (http_method_change), dok docs-before eksplicitno navodi staru vrijednost; dokumentacija bi zato postala zastarjela.",approved,b8db6c9c945863340c858e4a40f1e1ac6e0fad10a0c94352d7261c8d43bba3ee,339c97d109a3e77cee0d82a2358506dd50ed9a495c8f78b8af1857848cf1ead1,api_reference,rbi_related_parties_portal,http_method_change,cases/patches/rbi_related_parties_portal/api_reference/RPP-API-193.patch
CRPP2-RPP-API_REFERENCE-194,controlled-v2/rbi-related-parties-portal-copy,9400654,typescript,"[""src/Web/src/docguard-contract-lab-v2/api_reference/contracts_10.json""]","--- a/src/Web/src/docguard-contract-lab-v2/api_reference/contracts_10.json
+++ b/src/Web/src/docguard-contract-lab-v2/api_reference/contracts_10.json
@@ -35,7 +35,7 @@
       ""contractId"": ""RPP-API-194"",
       ""method"": ""PUT"",
       ""operationId"": ""rbirelatedpartiesportalOperation194"",
-      ""path"": ""/api/rbi-related-parties-portal/v1/resources/194"",
+      ""path"": ""/api/rbi-related-parties-portal/v2/resources/194"",
       ""requiredQuery"": [
         ""tenantId""
       ],
","<!-- docs/docguard-contract-lab-v2/API_REFERENCE.md @ controlled-baseline:19b04b8dac0d1838 -->
### RPP-API-194
- Operation: `rbirelatedpartiesportalOperation194`
- Public endpoint: `PUT /api/rbi-related-parties-portal/v1/resources/194`
- Required query parameters: `tenantId`
- Success response status: `200`
",True,api_reference,Controlled design expectation: api_reference; independent human/owner acceptance still required before merge.,True,api_reference,"RPP-API-194: kod mijenja javni API ugovor iz '/api/rbi-related-parties-portal/v1/resources/194' u '/api/rbi-related-parties-portal/v2/resources/194' (endpoint_version_change), dok docs-before eksplicitno navodi staru vrijednost; dokumentacija bi zato postala zastarjela.",approved,71a9f196519fd3aa75af9ab8c9a073cc1fb364c140a3a3b58a493fc45c9fc000,e8166ae3950deb4b9f99b8c42b56ff62fd9aa17cfc6725c2417ce5042cddb6b1,api_reference,rbi_related_parties_portal,endpoint_version_change,cases/patches/rbi_related_parties_portal/api_reference/RPP-API-194.patch
CRPP2-RPP-API_REFERENCE-195,controlled-v2/rbi-related-parties-portal-copy,9400655,typescript,"[""src/Web/src/docguard-contract-lab-v2/api_reference/contracts_10.json""]","--- a/src/Web/src/docguard-contract-lab-v2/api_reference/contracts_10.json
+++ b/src/Web/src/docguard-contract-lab-v2/api_reference/contracts_10.json
@@ -47,7 +47,8 @@
       ""operationId"": ""rbirelatedpartiesportalOperation195"",
       ""path"": ""/api/rbi-related-parties-portal/v1/resources/195"",
       ""requiredQuery"": [
-        ""tenantId""
+        ""tenantId"",
+        ""includeAudit""
       ],
       ""successStatus"": 200
     },
","<!-- docs/docguard-contract-lab-v2/API_REFERENCE.md @ controlled-baseline:19b04b8dac0d1838 -->
### RPP-API-195
- Operation: `rbirelatedpartiesportalOperation195`
- Public endpoint: `DELETE /api/rbi-related-parties-portal/v1/resources/195`
- Required query parameters: `tenantId`
- Success response status: `200`
",True,api_reference,Controlled design expectation: api_reference; independent human/owner acceptance still required before merge.,True,api_reference,"RPP-API-195: kod mijenja javni API ugovor iz 'tenantId' u 'tenantId, includeAudit' (required_parameter_added), dok docs-before eksplicitno navodi staru vrijednost; dokumentacija bi zato postala zastarjela.",approved,ffe5193f85986bff4c1be48bbe751940adff4d2550b3682f935af7cd1b3f73f2,5e2b2869c11a2940657bfdf1f3047e027fbacf2ac29d245d392e7e0a88e291ff,api_reference,rbi_related_parties_portal,required_parameter_added,cases/patches/rbi_related_parties_portal/api_reference/RPP-API-195.patch
CRPP2-RPP-API_REFERENCE-196,controlled-v2/rbi-related-parties-portal-copy,9400656,typescript,"[""src/Web/src/docguard-contract-lab-v2/api_reference/contracts_10.json""]","--- a/src/Web/src/docguard-contract-lab-v2/api_reference/contracts_10.json
+++ b/src/Web/src/docguard-contract-lab-v2/api_reference/contracts_10.json
@@ -59,7 +59,7 @@
       ""requiredQuery"": [
         ""tenantId""
       ],
-      ""successStatus"": 200
+      ""successStatus"": 202
     },
     {
       ""contractId"": ""RPP-API-197"",
","<!-- docs/docguard-contract-lab-v2/API_REFERENCE.md @ controlled-baseline:19b04b8dac0d1838 -->
### RPP-API-196
- Operation: `rbirelatedpartiesportalOperation196`
- Public endpoint: `GET /api/rbi-related-parties-portal/v1/resources/196`
- Required query parameters: `tenantId`
- Success response status: `200`
",True,api_reference,Controlled design expectation: api_reference; independent human/owner acceptance still required before merge.,True,api_reference,"RPP-API-196: kod mijenja javni API ugovor iz '200' u '202' (success_status_change), dok docs-before eksplicitno navodi staru vrijednost; dokumentacija bi zato postala zastarjela.",approved,8e74ae2a8493a00437b46ec0a0a125c662cfd625d5219546b5dc3f92453b2842,65e544e5e437879ffcab2eb8ac9e3d2c51c8b1dbd787c0b726c49a106e60f23c,api_reference,rbi_related_parties_portal,success_status_change,cases/patches/rbi_related_parties_portal/api_reference/RPP-API-196.patch
CRPP2-RPP-API_REFERENCE-197,controlled-v2/rbi-related-parties-portal-copy,9400657,typescript,"[""src/Web/src/docguard-contract-lab-v2/api_reference/contracts_10.json""]","--- a/src/Web/src/docguard-contract-lab-v2/api_reference/contracts_10.json
+++ b/src/Web/src/docguard-contract-lab-v2/api_reference/contracts_10.json
@@ -63,7 +63,7 @@
     },
     {
       ""contractId"": ""RPP-API-197"",
-      ""method"": ""POST"",
+      ""method"": ""PUT"",
       ""operationId"": ""rbirelatedpartiesportalOperation197"",
       ""path"": ""/api/rbi-related-parties-portal/v1/resources/197"",
       ""requiredQuery"": [
","<!-- docs/docguard-contract-lab-v2/API_REFERENCE.md @ controlled-baseline:19b04b8dac0d1838 -->
### RPP-API-197
- Operation: `rbirelatedpartiesportalOperation197`
- Public endpoint: `POST /api/rbi-related-parties-portal/v1/resources/197`
- Required query parameters: `tenantId`
- Success response status: `200`
",True,api_reference,Controlled design expectation: api_reference; independent human/owner acceptance still required before merge.,True,api_reference,"RPP-API-197: kod mijenja javni API ugovor iz 'POST' u 'PUT' (http_method_change), dok docs-before eksplicitno navodi staru vrijednost; dokumentacija bi zato postala zastarjela.",approved,0d171aa51c369eefcf95222699a8f1893619878a27609a345f88ab99dcd50023,fc525f45f7f3641acf451572b157ded05260f7fe6f1d430e4f91c10c15984142,api_reference,rbi_related_parties_portal,http_method_change,cases/patches/rbi_related_parties_portal/api_reference/RPP-API-197.patch
CRPP2-RPP-API_REFERENCE-198,controlled-v2/rbi-related-parties-portal-copy,9400658,typescript,"[""src/Web/src/docguard-contract-lab-v2/api_reference/contracts_10.json""]","--- a/src/Web/src/docguard-contract-lab-v2/api_reference/contracts_10.json
+++ b/src/Web/src/docguard-contract-lab-v2/api_reference/contracts_10.json
@@ -75,7 +75,7 @@
       ""contractId"": ""RPP-API-198"",
       ""method"": ""PUT"",
       ""operationId"": ""rbirelatedpartiesportalOperation198"",
-      ""path"": ""/api/rbi-related-parties-portal/v1/resources/198"",
+      ""path"": ""/api/rbi-related-parties-portal/v2/resources/198"",
       ""requiredQuery"": [
         ""tenantId""
       ],
","<!-- docs/docguard-contract-lab-v2/API_REFERENCE.md @ controlled-baseline:19b04b8dac0d1838 -->
### RPP-API-198
- Operation: `rbirelatedpartiesportalOperation198`
- Public endpoint: `PUT /api/rbi-related-parties-portal/v1/resources/198`
- Required query parameters: `tenantId`
- Success response status: `200`
",True,api_reference,Controlled design expectation: api_reference; independent human/owner acceptance still required before merge.,True,api_reference,"RPP-API-198: kod mijenja javni API ugovor iz '/api/rbi-related-parties-portal/v1/resources/198' u '/api/rbi-related-parties-portal/v2/resources/198' (endpoint_version_change), dok docs-before eksplicitno navodi staru vrijednost; dokumentacija bi zato postala zastarjela.",approved,4965f50edca0472263ed2834b2c927bf76fd94876ae9a491f1a01663ecb1dfc8,683ec5b64b49687645b0d3d30225c3e2de536eef23ae3d224d3c9e83cf43fa2d,api_reference,rbi_related_parties_portal,endpoint_version_change,cases/patches/rbi_related_parties_portal/api_reference/RPP-API-198.patch
CRPP2-RPP-API_REFERENCE-199,controlled-v2/rbi-related-parties-portal-copy,9400659,typescript,"[""src/Web/src/docguard-contract-lab-v2/api_reference/contracts_10.json""]","--- a/src/Web/src/docguard-contract-lab-v2/api_reference/contracts_10.json
+++ b/src/Web/src/docguard-contract-lab-v2/api_reference/contracts_10.json
@@ -87,7 +87,8 @@
       ""operationId"": ""rbirelatedpartiesportalOperation199"",
       ""path"": ""/api/rbi-related-parties-portal/v1/resources/199"",
       ""requiredQuery"": [
-        ""tenantId""
+        ""tenantId"",
+        ""includeAudit""
       ],
       ""successStatus"": 200
     },
","<!-- docs/docguard-contract-lab-v2/API_REFERENCE.md @ controlled-baseline:19b04b8dac0d1838 -->
### RPP-API-199
- Operation: `rbirelatedpartiesportalOperation199`
- Public endpoint: `DELETE /api/rbi-related-parties-portal/v1/resources/199`
- Required query parameters: `tenantId`
- Success response status: `200`
",True,api_reference,Controlled design expectation: api_reference; independent human/owner acceptance still required before merge.,True,api_reference,"RPP-API-199: kod mijenja javni API ugovor iz 'tenantId' u 'tenantId, includeAudit' (required_parameter_added), dok docs-before eksplicitno navodi staru vrijednost; dokumentacija bi zato postala zastarjela.",approved,f9ef6512f959511286efacff8877be4268b82a75648037154f2691da051b1ab9,8b451094ef028e218300658fdc9337462fa27de3f68ede1324dbb7000c68fec7,api_reference,rbi_related_parties_portal,required_parameter_added,cases/patches/rbi_related_parties_portal/api_reference/RPP-API-199.patch
CRPP2-RPP-API_REFERENCE-200,controlled-v2/rbi-related-parties-portal-copy,9400660,typescript,"[""src/Web/src/docguard-contract-lab-v2/api_reference/contracts_10.json""]","--- a/src/Web/src/docguard-contract-lab-v2/api_reference/contracts_10.json
+++ b/src/Web/src/docguard-contract-lab-v2/api_reference/contracts_10.json
@@ -99,7 +99,7 @@
       ""requiredQuery"": [
         ""tenantId""
       ],
-      ""successStatus"": 200
+      ""successStatus"": 202
     }
   ],
   ""project"": ""rbi_related_parties_portal"",
","<!-- docs/docguard-contract-lab-v2/API_REFERENCE.md @ controlled-baseline:19b04b8dac0d1838 -->
### RPP-API-200
- Operation: `rbirelatedpartiesportalOperation200`
- Public endpoint: `GET /api/rbi-related-parties-portal/v1/resources/200`
- Required query parameters: `tenantId`
- Success response status: `200`
",True,api_reference,Controlled design expectation: api_reference; independent human/owner acceptance still required before merge.,True,api_reference,"RPP-API-200: kod mijenja javni API ugovor iz '200' u '202' (success_status_change), dok docs-before eksplicitno navodi staru vrijednost; dokumentacija bi zato postala zastarjela.",approved,42092c6653630e1126a7b1951ca4cb474490102a02828cb80a776ee2665c4c1d,d1dde61aa952d144f7493bdd249912917e261cc073b9642003457fa5f840e707,api_reference,rbi_related_parties_portal,success_status_change,cases/patches/rbi_related_parties_portal/api_reference/RPP-API-200.patch
CRPP2-RPP-API_REFERENCE-201,controlled-v2/rbi-related-parties-portal-copy,9400661,typescript,"[""src/Web/src/docguard-contract-lab-v2/api_reference/contracts_11.json""]","--- a/src/Web/src/docguard-contract-lab-v2/api_reference/contracts_11.json
+++ b/src/Web/src/docguard-contract-lab-v2/api_reference/contracts_11.json
@@ -3,7 +3,7 @@
   ""contracts"": [
     {
       ""contractId"": ""RPP-API-201"",
-      ""method"": ""POST"",
+      ""method"": ""PUT"",
       ""operationId"": ""rbirelatedpartiesportalOperation201"",
       ""path"": ""/api/rbi-related-parties-portal/v1/resources/201"",
       ""requiredQuery"": [
","<!-- docs/docguard-contract-lab-v2/API_REFERENCE.md @ controlled-baseline:19b04b8dac0d1838 -->
### RPP-API-201
- Operation: `rbirelatedpartiesportalOperation201`
- Public endpoint: `POST /api/rbi-related-parties-portal/v1/resources/201`
- Required query parameters: `tenantId`
- Success response status: `200`
",True,api_reference,Controlled design expectation: api_reference; independent human/owner acceptance still required before merge.,True,api_reference,"RPP-API-201: kod mijenja javni API ugovor iz 'POST' u 'PUT' (http_method_change), dok docs-before eksplicitno navodi staru vrijednost; dokumentacija bi zato postala zastarjela.",approved,777e2a350bbbd74cfaf153834252d9ae427b73be2f496c49ae04f46137ada62d,5751aae9d86c78723f2e99c9ddd2884d80c83832392d858a2a5d81c590f02ffa,api_reference,rbi_related_parties_portal,http_method_change,cases/patches/rbi_related_parties_portal/api_reference/RPP-API-201.patch
CRPP2-RPP-API_REFERENCE-202,controlled-v2/rbi-related-parties-portal-copy,9400662,typescript,"[""src/Web/src/docguard-contract-lab-v2/api_reference/contracts_11.json""]","--- a/src/Web/src/docguard-contract-lab-v2/api_reference/contracts_11.json
+++ b/src/Web/src/docguard-contract-lab-v2/api_reference/contracts_11.json
@@ -15,7 +15,7 @@
       ""contractId"": ""RPP-API-202"",
       ""method"": ""PUT"",
       ""operationId"": ""rbirelatedpartiesportalOperation202"",
-      ""path"": ""/api/rbi-related-parties-portal/v1/resources/202"",
+      ""path"": ""/api/rbi-related-parties-portal/v2/resources/202"",
       ""requiredQuery"": [
         ""tenantId""
       ],
","<!-- docs/docguard-contract-lab-v2/API_REFERENCE.md @ controlled-baseline:19b04b8dac0d1838 -->
### RPP-API-202
- Operation: `rbirelatedpartiesportalOperation202`
- Public endpoint: `PUT /api/rbi-related-parties-portal/v1/resources/202`
- Required query parameters: `tenantId`
- Success response status: `200`
",True,api_reference,Controlled design expectation: api_reference; independent human/owner acceptance still required before merge.,True,api_reference,"RPP-API-202: kod mijenja javni API ugovor iz '/api/rbi-related-parties-portal/v1/resources/202' u '/api/rbi-related-parties-portal/v2/resources/202' (endpoint_version_change), dok docs-before eksplicitno navodi staru vrijednost; dokumentacija bi zato postala zastarjela.",approved,8b56a3edf05dde24f401fc4b6e72f359184dd75c79384004430e10eb2d60b713,105a2b05c78a3e12aa61682fa6fec8e84e2d8082d2abe2a6385a69779b44f4c7,api_reference,rbi_related_parties_portal,endpoint_version_change,cases/patches/rbi_related_parties_portal/api_reference/RPP-API-202.patch
CRPP2-RPP-API_REFERENCE-203,controlled-v2/rbi-related-parties-portal-copy,9400663,typescript,"[""src/Web/src/docguard-contract-lab-v2/api_reference/contracts_11.json""]","--- a/src/Web/src/docguard-contract-lab-v2/api_reference/contracts_11.json
+++ b/src/Web/src/docguard-contract-lab-v2/api_reference/contracts_11.json
@@ -27,7 +27,8 @@
       ""operationId"": ""rbirelatedpartiesportalOperation203"",
       ""path"": ""/api/rbi-related-parties-portal/v1/resources/203"",
       ""requiredQuery"": [
-        ""tenantId""
+        ""tenantId"",
+        ""includeAudit""
       ],
       ""successStatus"": 200
     },
","<!-- docs/docguard-contract-lab-v2/API_REFERENCE.md @ controlled-baseline:19b04b8dac0d1838 -->
### RPP-API-203
- Operation: `rbirelatedpartiesportalOperation203`
- Public endpoint: `DELETE /api/rbi-related-parties-portal/v1/resources/203`
- Required query parameters: `tenantId`
- Success response status: `200`
",True,api_reference,Controlled design expectation: api_reference; independent human/owner acceptance still required before merge.,True,api_reference,"RPP-API-203: kod mijenja javni API ugovor iz 'tenantId' u 'tenantId, includeAudit' (required_parameter_added), dok docs-before eksplicitno navodi staru vrijednost; dokumentacija bi zato postala zastarjela.",approved,a417c8cb4074b862f446b1c098fa16bcda6d93551e09dedb0ee100cb8836539c,eca584113c8ae2726691c78d4f6741c0e0a638def997a363c862b5b718149c93,api_reference,rbi_related_parties_portal,required_parameter_added,cases/patches/rbi_related_parties_portal/api_reference/RPP-API-203.patch
CRPP2-RPP-API_REFERENCE-204,controlled-v2/rbi-related-parties-portal-copy,9400664,typescript,"[""src/Web/src/docguard-contract-lab-v2/api_reference/contracts_11.json""]","--- a/src/Web/src/docguard-contract-lab-v2/api_reference/contracts_11.json
+++ b/src/Web/src/docguard-contract-lab-v2/api_reference/contracts_11.json
@@ -39,7 +39,7 @@
       ""requiredQuery"": [
         ""tenantId""
       ],
-      ""successStatus"": 200
+      ""successStatus"": 202
     },
     {
       ""contractId"": ""RPP-API-205"",
","<!-- docs/docguard-contract-lab-v2/API_REFERENCE.md @ controlled-baseline:19b04b8dac0d1838 -->
### RPP-API-204
- Operation: `rbirelatedpartiesportalOperation204`
- Public endpoint: `GET /api/rbi-related-parties-portal/v1/resources/204`
- Required query parameters: `tenantId`
- Success response status: `200`
",True,api_reference,Controlled design expectation: api_reference; independent human/owner acceptance still required before merge.,True,api_reference,"RPP-API-204: kod mijenja javni API ugovor iz '200' u '202' (success_status_change), dok docs-before eksplicitno navodi staru vrijednost; dokumentacija bi zato postala zastarjela.",approved,afb5ad01e86bb10791c0cf064425e35915982ade3131d43b0d17e56f15c40ac1,2677ad49471e669dac507e398d601f98d9700c1325e5a129906a7d9b32213be0,api_reference,rbi_related_parties_portal,success_status_change,cases/patches/rbi_related_parties_portal/api_reference/RPP-API-204.patch
CRPP2-RPP-API_REFERENCE-205,controlled-v2/rbi-related-parties-portal-copy,9400665,typescript,"[""src/Web/src/docguard-contract-lab-v2/api_reference/contracts_11.json""]","--- a/src/Web/src/docguard-contract-lab-v2/api_reference/contracts_11.json
+++ b/src/Web/src/docguard-contract-lab-v2/api_reference/contracts_11.json
@@ -43,7 +43,7 @@
     },
     {
       ""contractId"": ""RPP-API-205"",
-      ""method"": ""POST"",
+      ""method"": ""PUT"",
       ""operationId"": ""rbirelatedpartiesportalOperation205"",
       ""path"": ""/api/rbi-related-parties-portal/v1/resources/205"",
       ""requiredQuery"": [
","<!-- docs/docguard-contract-lab-v2/API_REFERENCE.md @ controlled-baseline:19b04b8dac0d1838 -->
### RPP-API-205
- Operation: `rbirelatedpartiesportalOperation205`
- Public endpoint: `POST /api/rbi-related-parties-portal/v1/resources/205`
- Required query parameters: `tenantId`
- Success response status: `200`
",True,api_reference,Controlled design expectation: api_reference; independent human/owner acceptance still required before merge.,True,api_reference,"RPP-API-205: kod mijenja javni API ugovor iz 'POST' u 'PUT' (http_method_change), dok docs-before eksplicitno navodi staru vrijednost; dokumentacija bi zato postala zastarjela.",approved,fe4dc32614592e06263592914c98acfa9fedafea9b38c5a7701da2ed0c98c5de,018428fde2be5d5a79ac4ee4f836c075ed22b03400f9a1175b2eea766584c453,api_reference,rbi_related_parties_portal,http_method_change,cases/patches/rbi_related_parties_portal/api_reference/RPP-API-205.patch
CRPP2-RPP-API_REFERENCE-206,controlled-v2/rbi-related-parties-portal-copy,9400666,typescript,"[""src/Web/src/docguard-contract-lab-v2/api_reference/contracts_11.json""]","--- a/src/Web/src/docguard-contract-lab-v2/api_reference/contracts_11.json
+++ b/src/Web/src/docguard-contract-lab-v2/api_reference/contracts_11.json
@@ -55,7 +55,7 @@
       ""contractId"": ""RPP-API-206"",
       ""method"": ""PUT"",
       ""operationId"": ""rbirelatedpartiesportalOperation206"",
-      ""path"": ""/api/rbi-related-parties-portal/v1/resources/206"",
+      ""path"": ""/api/rbi-related-parties-portal/v2/resources/206"",
       ""requiredQuery"": [
         ""tenantId""
       ],
","<!-- docs/docguard-contract-lab-v2/API_REFERENCE.md @ controlled-baseline:19b04b8dac0d1838 -->
### RPP-API-206
- Operation: `rbirelatedpartiesportalOperation206`
- Public endpoint: `PUT /api/rbi-related-parties-portal/v1/resources/206`
- Required query parameters: `tenantId`
- Success response status: `200`
",True,api_reference,Controlled design expectation: api_reference; independent human/owner acceptance still required before merge.,True,api_reference,"RPP-API-206: kod mijenja javni API ugovor iz '/api/rbi-related-parties-portal/v1/resources/206' u '/api/rbi-related-parties-portal/v2/resources/206' (endpoint_version_change), dok docs-before eksplicitno navodi staru vrijednost; dokumentacija bi zato postala zastarjela.",approved,f6a784a96233488a38d1c4d7a4d29915d46f2b1ced40c4a65ce174a2022a743b,d86db975a29c670c15398a86a48c30aed0ea49584ce94e22e70f6be36c194d3f,api_reference,rbi_related_parties_portal,endpoint_version_change,cases/patches/rbi_related_parties_portal/api_reference/RPP-API-206.patch
CRPP2-RPP-API_REFERENCE-207,controlled-v2/rbi-related-parties-portal-copy,9400667,typescript,"[""src/Web/src/docguard-contract-lab-v2/api_reference/contracts_11.json""]","--- a/src/Web/src/docguard-contract-lab-v2/api_reference/contracts_11.json
+++ b/src/Web/src/docguard-contract-lab-v2/api_reference/contracts_11.json
@@ -67,7 +67,8 @@
       ""operationId"": ""rbirelatedpartiesportalOperation207"",
       ""path"": ""/api/rbi-related-parties-portal/v1/resources/207"",
       ""requiredQuery"": [
-        ""tenantId""
+        ""tenantId"",
+        ""includeAudit""
       ],
       ""successStatus"": 200
     },
","<!-- docs/docguard-contract-lab-v2/API_REFERENCE.md @ controlled-baseline:19b04b8dac0d1838 -->
### RPP-API-207
- Operation: `rbirelatedpartiesportalOperation207`
- Public endpoint: `DELETE /api/rbi-related-parties-portal/v1/resources/207`
- Required query parameters: `tenantId`
- Success response status: `200`
",True,api_reference,Controlled design expectation: api_reference; independent human/owner acceptance still required before merge.,True,api_reference,"RPP-API-207: kod mijenja javni API ugovor iz 'tenantId' u 'tenantId, includeAudit' (required_parameter_added), dok docs-before eksplicitno navodi staru vrijednost; dokumentacija bi zato postala zastarjela.",approved,c35ffc14deb758de0ae877aab0bfcd02edef7f511968fa726fbb5f02995c9f68,93efe32890db4ed3a6720ec359f2a9dc499354543919660fd36fd0554385faee,api_reference,rbi_related_parties_portal,required_parameter_added,cases/patches/rbi_related_parties_portal/api_reference/RPP-API-207.patch
CRPP2-RPP-API_REFERENCE-208,controlled-v2/rbi-related-parties-portal-copy,9400668,typescript,"[""src/Web/src/docguard-contract-lab-v2/api_reference/contracts_11.json""]","--- a/src/Web/src/docguard-contract-lab-v2/api_reference/contracts_11.json
+++ b/src/Web/src/docguard-contract-lab-v2/api_reference/contracts_11.json
@@ -79,7 +79,7 @@
       ""requiredQuery"": [
         ""tenantId""
       ],
-      ""successStatus"": 200
+      ""successStatus"": 202
     },
     {
       ""contractId"": ""RPP-API-209"",
","<!-- docs/docguard-contract-lab-v2/API_REFERENCE.md @ controlled-baseline:19b04b8dac0d1838 -->
### RPP-API-208
- Operation: `rbirelatedpartiesportalOperation208`
- Public endpoint: `GET /api/rbi-related-parties-portal/v1/resources/208`
- Required query parameters: `tenantId`
- Success response status: `200`
",True,api_reference,Controlled design expectation: api_reference; independent human/owner acceptance still required before merge.,True,api_reference,"RPP-API-208: kod mijenja javni API ugovor iz '200' u '202' (success_status_change), dok docs-before eksplicitno navodi staru vrijednost; dokumentacija bi zato postala zastarjela.",approved,ddfb9a17382c58713edd02d6313ebb1bb43b02b13d58df01f83ba4127c2e2156,990a0f652ed6abf690f48eb84af847d9bb5ee4459ee284808f0f070ef2d6d077,api_reference,rbi_related_parties_portal,success_status_change,cases/patches/rbi_related_parties_portal/api_reference/RPP-API-208.patch
CRPP2-RPP-API_REFERENCE-209,controlled-v2/rbi-related-parties-portal-copy,9400669,typescript,"[""src/Web/src/docguard-contract-lab-v2/api_reference/contracts_11.json""]","--- a/src/Web/src/docguard-contract-lab-v2/api_reference/contracts_11.json
+++ b/src/Web/src/docguard-contract-lab-v2/api_reference/contracts_11.json
@@ -83,7 +83,7 @@
     },
     {
       ""contractId"": ""RPP-API-209"",
-      ""method"": ""POST"",
+      ""method"": ""PUT"",
       ""operationId"": ""rbirelatedpartiesportalOperation209"",
       ""path"": ""/api/rbi-related-parties-portal/v1/resources/209"",
       ""requiredQuery"": [
","<!-- docs/docguard-contract-lab-v2/API_REFERENCE.md @ controlled-baseline:19b04b8dac0d1838 -->
### RPP-API-209
- Operation: `rbirelatedpartiesportalOperation209`
- Public endpoint: `POST /api/rbi-related-parties-portal/v1/resources/209`
- Required query parameters: `tenantId`
- Success response status: `200`
",True,api_reference,Controlled design expectation: api_reference; independent human/owner acceptance still required before merge.,True,api_reference,"RPP-API-209: kod mijenja javni API ugovor iz 'POST' u 'PUT' (http_method_change), dok docs-before eksplicitno navodi staru vrijednost; dokumentacija bi zato postala zastarjela.",approved,02fe1c1213c2c2f4f5c5214cab36d93b766385cab86a701ecde82f32ed784e6d,ee86a45fe85a52a73beed96924045df4fe7a149f9a4b9ac3e1208db12923e386,api_reference,rbi_related_parties_portal,http_method_change,cases/patches/rbi_related_parties_portal/api_reference/RPP-API-209.patch
CRPP2-RPP-API_REFERENCE-210,controlled-v2/rbi-related-parties-portal-copy,9400670,typescript,"[""src/Web/src/docguard-contract-lab-v2/api_reference/contracts_11.json""]","--- a/src/Web/src/docguard-contract-lab-v2/api_reference/contracts_11.json
+++ b/src/Web/src/docguard-contract-lab-v2/api_reference/contracts_11.json
@@ -95,7 +95,7 @@
       ""contractId"": ""RPP-API-210"",
       ""method"": ""PUT"",
       ""operationId"": ""rbirelatedpartiesportalOperation210"",
-      ""path"": ""/api/rbi-related-parties-portal/v1/resources/210"",
+      ""path"": ""/api/rbi-related-parties-portal/v2/resources/210"",
       ""requiredQuery"": [
         ""tenantId""
       ],
","<!-- docs/docguard-contract-lab-v2/API_REFERENCE.md @ controlled-baseline:19b04b8dac0d1838 -->
### RPP-API-210
- Operation: `rbirelatedpartiesportalOperation210`
- Public endpoint: `PUT /api/rbi-related-parties-portal/v1/resources/210`
- Required query parameters: `tenantId`
- Success response status: `200`
",True,api_reference,Controlled design expectation: api_reference; independent human/owner acceptance still required before merge.,True,api_reference,"RPP-API-210: kod mijenja javni API ugovor iz '/api/rbi-related-parties-portal/v1/resources/210' u '/api/rbi-related-parties-portal/v2/resources/210' (endpoint_version_change), dok docs-before eksplicitno navodi staru vrijednost; dokumentacija bi zato postala zastarjela.",approved,f122929bb84fe714bdc8fc25e4614080e516a383a7d5e9efeee2902cff3604ec,cf6ddda962c87dd2b3a9665e0025a69df2b1d23b0f1c65bdb32a28c7bf41c0bd,api_reference,rbi_related_parties_portal,endpoint_version_change,cases/patches/rbi_related_parties_portal/api_reference/RPP-API-210.patch
CRPP2-RPP-API_REFERENCE-211,controlled-v2/rbi-related-parties-portal-copy,9400671,typescript,"[""src/Web/src/docguard-contract-lab-v2/api_reference/contracts_12.json""]","--- a/src/Web/src/docguard-contract-lab-v2/api_reference/contracts_12.json
+++ b/src/Web/src/docguard-contract-lab-v2/api_reference/contracts_12.json
@@ -7,7 +7,8 @@
       ""operationId"": ""rbirelatedpartiesportalOperation211"",
       ""path"": ""/api/rbi-related-parties-portal/v1/resources/211"",
       ""requiredQuery"": [
-        ""tenantId""
+        ""tenantId"",
+        ""includeAudit""
       ],
       ""successStatus"": 200
     },
","<!-- docs/docguard-contract-lab-v2/API_REFERENCE.md @ controlled-baseline:19b04b8dac0d1838 -->
### RPP-API-211
- Operation: `rbirelatedpartiesportalOperation211`
- Public endpoint: `DELETE /api/rbi-related-parties-portal/v1/resources/211`
- Required query parameters: `tenantId`
- Success response status: `200`
",True,api_reference,Controlled design expectation: api_reference; independent human/owner acceptance still required before merge.,True,api_reference,"RPP-API-211: kod mijenja javni API ugovor iz 'tenantId' u 'tenantId, includeAudit' (required_parameter_added), dok docs-before eksplicitno navodi staru vrijednost; dokumentacija bi zato postala zastarjela.",approved,dc823de492cdd9a2949ac0dc896132904f6096c1488fe8715a7cc96ee3b4578c,742b97a66b99d4f7a95430fa4d64dcc61c1cf46cc0c60c0747cc0afebc9026e7,api_reference,rbi_related_parties_portal,required_parameter_added,cases/patches/rbi_related_parties_portal/api_reference/RPP-API-211.patch
CRPP2-RPP-API_REFERENCE-212,controlled-v2/rbi-related-parties-portal-copy,9400672,typescript,"[""src/Web/src/docguard-contract-lab-v2/api_reference/contracts_12.json""]","--- a/src/Web/src/docguard-contract-lab-v2/api_reference/contracts_12.json
+++ b/src/Web/src/docguard-contract-lab-v2/api_reference/contracts_12.json
@@ -19,7 +19,7 @@
       ""requiredQuery"": [
         ""tenantId""
       ],
-      ""successStatus"": 200
+      ""successStatus"": 202
     },
     {
       ""contractId"": ""RPP-API-213"",
","<!-- docs/docguard-contract-lab-v2/API_REFERENCE.md @ controlled-baseline:19b04b8dac0d1838 -->
### RPP-API-212
- Operation: `rbirelatedpartiesportalOperation212`
- Public endpoint: `GET /api/rbi-related-parties-portal/v1/resources/212`
- Required query parameters: `tenantId`
- Success response status: `200`
",True,api_reference,Controlled design expectation: api_reference; independent human/owner acceptance still required before merge.,True,api_reference,"RPP-API-212: kod mijenja javni API ugovor iz '200' u '202' (success_status_change), dok docs-before eksplicitno navodi staru vrijednost; dokumentacija bi zato postala zastarjela.",approved,60ffdcd0657ff162a75ff628da4c2e9a9aa0b4a850f6bee1117d49ecc2d293e8,dfdc1b76d45d121b5913a41bb9e39e173f940fa94e9a65b0d7f04f8aac78afe0,api_reference,rbi_related_parties_portal,success_status_change,cases/patches/rbi_related_parties_portal/api_reference/RPP-API-212.patch
CRPP2-RPP-API_REFERENCE-213,controlled-v2/rbi-related-parties-portal-copy,9400673,typescript,"[""src/Web/src/docguard-contract-lab-v2/api_reference/contracts_12.json""]","--- a/src/Web/src/docguard-contract-lab-v2/api_reference/contracts_12.json
+++ b/src/Web/src/docguard-contract-lab-v2/api_reference/contracts_12.json
@@ -23,7 +23,7 @@
     },
     {
       ""contractId"": ""RPP-API-213"",
-      ""method"": ""POST"",
+      ""method"": ""PUT"",
       ""operationId"": ""rbirelatedpartiesportalOperation213"",
       ""path"": ""/api/rbi-related-parties-portal/v1/resources/213"",
       ""requiredQuery"": [
","<!-- docs/docguard-contract-lab-v2/API_REFERENCE.md @ controlled-baseline:19b04b8dac0d1838 -->
### RPP-API-213
- Operation: `rbirelatedpartiesportalOperation213`
- Public endpoint: `POST /api/rbi-related-parties-portal/v1/resources/213`
- Required query parameters: `tenantId`
- Success response status: `200`
",True,api_reference,Controlled design expectation: api_reference; independent human/owner acceptance still required before merge.,True,api_reference,"RPP-API-213: kod mijenja javni API ugovor iz 'POST' u 'PUT' (http_method_change), dok docs-before eksplicitno navodi staru vrijednost; dokumentacija bi zato postala zastarjela.",approved,18149a2b56bbc41be14d3f19106abefeec8db40397b2c6afa55df7edba81cb6c,995900fc00cffc4308ec7475a354fbbbd7e69cee3d27351dcfca263b3b298360,api_reference,rbi_related_parties_portal,http_method_change,cases/patches/rbi_related_parties_portal/api_reference/RPP-API-213.patch
CRPP2-RPP-API_REFERENCE-214,controlled-v2/rbi-related-parties-portal-copy,9400674,typescript,"[""src/Web/src/docguard-contract-lab-v2/api_reference/contracts_12.json""]","--- a/src/Web/src/docguard-contract-lab-v2/api_reference/contracts_12.json
+++ b/src/Web/src/docguard-contract-lab-v2/api_reference/contracts_12.json
@@ -35,7 +35,7 @@
       ""contractId"": ""RPP-API-214"",
       ""method"": ""PUT"",
       ""operationId"": ""rbirelatedpartiesportalOperation214"",
-      ""path"": ""/api/rbi-related-parties-portal/v1/resources/214"",
+      ""path"": ""/api/rbi-related-parties-portal/v2/resources/214"",
       ""requiredQuery"": [
         ""tenantId""
       ],
","<!-- docs/docguard-contract-lab-v2/API_REFERENCE.md @ controlled-baseline:19b04b8dac0d1838 -->
### RPP-API-214
- Operation: `rbirelatedpartiesportalOperation214`
- Public endpoint: `PUT /api/rbi-related-parties-portal/v1/resources/214`
- Required query parameters: `tenantId`
- Success response status: `200`
",True,api_reference,Controlled design expectation: api_reference; independent human/owner acceptance still required before merge.,True,api_reference,"RPP-API-214: kod mijenja javni API ugovor iz '/api/rbi-related-parties-portal/v1/resources/214' u '/api/rbi-related-parties-portal/v2/resources/214' (endpoint_version_change), dok docs-before eksplicitno navodi staru vrijednost; dokumentacija bi zato postala zastarjela.",approved,b56a47161c465fc43417de997d58611bf204f43eb73809b0b48f45e5bd934108,864c2b1cdf8dccc27a4af57a917b821206efacfd61285f63ea65b3bb46962574,api_reference,rbi_related_parties_portal,endpoint_version_change,cases/patches/rbi_related_parties_portal/api_reference/RPP-API-214.patch
CRPP2-RPP-API_REFERENCE-215,controlled-v2/rbi-related-parties-portal-copy,9400675,typescript,"[""src/Web/src/docguard-contract-lab-v2/api_reference/contracts_12.json""]","--- a/src/Web/src/docguard-contract-lab-v2/api_reference/contracts_12.json
+++ b/src/Web/src/docguard-contract-lab-v2/api_reference/contracts_12.json
@@ -47,7 +47,8 @@
       ""operationId"": ""rbirelatedpartiesportalOperation215"",
       ""path"": ""/api/rbi-related-parties-portal/v1/resources/215"",
       ""requiredQuery"": [
-        ""tenantId""
+        ""tenantId"",
+        ""includeAudit""
       ],
       ""successStatus"": 200
     },
","<!-- docs/docguard-contract-lab-v2/API_REFERENCE.md @ controlled-baseline:19b04b8dac0d1838 -->
### RPP-API-215
- Operation: `rbirelatedpartiesportalOperation215`
- Public endpoint: `DELETE /api/rbi-related-parties-portal/v1/resources/215`
- Required query parameters: `tenantId`
- Success response status: `200`
",True,api_reference,Controlled design expectation: api_reference; independent human/owner acceptance still required before merge.,True,api_reference,"RPP-API-215: kod mijenja javni API ugovor iz 'tenantId' u 'tenantId, includeAudit' (required_parameter_added), dok docs-before eksplicitno navodi staru vrijednost; dokumentacija bi zato postala zastarjela.",approved,c9f86ed867b9b058c24e911b00fd7bfd5c203442568ca29f050e6eac867251bf,2b3c435428f2e65c1f95dec213d6937f754ba7fa07799e860d079a76300843fb,api_reference,rbi_related_parties_portal,required_parameter_added,cases/patches/rbi_related_parties_portal/api_reference/RPP-API-215.patch
CRPP2-RPP-API_REFERENCE-216,controlled-v2/rbi-related-parties-portal-copy,9400676,typescript,"[""src/Web/src/docguard-contract-lab-v2/api_reference/contracts_12.json""]","--- a/src/Web/src/docguard-contract-lab-v2/api_reference/contracts_12.json
+++ b/src/Web/src/docguard-contract-lab-v2/api_reference/contracts_12.json
@@ -59,7 +59,7 @@
       ""requiredQuery"": [
         ""tenantId""
       ],
-      ""successStatus"": 200
+      ""successStatus"": 202
     },
     {
       ""contractId"": ""RPP-API-217"",
","<!-- docs/docguard-contract-lab-v2/API_REFERENCE.md @ controlled-baseline:19b04b8dac0d1838 -->
### RPP-API-216
- Operation: `rbirelatedpartiesportalOperation216`
- Public endpoint: `GET /api/rbi-related-parties-portal/v1/resources/216`
- Required query parameters: `tenantId`
- Success response status: `200`
",True,api_reference,Controlled design expectation: api_reference; independent human/owner acceptance still required before merge.,True,api_reference,"RPP-API-216: kod mijenja javni API ugovor iz '200' u '202' (success_status_change), dok docs-before eksplicitno navodi staru vrijednost; dokumentacija bi zato postala zastarjela.",approved,58131d47c11eab85faacf1210bca931dde0bfb17f1e0d3a5584a8ae6cb36c929,78d19f16665ad22c58e3ac14cd24a9b1f12d92c2ea8fddac70c5f5f396bca548,api_reference,rbi_related_parties_portal,success_status_change,cases/patches/rbi_related_parties_portal/api_reference/RPP-API-216.patch
CRPP2-RPP-API_REFERENCE-217,controlled-v2/rbi-related-parties-portal-copy,9400677,typescript,"[""src/Web/src/docguard-contract-lab-v2/api_reference/contracts_12.json""]","--- a/src/Web/src/docguard-contract-lab-v2/api_reference/contracts_12.json
+++ b/src/Web/src/docguard-contract-lab-v2/api_reference/contracts_12.json
@@ -63,7 +63,7 @@
     },
     {
       ""contractId"": ""RPP-API-217"",
-      ""method"": ""POST"",
+      ""method"": ""PUT"",
       ""operationId"": ""rbirelatedpartiesportalOperation217"",
       ""path"": ""/api/rbi-related-parties-portal/v1/resources/217"",
       ""requiredQuery"": [
","<!-- docs/docguard-contract-lab-v2/API_REFERENCE.md @ controlled-baseline:19b04b8dac0d1838 -->
### RPP-API-217
- Operation: `rbirelatedpartiesportalOperation217`
- Public endpoint: `POST /api/rbi-related-parties-portal/v1/resources/217`
- Required query parameters: `tenantId`
- Success response status: `200`
",True,api_reference,Controlled design expectation: api_reference; independent human/owner acceptance still required before merge.,True,api_reference,"RPP-API-217: kod mijenja javni API ugovor iz 'POST' u 'PUT' (http_method_change), dok docs-before eksplicitno navodi staru vrijednost; dokumentacija bi zato postala zastarjela.",approved,e137aee849d1fdddff0191d0b1000917bc08526cfd1fb780e6ea5f3e287a0515,67186126a673426493a424ffbcc8775025b2b24a4e4530130abdf7fb4ec4efd4,api_reference,rbi_related_parties_portal,http_method_change,cases/patches/rbi_related_parties_portal/api_reference/RPP-API-217.patch
CRPP2-RPP-API_REFERENCE-218,controlled-v2/rbi-related-parties-portal-copy,9400678,typescript,"[""src/Web/src/docguard-contract-lab-v2/api_reference/contracts_12.json""]","--- a/src/Web/src/docguard-contract-lab-v2/api_reference/contracts_12.json
+++ b/src/Web/src/docguard-contract-lab-v2/api_reference/contracts_12.json
@@ -75,7 +75,7 @@
       ""contractId"": ""RPP-API-218"",
       ""method"": ""PUT"",
       ""operationId"": ""rbirelatedpartiesportalOperation218"",
-      ""path"": ""/api/rbi-related-parties-portal/v1/resources/218"",
+      ""path"": ""/api/rbi-related-parties-portal/v2/resources/218"",
       ""requiredQuery"": [
         ""tenantId""
       ],
","<!-- docs/docguard-contract-lab-v2/API_REFERENCE.md @ controlled-baseline:19b04b8dac0d1838 -->
### RPP-API-218
- Operation: `rbirelatedpartiesportalOperation218`
- Public endpoint: `PUT /api/rbi-related-parties-portal/v1/resources/218`
- Required query parameters: `tenantId`
- Success response status: `200`
",True,api_reference,Controlled design expectation: api_reference; independent human/owner acceptance still required before merge.,True,api_reference,"RPP-API-218: kod mijenja javni API ugovor iz '/api/rbi-related-parties-portal/v1/resources/218' u '/api/rbi-related-parties-portal/v2/resources/218' (endpoint_version_change), dok docs-before eksplicitno navodi staru vrijednost; dokumentacija bi zato postala zastarjela.",approved,9b481540c75cb510801fb2e06ad23ea54ff120dac52433bdebb6f474859e972c,71756b09e9184104f9263d34e123b2b219d867e3e033d5ba187bb59d01ff2440,api_reference,rbi_related_parties_portal,endpoint_version_change,cases/patches/rbi_related_parties_portal/api_reference/RPP-API-218.patch
CRPP2-RPP-API_REFERENCE-219,controlled-v2/rbi-related-parties-portal-copy,9400679,typescript,"[""src/Web/src/docguard-contract-lab-v2/api_reference/contracts_12.json""]","--- a/src/Web/src/docguard-contract-lab-v2/api_reference/contracts_12.json
+++ b/src/Web/src/docguard-contract-lab-v2/api_reference/contracts_12.json
@@ -87,7 +87,8 @@
       ""operationId"": ""rbirelatedpartiesportalOperation219"",
       ""path"": ""/api/rbi-related-parties-portal/v1/resources/219"",
       ""requiredQuery"": [
-        ""tenantId""
+        ""tenantId"",
+        ""includeAudit""
       ],
       ""successStatus"": 200
     },
","<!-- docs/docguard-contract-lab-v2/API_REFERENCE.md @ controlled-baseline:19b04b8dac0d1838 -->
### RPP-API-219
- Operation: `rbirelatedpartiesportalOperation219`
- Public endpoint: `DELETE /api/rbi-related-parties-portal/v1/resources/219`
- Required query parameters: `tenantId`
- Success response status: `200`
",True,api_reference,Controlled design expectation: api_reference; independent human/owner acceptance still required before merge.,True,api_reference,"RPP-API-219: kod mijenja javni API ugovor iz 'tenantId' u 'tenantId, includeAudit' (required_parameter_added), dok docs-before eksplicitno navodi staru vrijednost; dokumentacija bi zato postala zastarjela.",approved,a3ea18a90fbb2eff532e9559b465ac3762c6c4d0f0828dca9e6e7932002b5552,f333162413274513b1f251485b65a512b3d00d50f4156cdaab93eac3e7942cdd,api_reference,rbi_related_parties_portal,required_parameter_added,cases/patches/rbi_related_parties_portal/api_reference/RPP-API-219.patch
CRPP2-RPP-API_REFERENCE-220,controlled-v2/rbi-related-parties-portal-copy,9400680,typescript,"[""src/Web/src/docguard-contract-lab-v2/api_reference/contracts_12.json""]","--- a/src/Web/src/docguard-contract-lab-v2/api_reference/contracts_12.json
+++ b/src/Web/src/docguard-contract-lab-v2/api_reference/contracts_12.json
@@ -99,7 +99,7 @@
       ""requiredQuery"": [
         ""tenantId""
       ],
-      ""successStatus"": 200
+      ""successStatus"": 202
     }
   ],
   ""project"": ""rbi_related_parties_portal"",
","<!-- docs/docguard-contract-lab-v2/API_REFERENCE.md @ controlled-baseline:19b04b8dac0d1838 -->
### RPP-API-220
- Operation: `rbirelatedpartiesportalOperation220`
- Public endpoint: `GET /api/rbi-related-parties-portal/v1/resources/220`
- Required query parameters: `tenantId`
- Success response status: `200`
",True,api_reference,Controlled design expectation: api_reference; independent human/owner acceptance still required before merge.,True,api_reference,"RPP-API-220: kod mijenja javni API ugovor iz '200' u '202' (success_status_change), dok docs-before eksplicitno navodi staru vrijednost; dokumentacija bi zato postala zastarjela.",approved,9ffe51654db7463397974034d0f660bde954b868046b98f949658765b888716d,664d8e533fcc802bdf76d5ff5bf2cd96795d385b178e20bd26d3e22c40a2e5e3,api_reference,rbi_related_parties_portal,success_status_change,cases/patches/rbi_related_parties_portal/api_reference/RPP-API-220.patch
CRPP2-RPP-API_REFERENCE-221,controlled-v2/rbi-related-parties-portal-copy,9400681,typescript,"[""src/Web/src/docguard-contract-lab-v2/api_reference/contracts_13.json""]","--- a/src/Web/src/docguard-contract-lab-v2/api_reference/contracts_13.json
+++ b/src/Web/src/docguard-contract-lab-v2/api_reference/contracts_13.json
@@ -3,7 +3,7 @@
   ""contracts"": [
     {
       ""contractId"": ""RPP-API-221"",
-      ""method"": ""POST"",
+      ""method"": ""PUT"",
       ""operationId"": ""rbirelatedpartiesportalOperation221"",
       ""path"": ""/api/rbi-related-parties-portal/v1/resources/221"",
       ""requiredQuery"": [
","<!-- docs/docguard-contract-lab-v2/API_REFERENCE.md @ controlled-baseline:19b04b8dac0d1838 -->
### RPP-API-221
- Operation: `rbirelatedpartiesportalOperation221`
- Public endpoint: `POST /api/rbi-related-parties-portal/v1/resources/221`
- Required query parameters: `tenantId`
- Success response status: `200`
",True,api_reference,Controlled design expectation: api_reference; independent human/owner acceptance still required before merge.,True,api_reference,"RPP-API-221: kod mijenja javni API ugovor iz 'POST' u 'PUT' (http_method_change), dok docs-before eksplicitno navodi staru vrijednost; dokumentacija bi zato postala zastarjela.",approved,4fc0e2ecaa8e27ea86149b9979a6eaf5c5d53df68f72711b5149d2359f91484a,877c0e3f03755a836e9d8b7668c2cc9b16461a84929089a7e34606e609beff52,api_reference,rbi_related_parties_portal,http_method_change,cases/patches/rbi_related_parties_portal/api_reference/RPP-API-221.patch
CRPP2-RPP-API_REFERENCE-222,controlled-v2/rbi-related-parties-portal-copy,9400682,typescript,"[""src/Web/src/docguard-contract-lab-v2/api_reference/contracts_13.json""]","--- a/src/Web/src/docguard-contract-lab-v2/api_reference/contracts_13.json
+++ b/src/Web/src/docguard-contract-lab-v2/api_reference/contracts_13.json
@@ -15,7 +15,7 @@
       ""contractId"": ""RPP-API-222"",
       ""method"": ""PUT"",
       ""operationId"": ""rbirelatedpartiesportalOperation222"",
-      ""path"": ""/api/rbi-related-parties-portal/v1/resources/222"",
+      ""path"": ""/api/rbi-related-parties-portal/v2/resources/222"",
       ""requiredQuery"": [
         ""tenantId""
       ],
","<!-- docs/docguard-contract-lab-v2/API_REFERENCE.md @ controlled-baseline:19b04b8dac0d1838 -->
### RPP-API-222
- Operation: `rbirelatedpartiesportalOperation222`
- Public endpoint: `PUT /api/rbi-related-parties-portal/v1/resources/222`
- Required query parameters: `tenantId`
- Success response status: `200`
",True,api_reference,Controlled design expectation: api_reference; independent human/owner acceptance still required before merge.,True,api_reference,"RPP-API-222: kod mijenja javni API ugovor iz '/api/rbi-related-parties-portal/v1/resources/222' u '/api/rbi-related-parties-portal/v2/resources/222' (endpoint_version_change), dok docs-before eksplicitno navodi staru vrijednost; dokumentacija bi zato postala zastarjela.",approved,94070b96ee0f9b8af5f70aafd1ea40d84238858691390bbabfc263f884196532,52cc95098f125ed5880b270d6b41c83105e823b06c540c5fc1c86f7214e3751f,api_reference,rbi_related_parties_portal,endpoint_version_change,cases/patches/rbi_related_parties_portal/api_reference/RPP-API-222.patch
CRPP2-RPP-API_REFERENCE-223,controlled-v2/rbi-related-parties-portal-copy,9400683,typescript,"[""src/Web/src/docguard-contract-lab-v2/api_reference/contracts_13.json""]","--- a/src/Web/src/docguard-contract-lab-v2/api_reference/contracts_13.json
+++ b/src/Web/src/docguard-contract-lab-v2/api_reference/contracts_13.json
@@ -27,7 +27,8 @@
       ""operationId"": ""rbirelatedpartiesportalOperation223"",
       ""path"": ""/api/rbi-related-parties-portal/v1/resources/223"",
       ""requiredQuery"": [
-        ""tenantId""
+        ""tenantId"",
+        ""includeAudit""
       ],
       ""successStatus"": 200
     },
","<!-- docs/docguard-contract-lab-v2/API_REFERENCE.md @ controlled-baseline:19b04b8dac0d1838 -->
### RPP-API-223
- Operation: `rbirelatedpartiesportalOperation223`
- Public endpoint: `DELETE /api/rbi-related-parties-portal/v1/resources/223`
- Required query parameters: `tenantId`
- Success response status: `200`
",True,api_reference,Controlled design expectation: api_reference; independent human/owner acceptance still required before merge.,True,api_reference,"RPP-API-223: kod mijenja javni API ugovor iz 'tenantId' u 'tenantId, includeAudit' (required_parameter_added), dok docs-before eksplicitno navodi staru vrijednost; dokumentacija bi zato postala zastarjela.",approved,669be2ac1c105b9c937baaef634a43de95879f404de68dc8ac0291541f8e1015,34cd32290af034a545abade309da3ec1750db824d8d320c19bf20eef961be7c3,api_reference,rbi_related_parties_portal,required_parameter_added,cases/patches/rbi_related_parties_portal/api_reference/RPP-API-223.patch
CRPP2-RPP-API_REFERENCE-224,controlled-v2/rbi-related-parties-portal-copy,9400684,typescript,"[""src/Web/src/docguard-contract-lab-v2/api_reference/contracts_13.json""]","--- a/src/Web/src/docguard-contract-lab-v2/api_reference/contracts_13.json
+++ b/src/Web/src/docguard-contract-lab-v2/api_reference/contracts_13.json
@@ -39,7 +39,7 @@
       ""requiredQuery"": [
         ""tenantId""
       ],
-      ""successStatus"": 200
+      ""successStatus"": 202
     },
     {
       ""contractId"": ""RPP-API-225"",
","<!-- docs/docguard-contract-lab-v2/API_REFERENCE.md @ controlled-baseline:19b04b8dac0d1838 -->
### RPP-API-224
- Operation: `rbirelatedpartiesportalOperation224`
- Public endpoint: `GET /api/rbi-related-parties-portal/v1/resources/224`
- Required query parameters: `tenantId`
- Success response status: `200`
",True,api_reference,Controlled design expectation: api_reference; independent human/owner acceptance still required before merge.,True,api_reference,"RPP-API-224: kod mijenja javni API ugovor iz '200' u '202' (success_status_change), dok docs-before eksplicitno navodi staru vrijednost; dokumentacija bi zato postala zastarjela.",approved,54a6145ffc79d695b5a7820b902c068bf4cd249f8dd8218ac24ea0715bd89ba0,d7a0b7f0a9f573f5455e7a866941cf66884032932bc4893943b56d4497d75dac,api_reference,rbi_related_parties_portal,success_status_change,cases/patches/rbi_related_parties_portal/api_reference/RPP-API-224.patch
CRPP2-RPP-API_REFERENCE-225,controlled-v2/rbi-related-parties-portal-copy,9400685,typescript,"[""src/Web/src/docguard-contract-lab-v2/api_reference/contracts_13.json""]","--- a/src/Web/src/docguard-contract-lab-v2/api_reference/contracts_13.json
+++ b/src/Web/src/docguard-contract-lab-v2/api_reference/contracts_13.json
@@ -43,7 +43,7 @@
     },
     {
       ""contractId"": ""RPP-API-225"",
-      ""method"": ""POST"",
+      ""method"": ""PUT"",
       ""operationId"": ""rbirelatedpartiesportalOperation225"",
       ""path"": ""/api/rbi-related-parties-portal/v1/resources/225"",
       ""requiredQuery"": [
","<!-- docs/docguard-contract-lab-v2/API_REFERENCE.md @ controlled-baseline:19b04b8dac0d1838 -->
### RPP-API-225
- Operation: `rbirelatedpartiesportalOperation225`
- Public endpoint: `POST /api/rbi-related-parties-portal/v1/resources/225`
- Required query parameters: `tenantId`
- Success response status: `200`
",True,api_reference,Controlled design expectation: api_reference; independent human/owner acceptance still required before merge.,True,api_reference,"RPP-API-225: kod mijenja javni API ugovor iz 'POST' u 'PUT' (http_method_change), dok docs-before eksplicitno navodi staru vrijednost; dokumentacija bi zato postala zastarjela.",approved,93e4261cf90d5cd22f678fdc14573df109c0d7015f82c7256fadcfce3747593d,8244be296827c769cb47b432fc661b6973642d7a262b512e0e439d8368e776fa,api_reference,rbi_related_parties_portal,http_method_change,cases/patches/rbi_related_parties_portal/api_reference/RPP-API-225.patch
CRPP2-RPP-API_REFERENCE-226,controlled-v2/rbi-related-parties-portal-copy,9400686,typescript,"[""src/Web/src/docguard-contract-lab-v2/api_reference/contracts_13.json""]","--- a/src/Web/src/docguard-contract-lab-v2/api_reference/contracts_13.json
+++ b/src/Web/src/docguard-contract-lab-v2/api_reference/contracts_13.json
@@ -55,7 +55,7 @@
       ""contractId"": ""RPP-API-226"",
       ""method"": ""PUT"",
       ""operationId"": ""rbirelatedpartiesportalOperation226"",
-      ""path"": ""/api/rbi-related-parties-portal/v1/resources/226"",
+      ""path"": ""/api/rbi-related-parties-portal/v2/resources/226"",
       ""requiredQuery"": [
         ""tenantId""
       ],
","<!-- docs/docguard-contract-lab-v2/API_REFERENCE.md @ controlled-baseline:19b04b8dac0d1838 -->
### RPP-API-226
- Operation: `rbirelatedpartiesportalOperation226`
- Public endpoint: `PUT /api/rbi-related-parties-portal/v1/resources/226`
- Required query parameters: `tenantId`
- Success response status: `200`
",True,api_reference,Controlled design expectation: api_reference; independent human/owner acceptance still required before merge.,True,api_reference,"RPP-API-226: kod mijenja javni API ugovor iz '/api/rbi-related-parties-portal/v1/resources/226' u '/api/rbi-related-parties-portal/v2/resources/226' (endpoint_version_change), dok docs-before eksplicitno navodi staru vrijednost; dokumentacija bi zato postala zastarjela.",approved,afd0d434b5dabd2a1413224feb5099bf0af8cffcdea0b85b76aa9b6616805814,5ed1c20b87082f5c0ec2beb5d548034f4d8c4e384d1f9c081ed9c5b202045d8d,api_reference,rbi_related_parties_portal,endpoint_version_change,cases/patches/rbi_related_parties_portal/api_reference/RPP-API-226.patch
CRPP2-RPP-API_REFERENCE-227,controlled-v2/rbi-related-parties-portal-copy,9400687,typescript,"[""src/Web/src/docguard-contract-lab-v2/api_reference/contracts_13.json""]","--- a/src/Web/src/docguard-contract-lab-v2/api_reference/contracts_13.json
+++ b/src/Web/src/docguard-contract-lab-v2/api_reference/contracts_13.json
@@ -67,7 +67,8 @@
       ""operationId"": ""rbirelatedpartiesportalOperation227"",
       ""path"": ""/api/rbi-related-parties-portal/v1/resources/227"",
       ""requiredQuery"": [
-        ""tenantId""
+        ""tenantId"",
+        ""includeAudit""
       ],
       ""successStatus"": 200
     },
","<!-- docs/docguard-contract-lab-v2/API_REFERENCE.md @ controlled-baseline:19b04b8dac0d1838 -->
### RPP-API-227
- Operation: `rbirelatedpartiesportalOperation227`
- Public endpoint: `DELETE /api/rbi-related-parties-portal/v1/resources/227`
- Required query parameters: `tenantId`
- Success response status: `200`
",True,api_reference,Controlled design expectation: api_reference; independent human/owner acceptance still required before merge.,True,api_reference,"RPP-API-227: kod mijenja javni API ugovor iz 'tenantId' u 'tenantId, includeAudit' (required_parameter_added), dok docs-before eksplicitno navodi staru vrijednost; dokumentacija bi zato postala zastarjela.",approved,d1b955929906b87039757bde19f2b07397959b991ca73283bc0fc06ceb856997,d51d2fe518ab8b2ff92e41418171380172bef445ea75b680694c1216b7abc0b5,api_reference,rbi_related_parties_portal,required_parameter_added,cases/patches/rbi_related_parties_portal/api_reference/RPP-API-227.patch
CRPP2-RPP-API_REFERENCE-228,controlled-v2/rbi-related-parties-portal-copy,9400688,typescript,"[""src/Web/src/docguard-contract-lab-v2/api_reference/contracts_13.json""]","--- a/src/Web/src/docguard-contract-lab-v2/api_reference/contracts_13.json
+++ b/src/Web/src/docguard-contract-lab-v2/api_reference/contracts_13.json
@@ -79,7 +79,7 @@
       ""requiredQuery"": [
         ""tenantId""
       ],
-      ""successStatus"": 200
+      ""successStatus"": 202
     },
     {
       ""contractId"": ""RPP-API-229"",
","<!-- docs/docguard-contract-lab-v2/API_REFERENCE.md @ controlled-baseline:19b04b8dac0d1838 -->
### RPP-API-228
- Operation: `rbirelatedpartiesportalOperation228`
- Public endpoint: `GET /api/rbi-related-parties-portal/v1/resources/228`
- Required query parameters: `tenantId`
- Success response status: `200`
",True,api_reference,Controlled design expectation: api_reference; independent human/owner acceptance still required before merge.,True,api_reference,"RPP-API-228: kod mijenja javni API ugovor iz '200' u '202' (success_status_change), dok docs-before eksplicitno navodi staru vrijednost; dokumentacija bi zato postala zastarjela.",approved,0a77793fb02126335aface5b514b5e1a20d6fcfb4ee129eaf08dafb0f4d98bec,ed848ebad6dfefabfd7802750b00da3b5a94913ef330d26856c03d6e7d0f67e3,api_reference,rbi_related_parties_portal,success_status_change,cases/patches/rbi_related_parties_portal/api_reference/RPP-API-228.patch
CRPP2-RPP-API_REFERENCE-229,controlled-v2/rbi-related-parties-portal-copy,9400689,typescript,"[""src/Web/src/docguard-contract-lab-v2/api_reference/contracts_13.json""]","--- a/src/Web/src/docguard-contract-lab-v2/api_reference/contracts_13.json
+++ b/src/Web/src/docguard-contract-lab-v2/api_reference/contracts_13.json
@@ -83,7 +83,7 @@
     },
     {
       ""contractId"": ""RPP-API-229"",
-      ""method"": ""POST"",
+      ""method"": ""PUT"",
       ""operationId"": ""rbirelatedpartiesportalOperation229"",
       ""path"": ""/api/rbi-related-parties-portal/v1/resources/229"",
       ""requiredQuery"": [
","<!-- docs/docguard-contract-lab-v2/API_REFERENCE.md @ controlled-baseline:19b04b8dac0d1838 -->
### RPP-API-229
- Operation: `rbirelatedpartiesportalOperation229`
- Public endpoint: `POST /api/rbi-related-parties-portal/v1/resources/229`
- Required query parameters: `tenantId`
- Success response status: `200`
",True,api_reference,Controlled design expectation: api_reference; independent human/owner acceptance still required before merge.,True,api_reference,"RPP-API-229: kod mijenja javni API ugovor iz 'POST' u 'PUT' (http_method_change), dok docs-before eksplicitno navodi staru vrijednost; dokumentacija bi zato postala zastarjela.",approved,e9a49abdd301c11f2dad9be01f4dc0d8ea351dec58404e2090f7e5c332d6f58f,64fb9cc728570579fc257ccd1c971e25a642c24de141eb5f2786a9b8f9ecd96e,api_reference,rbi_related_parties_portal,http_method_change,cases/patches/rbi_related_parties_portal/api_reference/RPP-API-229.patch
CRPP2-RPP-API_REFERENCE-230,controlled-v2/rbi-related-parties-portal-copy,9400690,typescript,"[""src/Web/src/docguard-contract-lab-v2/api_reference/contracts_13.json""]","--- a/src/Web/src/docguard-contract-lab-v2/api_reference/contracts_13.json
+++ b/src/Web/src/docguard-contract-lab-v2/api_reference/contracts_13.json
@@ -95,7 +95,7 @@
       ""contractId"": ""RPP-API-230"",
       ""method"": ""PUT"",
       ""operationId"": ""rbirelatedpartiesportalOperation230"",
-      ""path"": ""/api/rbi-related-parties-portal/v1/resources/230"",
+      ""path"": ""/api/rbi-related-parties-portal/v2/resources/230"",
       ""requiredQuery"": [
         ""tenantId""
       ],
","<!-- docs/docguard-contract-lab-v2/API_REFERENCE.md @ controlled-baseline:19b04b8dac0d1838 -->
### RPP-API-230
- Operation: `rbirelatedpartiesportalOperation230`
- Public endpoint: `PUT /api/rbi-related-parties-portal/v1/resources/230`
- Required query parameters: `tenantId`
- Success response status: `200`
",True,api_reference,Controlled design expectation: api_reference; independent human/owner acceptance still required before merge.,True,api_reference,"RPP-API-230: kod mijenja javni API ugovor iz '/api/rbi-related-parties-portal/v1/resources/230' u '/api/rbi-related-parties-portal/v2/resources/230' (endpoint_version_change), dok docs-before eksplicitno navodi staru vrijednost; dokumentacija bi zato postala zastarjela.",approved,f740529b229be2875fd8261b5e804c2ab905279f15dbfd9c1eff141c3b73b6e0,c143befb22c1e6725938b921f1292696bdfaebf7ece89c20e4179737eac055bb,api_reference,rbi_related_parties_portal,endpoint_version_change,cases/patches/rbi_related_parties_portal/api_reference/RPP-API-230.patch
CRPP2-RPP-API_REFERENCE-231,controlled-v2/rbi-related-parties-portal-copy,9400691,typescript,"[""src/Web/src/docguard-contract-lab-v2/api_reference/contracts_14.json""]","--- a/src/Web/src/docguard-contract-lab-v2/api_reference/contracts_14.json
+++ b/src/Web/src/docguard-contract-lab-v2/api_reference/contracts_14.json
@@ -7,7 +7,8 @@
       ""operationId"": ""rbirelatedpartiesportalOperation231"",
       ""path"": ""/api/rbi-related-parties-portal/v1/resources/231"",
       ""requiredQuery"": [
-        ""tenantId""
+        ""tenantId"",
+        ""includeAudit""
       ],
       ""successStatus"": 200
     },
","<!-- docs/docguard-contract-lab-v2/API_REFERENCE.md @ controlled-baseline:19b04b8dac0d1838 -->
### RPP-API-231
- Operation: `rbirelatedpartiesportalOperation231`
- Public endpoint: `DELETE /api/rbi-related-parties-portal/v1/resources/231`
- Required query parameters: `tenantId`
- Success response status: `200`
",True,api_reference,Controlled design expectation: api_reference; independent human/owner acceptance still required before merge.,True,api_reference,"RPP-API-231: kod mijenja javni API ugovor iz 'tenantId' u 'tenantId, includeAudit' (required_parameter_added), dok docs-before eksplicitno navodi staru vrijednost; dokumentacija bi zato postala zastarjela.",approved,e3700d586107f58acfa7a7fc3dfd9442ad6daf68aa1d62e97063a4a5efedfba3,25670dec4d5d92d418462e295b320187e754e12e342b3f63285a00d296f31aca,api_reference,rbi_related_parties_portal,required_parameter_added,cases/patches/rbi_related_parties_portal/api_reference/RPP-API-231.patch
CRPP2-RPP-API_REFERENCE-232,controlled-v2/rbi-related-parties-portal-copy,9400692,typescript,"[""src/Web/src/docguard-contract-lab-v2/api_reference/contracts_14.json""]","--- a/src/Web/src/docguard-contract-lab-v2/api_reference/contracts_14.json
+++ b/src/Web/src/docguard-contract-lab-v2/api_reference/contracts_14.json
@@ -19,7 +19,7 @@
       ""requiredQuery"": [
         ""tenantId""
       ],
-      ""successStatus"": 200
+      ""successStatus"": 202
     },
     {
       ""contractId"": ""RPP-API-233"",
","<!-- docs/docguard-contract-lab-v2/API_REFERENCE.md @ controlled-baseline:19b04b8dac0d1838 -->
### RPP-API-232
- Operation: `rbirelatedpartiesportalOperation232`
- Public endpoint: `GET /api/rbi-related-parties-portal/v1/resources/232`
- Required query parameters: `tenantId`
- Success response status: `200`
",True,api_reference,Controlled design expectation: api_reference; independent human/owner acceptance still required before merge.,True,api_reference,"RPP-API-232: kod mijenja javni API ugovor iz '200' u '202' (success_status_change), dok docs-before eksplicitno navodi staru vrijednost; dokumentacija bi zato postala zastarjela.",approved,b7b6b1079c1613fbaaf661ca36c7f815441aeca17554699618682f2f8e4057eb,5d4ce9a4ebd98755bcb4631094da6b4497a679988c82c86a4266e5e3fb213b39,api_reference,rbi_related_parties_portal,success_status_change,cases/patches/rbi_related_parties_portal/api_reference/RPP-API-232.patch
CRPP2-RPP-API_REFERENCE-233,controlled-v2/rbi-related-parties-portal-copy,9400693,typescript,"[""src/Web/src/docguard-contract-lab-v2/api_reference/contracts_14.json""]","--- a/src/Web/src/docguard-contract-lab-v2/api_reference/contracts_14.json
+++ b/src/Web/src/docguard-contract-lab-v2/api_reference/contracts_14.json
@@ -23,7 +23,7 @@
     },
     {
       ""contractId"": ""RPP-API-233"",
-      ""method"": ""POST"",
+      ""method"": ""PUT"",
       ""operationId"": ""rbirelatedpartiesportalOperation233"",
       ""path"": ""/api/rbi-related-parties-portal/v1/resources/233"",
       ""requiredQuery"": [
","<!-- docs/docguard-contract-lab-v2/API_REFERENCE.md @ controlled-baseline:19b04b8dac0d1838 -->
### RPP-API-233
- Operation: `rbirelatedpartiesportalOperation233`
- Public endpoint: `POST /api/rbi-related-parties-portal/v1/resources/233`
- Required query parameters: `tenantId`
- Success response status: `200`
",True,api_reference,Controlled design expectation: api_reference; independent human/owner acceptance still required before merge.,True,api_reference,"RPP-API-233: kod mijenja javni API ugovor iz 'POST' u 'PUT' (http_method_change), dok docs-before eksplicitno navodi staru vrijednost; dokumentacija bi zato postala zastarjela.",approved,642495bd3ffac39ba80023e2a379a5e1b8ab078a1f11740d7ec50dba93327d51,2623f8e88f83d7fd21cef5569972e5dadef41a9acd66222639baee6ad02503fb,api_reference,rbi_related_parties_portal,http_method_change,cases/patches/rbi_related_parties_portal/api_reference/RPP-API-233.patch
CRPP2-RPP-API_REFERENCE-234,controlled-v2/rbi-related-parties-portal-copy,9400694,typescript,"[""src/Web/src/docguard-contract-lab-v2/api_reference/contracts_14.json""]","--- a/src/Web/src/docguard-contract-lab-v2/api_reference/contracts_14.json
+++ b/src/Web/src/docguard-contract-lab-v2/api_reference/contracts_14.json
@@ -35,7 +35,7 @@
       ""contractId"": ""RPP-API-234"",
       ""method"": ""PUT"",
       ""operationId"": ""rbirelatedpartiesportalOperation234"",
-      ""path"": ""/api/rbi-related-parties-portal/v1/resources/234"",
+      ""path"": ""/api/rbi-related-parties-portal/v2/resources/234"",
       ""requiredQuery"": [
         ""tenantId""
       ],
","<!-- docs/docguard-contract-lab-v2/API_REFERENCE.md @ controlled-baseline:19b04b8dac0d1838 -->
### RPP-API-234
- Operation: `rbirelatedpartiesportalOperation234`
- Public endpoint: `PUT /api/rbi-related-parties-portal/v1/resources/234`
- Required query parameters: `tenantId`
- Success response status: `200`
",True,api_reference,Controlled design expectation: api_reference; independent human/owner acceptance still required before merge.,True,api_reference,"RPP-API-234: kod mijenja javni API ugovor iz '/api/rbi-related-parties-portal/v1/resources/234' u '/api/rbi-related-parties-portal/v2/resources/234' (endpoint_version_change), dok docs-before eksplicitno navodi staru vrijednost; dokumentacija bi zato postala zastarjela.",approved,772cade00d1c1c76eac43a8e1b2482ce0f0cb41621b045aabef176f77dc36792,2d0508ad3a02acd87e6b825c75ab05a79708e554ab197c894cfc2849d1d8fa42,api_reference,rbi_related_parties_portal,endpoint_version_change,cases/patches/rbi_related_parties_portal/api_reference/RPP-API-234.patch
CRPP2-RPP-API_REFERENCE-235,controlled-v2/rbi-related-parties-portal-copy,9400695,typescript,"[""src/Web/src/docguard-contract-lab-v2/api_reference/contracts_14.json""]","--- a/src/Web/src/docguard-contract-lab-v2/api_reference/contracts_14.json
+++ b/src/Web/src/docguard-contract-lab-v2/api_reference/contracts_14.json
@@ -47,7 +47,8 @@
       ""operationId"": ""rbirelatedpartiesportalOperation235"",
       ""path"": ""/api/rbi-related-parties-portal/v1/resources/235"",
       ""requiredQuery"": [
-        ""tenantId""
+        ""tenantId"",
+        ""includeAudit""
       ],
       ""successStatus"": 200
     },
","<!-- docs/docguard-contract-lab-v2/API_REFERENCE.md @ controlled-baseline:19b04b8dac0d1838 -->
### RPP-API-235
- Operation: `rbirelatedpartiesportalOperation235`
- Public endpoint: `DELETE /api/rbi-related-parties-portal/v1/resources/235`
- Required query parameters: `tenantId`
- Success response status: `200`
",True,api_reference,Controlled design expectation: api_reference; independent human/owner acceptance still required before merge.,True,api_reference,"RPP-API-235: kod mijenja javni API ugovor iz 'tenantId' u 'tenantId, includeAudit' (required_parameter_added), dok docs-before eksplicitno navodi staru vrijednost; dokumentacija bi zato postala zastarjela.",approved,8b98be1c135f1a18f8281f2862c750b96ae06ea936ada998882af40e98722423,506703476c20043654f70e7903d59ec46c94deba655d642f51a90b47925a45a0,api_reference,rbi_related_parties_portal,required_parameter_added,cases/patches/rbi_related_parties_portal/api_reference/RPP-API-235.patch
CRPP2-RPP-API_REFERENCE-236,controlled-v2/rbi-related-parties-portal-copy,9400696,typescript,"[""src/Web/src/docguard-contract-lab-v2/api_reference/contracts_14.json""]","--- a/src/Web/src/docguard-contract-lab-v2/api_reference/contracts_14.json
+++ b/src/Web/src/docguard-contract-lab-v2/api_reference/contracts_14.json
@@ -59,7 +59,7 @@
       ""requiredQuery"": [
         ""tenantId""
       ],
-      ""successStatus"": 200
+      ""successStatus"": 202
     },
     {
       ""contractId"": ""RPP-API-237"",
","<!-- docs/docguard-contract-lab-v2/API_REFERENCE.md @ controlled-baseline:19b04b8dac0d1838 -->
### RPP-API-236
- Operation: `rbirelatedpartiesportalOperation236`
- Public endpoint: `GET /api/rbi-related-parties-portal/v1/resources/236`
- Required query parameters: `tenantId`
- Success response status: `200`
",True,api_reference,Controlled design expectation: api_reference; independent human/owner acceptance still required before merge.,True,api_reference,"RPP-API-236: kod mijenja javni API ugovor iz '200' u '202' (success_status_change), dok docs-before eksplicitno navodi staru vrijednost; dokumentacija bi zato postala zastarjela.",approved,83c346f827bd7abd25d6a3c727f28c87dde31c8a90d0bf6cdeaf15b40506a6bf,daa2f799edc8aeed212f56a19ef9aed8520a50647ece1911f5e939cf089986a5,api_reference,rbi_related_parties_portal,success_status_change,cases/patches/rbi_related_parties_portal/api_reference/RPP-API-236.patch
CRPP2-RPP-API_REFERENCE-237,controlled-v2/rbi-related-parties-portal-copy,9400697,typescript,"[""src/Web/src/docguard-contract-lab-v2/api_reference/contracts_14.json""]","--- a/src/Web/src/docguard-contract-lab-v2/api_reference/contracts_14.json
+++ b/src/Web/src/docguard-contract-lab-v2/api_reference/contracts_14.json
@@ -63,7 +63,7 @@
     },
     {
       ""contractId"": ""RPP-API-237"",
-      ""method"": ""POST"",
+      ""method"": ""PUT"",
       ""operationId"": ""rbirelatedpartiesportalOperation237"",
       ""path"": ""/api/rbi-related-parties-portal/v1/resources/237"",
       ""requiredQuery"": [
","<!-- docs/docguard-contract-lab-v2/API_REFERENCE.md @ controlled-baseline:19b04b8dac0d1838 -->
### RPP-API-237
- Operation: `rbirelatedpartiesportalOperation237`
- Public endpoint: `POST /api/rbi-related-parties-portal/v1/resources/237`
- Required query parameters: `tenantId`
- Success response status: `200`
",True,api_reference,Controlled design expectation: api_reference; independent human/owner acceptance still required before merge.,True,api_reference,"RPP-API-237: kod mijenja javni API ugovor iz 'POST' u 'PUT' (http_method_change), dok docs-before eksplicitno navodi staru vrijednost; dokumentacija bi zato postala zastarjela.",approved,dbb3f0d228a350967138bcdb2eb364d15998855f8042a9bfe67f62ba5f072df2,fbe2f142ca4e531fbd0e70e60685ad5b20a82e1905f9d881b70a35efb90bfa2d,api_reference,rbi_related_parties_portal,http_method_change,cases/patches/rbi_related_parties_portal/api_reference/RPP-API-237.patch
CRPP2-RPP-API_REFERENCE-238,controlled-v2/rbi-related-parties-portal-copy,9400698,typescript,"[""src/Web/src/docguard-contract-lab-v2/api_reference/contracts_14.json""]","--- a/src/Web/src/docguard-contract-lab-v2/api_reference/contracts_14.json
+++ b/src/Web/src/docguard-contract-lab-v2/api_reference/contracts_14.json
@@ -75,7 +75,7 @@
       ""contractId"": ""RPP-API-238"",
       ""method"": ""PUT"",
       ""operationId"": ""rbirelatedpartiesportalOperation238"",
-      ""path"": ""/api/rbi-related-parties-portal/v1/resources/238"",
+      ""path"": ""/api/rbi-related-parties-portal/v2/resources/238"",
       ""requiredQuery"": [
         ""tenantId""
       ],
","<!-- docs/docguard-contract-lab-v2/API_REFERENCE.md @ controlled-baseline:19b04b8dac0d1838 -->
### RPP-API-238
- Operation: `rbirelatedpartiesportalOperation238`
- Public endpoint: `PUT /api/rbi-related-parties-portal/v1/resources/238`
- Required query parameters: `tenantId`
- Success response status: `200`
",True,api_reference,Controlled design expectation: api_reference; independent human/owner acceptance still required before merge.,True,api_reference,"RPP-API-238: kod mijenja javni API ugovor iz '/api/rbi-related-parties-portal/v1/resources/238' u '/api/rbi-related-parties-portal/v2/resources/238' (endpoint_version_change), dok docs-before eksplicitno navodi staru vrijednost; dokumentacija bi zato postala zastarjela.",approved,c1a544cf84d4509c979a1b5dbcb40387809eb3679180165db91a5f3ba45bc0df,c588cfafd8aa3b86b3d45012fc39aec0a64e645c46dda10f0a10d9e24062af8e,api_reference,rbi_related_parties_portal,endpoint_version_change,cases/patches/rbi_related_parties_portal/api_reference/RPP-API-238.patch
CRPP2-RPP-API_REFERENCE-239,controlled-v2/rbi-related-parties-portal-copy,9400699,typescript,"[""src/Web/src/docguard-contract-lab-v2/api_reference/contracts_14.json""]","--- a/src/Web/src/docguard-contract-lab-v2/api_reference/contracts_14.json
+++ b/src/Web/src/docguard-contract-lab-v2/api_reference/contracts_14.json
@@ -87,7 +87,8 @@
       ""operationId"": ""rbirelatedpartiesportalOperation239"",
       ""path"": ""/api/rbi-related-parties-portal/v1/resources/239"",
       ""requiredQuery"": [
-        ""tenantId""
+        ""tenantId"",
+        ""includeAudit""
       ],
       ""successStatus"": 200
     },
","<!-- docs/docguard-contract-lab-v2/API_REFERENCE.md @ controlled-baseline:19b04b8dac0d1838 -->
### RPP-API-239
- Operation: `rbirelatedpartiesportalOperation239`
- Public endpoint: `DELETE /api/rbi-related-parties-portal/v1/resources/239`
- Required query parameters: `tenantId`
- Success response status: `200`
",True,api_reference,Controlled design expectation: api_reference; independent human/owner acceptance still required before merge.,True,api_reference,"RPP-API-239: kod mijenja javni API ugovor iz 'tenantId' u 'tenantId, includeAudit' (required_parameter_added), dok docs-before eksplicitno navodi staru vrijednost; dokumentacija bi zato postala zastarjela.",approved,fdb92626dddb0488004e9affde52fc0f91d0b501d797501fa18236525e86ba33,326d7de8428d4d824c0caec1a5a63cbab0bc3a06bfc611a6a699b22309c0e8f4,api_reference,rbi_related_parties_portal,required_parameter_added,cases/patches/rbi_related_parties_portal/api_reference/RPP-API-239.patch
CRPP2-RPP-API_REFERENCE-240,controlled-v2/rbi-related-parties-portal-copy,9400700,typescript,"[""src/Web/src/docguard-contract-lab-v2/api_reference/contracts_14.json""]","--- a/src/Web/src/docguard-contract-lab-v2/api_reference/contracts_14.json
+++ b/src/Web/src/docguard-contract-lab-v2/api_reference/contracts_14.json
@@ -99,7 +99,7 @@
       ""requiredQuery"": [
         ""tenantId""
       ],
-      ""successStatus"": 200
+      ""successStatus"": 202
     }
   ],
   ""project"": ""rbi_related_parties_portal"",
","<!-- docs/docguard-contract-lab-v2/API_REFERENCE.md @ controlled-baseline:19b04b8dac0d1838 -->
### RPP-API-240
- Operation: `rbirelatedpartiesportalOperation240`
- Public endpoint: `GET /api/rbi-related-parties-portal/v1/resources/240`
- Required query parameters: `tenantId`
- Success response status: `200`
",True,api_reference,Controlled design expectation: api_reference; independent human/owner acceptance still required before merge.,True,api_reference,"RPP-API-240: kod mijenja javni API ugovor iz '200' u '202' (success_status_change), dok docs-before eksplicitno navodi staru vrijednost; dokumentacija bi zato postala zastarjela.",approved,a581ae55ff3495f3c7dfbdec8e039f230d59102fd7987681ba5f977ba5723934,7f937df3147d1e6410b1d5662c6c54df0e5a80b875a82e10c248f9902060da59,api_reference,rbi_related_parties_portal,success_status_change,cases/patches/rbi_related_parties_portal/api_reference/RPP-API-240.patch
