case_id,repository,pr_number,language,code_changed_files,code_diff_excerpt,docs_before_excerpt,suggested_docs_update_required,suggested_doc_category,suggested_notes,human_docs_update_required,human_doc_category,human_label_notes,review_status,review_row_hash,review_context_hash,synthetic_category_by_design,source_project_key,mutation_template,patch_path
CRPP2-TFG-DEVELOPER_SETUP-116,controlled-v2/rbi-test-forge-copy,9401301,csharp,"[""TestGenerator/DocGuardContractLab-v2/developer_setup/contracts_02.json""]","--- a/TestGenerator/DocGuardContractLab-v2/developer_setup/contracts_02.json
+++ b/TestGenerator/DocGuardContractLab-v2/developer_setup/contracts_02.json
@@ -49,7 +49,7 @@
     {
       ""contractId"": ""TFG-SETUP-116"",
       ""developmentCommand"": ""dotnet run --project TestGenerator -- --profile 116"",
-      ""migrationCommand"": ""dotnet ef database update --project TestGenerator --profile 116"",
+      ""migrationCommand"": ""dotnet ef database update --project TestGenerator --profile 116 --no-build"",
       ""packageManager"": ""NuGet@6"",
       ""profile"": ""developer-profile-116"",
       ""runtime"": "".NET SDK"",
","<!-- docs/docguard-contract-lab-v2/DEVELOPER_SETUP.md @ controlled-baseline:9c9f9e9868c8fe78 -->
### TFG-SETUP-116
- Profile: `developer-profile-116`
- Required runtime: `.NET SDK 8.0`
- Package manager: `NuGet@6`
- Local development command: `dotnet run --project TestGenerator -- --profile 116`
- Migration command: `dotnet ef database update --project TestGenerator --profile 116`
",True,developer_setup,Controlled design expectation: developer_setup; independent human/owner acceptance still required before merge.,True,developer_setup,"TFG-SETUP-116: kod mijenja dokumentovani razvojni setup iz 'dotnet ef database update --project TestGenerator --profile 116' u 'dotnet ef database update --project TestGenerator --profile 116 --no-build' (migration_command_change), dok docs-before eksplicitno navodi staru vrijednost; dokumentacija bi zato postala zastarjela.",approved,66e4dad4dda04e725588d1c17932a4a4bd68b7eabc68bde78b3d135436b028f9,c0995f9f2a2da171ee82fd6ad3126398017541a514187186566cbab16f5c4fb7,developer_setup,rbi_test_forge,migration_command_change,cases/patches/rbi_test_forge/developer_setup/TFG-SETUP-116.patch
CRPP2-TFG-DEVELOPER_SETUP-117,controlled-v2/rbi-test-forge-copy,9401302,csharp,"[""TestGenerator/DocGuardContractLab-v2/developer_setup/contracts_02.json""]","--- a/TestGenerator/DocGuardContractLab-v2/developer_setup/contracts_02.json
+++ b/TestGenerator/DocGuardContractLab-v2/developer_setup/contracts_02.json
@@ -62,7 +62,7 @@
       ""packageManager"": ""NuGet@6"",
       ""profile"": ""developer-profile-117"",
       ""runtime"": "".NET SDK"",
-      ""runtimeVersion"": ""8.0""
+      ""runtimeVersion"": ""10.0""
     },
     {
       ""contractId"": ""TFG-SETUP-118"",
","<!-- docs/docguard-contract-lab-v2/DEVELOPER_SETUP.md @ controlled-baseline:9c9f9e9868c8fe78 -->
### TFG-SETUP-117
- Profile: `developer-profile-117`
- Required runtime: `.NET SDK 8.0`
- Package manager: `NuGet@6`
- Local development command: `dotnet run --project TestGenerator -- --profile 117`
- Migration command: `dotnet ef database update --project TestGenerator --profile 117`
",True,developer_setup,Controlled design expectation: developer_setup; independent human/owner acceptance still required before merge.,True,developer_setup,"TFG-SETUP-117: kod mijenja dokumentovani razvojni setup iz '8.0' u '10.0' (runtime_requirement_change), dok docs-before eksplicitno navodi staru vrijednost; dokumentacija bi zato postala zastarjela.",approved,f364c3a2917f9348a826c6cafa97148080d9d82eef3362c6cf601ab12f0b18f9,bbe748b77ae7ff037e5e1f14b5abf765a0f5c1f04ecdd5d19a5f7343514e6b6e,developer_setup,rbi_test_forge,runtime_requirement_change,cases/patches/rbi_test_forge/developer_setup/TFG-SETUP-117.patch
CRPP2-TFG-DEVELOPER_SETUP-118,controlled-v2/rbi-test-forge-copy,9401303,csharp,"[""TestGenerator/DocGuardContractLab-v2/developer_setup/contracts_02.json""]","--- a/TestGenerator/DocGuardContractLab-v2/developer_setup/contracts_02.json
+++ b/TestGenerator/DocGuardContractLab-v2/developer_setup/contracts_02.json
@@ -66,7 +66,7 @@
     },
     {
       ""contractId"": ""TFG-SETUP-118"",
-      ""developmentCommand"": ""dotnet run --project TestGenerator -- --profile 118"",
+      ""developmentCommand"": ""dotnet run --project TestGenerator -- --profile 118 --strict"",
       ""migrationCommand"": ""dotnet ef database update --project TestGenerator --profile 118"",
       ""packageManager"": ""NuGet@6"",
       ""profile"": ""developer-profile-118"",
","<!-- docs/docguard-contract-lab-v2/DEVELOPER_SETUP.md @ controlled-baseline:9c9f9e9868c8fe78 -->
### TFG-SETUP-118
- Profile: `developer-profile-118`
- Required runtime: `.NET SDK 8.0`
- Package manager: `NuGet@6`
- Local development command: `dotnet run --project TestGenerator -- --profile 118`
- Migration command: `dotnet ef database update --project TestGenerator --profile 118`
",True,developer_setup,Controlled design expectation: developer_setup; independent human/owner acceptance still required before merge.,True,developer_setup,"TFG-SETUP-118: kod mijenja dokumentovani razvojni setup iz 'dotnet run --project TestGenerator -- --profile 118' u 'dotnet run --project TestGenerator -- --profile 118 --strict' (local_command_change), dok docs-before eksplicitno navodi staru vrijednost; dokumentacija bi zato postala zastarjela.",approved,9f7c1d06cd997c5b38ddfd83e1ce78bd785727453138afcfcd061884123143e6,c56e824607c3e7f130d64d6228dddfe3419a3cdb548ee9cb523030c52c32d10f,developer_setup,rbi_test_forge,local_command_change,cases/patches/rbi_test_forge/developer_setup/TFG-SETUP-118.patch
CRPP2-TFG-DEVELOPER_SETUP-119,controlled-v2/rbi-test-forge-copy,9401304,csharp,"[""TestGenerator/DocGuardContractLab-v2/developer_setup/contracts_02.json""]","--- a/TestGenerator/DocGuardContractLab-v2/developer_setup/contracts_02.json
+++ b/TestGenerator/DocGuardContractLab-v2/developer_setup/contracts_02.json
@@ -77,7 +77,7 @@
       ""contractId"": ""TFG-SETUP-119"",
       ""developmentCommand"": ""dotnet run --project TestGenerator -- --profile 119"",
       ""migrationCommand"": ""dotnet ef database update --project TestGenerator --profile 119"",
-      ""packageManager"": ""NuGet@6"",
+      ""packageManager"": ""NuGet@7"",
       ""profile"": ""developer-profile-119"",
       ""runtime"": "".NET SDK"",
       ""runtimeVersion"": ""8.0""
","<!-- docs/docguard-contract-lab-v2/DEVELOPER_SETUP.md @ controlled-baseline:9c9f9e9868c8fe78 -->
### TFG-SETUP-119
- Profile: `developer-profile-119`
- Required runtime: `.NET SDK 8.0`
- Package manager: `NuGet@6`
- Local development command: `dotnet run --project TestGenerator -- --profile 119`
- Migration command: `dotnet ef database update --project TestGenerator --profile 119`
",True,developer_setup,Controlled design expectation: developer_setup; independent human/owner acceptance still required before merge.,True,developer_setup,"TFG-SETUP-119: kod mijenja dokumentovani razvojni setup iz 'NuGet@6' u 'NuGet@7' (package_manager_version_change), dok docs-before eksplicitno navodi staru vrijednost; dokumentacija bi zato postala zastarjela.",approved,723277f65d1d8a90a5b4197dc9b5b358bb182758b707bd80a94a0d0d8f8d4348,09efd83137524a8006144444e3688ae8973c9cedf37cc12655a4bb96476a3d13,developer_setup,rbi_test_forge,package_manager_version_change,cases/patches/rbi_test_forge/developer_setup/TFG-SETUP-119.patch
CRPP2-TFG-DEVELOPER_SETUP-120,controlled-v2/rbi-test-forge-copy,9401305,csharp,"[""TestGenerator/DocGuardContractLab-v2/developer_setup/contracts_02.json""]","--- a/TestGenerator/DocGuardContractLab-v2/developer_setup/contracts_02.json
+++ b/TestGenerator/DocGuardContractLab-v2/developer_setup/contracts_02.json
@@ -85,7 +85,7 @@
     {
       ""contractId"": ""TFG-SETUP-120"",
       ""developmentCommand"": ""dotnet run --project TestGenerator -- --profile 120"",
-      ""migrationCommand"": ""dotnet ef database update --project TestGenerator --profile 120"",
+      ""migrationCommand"": ""dotnet ef database update --project TestGenerator --profile 120 --no-build"",
       ""packageManager"": ""NuGet@6"",
       ""profile"": ""developer-profile-120"",
       ""runtime"": "".NET SDK"",
","<!-- docs/docguard-contract-lab-v2/DEVELOPER_SETUP.md @ controlled-baseline:9c9f9e9868c8fe78 -->
### TFG-SETUP-120
- Profile: `developer-profile-120`
- Required runtime: `.NET SDK 8.0`
- Package manager: `NuGet@6`
- Local development command: `dotnet run --project TestGenerator -- --profile 120`
- Migration command: `dotnet ef database update --project TestGenerator --profile 120`
",True,developer_setup,Controlled design expectation: developer_setup; independent human/owner acceptance still required before merge.,True,developer_setup,"TFG-SETUP-120: kod mijenja dokumentovani razvojni setup iz 'dotnet ef database update --project TestGenerator --profile 120' u 'dotnet ef database update --project TestGenerator --profile 120 --no-build' (migration_command_change), dok docs-before eksplicitno navodi staru vrijednost; dokumentacija bi zato postala zastarjela.",approved,e9f7bf02aa468041a415075fbbb0e4a15e228bdf5b6740ef7013228f4c22f7cb,fc5c449dd968bed29b8dcb468153811b7fbe69a57f61c5acc9b2aa6aa899b0cf,developer_setup,rbi_test_forge,migration_command_change,cases/patches/rbi_test_forge/developer_setup/TFG-SETUP-120.patch
CRPP2-TFG-DEVELOPER_SETUP-121,controlled-v2/rbi-test-forge-copy,9401306,csharp,"[""TestGenerator/DocGuardContractLab-v2/developer_setup/contracts_03.json""]","--- a/TestGenerator/DocGuardContractLab-v2/developer_setup/contracts_03.json
+++ b/TestGenerator/DocGuardContractLab-v2/developer_setup/contracts_03.json
@@ -8,7 +8,7 @@
       ""packageManager"": ""NuGet@6"",
       ""profile"": ""developer-profile-121"",
       ""runtime"": "".NET SDK"",
-      ""runtimeVersion"": ""8.0""
+      ""runtimeVersion"": ""10.0""
     },
     {
       ""contractId"": ""TFG-SETUP-122"",
","<!-- docs/docguard-contract-lab-v2/DEVELOPER_SETUP.md @ controlled-baseline:9c9f9e9868c8fe78 -->
### TFG-SETUP-121
- Profile: `developer-profile-121`
- Required runtime: `.NET SDK 8.0`
- Package manager: `NuGet@6`
- Local development command: `dotnet run --project TestGenerator -- --profile 121`
- Migration command: `dotnet ef database update --project TestGenerator --profile 121`
",True,developer_setup,Controlled design expectation: developer_setup; independent human/owner acceptance still required before merge.,True,developer_setup,"TFG-SETUP-121: kod mijenja dokumentovani razvojni setup iz '8.0' u '10.0' (runtime_requirement_change), dok docs-before eksplicitno navodi staru vrijednost; dokumentacija bi zato postala zastarjela.",approved,73ee8d75346dcc218362296764073bbcfafb36ef5ea57f8fb066242c69350d06,263e8972e3b42107a314903a7a0c2c8966cedb9d2b18d1989157ddee1ee74893,developer_setup,rbi_test_forge,runtime_requirement_change,cases/patches/rbi_test_forge/developer_setup/TFG-SETUP-121.patch
CRPP2-TFG-DEVELOPER_SETUP-122,controlled-v2/rbi-test-forge-copy,9401307,csharp,"[""TestGenerator/DocGuardContractLab-v2/developer_setup/contracts_03.json""]","--- a/TestGenerator/DocGuardContractLab-v2/developer_setup/contracts_03.json
+++ b/TestGenerator/DocGuardContractLab-v2/developer_setup/contracts_03.json
@@ -12,7 +12,7 @@
     },
     {
       ""contractId"": ""TFG-SETUP-122"",
-      ""developmentCommand"": ""dotnet run --project TestGenerator -- --profile 122"",
+      ""developmentCommand"": ""dotnet run --project TestGenerator -- --profile 122 --strict"",
       ""migrationCommand"": ""dotnet ef database update --project TestGenerator --profile 122"",
       ""packageManager"": ""NuGet@6"",
       ""profile"": ""developer-profile-122"",
","<!-- docs/docguard-contract-lab-v2/DEVELOPER_SETUP.md @ controlled-baseline:9c9f9e9868c8fe78 -->
### TFG-SETUP-122
- Profile: `developer-profile-122`
- Required runtime: `.NET SDK 8.0`
- Package manager: `NuGet@6`
- Local development command: `dotnet run --project TestGenerator -- --profile 122`
- Migration command: `dotnet ef database update --project TestGenerator --profile 122`
",True,developer_setup,Controlled design expectation: developer_setup; independent human/owner acceptance still required before merge.,True,developer_setup,"TFG-SETUP-122: kod mijenja dokumentovani razvojni setup iz 'dotnet run --project TestGenerator -- --profile 122' u 'dotnet run --project TestGenerator -- --profile 122 --strict' (local_command_change), dok docs-before eksplicitno navodi staru vrijednost; dokumentacija bi zato postala zastarjela.",approved,92cd738b2bfd28d89adfbc8d59cc58a1c17d1fb491733d164b78a32ad4774afe,a1b54eac275fb50239f1f2f1bdd05af5103df286471ecf7b55fb2f36ca03189e,developer_setup,rbi_test_forge,local_command_change,cases/patches/rbi_test_forge/developer_setup/TFG-SETUP-122.patch
CRPP2-TFG-DEVELOPER_SETUP-123,controlled-v2/rbi-test-forge-copy,9401308,csharp,"[""TestGenerator/DocGuardContractLab-v2/developer_setup/contracts_03.json""]","--- a/TestGenerator/DocGuardContractLab-v2/developer_setup/contracts_03.json
+++ b/TestGenerator/DocGuardContractLab-v2/developer_setup/contracts_03.json
@@ -23,7 +23,7 @@
       ""contractId"": ""TFG-SETUP-123"",
       ""developmentCommand"": ""dotnet run --project TestGenerator -- --profile 123"",
       ""migrationCommand"": ""dotnet ef database update --project TestGenerator --profile 123"",
-      ""packageManager"": ""NuGet@6"",
+      ""packageManager"": ""NuGet@7"",
       ""profile"": ""developer-profile-123"",
       ""runtime"": "".NET SDK"",
       ""runtimeVersion"": ""8.0""
","<!-- docs/docguard-contract-lab-v2/DEVELOPER_SETUP.md @ controlled-baseline:9c9f9e9868c8fe78 -->
### TFG-SETUP-123
- Profile: `developer-profile-123`
- Required runtime: `.NET SDK 8.0`
- Package manager: `NuGet@6`
- Local development command: `dotnet run --project TestGenerator -- --profile 123`
- Migration command: `dotnet ef database update --project TestGenerator --profile 123`
",True,developer_setup,Controlled design expectation: developer_setup; independent human/owner acceptance still required before merge.,True,developer_setup,"TFG-SETUP-123: kod mijenja dokumentovani razvojni setup iz 'NuGet@6' u 'NuGet@7' (package_manager_version_change), dok docs-before eksplicitno navodi staru vrijednost; dokumentacija bi zato postala zastarjela.",approved,7fa111ab1a4e41f65e1239b82a6122e54aefd25c63553d3ee2c96012664abde2,54a19870af586078958b839204793a9929f9298fbb59177a5449d13d4c98131f,developer_setup,rbi_test_forge,package_manager_version_change,cases/patches/rbi_test_forge/developer_setup/TFG-SETUP-123.patch
CRPP2-TFG-DEVELOPER_SETUP-124,controlled-v2/rbi-test-forge-copy,9401309,csharp,"[""TestGenerator/DocGuardContractLab-v2/developer_setup/contracts_03.json""]","--- a/TestGenerator/DocGuardContractLab-v2/developer_setup/contracts_03.json
+++ b/TestGenerator/DocGuardContractLab-v2/developer_setup/contracts_03.json
@@ -31,7 +31,7 @@
     {
       ""contractId"": ""TFG-SETUP-124"",
       ""developmentCommand"": ""dotnet run --project TestGenerator -- --profile 124"",
-      ""migrationCommand"": ""dotnet ef database update --project TestGenerator --profile 124"",
+      ""migrationCommand"": ""dotnet ef database update --project TestGenerator --profile 124 --no-build"",
       ""packageManager"": ""NuGet@6"",
       ""profile"": ""developer-profile-124"",
       ""runtime"": "".NET SDK"",
","<!-- docs/docguard-contract-lab-v2/DEVELOPER_SETUP.md @ controlled-baseline:9c9f9e9868c8fe78 -->
### TFG-SETUP-124
- Profile: `developer-profile-124`
- Required runtime: `.NET SDK 8.0`
- Package manager: `NuGet@6`
- Local development command: `dotnet run --project TestGenerator -- --profile 124`
- Migration command: `dotnet ef database update --project TestGenerator --profile 124`
",True,developer_setup,Controlled design expectation: developer_setup; independent human/owner acceptance still required before merge.,True,developer_setup,"TFG-SETUP-124: kod mijenja dokumentovani razvojni setup iz 'dotnet ef database update --project TestGenerator --profile 124' u 'dotnet ef database update --project TestGenerator --profile 124 --no-build' (migration_command_change), dok docs-before eksplicitno navodi staru vrijednost; dokumentacija bi zato postala zastarjela.",approved,b8a4fd072038a2ebcb047a554f7c942852d6fe4e2240cbda870235aca1dc5460,50e4b903b100151b74f1e0c3d87bd538d2284278e6e942e32c9ec3171b57c299,developer_setup,rbi_test_forge,migration_command_change,cases/patches/rbi_test_forge/developer_setup/TFG-SETUP-124.patch
CRPP2-TFG-DEVELOPER_SETUP-125,controlled-v2/rbi-test-forge-copy,9401310,csharp,"[""TestGenerator/DocGuardContractLab-v2/developer_setup/contracts_03.json""]","--- a/TestGenerator/DocGuardContractLab-v2/developer_setup/contracts_03.json
+++ b/TestGenerator/DocGuardContractLab-v2/developer_setup/contracts_03.json
@@ -44,7 +44,7 @@
       ""packageManager"": ""NuGet@6"",
       ""profile"": ""developer-profile-125"",
       ""runtime"": "".NET SDK"",
-      ""runtimeVersion"": ""8.0""
+      ""runtimeVersion"": ""10.0""
     },
     {
       ""contractId"": ""TFG-SETUP-126"",
","<!-- docs/docguard-contract-lab-v2/DEVELOPER_SETUP.md @ controlled-baseline:9c9f9e9868c8fe78 -->
### TFG-SETUP-125
- Profile: `developer-profile-125`
- Required runtime: `.NET SDK 8.0`
- Package manager: `NuGet@6`
- Local development command: `dotnet run --project TestGenerator -- --profile 125`
- Migration command: `dotnet ef database update --project TestGenerator --profile 125`
",True,developer_setup,Controlled design expectation: developer_setup; independent human/owner acceptance still required before merge.,True,developer_setup,"TFG-SETUP-125: kod mijenja dokumentovani razvojni setup iz '8.0' u '10.0' (runtime_requirement_change), dok docs-before eksplicitno navodi staru vrijednost; dokumentacija bi zato postala zastarjela.",approved,c65da0dba7c0413593653f01be84950905e42c38c61034d0ebcc56f5c28b2f23,8d0401d4dab3489556a4f0f0aa03187de86bee3f55293f38b90492b8197fb646,developer_setup,rbi_test_forge,runtime_requirement_change,cases/patches/rbi_test_forge/developer_setup/TFG-SETUP-125.patch
CRPP2-TFG-DEVELOPER_SETUP-126,controlled-v2/rbi-test-forge-copy,9401311,csharp,"[""TestGenerator/DocGuardContractLab-v2/developer_setup/contracts_03.json""]","--- a/TestGenerator/DocGuardContractLab-v2/developer_setup/contracts_03.json
+++ b/TestGenerator/DocGuardContractLab-v2/developer_setup/contracts_03.json
@@ -48,7 +48,7 @@
     },
     {
       ""contractId"": ""TFG-SETUP-126"",
-      ""developmentCommand"": ""dotnet run --project TestGenerator -- --profile 126"",
+      ""developmentCommand"": ""dotnet run --project TestGenerator -- --profile 126 --strict"",
       ""migrationCommand"": ""dotnet ef database update --project TestGenerator --profile 126"",
       ""packageManager"": ""NuGet@6"",
       ""profile"": ""developer-profile-126"",
","<!-- docs/docguard-contract-lab-v2/DEVELOPER_SETUP.md @ controlled-baseline:9c9f9e9868c8fe78 -->
### TFG-SETUP-126
- Profile: `developer-profile-126`
- Required runtime: `.NET SDK 8.0`
- Package manager: `NuGet@6`
- Local development command: `dotnet run --project TestGenerator -- --profile 126`
- Migration command: `dotnet ef database update --project TestGenerator --profile 126`
",True,developer_setup,Controlled design expectation: developer_setup; independent human/owner acceptance still required before merge.,True,developer_setup,"TFG-SETUP-126: kod mijenja dokumentovani razvojni setup iz 'dotnet run --project TestGenerator -- --profile 126' u 'dotnet run --project TestGenerator -- --profile 126 --strict' (local_command_change), dok docs-before eksplicitno navodi staru vrijednost; dokumentacija bi zato postala zastarjela.",approved,d0bdec11e799d81d8bc98e66e25a6fc993f65a4f0e5d875cad71eec531350c84,a70cda1fccdd6685f4469e1121782a2eb616f0d9ccde1609d57416b51410fdd1,developer_setup,rbi_test_forge,local_command_change,cases/patches/rbi_test_forge/developer_setup/TFG-SETUP-126.patch
CRPP2-TFG-DEVELOPER_SETUP-127,controlled-v2/rbi-test-forge-copy,9401312,csharp,"[""TestGenerator/DocGuardContractLab-v2/developer_setup/contracts_03.json""]","--- a/TestGenerator/DocGuardContractLab-v2/developer_setup/contracts_03.json
+++ b/TestGenerator/DocGuardContractLab-v2/developer_setup/contracts_03.json
@@ -59,7 +59,7 @@
       ""contractId"": ""TFG-SETUP-127"",
       ""developmentCommand"": ""dotnet run --project TestGenerator -- --profile 127"",
       ""migrationCommand"": ""dotnet ef database update --project TestGenerator --profile 127"",
-      ""packageManager"": ""NuGet@6"",
+      ""packageManager"": ""NuGet@7"",
       ""profile"": ""developer-profile-127"",
       ""runtime"": "".NET SDK"",
       ""runtimeVersion"": ""8.0""
","<!-- docs/docguard-contract-lab-v2/DEVELOPER_SETUP.md @ controlled-baseline:9c9f9e9868c8fe78 -->
### TFG-SETUP-127
- Profile: `developer-profile-127`
- Required runtime: `.NET SDK 8.0`
- Package manager: `NuGet@6`
- Local development command: `dotnet run --project TestGenerator -- --profile 127`
- Migration command: `dotnet ef database update --project TestGenerator --profile 127`
",True,developer_setup,Controlled design expectation: developer_setup; independent human/owner acceptance still required before merge.,True,developer_setup,"TFG-SETUP-127: kod mijenja dokumentovani razvojni setup iz 'NuGet@6' u 'NuGet@7' (package_manager_version_change), dok docs-before eksplicitno navodi staru vrijednost; dokumentacija bi zato postala zastarjela.",approved,7f68f6892928655d1143e209f927748d1ff8c0aca1d50d0868f9ac9db659f654,7af29688e6322be9fa49b2866ad8cffcace50bc3848a5155ec35fe8e5edaf21e,developer_setup,rbi_test_forge,package_manager_version_change,cases/patches/rbi_test_forge/developer_setup/TFG-SETUP-127.patch
CRPP2-TFG-DEVELOPER_SETUP-128,controlled-v2/rbi-test-forge-copy,9401313,csharp,"[""TestGenerator/DocGuardContractLab-v2/developer_setup/contracts_03.json""]","--- a/TestGenerator/DocGuardContractLab-v2/developer_setup/contracts_03.json
+++ b/TestGenerator/DocGuardContractLab-v2/developer_setup/contracts_03.json
@@ -67,7 +67,7 @@
     {
       ""contractId"": ""TFG-SETUP-128"",
       ""developmentCommand"": ""dotnet run --project TestGenerator -- --profile 128"",
-      ""migrationCommand"": ""dotnet ef database update --project TestGenerator --profile 128"",
+      ""migrationCommand"": ""dotnet ef database update --project TestGenerator --profile 128 --no-build"",
       ""packageManager"": ""NuGet@6"",
       ""profile"": ""developer-profile-128"",
       ""runtime"": "".NET SDK"",
","<!-- docs/docguard-contract-lab-v2/DEVELOPER_SETUP.md @ controlled-baseline:9c9f9e9868c8fe78 -->
### TFG-SETUP-128
- Profile: `developer-profile-128`
- Required runtime: `.NET SDK 8.0`
- Package manager: `NuGet@6`
- Local development command: `dotnet run --project TestGenerator -- --profile 128`
- Migration command: `dotnet ef database update --project TestGenerator --profile 128`
",True,developer_setup,Controlled design expectation: developer_setup; independent human/owner acceptance still required before merge.,True,developer_setup,"TFG-SETUP-128: kod mijenja dokumentovani razvojni setup iz 'dotnet ef database update --project TestGenerator --profile 128' u 'dotnet ef database update --project TestGenerator --profile 128 --no-build' (migration_command_change), dok docs-before eksplicitno navodi staru vrijednost; dokumentacija bi zato postala zastarjela.",approved,58648bcc2d8a775a5408d8b79f05d512d1d5da014cf2bc7542315021f4cd26ca,9bdef6f26af54883499916416359d2e2c7585ef6f65ed8d61e002f0fcf2cfdda,developer_setup,rbi_test_forge,migration_command_change,cases/patches/rbi_test_forge/developer_setup/TFG-SETUP-128.patch
CRPP2-TFG-DEVELOPER_SETUP-129,controlled-v2/rbi-test-forge-copy,9401314,csharp,"[""TestGenerator/DocGuardContractLab-v2/developer_setup/contracts_03.json""]","--- a/TestGenerator/DocGuardContractLab-v2/developer_setup/contracts_03.json
+++ b/TestGenerator/DocGuardContractLab-v2/developer_setup/contracts_03.json
@@ -80,7 +80,7 @@
       ""packageManager"": ""NuGet@6"",
       ""profile"": ""developer-profile-129"",
       ""runtime"": "".NET SDK"",
-      ""runtimeVersion"": ""8.0""
+      ""runtimeVersion"": ""10.0""
     },
     {
       ""contractId"": ""TFG-SETUP-130"",
","<!-- docs/docguard-contract-lab-v2/DEVELOPER_SETUP.md @ controlled-baseline:9c9f9e9868c8fe78 -->
### TFG-SETUP-129
- Profile: `developer-profile-129`
- Required runtime: `.NET SDK 8.0`
- Package manager: `NuGet@6`
- Local development command: `dotnet run --project TestGenerator -- --profile 129`
- Migration command: `dotnet ef database update --project TestGenerator --profile 129`
",True,developer_setup,Controlled design expectation: developer_setup; independent human/owner acceptance still required before merge.,True,developer_setup,"TFG-SETUP-129: kod mijenja dokumentovani razvojni setup iz '8.0' u '10.0' (runtime_requirement_change), dok docs-before eksplicitno navodi staru vrijednost; dokumentacija bi zato postala zastarjela.",approved,971189ca3b3a69401ea7dda83dcbc7fceb7b7a845deb539ade4bc44b44a37c53,6cfed1d324fc4dddb7b9f5acf42f5e2b84a1352f8da569d4244298753816cd91,developer_setup,rbi_test_forge,runtime_requirement_change,cases/patches/rbi_test_forge/developer_setup/TFG-SETUP-129.patch
CRPP2-TFG-DEVELOPER_SETUP-130,controlled-v2/rbi-test-forge-copy,9401315,csharp,"[""TestGenerator/DocGuardContractLab-v2/developer_setup/contracts_03.json""]","--- a/TestGenerator/DocGuardContractLab-v2/developer_setup/contracts_03.json
+++ b/TestGenerator/DocGuardContractLab-v2/developer_setup/contracts_03.json
@@ -84,7 +84,7 @@
     },
     {
       ""contractId"": ""TFG-SETUP-130"",
-      ""developmentCommand"": ""dotnet run --project TestGenerator -- --profile 130"",
+      ""developmentCommand"": ""dotnet run --project TestGenerator -- --profile 130 --strict"",
       ""migrationCommand"": ""dotnet ef database update --project TestGenerator --profile 130"",
       ""packageManager"": ""NuGet@6"",
       ""profile"": ""developer-profile-130"",
","<!-- docs/docguard-contract-lab-v2/DEVELOPER_SETUP.md @ controlled-baseline:9c9f9e9868c8fe78 -->
### TFG-SETUP-130
- Profile: `developer-profile-130`
- Required runtime: `.NET SDK 8.0`
- Package manager: `NuGet@6`
- Local development command: `dotnet run --project TestGenerator -- --profile 130`
- Migration command: `dotnet ef database update --project TestGenerator --profile 130`
",True,developer_setup,Controlled design expectation: developer_setup; independent human/owner acceptance still required before merge.,True,developer_setup,"TFG-SETUP-130: kod mijenja dokumentovani razvojni setup iz 'dotnet run --project TestGenerator -- --profile 130' u 'dotnet run --project TestGenerator -- --profile 130 --strict' (local_command_change), dok docs-before eksplicitno navodi staru vrijednost; dokumentacija bi zato postala zastarjela.",approved,2103a67cce847cdc486141f61563db324e8e6384772b706482a2b3e2667888cd,16c641197e55a914eb0ea847287fd2ba6d4b49c1b192e8844486ec851231a62c,developer_setup,rbi_test_forge,local_command_change,cases/patches/rbi_test_forge/developer_setup/TFG-SETUP-130.patch
CRPP2-TFG-DEVELOPER_SETUP-131,controlled-v2/rbi-test-forge-copy,9401316,csharp,"[""TestGenerator/DocGuardContractLab-v2/developer_setup/contracts_04.json""]","--- a/TestGenerator/DocGuardContractLab-v2/developer_setup/contracts_04.json
+++ b/TestGenerator/DocGuardContractLab-v2/developer_setup/contracts_04.json
@@ -5,7 +5,7 @@
       ""contractId"": ""TFG-SETUP-131"",
       ""developmentCommand"": ""dotnet run --project TestGenerator -- --profile 131"",
       ""migrationCommand"": ""dotnet ef database update --project TestGenerator --profile 131"",
-      ""packageManager"": ""NuGet@6"",
+      ""packageManager"": ""NuGet@7"",
       ""profile"": ""developer-profile-131"",
       ""runtime"": "".NET SDK"",
       ""runtimeVersion"": ""8.0""
","<!-- docs/docguard-contract-lab-v2/DEVELOPER_SETUP.md @ controlled-baseline:9c9f9e9868c8fe78 -->
### TFG-SETUP-131
- Profile: `developer-profile-131`
- Required runtime: `.NET SDK 8.0`
- Package manager: `NuGet@6`
- Local development command: `dotnet run --project TestGenerator -- --profile 131`
- Migration command: `dotnet ef database update --project TestGenerator --profile 131`
",True,developer_setup,Controlled design expectation: developer_setup; independent human/owner acceptance still required before merge.,True,developer_setup,"TFG-SETUP-131: kod mijenja dokumentovani razvojni setup iz 'NuGet@6' u 'NuGet@7' (package_manager_version_change), dok docs-before eksplicitno navodi staru vrijednost; dokumentacija bi zato postala zastarjela.",approved,4067d8fc2eea17e53d3088146280cfb6532a4e8f19aec1c9b44371abe08df353,e72fca15610e2c9734c6027980d7ef8dc06e0abe4ad7b93a6ae27c983e8cb5e7,developer_setup,rbi_test_forge,package_manager_version_change,cases/patches/rbi_test_forge/developer_setup/TFG-SETUP-131.patch
CRPP2-TFG-DEVELOPER_SETUP-132,controlled-v2/rbi-test-forge-copy,9401317,csharp,"[""TestGenerator/DocGuardContractLab-v2/developer_setup/contracts_04.json""]","--- a/TestGenerator/DocGuardContractLab-v2/developer_setup/contracts_04.json
+++ b/TestGenerator/DocGuardContractLab-v2/developer_setup/contracts_04.json
@@ -13,7 +13,7 @@
     {
       ""contractId"": ""TFG-SETUP-132"",
       ""developmentCommand"": ""dotnet run --project TestGenerator -- --profile 132"",
-      ""migrationCommand"": ""dotnet ef database update --project TestGenerator --profile 132"",
+      ""migrationCommand"": ""dotnet ef database update --project TestGenerator --profile 132 --no-build"",
       ""packageManager"": ""NuGet@6"",
       ""profile"": ""developer-profile-132"",
       ""runtime"": "".NET SDK"",
","<!-- docs/docguard-contract-lab-v2/DEVELOPER_SETUP.md @ controlled-baseline:9c9f9e9868c8fe78 -->
### TFG-SETUP-132
- Profile: `developer-profile-132`
- Required runtime: `.NET SDK 8.0`
- Package manager: `NuGet@6`
- Local development command: `dotnet run --project TestGenerator -- --profile 132`
- Migration command: `dotnet ef database update --project TestGenerator --profile 132`
",True,developer_setup,Controlled design expectation: developer_setup; independent human/owner acceptance still required before merge.,True,developer_setup,"TFG-SETUP-132: kod mijenja dokumentovani razvojni setup iz 'dotnet ef database update --project TestGenerator --profile 132' u 'dotnet ef database update --project TestGenerator --profile 132 --no-build' (migration_command_change), dok docs-before eksplicitno navodi staru vrijednost; dokumentacija bi zato postala zastarjela.",approved,a3d8a136833b42d93d37378c18a5dfd97e7cbb7858ef6343dc60d33d41a676d0,f6c382202a8ea0efa65611502d3051c0f437fca79f4bac5e3f628d18e6572bf1,developer_setup,rbi_test_forge,migration_command_change,cases/patches/rbi_test_forge/developer_setup/TFG-SETUP-132.patch
CRPP2-TFG-DEVELOPER_SETUP-133,controlled-v2/rbi-test-forge-copy,9401318,csharp,"[""TestGenerator/DocGuardContractLab-v2/developer_setup/contracts_04.json""]","--- a/TestGenerator/DocGuardContractLab-v2/developer_setup/contracts_04.json
+++ b/TestGenerator/DocGuardContractLab-v2/developer_setup/contracts_04.json
@@ -26,7 +26,7 @@
       ""packageManager"": ""NuGet@6"",
       ""profile"": ""developer-profile-133"",
       ""runtime"": "".NET SDK"",
-      ""runtimeVersion"": ""8.0""
+      ""runtimeVersion"": ""10.0""
     },
     {
       ""contractId"": ""TFG-SETUP-134"",
","<!-- docs/docguard-contract-lab-v2/DEVELOPER_SETUP.md @ controlled-baseline:9c9f9e9868c8fe78 -->
### TFG-SETUP-133
- Profile: `developer-profile-133`
- Required runtime: `.NET SDK 8.0`
- Package manager: `NuGet@6`
- Local development command: `dotnet run --project TestGenerator -- --profile 133`
- Migration command: `dotnet ef database update --project TestGenerator --profile 133`
",True,developer_setup,Controlled design expectation: developer_setup; independent human/owner acceptance still required before merge.,True,developer_setup,"TFG-SETUP-133: kod mijenja dokumentovani razvojni setup iz '8.0' u '10.0' (runtime_requirement_change), dok docs-before eksplicitno navodi staru vrijednost; dokumentacija bi zato postala zastarjela.",approved,d3b9ba688fddb64d9860dc346a854d3cab87e1dcd3ca24b05a3663491d615ccb,3f82778719d98a4aa19df80f2e6fc8f53b0beac1443cf0223bcfd0ef4f42a7db,developer_setup,rbi_test_forge,runtime_requirement_change,cases/patches/rbi_test_forge/developer_setup/TFG-SETUP-133.patch
CRPP2-TFG-DEVELOPER_SETUP-134,controlled-v2/rbi-test-forge-copy,9401319,csharp,"[""TestGenerator/DocGuardContractLab-v2/developer_setup/contracts_04.json""]","--- a/TestGenerator/DocGuardContractLab-v2/developer_setup/contracts_04.json
+++ b/TestGenerator/DocGuardContractLab-v2/developer_setup/contracts_04.json
@@ -30,7 +30,7 @@
     },
     {
       ""contractId"": ""TFG-SETUP-134"",
-      ""developmentCommand"": ""dotnet run --project TestGenerator -- --profile 134"",
+      ""developmentCommand"": ""dotnet run --project TestGenerator -- --profile 134 --strict"",
       ""migrationCommand"": ""dotnet ef database update --project TestGenerator --profile 134"",
       ""packageManager"": ""NuGet@6"",
       ""profile"": ""developer-profile-134"",
","<!-- docs/docguard-contract-lab-v2/DEVELOPER_SETUP.md @ controlled-baseline:9c9f9e9868c8fe78 -->
### TFG-SETUP-134
- Profile: `developer-profile-134`
- Required runtime: `.NET SDK 8.0`
- Package manager: `NuGet@6`
- Local development command: `dotnet run --project TestGenerator -- --profile 134`
- Migration command: `dotnet ef database update --project TestGenerator --profile 134`
",True,developer_setup,Controlled design expectation: developer_setup; independent human/owner acceptance still required before merge.,True,developer_setup,"TFG-SETUP-134: kod mijenja dokumentovani razvojni setup iz 'dotnet run --project TestGenerator -- --profile 134' u 'dotnet run --project TestGenerator -- --profile 134 --strict' (local_command_change), dok docs-before eksplicitno navodi staru vrijednost; dokumentacija bi zato postala zastarjela.",approved,c81f1913b50292333fe55ad15badbca0cd8636fc3e8d984c9ae34f04942534a2,87cccc35da29419d72050887c7288b1aec6bdc40bdbaab0ed53bc78b4164466c,developer_setup,rbi_test_forge,local_command_change,cases/patches/rbi_test_forge/developer_setup/TFG-SETUP-134.patch
CRPP2-TFG-DEVELOPER_SETUP-135,controlled-v2/rbi-test-forge-copy,9401320,csharp,"[""TestGenerator/DocGuardContractLab-v2/developer_setup/contracts_04.json""]","--- a/TestGenerator/DocGuardContractLab-v2/developer_setup/contracts_04.json
+++ b/TestGenerator/DocGuardContractLab-v2/developer_setup/contracts_04.json
@@ -41,7 +41,7 @@
       ""contractId"": ""TFG-SETUP-135"",
       ""developmentCommand"": ""dotnet run --project TestGenerator -- --profile 135"",
       ""migrationCommand"": ""dotnet ef database update --project TestGenerator --profile 135"",
-      ""packageManager"": ""NuGet@6"",
+      ""packageManager"": ""NuGet@7"",
       ""profile"": ""developer-profile-135"",
       ""runtime"": "".NET SDK"",
       ""runtimeVersion"": ""8.0""
","<!-- docs/docguard-contract-lab-v2/DEVELOPER_SETUP.md @ controlled-baseline:9c9f9e9868c8fe78 -->
### TFG-SETUP-135
- Profile: `developer-profile-135`
- Required runtime: `.NET SDK 8.0`
- Package manager: `NuGet@6`
- Local development command: `dotnet run --project TestGenerator -- --profile 135`
- Migration command: `dotnet ef database update --project TestGenerator --profile 135`
",True,developer_setup,Controlled design expectation: developer_setup; independent human/owner acceptance still required before merge.,True,developer_setup,"TFG-SETUP-135: kod mijenja dokumentovani razvojni setup iz 'NuGet@6' u 'NuGet@7' (package_manager_version_change), dok docs-before eksplicitno navodi staru vrijednost; dokumentacija bi zato postala zastarjela.",approved,c85b2dc83ed7b47c7916b1b9cbb27e2da915b377115e2a81fd995b117fa6b0fd,2559fbc55fa51e89a7a6fe386c67fbace44298ebaed7539e68701cbe6c495c59,developer_setup,rbi_test_forge,package_manager_version_change,cases/patches/rbi_test_forge/developer_setup/TFG-SETUP-135.patch
CRPP2-TFG-DEVELOPER_SETUP-136,controlled-v2/rbi-test-forge-copy,9401321,csharp,"[""TestGenerator/DocGuardContractLab-v2/developer_setup/contracts_04.json""]","--- a/TestGenerator/DocGuardContractLab-v2/developer_setup/contracts_04.json
+++ b/TestGenerator/DocGuardContractLab-v2/developer_setup/contracts_04.json
@@ -49,7 +49,7 @@
     {
       ""contractId"": ""TFG-SETUP-136"",
       ""developmentCommand"": ""dotnet run --project TestGenerator -- --profile 136"",
-      ""migrationCommand"": ""dotnet ef database update --project TestGenerator --profile 136"",
+      ""migrationCommand"": ""dotnet ef database update --project TestGenerator --profile 136 --no-build"",
       ""packageManager"": ""NuGet@6"",
       ""profile"": ""developer-profile-136"",
       ""runtime"": "".NET SDK"",
","<!-- docs/docguard-contract-lab-v2/DEVELOPER_SETUP.md @ controlled-baseline:9c9f9e9868c8fe78 -->
### TFG-SETUP-136
- Profile: `developer-profile-136`
- Required runtime: `.NET SDK 8.0`
- Package manager: `NuGet@6`
- Local development command: `dotnet run --project TestGenerator -- --profile 136`
- Migration command: `dotnet ef database update --project TestGenerator --profile 136`
",True,developer_setup,Controlled design expectation: developer_setup; independent human/owner acceptance still required before merge.,True,developer_setup,"TFG-SETUP-136: kod mijenja dokumentovani razvojni setup iz 'dotnet ef database update --project TestGenerator --profile 136' u 'dotnet ef database update --project TestGenerator --profile 136 --no-build' (migration_command_change), dok docs-before eksplicitno navodi staru vrijednost; dokumentacija bi zato postala zastarjela.",approved,a3b1c91263d37793191a40ea90a055b69f8208cf7ed8fdd132216632e7d49c6a,810d8813a8cb722890079e3b683e4ff2d1670150ac682c58898175b8566546d7,developer_setup,rbi_test_forge,migration_command_change,cases/patches/rbi_test_forge/developer_setup/TFG-SETUP-136.patch
CRPP2-TFG-DEVELOPER_SETUP-137,controlled-v2/rbi-test-forge-copy,9401322,csharp,"[""TestGenerator/DocGuardContractLab-v2/developer_setup/contracts_04.json""]","--- a/TestGenerator/DocGuardContractLab-v2/developer_setup/contracts_04.json
+++ b/TestGenerator/DocGuardContractLab-v2/developer_setup/contracts_04.json
@@ -62,7 +62,7 @@
       ""packageManager"": ""NuGet@6"",
       ""profile"": ""developer-profile-137"",
       ""runtime"": "".NET SDK"",
-      ""runtimeVersion"": ""8.0""
+      ""runtimeVersion"": ""10.0""
     },
     {
       ""contractId"": ""TFG-SETUP-138"",
","<!-- docs/docguard-contract-lab-v2/DEVELOPER_SETUP.md @ controlled-baseline:9c9f9e9868c8fe78 -->
### TFG-SETUP-137
- Profile: `developer-profile-137`
- Required runtime: `.NET SDK 8.0`
- Package manager: `NuGet@6`
- Local development command: `dotnet run --project TestGenerator -- --profile 137`
- Migration command: `dotnet ef database update --project TestGenerator --profile 137`
",True,developer_setup,Controlled design expectation: developer_setup; independent human/owner acceptance still required before merge.,True,developer_setup,"TFG-SETUP-137: kod mijenja dokumentovani razvojni setup iz '8.0' u '10.0' (runtime_requirement_change), dok docs-before eksplicitno navodi staru vrijednost; dokumentacija bi zato postala zastarjela.",approved,75244fd8556590a2b21772e1f7e964c5280117e1f9e2599986687b118cb287fa,c51edfd6e934609a113348399d51c79fa05b8b83eb6754abf07c26e7ad6d6f6a,developer_setup,rbi_test_forge,runtime_requirement_change,cases/patches/rbi_test_forge/developer_setup/TFG-SETUP-137.patch
CRPP2-TFG-DEVELOPER_SETUP-138,controlled-v2/rbi-test-forge-copy,9401323,csharp,"[""TestGenerator/DocGuardContractLab-v2/developer_setup/contracts_04.json""]","--- a/TestGenerator/DocGuardContractLab-v2/developer_setup/contracts_04.json
+++ b/TestGenerator/DocGuardContractLab-v2/developer_setup/contracts_04.json
@@ -66,7 +66,7 @@
     },
     {
       ""contractId"": ""TFG-SETUP-138"",
-      ""developmentCommand"": ""dotnet run --project TestGenerator -- --profile 138"",
+      ""developmentCommand"": ""dotnet run --project TestGenerator -- --profile 138 --strict"",
       ""migrationCommand"": ""dotnet ef database update --project TestGenerator --profile 138"",
       ""packageManager"": ""NuGet@6"",
       ""profile"": ""developer-profile-138"",
","<!-- docs/docguard-contract-lab-v2/DEVELOPER_SETUP.md @ controlled-baseline:9c9f9e9868c8fe78 -->
### TFG-SETUP-138
- Profile: `developer-profile-138`
- Required runtime: `.NET SDK 8.0`
- Package manager: `NuGet@6`
- Local development command: `dotnet run --project TestGenerator -- --profile 138`
- Migration command: `dotnet ef database update --project TestGenerator --profile 138`
",True,developer_setup,Controlled design expectation: developer_setup; independent human/owner acceptance still required before merge.,True,developer_setup,"TFG-SETUP-138: kod mijenja dokumentovani razvojni setup iz 'dotnet run --project TestGenerator -- --profile 138' u 'dotnet run --project TestGenerator -- --profile 138 --strict' (local_command_change), dok docs-before eksplicitno navodi staru vrijednost; dokumentacija bi zato postala zastarjela.",approved,ef47d470eccacbea3a946781a0f9b861bc7a4e8b93029d082a468c64698cb5a0,9fa9e25c94bb765aeb92ca7ba84e49b8d50b94ec8cf0595b526e9e10216665b9,developer_setup,rbi_test_forge,local_command_change,cases/patches/rbi_test_forge/developer_setup/TFG-SETUP-138.patch
CRPP2-TFG-DEVELOPER_SETUP-139,controlled-v2/rbi-test-forge-copy,9401324,csharp,"[""TestGenerator/DocGuardContractLab-v2/developer_setup/contracts_04.json""]","--- a/TestGenerator/DocGuardContractLab-v2/developer_setup/contracts_04.json
+++ b/TestGenerator/DocGuardContractLab-v2/developer_setup/contracts_04.json
@@ -77,7 +77,7 @@
       ""contractId"": ""TFG-SETUP-139"",
       ""developmentCommand"": ""dotnet run --project TestGenerator -- --profile 139"",
       ""migrationCommand"": ""dotnet ef database update --project TestGenerator --profile 139"",
-      ""packageManager"": ""NuGet@6"",
+      ""packageManager"": ""NuGet@7"",
       ""profile"": ""developer-profile-139"",
       ""runtime"": "".NET SDK"",
       ""runtimeVersion"": ""8.0""
","<!-- docs/docguard-contract-lab-v2/DEVELOPER_SETUP.md @ controlled-baseline:9c9f9e9868c8fe78 -->
### TFG-SETUP-139
- Profile: `developer-profile-139`
- Required runtime: `.NET SDK 8.0`
- Package manager: `NuGet@6`
- Local development command: `dotnet run --project TestGenerator -- --profile 139`
- Migration command: `dotnet ef database update --project TestGenerator --profile 139`
",True,developer_setup,Controlled design expectation: developer_setup; independent human/owner acceptance still required before merge.,True,developer_setup,"TFG-SETUP-139: kod mijenja dokumentovani razvojni setup iz 'NuGet@6' u 'NuGet@7' (package_manager_version_change), dok docs-before eksplicitno navodi staru vrijednost; dokumentacija bi zato postala zastarjela.",approved,2ee7139ae1fc5f003c6b691a7e07d07639d183962d68009202dce4f30a404304,75a96a1eb4d1c476bd6d8095c08d7f0e2d81c871c8df66b7efd3c9cede5b7314,developer_setup,rbi_test_forge,package_manager_version_change,cases/patches/rbi_test_forge/developer_setup/TFG-SETUP-139.patch
CRPP2-TFG-DEVELOPER_SETUP-140,controlled-v2/rbi-test-forge-copy,9401325,csharp,"[""TestGenerator/DocGuardContractLab-v2/developer_setup/contracts_04.json""]","--- a/TestGenerator/DocGuardContractLab-v2/developer_setup/contracts_04.json
+++ b/TestGenerator/DocGuardContractLab-v2/developer_setup/contracts_04.json
@@ -85,7 +85,7 @@
     {
       ""contractId"": ""TFG-SETUP-140"",
       ""developmentCommand"": ""dotnet run --project TestGenerator -- --profile 140"",
-      ""migrationCommand"": ""dotnet ef database update --project TestGenerator --profile 140"",
+      ""migrationCommand"": ""dotnet ef database update --project TestGenerator --profile 140 --no-build"",
       ""packageManager"": ""NuGet@6"",
       ""profile"": ""developer-profile-140"",
       ""runtime"": "".NET SDK"",
","<!-- docs/docguard-contract-lab-v2/DEVELOPER_SETUP.md @ controlled-baseline:9c9f9e9868c8fe78 -->
### TFG-SETUP-140
- Profile: `developer-profile-140`
- Required runtime: `.NET SDK 8.0`
- Package manager: `NuGet@6`
- Local development command: `dotnet run --project TestGenerator -- --profile 140`
- Migration command: `dotnet ef database update --project TestGenerator --profile 140`
",True,developer_setup,Controlled design expectation: developer_setup; independent human/owner acceptance still required before merge.,True,developer_setup,"TFG-SETUP-140: kod mijenja dokumentovani razvojni setup iz 'dotnet ef database update --project TestGenerator --profile 140' u 'dotnet ef database update --project TestGenerator --profile 140 --no-build' (migration_command_change), dok docs-before eksplicitno navodi staru vrijednost; dokumentacija bi zato postala zastarjela.",approved,3b975c4a5a1211d375ccc25e686d0cd88277c5a0cb5fbde5d5502b97f9b2a67f,46ea8e7e4095a230212ebb92b29acc7acf8e583e27ebecf27445bb03fc3625b9,developer_setup,rbi_test_forge,migration_command_change,cases/patches/rbi_test_forge/developer_setup/TFG-SETUP-140.patch
CRPP2-TFG-DEVELOPER_SETUP-141,controlled-v2/rbi-test-forge-copy,9401326,csharp,"[""TestGenerator/DocGuardContractLab-v2/developer_setup/contracts_05.json""]","--- a/TestGenerator/DocGuardContractLab-v2/developer_setup/contracts_05.json
+++ b/TestGenerator/DocGuardContractLab-v2/developer_setup/contracts_05.json
@@ -8,7 +8,7 @@
       ""packageManager"": ""NuGet@6"",
       ""profile"": ""developer-profile-141"",
       ""runtime"": "".NET SDK"",
-      ""runtimeVersion"": ""8.0""
+      ""runtimeVersion"": ""10.0""
     },
     {
       ""contractId"": ""TFG-SETUP-142"",
","<!-- docs/docguard-contract-lab-v2/DEVELOPER_SETUP.md @ controlled-baseline:9c9f9e9868c8fe78 -->
### TFG-SETUP-141
- Profile: `developer-profile-141`
- Required runtime: `.NET SDK 8.0`
- Package manager: `NuGet@6`
- Local development command: `dotnet run --project TestGenerator -- --profile 141`
- Migration command: `dotnet ef database update --project TestGenerator --profile 141`
",True,developer_setup,Controlled design expectation: developer_setup; independent human/owner acceptance still required before merge.,True,developer_setup,"TFG-SETUP-141: kod mijenja dokumentovani razvojni setup iz '8.0' u '10.0' (runtime_requirement_change), dok docs-before eksplicitno navodi staru vrijednost; dokumentacija bi zato postala zastarjela.",approved,0cbc8eaeeb68d09ce466ef794e06cbc4b1790e5fe59e11151d1c1a3ad392ad40,520b80883af384138ea385dd10a1266e9cacd909a737458c6b9152de9c1dc8f8,developer_setup,rbi_test_forge,runtime_requirement_change,cases/patches/rbi_test_forge/developer_setup/TFG-SETUP-141.patch
CRPP2-TFG-DEVELOPER_SETUP-142,controlled-v2/rbi-test-forge-copy,9401327,csharp,"[""TestGenerator/DocGuardContractLab-v2/developer_setup/contracts_05.json""]","--- a/TestGenerator/DocGuardContractLab-v2/developer_setup/contracts_05.json
+++ b/TestGenerator/DocGuardContractLab-v2/developer_setup/contracts_05.json
@@ -12,7 +12,7 @@
     },
     {
       ""contractId"": ""TFG-SETUP-142"",
-      ""developmentCommand"": ""dotnet run --project TestGenerator -- --profile 142"",
+      ""developmentCommand"": ""dotnet run --project TestGenerator -- --profile 142 --strict"",
       ""migrationCommand"": ""dotnet ef database update --project TestGenerator --profile 142"",
       ""packageManager"": ""NuGet@6"",
       ""profile"": ""developer-profile-142"",
","<!-- docs/docguard-contract-lab-v2/DEVELOPER_SETUP.md @ controlled-baseline:9c9f9e9868c8fe78 -->
### TFG-SETUP-142
- Profile: `developer-profile-142`
- Required runtime: `.NET SDK 8.0`
- Package manager: `NuGet@6`
- Local development command: `dotnet run --project TestGenerator -- --profile 142`
- Migration command: `dotnet ef database update --project TestGenerator --profile 142`
",True,developer_setup,Controlled design expectation: developer_setup; independent human/owner acceptance still required before merge.,True,developer_setup,"TFG-SETUP-142: kod mijenja dokumentovani razvojni setup iz 'dotnet run --project TestGenerator -- --profile 142' u 'dotnet run --project TestGenerator -- --profile 142 --strict' (local_command_change), dok docs-before eksplicitno navodi staru vrijednost; dokumentacija bi zato postala zastarjela.",approved,53368418ab1a0506fe8eb0db1fbc2aa1f5219a01675c9d8b304170b155ff8dad,ba7af881a9681dc3bb2881037ead6e06ce1218ce754634aafbbced95f67429fb,developer_setup,rbi_test_forge,local_command_change,cases/patches/rbi_test_forge/developer_setup/TFG-SETUP-142.patch
CRPP2-TFG-DEVELOPER_SETUP-143,controlled-v2/rbi-test-forge-copy,9401328,csharp,"[""TestGenerator/DocGuardContractLab-v2/developer_setup/contracts_05.json""]","--- a/TestGenerator/DocGuardContractLab-v2/developer_setup/contracts_05.json
+++ b/TestGenerator/DocGuardContractLab-v2/developer_setup/contracts_05.json
@@ -23,7 +23,7 @@
       ""contractId"": ""TFG-SETUP-143"",
       ""developmentCommand"": ""dotnet run --project TestGenerator -- --profile 143"",
       ""migrationCommand"": ""dotnet ef database update --project TestGenerator --profile 143"",
-      ""packageManager"": ""NuGet@6"",
+      ""packageManager"": ""NuGet@7"",
       ""profile"": ""developer-profile-143"",
       ""runtime"": "".NET SDK"",
       ""runtimeVersion"": ""8.0""
","<!-- docs/docguard-contract-lab-v2/DEVELOPER_SETUP.md @ controlled-baseline:9c9f9e9868c8fe78 -->
### TFG-SETUP-143
- Profile: `developer-profile-143`
- Required runtime: `.NET SDK 8.0`
- Package manager: `NuGet@6`
- Local development command: `dotnet run --project TestGenerator -- --profile 143`
- Migration command: `dotnet ef database update --project TestGenerator --profile 143`
",True,developer_setup,Controlled design expectation: developer_setup; independent human/owner acceptance still required before merge.,True,developer_setup,"TFG-SETUP-143: kod mijenja dokumentovani razvojni setup iz 'NuGet@6' u 'NuGet@7' (package_manager_version_change), dok docs-before eksplicitno navodi staru vrijednost; dokumentacija bi zato postala zastarjela.",approved,834a0f015fe32bb9de1c7c7cc8c0fb79f22c40d38c2ed681b1a97500bc075671,c0a103b63654f9e341d140e9f32cfd246d6418d2fc6df5d0bfcad641954882ca,developer_setup,rbi_test_forge,package_manager_version_change,cases/patches/rbi_test_forge/developer_setup/TFG-SETUP-143.patch
CRPP2-TFG-DEVELOPER_SETUP-144,controlled-v2/rbi-test-forge-copy,9401329,csharp,"[""TestGenerator/DocGuardContractLab-v2/developer_setup/contracts_05.json""]","--- a/TestGenerator/DocGuardContractLab-v2/developer_setup/contracts_05.json
+++ b/TestGenerator/DocGuardContractLab-v2/developer_setup/contracts_05.json
@@ -31,7 +31,7 @@
     {
       ""contractId"": ""TFG-SETUP-144"",
       ""developmentCommand"": ""dotnet run --project TestGenerator -- --profile 144"",
-      ""migrationCommand"": ""dotnet ef database update --project TestGenerator --profile 144"",
+      ""migrationCommand"": ""dotnet ef database update --project TestGenerator --profile 144 --no-build"",
       ""packageManager"": ""NuGet@6"",
       ""profile"": ""developer-profile-144"",
       ""runtime"": "".NET SDK"",
","<!-- docs/docguard-contract-lab-v2/DEVELOPER_SETUP.md @ controlled-baseline:9c9f9e9868c8fe78 -->
### TFG-SETUP-144
- Profile: `developer-profile-144`
- Required runtime: `.NET SDK 8.0`
- Package manager: `NuGet@6`
- Local development command: `dotnet run --project TestGenerator -- --profile 144`
- Migration command: `dotnet ef database update --project TestGenerator --profile 144`
",True,developer_setup,Controlled design expectation: developer_setup; independent human/owner acceptance still required before merge.,True,developer_setup,"TFG-SETUP-144: kod mijenja dokumentovani razvojni setup iz 'dotnet ef database update --project TestGenerator --profile 144' u 'dotnet ef database update --project TestGenerator --profile 144 --no-build' (migration_command_change), dok docs-before eksplicitno navodi staru vrijednost; dokumentacija bi zato postala zastarjela.",approved,a190f0d3e3f400b945835f000ea5ac2051c743f95e5a084ae4b63d54b6be0ec7,25e542909d8dae3d08203c8e0f5e5bd95ec4b1c8c98db0318ce2092af5594079,developer_setup,rbi_test_forge,migration_command_change,cases/patches/rbi_test_forge/developer_setup/TFG-SETUP-144.patch
CRPP2-TFG-DEVELOPER_SETUP-145,controlled-v2/rbi-test-forge-copy,9401330,csharp,"[""TestGenerator/DocGuardContractLab-v2/developer_setup/contracts_05.json""]","--- a/TestGenerator/DocGuardContractLab-v2/developer_setup/contracts_05.json
+++ b/TestGenerator/DocGuardContractLab-v2/developer_setup/contracts_05.json
@@ -44,7 +44,7 @@
       ""packageManager"": ""NuGet@6"",
       ""profile"": ""developer-profile-145"",
       ""runtime"": "".NET SDK"",
-      ""runtimeVersion"": ""8.0""
+      ""runtimeVersion"": ""10.0""
     },
     {
       ""contractId"": ""TFG-SETUP-146"",
","<!-- docs/docguard-contract-lab-v2/DEVELOPER_SETUP.md @ controlled-baseline:9c9f9e9868c8fe78 -->
### TFG-SETUP-145
- Profile: `developer-profile-145`
- Required runtime: `.NET SDK 8.0`
- Package manager: `NuGet@6`
- Local development command: `dotnet run --project TestGenerator -- --profile 145`
- Migration command: `dotnet ef database update --project TestGenerator --profile 145`
",True,developer_setup,Controlled design expectation: developer_setup; independent human/owner acceptance still required before merge.,True,developer_setup,"TFG-SETUP-145: kod mijenja dokumentovani razvojni setup iz '8.0' u '10.0' (runtime_requirement_change), dok docs-before eksplicitno navodi staru vrijednost; dokumentacija bi zato postala zastarjela.",approved,7b843923e8018258a897f3b789066ef83588f4fd105384987d6762445cbcaba6,e3c34f33fec909ff31f79ed004f8914472dcc2ba4edfb1d7fd580ef109033d2c,developer_setup,rbi_test_forge,runtime_requirement_change,cases/patches/rbi_test_forge/developer_setup/TFG-SETUP-145.patch
CRPP2-TFG-DEVELOPER_SETUP-146,controlled-v2/rbi-test-forge-copy,9401331,csharp,"[""TestGenerator/DocGuardContractLab-v2/developer_setup/contracts_05.json""]","--- a/TestGenerator/DocGuardContractLab-v2/developer_setup/contracts_05.json
+++ b/TestGenerator/DocGuardContractLab-v2/developer_setup/contracts_05.json
@@ -48,7 +48,7 @@
     },
     {
       ""contractId"": ""TFG-SETUP-146"",
-      ""developmentCommand"": ""dotnet run --project TestGenerator -- --profile 146"",
+      ""developmentCommand"": ""dotnet run --project TestGenerator -- --profile 146 --strict"",
       ""migrationCommand"": ""dotnet ef database update --project TestGenerator --profile 146"",
       ""packageManager"": ""NuGet@6"",
       ""profile"": ""developer-profile-146"",
","<!-- docs/docguard-contract-lab-v2/DEVELOPER_SETUP.md @ controlled-baseline:9c9f9e9868c8fe78 -->
### TFG-SETUP-146
- Profile: `developer-profile-146`
- Required runtime: `.NET SDK 8.0`
- Package manager: `NuGet@6`
- Local development command: `dotnet run --project TestGenerator -- --profile 146`
- Migration command: `dotnet ef database update --project TestGenerator --profile 146`
",True,developer_setup,Controlled design expectation: developer_setup; independent human/owner acceptance still required before merge.,True,developer_setup,"TFG-SETUP-146: kod mijenja dokumentovani razvojni setup iz 'dotnet run --project TestGenerator -- --profile 146' u 'dotnet run --project TestGenerator -- --profile 146 --strict' (local_command_change), dok docs-before eksplicitno navodi staru vrijednost; dokumentacija bi zato postala zastarjela.",approved,0e77e470419a610586f403efa4593dff0d9e9ddfbdbe94c03b7fa5a8a5056f5a,57160bd210dd13d6ca3d71295d07d38037fe006bf2a0c625fbb4da01e2bd00d7,developer_setup,rbi_test_forge,local_command_change,cases/patches/rbi_test_forge/developer_setup/TFG-SETUP-146.patch
CRPP2-TFG-DEVELOPER_SETUP-147,controlled-v2/rbi-test-forge-copy,9401332,csharp,"[""TestGenerator/DocGuardContractLab-v2/developer_setup/contracts_05.json""]","--- a/TestGenerator/DocGuardContractLab-v2/developer_setup/contracts_05.json
+++ b/TestGenerator/DocGuardContractLab-v2/developer_setup/contracts_05.json
@@ -59,7 +59,7 @@
       ""contractId"": ""TFG-SETUP-147"",
       ""developmentCommand"": ""dotnet run --project TestGenerator -- --profile 147"",
       ""migrationCommand"": ""dotnet ef database update --project TestGenerator --profile 147"",
-      ""packageManager"": ""NuGet@6"",
+      ""packageManager"": ""NuGet@7"",
       ""profile"": ""developer-profile-147"",
       ""runtime"": "".NET SDK"",
       ""runtimeVersion"": ""8.0""
","<!-- docs/docguard-contract-lab-v2/DEVELOPER_SETUP.md @ controlled-baseline:9c9f9e9868c8fe78 -->
### TFG-SETUP-147
- Profile: `developer-profile-147`
- Required runtime: `.NET SDK 8.0`
- Package manager: `NuGet@6`
- Local development command: `dotnet run --project TestGenerator -- --profile 147`
- Migration command: `dotnet ef database update --project TestGenerator --profile 147`
",True,developer_setup,Controlled design expectation: developer_setup; independent human/owner acceptance still required before merge.,True,developer_setup,"TFG-SETUP-147: kod mijenja dokumentovani razvojni setup iz 'NuGet@6' u 'NuGet@7' (package_manager_version_change), dok docs-before eksplicitno navodi staru vrijednost; dokumentacija bi zato postala zastarjela.",approved,6d16ca5b47350217835a6090eaa9425d881786860aa3f3c6c76172da54a52988,5e7a4a3ee3ea90626721ce7bb343777f09a16b621b868aae2eb2a2dd376f4f97,developer_setup,rbi_test_forge,package_manager_version_change,cases/patches/rbi_test_forge/developer_setup/TFG-SETUP-147.patch
CRPP2-TFG-DEVELOPER_SETUP-148,controlled-v2/rbi-test-forge-copy,9401333,csharp,"[""TestGenerator/DocGuardContractLab-v2/developer_setup/contracts_05.json""]","--- a/TestGenerator/DocGuardContractLab-v2/developer_setup/contracts_05.json
+++ b/TestGenerator/DocGuardContractLab-v2/developer_setup/contracts_05.json
@@ -67,7 +67,7 @@
     {
       ""contractId"": ""TFG-SETUP-148"",
       ""developmentCommand"": ""dotnet run --project TestGenerator -- --profile 148"",
-      ""migrationCommand"": ""dotnet ef database update --project TestGenerator --profile 148"",
+      ""migrationCommand"": ""dotnet ef database update --project TestGenerator --profile 148 --no-build"",
       ""packageManager"": ""NuGet@6"",
       ""profile"": ""developer-profile-148"",
       ""runtime"": "".NET SDK"",
","<!-- docs/docguard-contract-lab-v2/DEVELOPER_SETUP.md @ controlled-baseline:9c9f9e9868c8fe78 -->
### TFG-SETUP-148
- Profile: `developer-profile-148`
- Required runtime: `.NET SDK 8.0`
- Package manager: `NuGet@6`
- Local development command: `dotnet run --project TestGenerator -- --profile 148`
- Migration command: `dotnet ef database update --project TestGenerator --profile 148`
",True,developer_setup,Controlled design expectation: developer_setup; independent human/owner acceptance still required before merge.,True,developer_setup,"TFG-SETUP-148: kod mijenja dokumentovani razvojni setup iz 'dotnet ef database update --project TestGenerator --profile 148' u 'dotnet ef database update --project TestGenerator --profile 148 --no-build' (migration_command_change), dok docs-before eksplicitno navodi staru vrijednost; dokumentacija bi zato postala zastarjela.",approved,fd4216db45446f2c961579e8aaeead8cd5ef0cf31c12c7a4c125216c19ed76b4,d8a4e95647a2e2b1435e90f00e94f4a23ccd2520a36261c13ad6c5f595f59230,developer_setup,rbi_test_forge,migration_command_change,cases/patches/rbi_test_forge/developer_setup/TFG-SETUP-148.patch
CRPP2-TFG-DEVELOPER_SETUP-149,controlled-v2/rbi-test-forge-copy,9401334,csharp,"[""TestGenerator/DocGuardContractLab-v2/developer_setup/contracts_05.json""]","--- a/TestGenerator/DocGuardContractLab-v2/developer_setup/contracts_05.json
+++ b/TestGenerator/DocGuardContractLab-v2/developer_setup/contracts_05.json
@@ -80,7 +80,7 @@
       ""packageManager"": ""NuGet@6"",
       ""profile"": ""developer-profile-149"",
       ""runtime"": "".NET SDK"",
-      ""runtimeVersion"": ""8.0""
+      ""runtimeVersion"": ""10.0""
     },
     {
       ""contractId"": ""TFG-SETUP-150"",
","<!-- docs/docguard-contract-lab-v2/DEVELOPER_SETUP.md @ controlled-baseline:9c9f9e9868c8fe78 -->
### TFG-SETUP-149
- Profile: `developer-profile-149`
- Required runtime: `.NET SDK 8.0`
- Package manager: `NuGet@6`
- Local development command: `dotnet run --project TestGenerator -- --profile 149`
- Migration command: `dotnet ef database update --project TestGenerator --profile 149`
",True,developer_setup,Controlled design expectation: developer_setup; independent human/owner acceptance still required before merge.,True,developer_setup,"TFG-SETUP-149: kod mijenja dokumentovani razvojni setup iz '8.0' u '10.0' (runtime_requirement_change), dok docs-before eksplicitno navodi staru vrijednost; dokumentacija bi zato postala zastarjela.",approved,9ca45302561940d2ebc2a09c5c494dca0918e58911bb2415ecad31b35cdc6b67,886718acd6a5a4a47b7915de50f27b61a2d4475c7414490c15df9ef27c3100a3,developer_setup,rbi_test_forge,runtime_requirement_change,cases/patches/rbi_test_forge/developer_setup/TFG-SETUP-149.patch
CRPP2-TFG-DEVELOPER_SETUP-150,controlled-v2/rbi-test-forge-copy,9401335,csharp,"[""TestGenerator/DocGuardContractLab-v2/developer_setup/contracts_05.json""]","--- a/TestGenerator/DocGuardContractLab-v2/developer_setup/contracts_05.json
+++ b/TestGenerator/DocGuardContractLab-v2/developer_setup/contracts_05.json
@@ -84,7 +84,7 @@
     },
     {
       ""contractId"": ""TFG-SETUP-150"",
-      ""developmentCommand"": ""dotnet run --project TestGenerator -- --profile 150"",
+      ""developmentCommand"": ""dotnet run --project TestGenerator -- --profile 150 --strict"",
       ""migrationCommand"": ""dotnet ef database update --project TestGenerator --profile 150"",
       ""packageManager"": ""NuGet@6"",
       ""profile"": ""developer-profile-150"",
","<!-- docs/docguard-contract-lab-v2/DEVELOPER_SETUP.md @ controlled-baseline:9c9f9e9868c8fe78 -->
### TFG-SETUP-150
- Profile: `developer-profile-150`
- Required runtime: `.NET SDK 8.0`
- Package manager: `NuGet@6`
- Local development command: `dotnet run --project TestGenerator -- --profile 150`
- Migration command: `dotnet ef database update --project TestGenerator --profile 150`
",True,developer_setup,Controlled design expectation: developer_setup; independent human/owner acceptance still required before merge.,True,developer_setup,"TFG-SETUP-150: kod mijenja dokumentovani razvojni setup iz 'dotnet run --project TestGenerator -- --profile 150' u 'dotnet run --project TestGenerator -- --profile 150 --strict' (local_command_change), dok docs-before eksplicitno navodi staru vrijednost; dokumentacija bi zato postala zastarjela.",approved,78d8354e89f1ac8cec99f73097643e132203348177a14d3033740d7c5490cd25,b28a971d69e68dfa7e6ebcf5f7864ecab4bf4d9313766698a367b52debdd08f9,developer_setup,rbi_test_forge,local_command_change,cases/patches/rbi_test_forge/developer_setup/TFG-SETUP-150.patch
CRPP2-TFG-DEVELOPER_SETUP-151,controlled-v2/rbi-test-forge-copy,9401336,csharp,"[""TestGenerator/DocGuardContractLab-v2/developer_setup/contracts_06.json""]","--- a/TestGenerator/DocGuardContractLab-v2/developer_setup/contracts_06.json
+++ b/TestGenerator/DocGuardContractLab-v2/developer_setup/contracts_06.json
@@ -5,7 +5,7 @@
       ""contractId"": ""TFG-SETUP-151"",
       ""developmentCommand"": ""dotnet run --project TestGenerator -- --profile 151"",
       ""migrationCommand"": ""dotnet ef database update --project TestGenerator --profile 151"",
-      ""packageManager"": ""NuGet@6"",
+      ""packageManager"": ""NuGet@7"",
       ""profile"": ""developer-profile-151"",
       ""runtime"": "".NET SDK"",
       ""runtimeVersion"": ""8.0""
","<!-- docs/docguard-contract-lab-v2/DEVELOPER_SETUP.md @ controlled-baseline:9c9f9e9868c8fe78 -->
### TFG-SETUP-151
- Profile: `developer-profile-151`
- Required runtime: `.NET SDK 8.0`
- Package manager: `NuGet@6`
- Local development command: `dotnet run --project TestGenerator -- --profile 151`
- Migration command: `dotnet ef database update --project TestGenerator --profile 151`
",True,developer_setup,Controlled design expectation: developer_setup; independent human/owner acceptance still required before merge.,True,developer_setup,"TFG-SETUP-151: kod mijenja dokumentovani razvojni setup iz 'NuGet@6' u 'NuGet@7' (package_manager_version_change), dok docs-before eksplicitno navodi staru vrijednost; dokumentacija bi zato postala zastarjela.",approved,cf04ac44b49f50d7c6fd763d99f8c2b9cc026ea8bd52919e4ae13fcf5b62e4dc,2113d866b28fdd0264567b904febe368b9045058d1358db9895aaf47fa3eaeed,developer_setup,rbi_test_forge,package_manager_version_change,cases/patches/rbi_test_forge/developer_setup/TFG-SETUP-151.patch
CRPP2-TFG-DEVELOPER_SETUP-152,controlled-v2/rbi-test-forge-copy,9401337,csharp,"[""TestGenerator/DocGuardContractLab-v2/developer_setup/contracts_06.json""]","--- a/TestGenerator/DocGuardContractLab-v2/developer_setup/contracts_06.json
+++ b/TestGenerator/DocGuardContractLab-v2/developer_setup/contracts_06.json
@@ -13,7 +13,7 @@
     {
       ""contractId"": ""TFG-SETUP-152"",
       ""developmentCommand"": ""dotnet run --project TestGenerator -- --profile 152"",
-      ""migrationCommand"": ""dotnet ef database update --project TestGenerator --profile 152"",
+      ""migrationCommand"": ""dotnet ef database update --project TestGenerator --profile 152 --no-build"",
       ""packageManager"": ""NuGet@6"",
       ""profile"": ""developer-profile-152"",
       ""runtime"": "".NET SDK"",
","<!-- docs/docguard-contract-lab-v2/DEVELOPER_SETUP.md @ controlled-baseline:9c9f9e9868c8fe78 -->
### TFG-SETUP-152
- Profile: `developer-profile-152`
- Required runtime: `.NET SDK 8.0`
- Package manager: `NuGet@6`
- Local development command: `dotnet run --project TestGenerator -- --profile 152`
- Migration command: `dotnet ef database update --project TestGenerator --profile 152`
",True,developer_setup,Controlled design expectation: developer_setup; independent human/owner acceptance still required before merge.,True,developer_setup,"TFG-SETUP-152: kod mijenja dokumentovani razvojni setup iz 'dotnet ef database update --project TestGenerator --profile 152' u 'dotnet ef database update --project TestGenerator --profile 152 --no-build' (migration_command_change), dok docs-before eksplicitno navodi staru vrijednost; dokumentacija bi zato postala zastarjela.",approved,2f81f28ea110b689128bdf413d2949bf6a1d0d4d3786182e4cc0010aade3ad5f,47b0901b0b4eb6d667ca32f6f7ef677036038cb827a7f3752e9cce0e90688227,developer_setup,rbi_test_forge,migration_command_change,cases/patches/rbi_test_forge/developer_setup/TFG-SETUP-152.patch
CRPP2-TFG-DEVELOPER_SETUP-153,controlled-v2/rbi-test-forge-copy,9401338,csharp,"[""TestGenerator/DocGuardContractLab-v2/developer_setup/contracts_06.json""]","--- a/TestGenerator/DocGuardContractLab-v2/developer_setup/contracts_06.json
+++ b/TestGenerator/DocGuardContractLab-v2/developer_setup/contracts_06.json
@@ -26,7 +26,7 @@
       ""packageManager"": ""NuGet@6"",
       ""profile"": ""developer-profile-153"",
       ""runtime"": "".NET SDK"",
-      ""runtimeVersion"": ""8.0""
+      ""runtimeVersion"": ""10.0""
     },
     {
       ""contractId"": ""TFG-SETUP-154"",
","<!-- docs/docguard-contract-lab-v2/DEVELOPER_SETUP.md @ controlled-baseline:9c9f9e9868c8fe78 -->
### TFG-SETUP-153
- Profile: `developer-profile-153`
- Required runtime: `.NET SDK 8.0`
- Package manager: `NuGet@6`
- Local development command: `dotnet run --project TestGenerator -- --profile 153`
- Migration command: `dotnet ef database update --project TestGenerator --profile 153`
",True,developer_setup,Controlled design expectation: developer_setup; independent human/owner acceptance still required before merge.,True,developer_setup,"TFG-SETUP-153: kod mijenja dokumentovani razvojni setup iz '8.0' u '10.0' (runtime_requirement_change), dok docs-before eksplicitno navodi staru vrijednost; dokumentacija bi zato postala zastarjela.",approved,de43a8601f390d5ae0e18f6ae2b191e5633f3ecbe0f78d264ababf0f4fbd54d3,35df73689f45f10fa334155339d4736b69b0106f165eb3d277470cf850e1e063,developer_setup,rbi_test_forge,runtime_requirement_change,cases/patches/rbi_test_forge/developer_setup/TFG-SETUP-153.patch
CRPP2-TFG-DEVELOPER_SETUP-154,controlled-v2/rbi-test-forge-copy,9401339,csharp,"[""TestGenerator/DocGuardContractLab-v2/developer_setup/contracts_06.json""]","--- a/TestGenerator/DocGuardContractLab-v2/developer_setup/contracts_06.json
+++ b/TestGenerator/DocGuardContractLab-v2/developer_setup/contracts_06.json
@@ -30,7 +30,7 @@
     },
     {
       ""contractId"": ""TFG-SETUP-154"",
-      ""developmentCommand"": ""dotnet run --project TestGenerator -- --profile 154"",
+      ""developmentCommand"": ""dotnet run --project TestGenerator -- --profile 154 --strict"",
       ""migrationCommand"": ""dotnet ef database update --project TestGenerator --profile 154"",
       ""packageManager"": ""NuGet@6"",
       ""profile"": ""developer-profile-154"",
","<!-- docs/docguard-contract-lab-v2/DEVELOPER_SETUP.md @ controlled-baseline:9c9f9e9868c8fe78 -->
### TFG-SETUP-154
- Profile: `developer-profile-154`
- Required runtime: `.NET SDK 8.0`
- Package manager: `NuGet@6`
- Local development command: `dotnet run --project TestGenerator -- --profile 154`
- Migration command: `dotnet ef database update --project TestGenerator --profile 154`
",True,developer_setup,Controlled design expectation: developer_setup; independent human/owner acceptance still required before merge.,True,developer_setup,"TFG-SETUP-154: kod mijenja dokumentovani razvojni setup iz 'dotnet run --project TestGenerator -- --profile 154' u 'dotnet run --project TestGenerator -- --profile 154 --strict' (local_command_change), dok docs-before eksplicitno navodi staru vrijednost; dokumentacija bi zato postala zastarjela.",approved,cc899f36257a9e8a37c30930bf83ae625ab4c0e2e731f7534432befa17c9b564,48eb3c9cd055bd9bc704410c20eba4621689ae683c1c878a44582438b7243ee9,developer_setup,rbi_test_forge,local_command_change,cases/patches/rbi_test_forge/developer_setup/TFG-SETUP-154.patch
CRPP2-TFG-DEVELOPER_SETUP-155,controlled-v2/rbi-test-forge-copy,9401340,csharp,"[""TestGenerator/DocGuardContractLab-v2/developer_setup/contracts_06.json""]","--- a/TestGenerator/DocGuardContractLab-v2/developer_setup/contracts_06.json
+++ b/TestGenerator/DocGuardContractLab-v2/developer_setup/contracts_06.json
@@ -41,7 +41,7 @@
       ""contractId"": ""TFG-SETUP-155"",
       ""developmentCommand"": ""dotnet run --project TestGenerator -- --profile 155"",
       ""migrationCommand"": ""dotnet ef database update --project TestGenerator --profile 155"",
-      ""packageManager"": ""NuGet@6"",
+      ""packageManager"": ""NuGet@7"",
       ""profile"": ""developer-profile-155"",
       ""runtime"": "".NET SDK"",
       ""runtimeVersion"": ""8.0""
","<!-- docs/docguard-contract-lab-v2/DEVELOPER_SETUP.md @ controlled-baseline:9c9f9e9868c8fe78 -->
### TFG-SETUP-155
- Profile: `developer-profile-155`
- Required runtime: `.NET SDK 8.0`
- Package manager: `NuGet@6`
- Local development command: `dotnet run --project TestGenerator -- --profile 155`
- Migration command: `dotnet ef database update --project TestGenerator --profile 155`
",True,developer_setup,Controlled design expectation: developer_setup; independent human/owner acceptance still required before merge.,True,developer_setup,"TFG-SETUP-155: kod mijenja dokumentovani razvojni setup iz 'NuGet@6' u 'NuGet@7' (package_manager_version_change), dok docs-before eksplicitno navodi staru vrijednost; dokumentacija bi zato postala zastarjela.",approved,3419b1470d104480db2699aa720c1f83b0cec20476b7722eebb536d88304e845,e60235ce06f3764ea18ba90da02f15fdb3c57193396f7b888e33e6e4eb16e8dc,developer_setup,rbi_test_forge,package_manager_version_change,cases/patches/rbi_test_forge/developer_setup/TFG-SETUP-155.patch
CRPP2-TFG-DEVELOPER_SETUP-156,controlled-v2/rbi-test-forge-copy,9401341,csharp,"[""TestGenerator/DocGuardContractLab-v2/developer_setup/contracts_06.json""]","--- a/TestGenerator/DocGuardContractLab-v2/developer_setup/contracts_06.json
+++ b/TestGenerator/DocGuardContractLab-v2/developer_setup/contracts_06.json
@@ -49,7 +49,7 @@
     {
       ""contractId"": ""TFG-SETUP-156"",
       ""developmentCommand"": ""dotnet run --project TestGenerator -- --profile 156"",
-      ""migrationCommand"": ""dotnet ef database update --project TestGenerator --profile 156"",
+      ""migrationCommand"": ""dotnet ef database update --project TestGenerator --profile 156 --no-build"",
       ""packageManager"": ""NuGet@6"",
       ""profile"": ""developer-profile-156"",
       ""runtime"": "".NET SDK"",
","<!-- docs/docguard-contract-lab-v2/DEVELOPER_SETUP.md @ controlled-baseline:9c9f9e9868c8fe78 -->
### TFG-SETUP-156
- Profile: `developer-profile-156`
- Required runtime: `.NET SDK 8.0`
- Package manager: `NuGet@6`
- Local development command: `dotnet run --project TestGenerator -- --profile 156`
- Migration command: `dotnet ef database update --project TestGenerator --profile 156`
",True,developer_setup,Controlled design expectation: developer_setup; independent human/owner acceptance still required before merge.,True,developer_setup,"TFG-SETUP-156: kod mijenja dokumentovani razvojni setup iz 'dotnet ef database update --project TestGenerator --profile 156' u 'dotnet ef database update --project TestGenerator --profile 156 --no-build' (migration_command_change), dok docs-before eksplicitno navodi staru vrijednost; dokumentacija bi zato postala zastarjela.",approved,4d3479889834cbf5b01697e2030cec1bd82beaf4e50b9640a129ceecce87ddb5,dbe50630d790783452d66cb80efb3d7dd78120e7052b9ff5a63f7fb453e96a80,developer_setup,rbi_test_forge,migration_command_change,cases/patches/rbi_test_forge/developer_setup/TFG-SETUP-156.patch
CRPP2-TFG-DEVELOPER_SETUP-157,controlled-v2/rbi-test-forge-copy,9401342,csharp,"[""TestGenerator/DocGuardContractLab-v2/developer_setup/contracts_06.json""]","--- a/TestGenerator/DocGuardContractLab-v2/developer_setup/contracts_06.json
+++ b/TestGenerator/DocGuardContractLab-v2/developer_setup/contracts_06.json
@@ -62,7 +62,7 @@
       ""packageManager"": ""NuGet@6"",
       ""profile"": ""developer-profile-157"",
       ""runtime"": "".NET SDK"",
-      ""runtimeVersion"": ""8.0""
+      ""runtimeVersion"": ""10.0""
     },
     {
       ""contractId"": ""TFG-SETUP-158"",
","<!-- docs/docguard-contract-lab-v2/DEVELOPER_SETUP.md @ controlled-baseline:9c9f9e9868c8fe78 -->
### TFG-SETUP-157
- Profile: `developer-profile-157`
- Required runtime: `.NET SDK 8.0`
- Package manager: `NuGet@6`
- Local development command: `dotnet run --project TestGenerator -- --profile 157`
- Migration command: `dotnet ef database update --project TestGenerator --profile 157`
",True,developer_setup,Controlled design expectation: developer_setup; independent human/owner acceptance still required before merge.,True,developer_setup,"TFG-SETUP-157: kod mijenja dokumentovani razvojni setup iz '8.0' u '10.0' (runtime_requirement_change), dok docs-before eksplicitno navodi staru vrijednost; dokumentacija bi zato postala zastarjela.",approved,69011f3125e751813ee26b9fbd541c0c5143afc6d748fd19e28c329f254cc349,d49ea039560fecb2f40cab91095010d5c26083cd6b4e3ebe8f331462bcd32a81,developer_setup,rbi_test_forge,runtime_requirement_change,cases/patches/rbi_test_forge/developer_setup/TFG-SETUP-157.patch
CRPP2-TFG-DEVELOPER_SETUP-158,controlled-v2/rbi-test-forge-copy,9401343,csharp,"[""TestGenerator/DocGuardContractLab-v2/developer_setup/contracts_06.json""]","--- a/TestGenerator/DocGuardContractLab-v2/developer_setup/contracts_06.json
+++ b/TestGenerator/DocGuardContractLab-v2/developer_setup/contracts_06.json
@@ -66,7 +66,7 @@
     },
     {
       ""contractId"": ""TFG-SETUP-158"",
-      ""developmentCommand"": ""dotnet run --project TestGenerator -- --profile 158"",
+      ""developmentCommand"": ""dotnet run --project TestGenerator -- --profile 158 --strict"",
       ""migrationCommand"": ""dotnet ef database update --project TestGenerator --profile 158"",
       ""packageManager"": ""NuGet@6"",
       ""profile"": ""developer-profile-158"",
","<!-- docs/docguard-contract-lab-v2/DEVELOPER_SETUP.md @ controlled-baseline:9c9f9e9868c8fe78 -->
### TFG-SETUP-158
- Profile: `developer-profile-158`
- Required runtime: `.NET SDK 8.0`
- Package manager: `NuGet@6`
- Local development command: `dotnet run --project TestGenerator -- --profile 158`
- Migration command: `dotnet ef database update --project TestGenerator --profile 158`
",True,developer_setup,Controlled design expectation: developer_setup; independent human/owner acceptance still required before merge.,True,developer_setup,"TFG-SETUP-158: kod mijenja dokumentovani razvojni setup iz 'dotnet run --project TestGenerator -- --profile 158' u 'dotnet run --project TestGenerator -- --profile 158 --strict' (local_command_change), dok docs-before eksplicitno navodi staru vrijednost; dokumentacija bi zato postala zastarjela.",approved,90df6c29a16dc789572799404d5fa0927f155a422ead114279c5cafb316f5697,ac654a2566f34f780297dff8b06c08bd80067392f85dbc26da3ff40c03556c5c,developer_setup,rbi_test_forge,local_command_change,cases/patches/rbi_test_forge/developer_setup/TFG-SETUP-158.patch
CRPP2-TFG-DEVELOPER_SETUP-159,controlled-v2/rbi-test-forge-copy,9401344,csharp,"[""TestGenerator/DocGuardContractLab-v2/developer_setup/contracts_06.json""]","--- a/TestGenerator/DocGuardContractLab-v2/developer_setup/contracts_06.json
+++ b/TestGenerator/DocGuardContractLab-v2/developer_setup/contracts_06.json
@@ -77,7 +77,7 @@
       ""contractId"": ""TFG-SETUP-159"",
       ""developmentCommand"": ""dotnet run --project TestGenerator -- --profile 159"",
       ""migrationCommand"": ""dotnet ef database update --project TestGenerator --profile 159"",
-      ""packageManager"": ""NuGet@6"",
+      ""packageManager"": ""NuGet@7"",
       ""profile"": ""developer-profile-159"",
       ""runtime"": "".NET SDK"",
       ""runtimeVersion"": ""8.0""
","<!-- docs/docguard-contract-lab-v2/DEVELOPER_SETUP.md @ controlled-baseline:9c9f9e9868c8fe78 -->
### TFG-SETUP-159
- Profile: `developer-profile-159`
- Required runtime: `.NET SDK 8.0`
- Package manager: `NuGet@6`
- Local development command: `dotnet run --project TestGenerator -- --profile 159`
- Migration command: `dotnet ef database update --project TestGenerator --profile 159`
",True,developer_setup,Controlled design expectation: developer_setup; independent human/owner acceptance still required before merge.,True,developer_setup,"TFG-SETUP-159: kod mijenja dokumentovani razvojni setup iz 'NuGet@6' u 'NuGet@7' (package_manager_version_change), dok docs-before eksplicitno navodi staru vrijednost; dokumentacija bi zato postala zastarjela.",approved,678ac74b74f249fb7f57c630c50ae68472e28b2ac707e2f5c7d42f90d3025ca9,3890ed2690b78984ffdfc74952013c5a0a594f917e0874665cf6459f365f33b8,developer_setup,rbi_test_forge,package_manager_version_change,cases/patches/rbi_test_forge/developer_setup/TFG-SETUP-159.patch
CRPP2-TFG-DEVELOPER_SETUP-160,controlled-v2/rbi-test-forge-copy,9401345,csharp,"[""TestGenerator/DocGuardContractLab-v2/developer_setup/contracts_06.json""]","--- a/TestGenerator/DocGuardContractLab-v2/developer_setup/contracts_06.json
+++ b/TestGenerator/DocGuardContractLab-v2/developer_setup/contracts_06.json
@@ -85,7 +85,7 @@
     {
       ""contractId"": ""TFG-SETUP-160"",
       ""developmentCommand"": ""dotnet run --project TestGenerator -- --profile 160"",
-      ""migrationCommand"": ""dotnet ef database update --project TestGenerator --profile 160"",
+      ""migrationCommand"": ""dotnet ef database update --project TestGenerator --profile 160 --no-build"",
       ""packageManager"": ""NuGet@6"",
       ""profile"": ""developer-profile-160"",
       ""runtime"": "".NET SDK"",
","<!-- docs/docguard-contract-lab-v2/DEVELOPER_SETUP.md @ controlled-baseline:9c9f9e9868c8fe78 -->
### TFG-SETUP-160
- Profile: `developer-profile-160`
- Required runtime: `.NET SDK 8.0`
- Package manager: `NuGet@6`
- Local development command: `dotnet run --project TestGenerator -- --profile 160`
- Migration command: `dotnet ef database update --project TestGenerator --profile 160`
",True,developer_setup,Controlled design expectation: developer_setup; independent human/owner acceptance still required before merge.,True,developer_setup,"TFG-SETUP-160: kod mijenja dokumentovani razvojni setup iz 'dotnet ef database update --project TestGenerator --profile 160' u 'dotnet ef database update --project TestGenerator --profile 160 --no-build' (migration_command_change), dok docs-before eksplicitno navodi staru vrijednost; dokumentacija bi zato postala zastarjela.",approved,31e01de352da473ddeb7e600ff80b919b51929a5712f1cb39f2fa95b2615e8d4,cf89532e974c215e9a242e6d2df73bd7d118b2291ad607a7eeb26950516e0ce1,developer_setup,rbi_test_forge,migration_command_change,cases/patches/rbi_test_forge/developer_setup/TFG-SETUP-160.patch
CRPP2-TFG-DEVELOPER_SETUP-161,controlled-v2/rbi-test-forge-copy,9401346,csharp,"[""TestGenerator/DocGuardContractLab-v2/developer_setup/contracts_07.json""]","--- a/TestGenerator/DocGuardContractLab-v2/developer_setup/contracts_07.json
+++ b/TestGenerator/DocGuardContractLab-v2/developer_setup/contracts_07.json
@@ -8,7 +8,7 @@
       ""packageManager"": ""NuGet@6"",
       ""profile"": ""developer-profile-161"",
       ""runtime"": "".NET SDK"",
-      ""runtimeVersion"": ""8.0""
+      ""runtimeVersion"": ""10.0""
     },
     {
       ""contractId"": ""TFG-SETUP-162"",
","<!-- docs/docguard-contract-lab-v2/DEVELOPER_SETUP.md @ controlled-baseline:9c9f9e9868c8fe78 -->
### TFG-SETUP-161
- Profile: `developer-profile-161`
- Required runtime: `.NET SDK 8.0`
- Package manager: `NuGet@6`
- Local development command: `dotnet run --project TestGenerator -- --profile 161`
- Migration command: `dotnet ef database update --project TestGenerator --profile 161`
",True,developer_setup,Controlled design expectation: developer_setup; independent human/owner acceptance still required before merge.,True,developer_setup,"TFG-SETUP-161: kod mijenja dokumentovani razvojni setup iz '8.0' u '10.0' (runtime_requirement_change), dok docs-before eksplicitno navodi staru vrijednost; dokumentacija bi zato postala zastarjela.",approved,585c4dcdb4758214d34fb2467c3c83b3a0fdc49310cfa7b59c11ca2002174f47,215f2dc07a95970eb39cb339bddb21cc974e553307c8458d9cd2b22662145f36,developer_setup,rbi_test_forge,runtime_requirement_change,cases/patches/rbi_test_forge/developer_setup/TFG-SETUP-161.patch
CRPP2-TFG-DEVELOPER_SETUP-162,controlled-v2/rbi-test-forge-copy,9401347,csharp,"[""TestGenerator/DocGuardContractLab-v2/developer_setup/contracts_07.json""]","--- a/TestGenerator/DocGuardContractLab-v2/developer_setup/contracts_07.json
+++ b/TestGenerator/DocGuardContractLab-v2/developer_setup/contracts_07.json
@@ -12,7 +12,7 @@
     },
     {
       ""contractId"": ""TFG-SETUP-162"",
-      ""developmentCommand"": ""dotnet run --project TestGenerator -- --profile 162"",
+      ""developmentCommand"": ""dotnet run --project TestGenerator -- --profile 162 --strict"",
       ""migrationCommand"": ""dotnet ef database update --project TestGenerator --profile 162"",
       ""packageManager"": ""NuGet@6"",
       ""profile"": ""developer-profile-162"",
","<!-- docs/docguard-contract-lab-v2/DEVELOPER_SETUP.md @ controlled-baseline:9c9f9e9868c8fe78 -->
### TFG-SETUP-162
- Profile: `developer-profile-162`
- Required runtime: `.NET SDK 8.0`
- Package manager: `NuGet@6`
- Local development command: `dotnet run --project TestGenerator -- --profile 162`
- Migration command: `dotnet ef database update --project TestGenerator --profile 162`
",True,developer_setup,Controlled design expectation: developer_setup; independent human/owner acceptance still required before merge.,True,developer_setup,"TFG-SETUP-162: kod mijenja dokumentovani razvojni setup iz 'dotnet run --project TestGenerator -- --profile 162' u 'dotnet run --project TestGenerator -- --profile 162 --strict' (local_command_change), dok docs-before eksplicitno navodi staru vrijednost; dokumentacija bi zato postala zastarjela.",approved,4aaffcb19d185954b2e32c0e223867954b2b498222515725c0b57d788a69f900,0e0e9858330e37868665e181a1baf18027fede280d857ea840cdaa4ec97e8b11,developer_setup,rbi_test_forge,local_command_change,cases/patches/rbi_test_forge/developer_setup/TFG-SETUP-162.patch
CRPP2-TFG-DEVELOPER_SETUP-163,controlled-v2/rbi-test-forge-copy,9401348,csharp,"[""TestGenerator/DocGuardContractLab-v2/developer_setup/contracts_07.json""]","--- a/TestGenerator/DocGuardContractLab-v2/developer_setup/contracts_07.json
+++ b/TestGenerator/DocGuardContractLab-v2/developer_setup/contracts_07.json
@@ -23,7 +23,7 @@
       ""contractId"": ""TFG-SETUP-163"",
       ""developmentCommand"": ""dotnet run --project TestGenerator -- --profile 163"",
       ""migrationCommand"": ""dotnet ef database update --project TestGenerator --profile 163"",
-      ""packageManager"": ""NuGet@6"",
+      ""packageManager"": ""NuGet@7"",
       ""profile"": ""developer-profile-163"",
       ""runtime"": "".NET SDK"",
       ""runtimeVersion"": ""8.0""
","<!-- docs/docguard-contract-lab-v2/DEVELOPER_SETUP.md @ controlled-baseline:9c9f9e9868c8fe78 -->
### TFG-SETUP-163
- Profile: `developer-profile-163`
- Required runtime: `.NET SDK 8.0`
- Package manager: `NuGet@6`
- Local development command: `dotnet run --project TestGenerator -- --profile 163`
- Migration command: `dotnet ef database update --project TestGenerator --profile 163`
",True,developer_setup,Controlled design expectation: developer_setup; independent human/owner acceptance still required before merge.,True,developer_setup,"TFG-SETUP-163: kod mijenja dokumentovani razvojni setup iz 'NuGet@6' u 'NuGet@7' (package_manager_version_change), dok docs-before eksplicitno navodi staru vrijednost; dokumentacija bi zato postala zastarjela.",approved,e9a0f25de412fe477af25a82c3e421dbc975c0523158e8fece9eb3c41a802be6,280ef2f368425532f5ebf6e84988d5f72fe8f196297082986705a6fe1c8bb35b,developer_setup,rbi_test_forge,package_manager_version_change,cases/patches/rbi_test_forge/developer_setup/TFG-SETUP-163.patch
CRPP2-TFG-DEVELOPER_SETUP-164,controlled-v2/rbi-test-forge-copy,9401349,csharp,"[""TestGenerator/DocGuardContractLab-v2/developer_setup/contracts_07.json""]","--- a/TestGenerator/DocGuardContractLab-v2/developer_setup/contracts_07.json
+++ b/TestGenerator/DocGuardContractLab-v2/developer_setup/contracts_07.json
@@ -31,7 +31,7 @@
     {
       ""contractId"": ""TFG-SETUP-164"",
       ""developmentCommand"": ""dotnet run --project TestGenerator -- --profile 164"",
-      ""migrationCommand"": ""dotnet ef database update --project TestGenerator --profile 164"",
+      ""migrationCommand"": ""dotnet ef database update --project TestGenerator --profile 164 --no-build"",
       ""packageManager"": ""NuGet@6"",
       ""profile"": ""developer-profile-164"",
       ""runtime"": "".NET SDK"",
","<!-- docs/docguard-contract-lab-v2/DEVELOPER_SETUP.md @ controlled-baseline:9c9f9e9868c8fe78 -->
### TFG-SETUP-164
- Profile: `developer-profile-164`
- Required runtime: `.NET SDK 8.0`
- Package manager: `NuGet@6`
- Local development command: `dotnet run --project TestGenerator -- --profile 164`
- Migration command: `dotnet ef database update --project TestGenerator --profile 164`
",True,developer_setup,Controlled design expectation: developer_setup; independent human/owner acceptance still required before merge.,True,developer_setup,"TFG-SETUP-164: kod mijenja dokumentovani razvojni setup iz 'dotnet ef database update --project TestGenerator --profile 164' u 'dotnet ef database update --project TestGenerator --profile 164 --no-build' (migration_command_change), dok docs-before eksplicitno navodi staru vrijednost; dokumentacija bi zato postala zastarjela.",approved,fbb3cca9c0e1c4d33a7a645c8db8df224cb61f0f7bf6d6ce1fe999d08810af00,21ffaf2977453a0fce6a6cdaae0e329fa501c9ba7331171969c63dc3aa72089d,developer_setup,rbi_test_forge,migration_command_change,cases/patches/rbi_test_forge/developer_setup/TFG-SETUP-164.patch
CRPP2-TFG-DEVELOPER_SETUP-165,controlled-v2/rbi-test-forge-copy,9401350,csharp,"[""TestGenerator/DocGuardContractLab-v2/developer_setup/contracts_07.json""]","--- a/TestGenerator/DocGuardContractLab-v2/developer_setup/contracts_07.json
+++ b/TestGenerator/DocGuardContractLab-v2/developer_setup/contracts_07.json
@@ -44,7 +44,7 @@
       ""packageManager"": ""NuGet@6"",
       ""profile"": ""developer-profile-165"",
       ""runtime"": "".NET SDK"",
-      ""runtimeVersion"": ""8.0""
+      ""runtimeVersion"": ""10.0""
     },
     {
       ""contractId"": ""TFG-SETUP-166"",
","<!-- docs/docguard-contract-lab-v2/DEVELOPER_SETUP.md @ controlled-baseline:9c9f9e9868c8fe78 -->
### TFG-SETUP-165
- Profile: `developer-profile-165`
- Required runtime: `.NET SDK 8.0`
- Package manager: `NuGet@6`
- Local development command: `dotnet run --project TestGenerator -- --profile 165`
- Migration command: `dotnet ef database update --project TestGenerator --profile 165`
",True,developer_setup,Controlled design expectation: developer_setup; independent human/owner acceptance still required before merge.,True,developer_setup,"TFG-SETUP-165: kod mijenja dokumentovani razvojni setup iz '8.0' u '10.0' (runtime_requirement_change), dok docs-before eksplicitno navodi staru vrijednost; dokumentacija bi zato postala zastarjela.",approved,539d8b891730b2a67ea4ee20447505feebcb136ec4a8d5bfcd31c8b15aca2db8,3583b267276ea2db54a84a0727ad4b8f3327709fb60d2b43b670703aeea02c81,developer_setup,rbi_test_forge,runtime_requirement_change,cases/patches/rbi_test_forge/developer_setup/TFG-SETUP-165.patch
CRPP2-TFG-DEVELOPER_SETUP-166,controlled-v2/rbi-test-forge-copy,9401351,csharp,"[""TestGenerator/DocGuardContractLab-v2/developer_setup/contracts_07.json""]","--- a/TestGenerator/DocGuardContractLab-v2/developer_setup/contracts_07.json
+++ b/TestGenerator/DocGuardContractLab-v2/developer_setup/contracts_07.json
@@ -48,7 +48,7 @@
     },
     {
       ""contractId"": ""TFG-SETUP-166"",
-      ""developmentCommand"": ""dotnet run --project TestGenerator -- --profile 166"",
+      ""developmentCommand"": ""dotnet run --project TestGenerator -- --profile 166 --strict"",
       ""migrationCommand"": ""dotnet ef database update --project TestGenerator --profile 166"",
       ""packageManager"": ""NuGet@6"",
       ""profile"": ""developer-profile-166"",
","<!-- docs/docguard-contract-lab-v2/DEVELOPER_SETUP.md @ controlled-baseline:9c9f9e9868c8fe78 -->
### TFG-SETUP-166
- Profile: `developer-profile-166`
- Required runtime: `.NET SDK 8.0`
- Package manager: `NuGet@6`
- Local development command: `dotnet run --project TestGenerator -- --profile 166`
- Migration command: `dotnet ef database update --project TestGenerator --profile 166`
",True,developer_setup,Controlled design expectation: developer_setup; independent human/owner acceptance still required before merge.,True,developer_setup,"TFG-SETUP-166: kod mijenja dokumentovani razvojni setup iz 'dotnet run --project TestGenerator -- --profile 166' u 'dotnet run --project TestGenerator -- --profile 166 --strict' (local_command_change), dok docs-before eksplicitno navodi staru vrijednost; dokumentacija bi zato postala zastarjela.",approved,ac52c7d57f1f6831aefa9cb60f177a760553c5616ec6aee11b44a54f7f731030,9a8a03ca8a9d804c83df974a5111d5d2908fb1d9e19c5626f81e1e9c1b61fd4e,developer_setup,rbi_test_forge,local_command_change,cases/patches/rbi_test_forge/developer_setup/TFG-SETUP-166.patch
CRPP2-TFG-DEVELOPER_SETUP-167,controlled-v2/rbi-test-forge-copy,9401352,csharp,"[""TestGenerator/DocGuardContractLab-v2/developer_setup/contracts_07.json""]","--- a/TestGenerator/DocGuardContractLab-v2/developer_setup/contracts_07.json
+++ b/TestGenerator/DocGuardContractLab-v2/developer_setup/contracts_07.json
@@ -59,7 +59,7 @@
       ""contractId"": ""TFG-SETUP-167"",
       ""developmentCommand"": ""dotnet run --project TestGenerator -- --profile 167"",
       ""migrationCommand"": ""dotnet ef database update --project TestGenerator --profile 167"",
-      ""packageManager"": ""NuGet@6"",
+      ""packageManager"": ""NuGet@7"",
       ""profile"": ""developer-profile-167"",
       ""runtime"": "".NET SDK"",
       ""runtimeVersion"": ""8.0""
","<!-- docs/docguard-contract-lab-v2/DEVELOPER_SETUP.md @ controlled-baseline:9c9f9e9868c8fe78 -->
### TFG-SETUP-167
- Profile: `developer-profile-167`
- Required runtime: `.NET SDK 8.0`
- Package manager: `NuGet@6`
- Local development command: `dotnet run --project TestGenerator -- --profile 167`
- Migration command: `dotnet ef database update --project TestGenerator --profile 167`
",True,developer_setup,Controlled design expectation: developer_setup; independent human/owner acceptance still required before merge.,True,developer_setup,"TFG-SETUP-167: kod mijenja dokumentovani razvojni setup iz 'NuGet@6' u 'NuGet@7' (package_manager_version_change), dok docs-before eksplicitno navodi staru vrijednost; dokumentacija bi zato postala zastarjela.",approved,7481238e4a188d1e360e0d9f4b01aa312742c7a5d33f28676b4a9b7df37aea58,6c04f2a566f08d254dabd48dc9f7aefff27fc0d03d2be5b8c67435c02421dd22,developer_setup,rbi_test_forge,package_manager_version_change,cases/patches/rbi_test_forge/developer_setup/TFG-SETUP-167.patch
CRPP2-TFG-DEVELOPER_SETUP-168,controlled-v2/rbi-test-forge-copy,9401353,csharp,"[""TestGenerator/DocGuardContractLab-v2/developer_setup/contracts_07.json""]","--- a/TestGenerator/DocGuardContractLab-v2/developer_setup/contracts_07.json
+++ b/TestGenerator/DocGuardContractLab-v2/developer_setup/contracts_07.json
@@ -67,7 +67,7 @@
     {
       ""contractId"": ""TFG-SETUP-168"",
       ""developmentCommand"": ""dotnet run --project TestGenerator -- --profile 168"",
-      ""migrationCommand"": ""dotnet ef database update --project TestGenerator --profile 168"",
+      ""migrationCommand"": ""dotnet ef database update --project TestGenerator --profile 168 --no-build"",
       ""packageManager"": ""NuGet@6"",
       ""profile"": ""developer-profile-168"",
       ""runtime"": "".NET SDK"",
","<!-- docs/docguard-contract-lab-v2/DEVELOPER_SETUP.md @ controlled-baseline:9c9f9e9868c8fe78 -->
### TFG-SETUP-168
- Profile: `developer-profile-168`
- Required runtime: `.NET SDK 8.0`
- Package manager: `NuGet@6`
- Local development command: `dotnet run --project TestGenerator -- --profile 168`
- Migration command: `dotnet ef database update --project TestGenerator --profile 168`
",True,developer_setup,Controlled design expectation: developer_setup; independent human/owner acceptance still required before merge.,True,developer_setup,"TFG-SETUP-168: kod mijenja dokumentovani razvojni setup iz 'dotnet ef database update --project TestGenerator --profile 168' u 'dotnet ef database update --project TestGenerator --profile 168 --no-build' (migration_command_change), dok docs-before eksplicitno navodi staru vrijednost; dokumentacija bi zato postala zastarjela.",approved,e0e2ed6c3b61976b70e9f47f5ce25e63e070ad4f8456d8e89ebeb7162ed615ca,db51427c9d5c6551582d2c6fb28e8edbd45b932f0727cbbd86fdc01b6406c5ea,developer_setup,rbi_test_forge,migration_command_change,cases/patches/rbi_test_forge/developer_setup/TFG-SETUP-168.patch
CRPP2-TFG-DEVELOPER_SETUP-169,controlled-v2/rbi-test-forge-copy,9401354,csharp,"[""TestGenerator/DocGuardContractLab-v2/developer_setup/contracts_07.json""]","--- a/TestGenerator/DocGuardContractLab-v2/developer_setup/contracts_07.json
+++ b/TestGenerator/DocGuardContractLab-v2/developer_setup/contracts_07.json
@@ -80,7 +80,7 @@
       ""packageManager"": ""NuGet@6"",
       ""profile"": ""developer-profile-169"",
       ""runtime"": "".NET SDK"",
-      ""runtimeVersion"": ""8.0""
+      ""runtimeVersion"": ""10.0""
     },
     {
       ""contractId"": ""TFG-SETUP-170"",
","<!-- docs/docguard-contract-lab-v2/DEVELOPER_SETUP.md @ controlled-baseline:9c9f9e9868c8fe78 -->
### TFG-SETUP-169
- Profile: `developer-profile-169`
- Required runtime: `.NET SDK 8.0`
- Package manager: `NuGet@6`
- Local development command: `dotnet run --project TestGenerator -- --profile 169`
- Migration command: `dotnet ef database update --project TestGenerator --profile 169`
",True,developer_setup,Controlled design expectation: developer_setup; independent human/owner acceptance still required before merge.,True,developer_setup,"TFG-SETUP-169: kod mijenja dokumentovani razvojni setup iz '8.0' u '10.0' (runtime_requirement_change), dok docs-before eksplicitno navodi staru vrijednost; dokumentacija bi zato postala zastarjela.",approved,e80c685ced34a7215152d500b4aa88b0925e9b1b636c0241cdc736a653f7bb30,8d88a9969b3b6eba66d3f808af9e189d20769f811842125a1a1d3c8cfb07b938,developer_setup,rbi_test_forge,runtime_requirement_change,cases/patches/rbi_test_forge/developer_setup/TFG-SETUP-169.patch
CRPP2-TFG-DEVELOPER_SETUP-170,controlled-v2/rbi-test-forge-copy,9401355,csharp,"[""TestGenerator/DocGuardContractLab-v2/developer_setup/contracts_07.json""]","--- a/TestGenerator/DocGuardContractLab-v2/developer_setup/contracts_07.json
+++ b/TestGenerator/DocGuardContractLab-v2/developer_setup/contracts_07.json
@@ -84,7 +84,7 @@
     },
     {
       ""contractId"": ""TFG-SETUP-170"",
-      ""developmentCommand"": ""dotnet run --project TestGenerator -- --profile 170"",
+      ""developmentCommand"": ""dotnet run --project TestGenerator -- --profile 170 --strict"",
       ""migrationCommand"": ""dotnet ef database update --project TestGenerator --profile 170"",
       ""packageManager"": ""NuGet@6"",
       ""profile"": ""developer-profile-170"",
","<!-- docs/docguard-contract-lab-v2/DEVELOPER_SETUP.md @ controlled-baseline:9c9f9e9868c8fe78 -->
### TFG-SETUP-170
- Profile: `developer-profile-170`
- Required runtime: `.NET SDK 8.0`
- Package manager: `NuGet@6`
- Local development command: `dotnet run --project TestGenerator -- --profile 170`
- Migration command: `dotnet ef database update --project TestGenerator --profile 170`
",True,developer_setup,Controlled design expectation: developer_setup; independent human/owner acceptance still required before merge.,True,developer_setup,"TFG-SETUP-170: kod mijenja dokumentovani razvojni setup iz 'dotnet run --project TestGenerator -- --profile 170' u 'dotnet run --project TestGenerator -- --profile 170 --strict' (local_command_change), dok docs-before eksplicitno navodi staru vrijednost; dokumentacija bi zato postala zastarjela.",approved,57ca89d06e776e5b89f4cb62884d7c4a80c6a53c7f4f0715297b029e570cd3dd,95fba397923d50d8ba493484a9278b1928c06a2a0659777fb9b205e06f450235,developer_setup,rbi_test_forge,local_command_change,cases/patches/rbi_test_forge/developer_setup/TFG-SETUP-170.patch
CRPP2-TFG-DEVELOPER_SETUP-171,controlled-v2/rbi-test-forge-copy,9401356,csharp,"[""TestGenerator/DocGuardContractLab-v2/developer_setup/contracts_08.json""]","--- a/TestGenerator/DocGuardContractLab-v2/developer_setup/contracts_08.json
+++ b/TestGenerator/DocGuardContractLab-v2/developer_setup/contracts_08.json
@@ -5,7 +5,7 @@
       ""contractId"": ""TFG-SETUP-171"",
       ""developmentCommand"": ""dotnet run --project TestGenerator -- --profile 171"",
       ""migrationCommand"": ""dotnet ef database update --project TestGenerator --profile 171"",
-      ""packageManager"": ""NuGet@6"",
+      ""packageManager"": ""NuGet@7"",
       ""profile"": ""developer-profile-171"",
       ""runtime"": "".NET SDK"",
       ""runtimeVersion"": ""8.0""
","<!-- docs/docguard-contract-lab-v2/DEVELOPER_SETUP.md @ controlled-baseline:9c9f9e9868c8fe78 -->
### TFG-SETUP-171
- Profile: `developer-profile-171`
- Required runtime: `.NET SDK 8.0`
- Package manager: `NuGet@6`
- Local development command: `dotnet run --project TestGenerator -- --profile 171`
- Migration command: `dotnet ef database update --project TestGenerator --profile 171`
",True,developer_setup,Controlled design expectation: developer_setup; independent human/owner acceptance still required before merge.,True,developer_setup,"TFG-SETUP-171: kod mijenja dokumentovani razvojni setup iz 'NuGet@6' u 'NuGet@7' (package_manager_version_change), dok docs-before eksplicitno navodi staru vrijednost; dokumentacija bi zato postala zastarjela.",approved,5d5f4654cb870ffc4afed0be9275f20da72a966031f60aa7ebbfb9a6310ff537,f72c251d97bbe99425267032346bbe48d69ffbf2f2c596bd1b7373033879f3b3,developer_setup,rbi_test_forge,package_manager_version_change,cases/patches/rbi_test_forge/developer_setup/TFG-SETUP-171.patch
CRPP2-TFG-DEVELOPER_SETUP-172,controlled-v2/rbi-test-forge-copy,9401357,csharp,"[""TestGenerator/DocGuardContractLab-v2/developer_setup/contracts_08.json""]","--- a/TestGenerator/DocGuardContractLab-v2/developer_setup/contracts_08.json
+++ b/TestGenerator/DocGuardContractLab-v2/developer_setup/contracts_08.json
@@ -13,7 +13,7 @@
     {
       ""contractId"": ""TFG-SETUP-172"",
       ""developmentCommand"": ""dotnet run --project TestGenerator -- --profile 172"",
-      ""migrationCommand"": ""dotnet ef database update --project TestGenerator --profile 172"",
+      ""migrationCommand"": ""dotnet ef database update --project TestGenerator --profile 172 --no-build"",
       ""packageManager"": ""NuGet@6"",
       ""profile"": ""developer-profile-172"",
       ""runtime"": "".NET SDK"",
","<!-- docs/docguard-contract-lab-v2/DEVELOPER_SETUP.md @ controlled-baseline:9c9f9e9868c8fe78 -->
### TFG-SETUP-172
- Profile: `developer-profile-172`
- Required runtime: `.NET SDK 8.0`
- Package manager: `NuGet@6`
- Local development command: `dotnet run --project TestGenerator -- --profile 172`
- Migration command: `dotnet ef database update --project TestGenerator --profile 172`
",True,developer_setup,Controlled design expectation: developer_setup; independent human/owner acceptance still required before merge.,True,developer_setup,"TFG-SETUP-172: kod mijenja dokumentovani razvojni setup iz 'dotnet ef database update --project TestGenerator --profile 172' u 'dotnet ef database update --project TestGenerator --profile 172 --no-build' (migration_command_change), dok docs-before eksplicitno navodi staru vrijednost; dokumentacija bi zato postala zastarjela.",approved,bc1adcea50a57d4b56ca68ff0bbac335d6a3efc7bd281e17bcd8e197a9256f0a,ac56e3fb551128c99f6f2d0556a1bfc4aaa8105ce851acf67d5b709bfd2ac4d0,developer_setup,rbi_test_forge,migration_command_change,cases/patches/rbi_test_forge/developer_setup/TFG-SETUP-172.patch
CRPP2-TFG-DEVELOPER_SETUP-173,controlled-v2/rbi-test-forge-copy,9401358,csharp,"[""TestGenerator/DocGuardContractLab-v2/developer_setup/contracts_08.json""]","--- a/TestGenerator/DocGuardContractLab-v2/developer_setup/contracts_08.json
+++ b/TestGenerator/DocGuardContractLab-v2/developer_setup/contracts_08.json
@@ -26,7 +26,7 @@
       ""packageManager"": ""NuGet@6"",
       ""profile"": ""developer-profile-173"",
       ""runtime"": "".NET SDK"",
-      ""runtimeVersion"": ""8.0""
+      ""runtimeVersion"": ""10.0""
     },
     {
       ""contractId"": ""TFG-SETUP-174"",
","<!-- docs/docguard-contract-lab-v2/DEVELOPER_SETUP.md @ controlled-baseline:9c9f9e9868c8fe78 -->
### TFG-SETUP-173
- Profile: `developer-profile-173`
- Required runtime: `.NET SDK 8.0`
- Package manager: `NuGet@6`
- Local development command: `dotnet run --project TestGenerator -- --profile 173`
- Migration command: `dotnet ef database update --project TestGenerator --profile 173`
",True,developer_setup,Controlled design expectation: developer_setup; independent human/owner acceptance still required before merge.,True,developer_setup,"TFG-SETUP-173: kod mijenja dokumentovani razvojni setup iz '8.0' u '10.0' (runtime_requirement_change), dok docs-before eksplicitno navodi staru vrijednost; dokumentacija bi zato postala zastarjela.",approved,9a6e0c78ac7c218d6c3b14ebe56c04b10fde291eadb65f2df9ce4ecc7eb8d297,c5240e90a287788027256ea2c90324f813feedf41bbc2279f396999ab42dd64e,developer_setup,rbi_test_forge,runtime_requirement_change,cases/patches/rbi_test_forge/developer_setup/TFG-SETUP-173.patch
CRPP2-TFG-DEVELOPER_SETUP-174,controlled-v2/rbi-test-forge-copy,9401359,csharp,"[""TestGenerator/DocGuardContractLab-v2/developer_setup/contracts_08.json""]","--- a/TestGenerator/DocGuardContractLab-v2/developer_setup/contracts_08.json
+++ b/TestGenerator/DocGuardContractLab-v2/developer_setup/contracts_08.json
@@ -30,7 +30,7 @@
     },
     {
       ""contractId"": ""TFG-SETUP-174"",
-      ""developmentCommand"": ""dotnet run --project TestGenerator -- --profile 174"",
+      ""developmentCommand"": ""dotnet run --project TestGenerator -- --profile 174 --strict"",
       ""migrationCommand"": ""dotnet ef database update --project TestGenerator --profile 174"",
       ""packageManager"": ""NuGet@6"",
       ""profile"": ""developer-profile-174"",
","<!-- docs/docguard-contract-lab-v2/DEVELOPER_SETUP.md @ controlled-baseline:9c9f9e9868c8fe78 -->
### TFG-SETUP-174
- Profile: `developer-profile-174`
- Required runtime: `.NET SDK 8.0`
- Package manager: `NuGet@6`
- Local development command: `dotnet run --project TestGenerator -- --profile 174`
- Migration command: `dotnet ef database update --project TestGenerator --profile 174`
",True,developer_setup,Controlled design expectation: developer_setup; independent human/owner acceptance still required before merge.,True,developer_setup,"TFG-SETUP-174: kod mijenja dokumentovani razvojni setup iz 'dotnet run --project TestGenerator -- --profile 174' u 'dotnet run --project TestGenerator -- --profile 174 --strict' (local_command_change), dok docs-before eksplicitno navodi staru vrijednost; dokumentacija bi zato postala zastarjela.",approved,b2d709bcd999744e967d55f4c5b4292a05996038f01cb817ea6c248a966461c5,c01ff738fbddc3763485f1024aea15e6582b61ca9789038be964fdf461ca0fa6,developer_setup,rbi_test_forge,local_command_change,cases/patches/rbi_test_forge/developer_setup/TFG-SETUP-174.patch
CRPP2-TFG-DEVELOPER_SETUP-175,controlled-v2/rbi-test-forge-copy,9401360,csharp,"[""TestGenerator/DocGuardContractLab-v2/developer_setup/contracts_08.json""]","--- a/TestGenerator/DocGuardContractLab-v2/developer_setup/contracts_08.json
+++ b/TestGenerator/DocGuardContractLab-v2/developer_setup/contracts_08.json
@@ -41,7 +41,7 @@
       ""contractId"": ""TFG-SETUP-175"",
       ""developmentCommand"": ""dotnet run --project TestGenerator -- --profile 175"",
       ""migrationCommand"": ""dotnet ef database update --project TestGenerator --profile 175"",
-      ""packageManager"": ""NuGet@6"",
+      ""packageManager"": ""NuGet@7"",
       ""profile"": ""developer-profile-175"",
       ""runtime"": "".NET SDK"",
       ""runtimeVersion"": ""8.0""
","<!-- docs/docguard-contract-lab-v2/DEVELOPER_SETUP.md @ controlled-baseline:9c9f9e9868c8fe78 -->
### TFG-SETUP-175
- Profile: `developer-profile-175`
- Required runtime: `.NET SDK 8.0`
- Package manager: `NuGet@6`
- Local development command: `dotnet run --project TestGenerator -- --profile 175`
- Migration command: `dotnet ef database update --project TestGenerator --profile 175`
",True,developer_setup,Controlled design expectation: developer_setup; independent human/owner acceptance still required before merge.,True,developer_setup,"TFG-SETUP-175: kod mijenja dokumentovani razvojni setup iz 'NuGet@6' u 'NuGet@7' (package_manager_version_change), dok docs-before eksplicitno navodi staru vrijednost; dokumentacija bi zato postala zastarjela.",approved,827ce8b0797a6228187ba348209cde65e6592dc9b342dcf2a7d46c00c14227cc,87ec11bf992cf96871a806bd09a3b6ba44776b0cfb7e3402a92b52c6af24dadc,developer_setup,rbi_test_forge,package_manager_version_change,cases/patches/rbi_test_forge/developer_setup/TFG-SETUP-175.patch
CRPP2-TFG-DEVELOPER_SETUP-176,controlled-v2/rbi-test-forge-copy,9401361,csharp,"[""TestGenerator/DocGuardContractLab-v2/developer_setup/contracts_08.json""]","--- a/TestGenerator/DocGuardContractLab-v2/developer_setup/contracts_08.json
+++ b/TestGenerator/DocGuardContractLab-v2/developer_setup/contracts_08.json
@@ -49,7 +49,7 @@
     {
       ""contractId"": ""TFG-SETUP-176"",
       ""developmentCommand"": ""dotnet run --project TestGenerator -- --profile 176"",
-      ""migrationCommand"": ""dotnet ef database update --project TestGenerator --profile 176"",
+      ""migrationCommand"": ""dotnet ef database update --project TestGenerator --profile 176 --no-build"",
       ""packageManager"": ""NuGet@6"",
       ""profile"": ""developer-profile-176"",
       ""runtime"": "".NET SDK"",
","<!-- docs/docguard-contract-lab-v2/DEVELOPER_SETUP.md @ controlled-baseline:9c9f9e9868c8fe78 -->
### TFG-SETUP-176
- Profile: `developer-profile-176`
- Required runtime: `.NET SDK 8.0`
- Package manager: `NuGet@6`
- Local development command: `dotnet run --project TestGenerator -- --profile 176`
- Migration command: `dotnet ef database update --project TestGenerator --profile 176`
",True,developer_setup,Controlled design expectation: developer_setup; independent human/owner acceptance still required before merge.,True,developer_setup,"TFG-SETUP-176: kod mijenja dokumentovani razvojni setup iz 'dotnet ef database update --project TestGenerator --profile 176' u 'dotnet ef database update --project TestGenerator --profile 176 --no-build' (migration_command_change), dok docs-before eksplicitno navodi staru vrijednost; dokumentacija bi zato postala zastarjela.",approved,df093ad805afc08170ff8cffb926245f334ecd3c5710e5f0c5f4b310b8754338,7b1b38f3c82a4f5da5382e7356fd81b6c1bb412f68f5b6e0ec698a7a9c51f7ab,developer_setup,rbi_test_forge,migration_command_change,cases/patches/rbi_test_forge/developer_setup/TFG-SETUP-176.patch
CRPP2-TFG-DEVELOPER_SETUP-177,controlled-v2/rbi-test-forge-copy,9401362,csharp,"[""TestGenerator/DocGuardContractLab-v2/developer_setup/contracts_08.json""]","--- a/TestGenerator/DocGuardContractLab-v2/developer_setup/contracts_08.json
+++ b/TestGenerator/DocGuardContractLab-v2/developer_setup/contracts_08.json
@@ -62,7 +62,7 @@
       ""packageManager"": ""NuGet@6"",
       ""profile"": ""developer-profile-177"",
       ""runtime"": "".NET SDK"",
-      ""runtimeVersion"": ""8.0""
+      ""runtimeVersion"": ""10.0""
     },
     {
       ""contractId"": ""TFG-SETUP-178"",
","<!-- docs/docguard-contract-lab-v2/DEVELOPER_SETUP.md @ controlled-baseline:9c9f9e9868c8fe78 -->
### TFG-SETUP-177
- Profile: `developer-profile-177`
- Required runtime: `.NET SDK 8.0`
- Package manager: `NuGet@6`
- Local development command: `dotnet run --project TestGenerator -- --profile 177`
- Migration command: `dotnet ef database update --project TestGenerator --profile 177`
",True,developer_setup,Controlled design expectation: developer_setup; independent human/owner acceptance still required before merge.,True,developer_setup,"TFG-SETUP-177: kod mijenja dokumentovani razvojni setup iz '8.0' u '10.0' (runtime_requirement_change), dok docs-before eksplicitno navodi staru vrijednost; dokumentacija bi zato postala zastarjela.",approved,46b543d93dc0dd89147fa68b3aa420f19f127c81f558ba4dd3e86524fc17c764,cf31fae7665405ae8822bfff862f2fad8070ebb8ed6aef06c04bc1a26c761230,developer_setup,rbi_test_forge,runtime_requirement_change,cases/patches/rbi_test_forge/developer_setup/TFG-SETUP-177.patch
CRPP2-TFG-DEVELOPER_SETUP-178,controlled-v2/rbi-test-forge-copy,9401363,csharp,"[""TestGenerator/DocGuardContractLab-v2/developer_setup/contracts_08.json""]","--- a/TestGenerator/DocGuardContractLab-v2/developer_setup/contracts_08.json
+++ b/TestGenerator/DocGuardContractLab-v2/developer_setup/contracts_08.json
@@ -66,7 +66,7 @@
     },
     {
       ""contractId"": ""TFG-SETUP-178"",
-      ""developmentCommand"": ""dotnet run --project TestGenerator -- --profile 178"",
+      ""developmentCommand"": ""dotnet run --project TestGenerator -- --profile 178 --strict"",
       ""migrationCommand"": ""dotnet ef database update --project TestGenerator --profile 178"",
       ""packageManager"": ""NuGet@6"",
       ""profile"": ""developer-profile-178"",
","<!-- docs/docguard-contract-lab-v2/DEVELOPER_SETUP.md @ controlled-baseline:9c9f9e9868c8fe78 -->
### TFG-SETUP-178
- Profile: `developer-profile-178`
- Required runtime: `.NET SDK 8.0`
- Package manager: `NuGet@6`
- Local development command: `dotnet run --project TestGenerator -- --profile 178`
- Migration command: `dotnet ef database update --project TestGenerator --profile 178`
",True,developer_setup,Controlled design expectation: developer_setup; independent human/owner acceptance still required before merge.,True,developer_setup,"TFG-SETUP-178: kod mijenja dokumentovani razvojni setup iz 'dotnet run --project TestGenerator -- --profile 178' u 'dotnet run --project TestGenerator -- --profile 178 --strict' (local_command_change), dok docs-before eksplicitno navodi staru vrijednost; dokumentacija bi zato postala zastarjela.",approved,9b9d40f98e37fd2e80e37f8c0777ad13ca7bb696e9d2124e33955df3657e52a2,791bcff37b738afa24b15df381a54d51161957275be550649fb04c59c4d55b8c,developer_setup,rbi_test_forge,local_command_change,cases/patches/rbi_test_forge/developer_setup/TFG-SETUP-178.patch
CRPP2-TFG-DEVELOPER_SETUP-179,controlled-v2/rbi-test-forge-copy,9401364,csharp,"[""TestGenerator/DocGuardContractLab-v2/developer_setup/contracts_08.json""]","--- a/TestGenerator/DocGuardContractLab-v2/developer_setup/contracts_08.json
+++ b/TestGenerator/DocGuardContractLab-v2/developer_setup/contracts_08.json
@@ -77,7 +77,7 @@
       ""contractId"": ""TFG-SETUP-179"",
       ""developmentCommand"": ""dotnet run --project TestGenerator -- --profile 179"",
       ""migrationCommand"": ""dotnet ef database update --project TestGenerator --profile 179"",
-      ""packageManager"": ""NuGet@6"",
+      ""packageManager"": ""NuGet@7"",
       ""profile"": ""developer-profile-179"",
       ""runtime"": "".NET SDK"",
       ""runtimeVersion"": ""8.0""
","<!-- docs/docguard-contract-lab-v2/DEVELOPER_SETUP.md @ controlled-baseline:9c9f9e9868c8fe78 -->
### TFG-SETUP-179
- Profile: `developer-profile-179`
- Required runtime: `.NET SDK 8.0`
- Package manager: `NuGet@6`
- Local development command: `dotnet run --project TestGenerator -- --profile 179`
- Migration command: `dotnet ef database update --project TestGenerator --profile 179`
",True,developer_setup,Controlled design expectation: developer_setup; independent human/owner acceptance still required before merge.,True,developer_setup,"TFG-SETUP-179: kod mijenja dokumentovani razvojni setup iz 'NuGet@6' u 'NuGet@7' (package_manager_version_change), dok docs-before eksplicitno navodi staru vrijednost; dokumentacija bi zato postala zastarjela.",approved,997890a77d05f07456d6a5a8bd3cd048a97115f612c8ab5da711b0a1e8983536,7485a30ac085b70bf75bbb50fe28a99362a1ad2939c6b94a1ea6d34afc50adb8,developer_setup,rbi_test_forge,package_manager_version_change,cases/patches/rbi_test_forge/developer_setup/TFG-SETUP-179.patch
CRPP2-TFG-DEVELOPER_SETUP-180,controlled-v2/rbi-test-forge-copy,9401365,csharp,"[""TestGenerator/DocGuardContractLab-v2/developer_setup/contracts_08.json""]","--- a/TestGenerator/DocGuardContractLab-v2/developer_setup/contracts_08.json
+++ b/TestGenerator/DocGuardContractLab-v2/developer_setup/contracts_08.json
@@ -85,7 +85,7 @@
     {
       ""contractId"": ""TFG-SETUP-180"",
       ""developmentCommand"": ""dotnet run --project TestGenerator -- --profile 180"",
-      ""migrationCommand"": ""dotnet ef database update --project TestGenerator --profile 180"",
+      ""migrationCommand"": ""dotnet ef database update --project TestGenerator --profile 180 --no-build"",
       ""packageManager"": ""NuGet@6"",
       ""profile"": ""developer-profile-180"",
       ""runtime"": "".NET SDK"",
","<!-- docs/docguard-contract-lab-v2/DEVELOPER_SETUP.md @ controlled-baseline:9c9f9e9868c8fe78 -->
### TFG-SETUP-180
- Profile: `developer-profile-180`
- Required runtime: `.NET SDK 8.0`
- Package manager: `NuGet@6`
- Local development command: `dotnet run --project TestGenerator -- --profile 180`
- Migration command: `dotnet ef database update --project TestGenerator --profile 180`
",True,developer_setup,Controlled design expectation: developer_setup; independent human/owner acceptance still required before merge.,True,developer_setup,"TFG-SETUP-180: kod mijenja dokumentovani razvojni setup iz 'dotnet ef database update --project TestGenerator --profile 180' u 'dotnet ef database update --project TestGenerator --profile 180 --no-build' (migration_command_change), dok docs-before eksplicitno navodi staru vrijednost; dokumentacija bi zato postala zastarjela.",approved,f2e54bb6dceaf0c295efc05be5107566a7cb7794770f2e12676dd7a2697219cd,c2305d67fe2262c59a56b7b822eed3a10d8d923470bfd53bcc7f9be52af0ba37,developer_setup,rbi_test_forge,migration_command_change,cases/patches/rbi_test_forge/developer_setup/TFG-SETUP-180.patch
CRPP2-TFG-DEVELOPER_SETUP-181,controlled-v2/rbi-test-forge-copy,9401366,csharp,"[""TestGenerator/DocGuardContractLab-v2/developer_setup/contracts_09.json""]","--- a/TestGenerator/DocGuardContractLab-v2/developer_setup/contracts_09.json
+++ b/TestGenerator/DocGuardContractLab-v2/developer_setup/contracts_09.json
@@ -8,7 +8,7 @@
       ""packageManager"": ""NuGet@6"",
       ""profile"": ""developer-profile-181"",
       ""runtime"": "".NET SDK"",
-      ""runtimeVersion"": ""8.0""
+      ""runtimeVersion"": ""10.0""
     },
     {
       ""contractId"": ""TFG-SETUP-182"",
","<!-- docs/docguard-contract-lab-v2/DEVELOPER_SETUP.md @ controlled-baseline:9c9f9e9868c8fe78 -->
### TFG-SETUP-181
- Profile: `developer-profile-181`
- Required runtime: `.NET SDK 8.0`
- Package manager: `NuGet@6`
- Local development command: `dotnet run --project TestGenerator -- --profile 181`
- Migration command: `dotnet ef database update --project TestGenerator --profile 181`
",True,developer_setup,Controlled design expectation: developer_setup; independent human/owner acceptance still required before merge.,True,developer_setup,"TFG-SETUP-181: kod mijenja dokumentovani razvojni setup iz '8.0' u '10.0' (runtime_requirement_change), dok docs-before eksplicitno navodi staru vrijednost; dokumentacija bi zato postala zastarjela.",approved,d601bbf473462f8bd30c4d088ddc4c776c4c28f5ccd2fc1c616283aaf551f5c8,a05de73eb26ab5740e38db970bfb487cf6327f8904f81aa3d22e0c67bae9af1d,developer_setup,rbi_test_forge,runtime_requirement_change,cases/patches/rbi_test_forge/developer_setup/TFG-SETUP-181.patch
CRPP2-TFG-DEVELOPER_SETUP-182,controlled-v2/rbi-test-forge-copy,9401367,csharp,"[""TestGenerator/DocGuardContractLab-v2/developer_setup/contracts_09.json""]","--- a/TestGenerator/DocGuardContractLab-v2/developer_setup/contracts_09.json
+++ b/TestGenerator/DocGuardContractLab-v2/developer_setup/contracts_09.json
@@ -12,7 +12,7 @@
     },
     {
       ""contractId"": ""TFG-SETUP-182"",
-      ""developmentCommand"": ""dotnet run --project TestGenerator -- --profile 182"",
+      ""developmentCommand"": ""dotnet run --project TestGenerator -- --profile 182 --strict"",
       ""migrationCommand"": ""dotnet ef database update --project TestGenerator --profile 182"",
       ""packageManager"": ""NuGet@6"",
       ""profile"": ""developer-profile-182"",
","<!-- docs/docguard-contract-lab-v2/DEVELOPER_SETUP.md @ controlled-baseline:9c9f9e9868c8fe78 -->
### TFG-SETUP-182
- Profile: `developer-profile-182`
- Required runtime: `.NET SDK 8.0`
- Package manager: `NuGet@6`
- Local development command: `dotnet run --project TestGenerator -- --profile 182`
- Migration command: `dotnet ef database update --project TestGenerator --profile 182`
",True,developer_setup,Controlled design expectation: developer_setup; independent human/owner acceptance still required before merge.,True,developer_setup,"TFG-SETUP-182: kod mijenja dokumentovani razvojni setup iz 'dotnet run --project TestGenerator -- --profile 182' u 'dotnet run --project TestGenerator -- --profile 182 --strict' (local_command_change), dok docs-before eksplicitno navodi staru vrijednost; dokumentacija bi zato postala zastarjela.",approved,172ba5bdfa68c3b4123a5e3f58c012dd733661cdd08c8a72f0b2a5d60dc8bf7c,b6ee5e98b2ad21d2ae50265a01561cc2fb9279ab3ce8e491c0a86552563cbb8a,developer_setup,rbi_test_forge,local_command_change,cases/patches/rbi_test_forge/developer_setup/TFG-SETUP-182.patch
CRPP2-TFG-DEVELOPER_SETUP-183,controlled-v2/rbi-test-forge-copy,9401368,csharp,"[""TestGenerator/DocGuardContractLab-v2/developer_setup/contracts_09.json""]","--- a/TestGenerator/DocGuardContractLab-v2/developer_setup/contracts_09.json
+++ b/TestGenerator/DocGuardContractLab-v2/developer_setup/contracts_09.json
@@ -23,7 +23,7 @@
       ""contractId"": ""TFG-SETUP-183"",
       ""developmentCommand"": ""dotnet run --project TestGenerator -- --profile 183"",
       ""migrationCommand"": ""dotnet ef database update --project TestGenerator --profile 183"",
-      ""packageManager"": ""NuGet@6"",
+      ""packageManager"": ""NuGet@7"",
       ""profile"": ""developer-profile-183"",
       ""runtime"": "".NET SDK"",
       ""runtimeVersion"": ""8.0""
","<!-- docs/docguard-contract-lab-v2/DEVELOPER_SETUP.md @ controlled-baseline:9c9f9e9868c8fe78 -->
### TFG-SETUP-183
- Profile: `developer-profile-183`
- Required runtime: `.NET SDK 8.0`
- Package manager: `NuGet@6`
- Local development command: `dotnet run --project TestGenerator -- --profile 183`
- Migration command: `dotnet ef database update --project TestGenerator --profile 183`
",True,developer_setup,Controlled design expectation: developer_setup; independent human/owner acceptance still required before merge.,True,developer_setup,"TFG-SETUP-183: kod mijenja dokumentovani razvojni setup iz 'NuGet@6' u 'NuGet@7' (package_manager_version_change), dok docs-before eksplicitno navodi staru vrijednost; dokumentacija bi zato postala zastarjela.",approved,e182a439a86bb584cc263ce4c09952c052b443c700311bfd495b1cada38685e7,b3206cb54d5c98786bcc9818c3da22d19835901ec222e76b9f4acdbb30078f6c,developer_setup,rbi_test_forge,package_manager_version_change,cases/patches/rbi_test_forge/developer_setup/TFG-SETUP-183.patch
CRPP2-TFG-DEVELOPER_SETUP-184,controlled-v2/rbi-test-forge-copy,9401369,csharp,"[""TestGenerator/DocGuardContractLab-v2/developer_setup/contracts_09.json""]","--- a/TestGenerator/DocGuardContractLab-v2/developer_setup/contracts_09.json
+++ b/TestGenerator/DocGuardContractLab-v2/developer_setup/contracts_09.json
@@ -31,7 +31,7 @@
     {
       ""contractId"": ""TFG-SETUP-184"",
       ""developmentCommand"": ""dotnet run --project TestGenerator -- --profile 184"",
-      ""migrationCommand"": ""dotnet ef database update --project TestGenerator --profile 184"",
+      ""migrationCommand"": ""dotnet ef database update --project TestGenerator --profile 184 --no-build"",
       ""packageManager"": ""NuGet@6"",
       ""profile"": ""developer-profile-184"",
       ""runtime"": "".NET SDK"",
","<!-- docs/docguard-contract-lab-v2/DEVELOPER_SETUP.md @ controlled-baseline:9c9f9e9868c8fe78 -->
### TFG-SETUP-184
- Profile: `developer-profile-184`
- Required runtime: `.NET SDK 8.0`
- Package manager: `NuGet@6`
- Local development command: `dotnet run --project TestGenerator -- --profile 184`
- Migration command: `dotnet ef database update --project TestGenerator --profile 184`
",True,developer_setup,Controlled design expectation: developer_setup; independent human/owner acceptance still required before merge.,True,developer_setup,"TFG-SETUP-184: kod mijenja dokumentovani razvojni setup iz 'dotnet ef database update --project TestGenerator --profile 184' u 'dotnet ef database update --project TestGenerator --profile 184 --no-build' (migration_command_change), dok docs-before eksplicitno navodi staru vrijednost; dokumentacija bi zato postala zastarjela.",approved,11c03165776c76611b3c9e79c235f61d3a680b257c21f2fd5ac9ffa16d3af475,0691d0224561aa6607645038fa634303a980e4d57b022a5e9e6fd040cdb70a8d,developer_setup,rbi_test_forge,migration_command_change,cases/patches/rbi_test_forge/developer_setup/TFG-SETUP-184.patch
CRPP2-TFG-DEVELOPER_SETUP-185,controlled-v2/rbi-test-forge-copy,9401370,csharp,"[""TestGenerator/DocGuardContractLab-v2/developer_setup/contracts_09.json""]","--- a/TestGenerator/DocGuardContractLab-v2/developer_setup/contracts_09.json
+++ b/TestGenerator/DocGuardContractLab-v2/developer_setup/contracts_09.json
@@ -44,7 +44,7 @@
       ""packageManager"": ""NuGet@6"",
       ""profile"": ""developer-profile-185"",
       ""runtime"": "".NET SDK"",
-      ""runtimeVersion"": ""8.0""
+      ""runtimeVersion"": ""10.0""
     },
     {
       ""contractId"": ""TFG-SETUP-186"",
","<!-- docs/docguard-contract-lab-v2/DEVELOPER_SETUP.md @ controlled-baseline:9c9f9e9868c8fe78 -->
### TFG-SETUP-185
- Profile: `developer-profile-185`
- Required runtime: `.NET SDK 8.0`
- Package manager: `NuGet@6`
- Local development command: `dotnet run --project TestGenerator -- --profile 185`
- Migration command: `dotnet ef database update --project TestGenerator --profile 185`
",True,developer_setup,Controlled design expectation: developer_setup; independent human/owner acceptance still required before merge.,True,developer_setup,"TFG-SETUP-185: kod mijenja dokumentovani razvojni setup iz '8.0' u '10.0' (runtime_requirement_change), dok docs-before eksplicitno navodi staru vrijednost; dokumentacija bi zato postala zastarjela.",approved,14bd6d902cc293a7b436d5ee5bd806f621d5ef7ab782173cee61666e382f8201,b48443a136438c4fc81d09e926a9ecd804d80d54332d1e86049eb2a6d38f4e58,developer_setup,rbi_test_forge,runtime_requirement_change,cases/patches/rbi_test_forge/developer_setup/TFG-SETUP-185.patch
CRPP2-TFG-DEVELOPER_SETUP-186,controlled-v2/rbi-test-forge-copy,9401371,csharp,"[""TestGenerator/DocGuardContractLab-v2/developer_setup/contracts_09.json""]","--- a/TestGenerator/DocGuardContractLab-v2/developer_setup/contracts_09.json
+++ b/TestGenerator/DocGuardContractLab-v2/developer_setup/contracts_09.json
@@ -48,7 +48,7 @@
     },
     {
       ""contractId"": ""TFG-SETUP-186"",
-      ""developmentCommand"": ""dotnet run --project TestGenerator -- --profile 186"",
+      ""developmentCommand"": ""dotnet run --project TestGenerator -- --profile 186 --strict"",
       ""migrationCommand"": ""dotnet ef database update --project TestGenerator --profile 186"",
       ""packageManager"": ""NuGet@6"",
       ""profile"": ""developer-profile-186"",
","<!-- docs/docguard-contract-lab-v2/DEVELOPER_SETUP.md @ controlled-baseline:9c9f9e9868c8fe78 -->
### TFG-SETUP-186
- Profile: `developer-profile-186`
- Required runtime: `.NET SDK 8.0`
- Package manager: `NuGet@6`
- Local development command: `dotnet run --project TestGenerator -- --profile 186`
- Migration command: `dotnet ef database update --project TestGenerator --profile 186`
",True,developer_setup,Controlled design expectation: developer_setup; independent human/owner acceptance still required before merge.,True,developer_setup,"TFG-SETUP-186: kod mijenja dokumentovani razvojni setup iz 'dotnet run --project TestGenerator -- --profile 186' u 'dotnet run --project TestGenerator -- --profile 186 --strict' (local_command_change), dok docs-before eksplicitno navodi staru vrijednost; dokumentacija bi zato postala zastarjela.",approved,989c69b840d79a86cfddc5f584981f7a2fc1b94301f24b3d1e37bf751057a24e,fb9081db0c09a96cddb0cb03ff429ec7756054b6b9d9e1d952731a4e1f20f200,developer_setup,rbi_test_forge,local_command_change,cases/patches/rbi_test_forge/developer_setup/TFG-SETUP-186.patch
CRPP2-TFG-DEVELOPER_SETUP-187,controlled-v2/rbi-test-forge-copy,9401372,csharp,"[""TestGenerator/DocGuardContractLab-v2/developer_setup/contracts_09.json""]","--- a/TestGenerator/DocGuardContractLab-v2/developer_setup/contracts_09.json
+++ b/TestGenerator/DocGuardContractLab-v2/developer_setup/contracts_09.json
@@ -59,7 +59,7 @@
       ""contractId"": ""TFG-SETUP-187"",
       ""developmentCommand"": ""dotnet run --project TestGenerator -- --profile 187"",
       ""migrationCommand"": ""dotnet ef database update --project TestGenerator --profile 187"",
-      ""packageManager"": ""NuGet@6"",
+      ""packageManager"": ""NuGet@7"",
       ""profile"": ""developer-profile-187"",
       ""runtime"": "".NET SDK"",
       ""runtimeVersion"": ""8.0""
","<!-- docs/docguard-contract-lab-v2/DEVELOPER_SETUP.md @ controlled-baseline:9c9f9e9868c8fe78 -->
### TFG-SETUP-187
- Profile: `developer-profile-187`
- Required runtime: `.NET SDK 8.0`
- Package manager: `NuGet@6`
- Local development command: `dotnet run --project TestGenerator -- --profile 187`
- Migration command: `dotnet ef database update --project TestGenerator --profile 187`
",True,developer_setup,Controlled design expectation: developer_setup; independent human/owner acceptance still required before merge.,True,developer_setup,"TFG-SETUP-187: kod mijenja dokumentovani razvojni setup iz 'NuGet@6' u 'NuGet@7' (package_manager_version_change), dok docs-before eksplicitno navodi staru vrijednost; dokumentacija bi zato postala zastarjela.",approved,df92c81a12778a74d743cf4bdd5f651f399e554e7b75381ff4e3c7df972aed7d,ee42864c7caa6de2ede17c3989073190cd6315f85c66a9ae3972becbe75b1334,developer_setup,rbi_test_forge,package_manager_version_change,cases/patches/rbi_test_forge/developer_setup/TFG-SETUP-187.patch
CRPP2-TFG-DEVELOPER_SETUP-188,controlled-v2/rbi-test-forge-copy,9401373,csharp,"[""TestGenerator/DocGuardContractLab-v2/developer_setup/contracts_09.json""]","--- a/TestGenerator/DocGuardContractLab-v2/developer_setup/contracts_09.json
+++ b/TestGenerator/DocGuardContractLab-v2/developer_setup/contracts_09.json
@@ -67,7 +67,7 @@
     {
       ""contractId"": ""TFG-SETUP-188"",
       ""developmentCommand"": ""dotnet run --project TestGenerator -- --profile 188"",
-      ""migrationCommand"": ""dotnet ef database update --project TestGenerator --profile 188"",
+      ""migrationCommand"": ""dotnet ef database update --project TestGenerator --profile 188 --no-build"",
       ""packageManager"": ""NuGet@6"",
       ""profile"": ""developer-profile-188"",
       ""runtime"": "".NET SDK"",
","<!-- docs/docguard-contract-lab-v2/DEVELOPER_SETUP.md @ controlled-baseline:9c9f9e9868c8fe78 -->
### TFG-SETUP-188
- Profile: `developer-profile-188`
- Required runtime: `.NET SDK 8.0`
- Package manager: `NuGet@6`
- Local development command: `dotnet run --project TestGenerator -- --profile 188`
- Migration command: `dotnet ef database update --project TestGenerator --profile 188`
",True,developer_setup,Controlled design expectation: developer_setup; independent human/owner acceptance still required before merge.,True,developer_setup,"TFG-SETUP-188: kod mijenja dokumentovani razvojni setup iz 'dotnet ef database update --project TestGenerator --profile 188' u 'dotnet ef database update --project TestGenerator --profile 188 --no-build' (migration_command_change), dok docs-before eksplicitno navodi staru vrijednost; dokumentacija bi zato postala zastarjela.",approved,ceecbc24e63039e598207a909b8dca8aecdccbb6def15d492ab37e6af2eeba6e,020e6bba4dec45f9f6a80feaa190320f1935b591224cab82840aff990ffcce21,developer_setup,rbi_test_forge,migration_command_change,cases/patches/rbi_test_forge/developer_setup/TFG-SETUP-188.patch
CRPP2-TFG-DEVELOPER_SETUP-189,controlled-v2/rbi-test-forge-copy,9401374,csharp,"[""TestGenerator/DocGuardContractLab-v2/developer_setup/contracts_09.json""]","--- a/TestGenerator/DocGuardContractLab-v2/developer_setup/contracts_09.json
+++ b/TestGenerator/DocGuardContractLab-v2/developer_setup/contracts_09.json
@@ -80,7 +80,7 @@
       ""packageManager"": ""NuGet@6"",
       ""profile"": ""developer-profile-189"",
       ""runtime"": "".NET SDK"",
-      ""runtimeVersion"": ""8.0""
+      ""runtimeVersion"": ""10.0""
     },
     {
       ""contractId"": ""TFG-SETUP-190"",
","<!-- docs/docguard-contract-lab-v2/DEVELOPER_SETUP.md @ controlled-baseline:9c9f9e9868c8fe78 -->
### TFG-SETUP-189
- Profile: `developer-profile-189`
- Required runtime: `.NET SDK 8.0`
- Package manager: `NuGet@6`
- Local development command: `dotnet run --project TestGenerator -- --profile 189`
- Migration command: `dotnet ef database update --project TestGenerator --profile 189`
",True,developer_setup,Controlled design expectation: developer_setup; independent human/owner acceptance still required before merge.,True,developer_setup,"TFG-SETUP-189: kod mijenja dokumentovani razvojni setup iz '8.0' u '10.0' (runtime_requirement_change), dok docs-before eksplicitno navodi staru vrijednost; dokumentacija bi zato postala zastarjela.",approved,51125bc771ab8b3dd530250167dbc735f9a59fd59dda39ae3b6dde713eebe8b0,6cc86d3560760921d9b18a832de85793821257720f4766f0bf8bfab525c124ec,developer_setup,rbi_test_forge,runtime_requirement_change,cases/patches/rbi_test_forge/developer_setup/TFG-SETUP-189.patch
CRPP2-TFG-DEVELOPER_SETUP-190,controlled-v2/rbi-test-forge-copy,9401375,csharp,"[""TestGenerator/DocGuardContractLab-v2/developer_setup/contracts_09.json""]","--- a/TestGenerator/DocGuardContractLab-v2/developer_setup/contracts_09.json
+++ b/TestGenerator/DocGuardContractLab-v2/developer_setup/contracts_09.json
@@ -84,7 +84,7 @@
     },
     {
       ""contractId"": ""TFG-SETUP-190"",
-      ""developmentCommand"": ""dotnet run --project TestGenerator -- --profile 190"",
+      ""developmentCommand"": ""dotnet run --project TestGenerator -- --profile 190 --strict"",
       ""migrationCommand"": ""dotnet ef database update --project TestGenerator --profile 190"",
       ""packageManager"": ""NuGet@6"",
       ""profile"": ""developer-profile-190"",
","<!-- docs/docguard-contract-lab-v2/DEVELOPER_SETUP.md @ controlled-baseline:9c9f9e9868c8fe78 -->
### TFG-SETUP-190
- Profile: `developer-profile-190`
- Required runtime: `.NET SDK 8.0`
- Package manager: `NuGet@6`
- Local development command: `dotnet run --project TestGenerator -- --profile 190`
- Migration command: `dotnet ef database update --project TestGenerator --profile 190`
",True,developer_setup,Controlled design expectation: developer_setup; independent human/owner acceptance still required before merge.,True,developer_setup,"TFG-SETUP-190: kod mijenja dokumentovani razvojni setup iz 'dotnet run --project TestGenerator -- --profile 190' u 'dotnet run --project TestGenerator -- --profile 190 --strict' (local_command_change), dok docs-before eksplicitno navodi staru vrijednost; dokumentacija bi zato postala zastarjela.",approved,86b87797ff7f4e023dda6fdba88d85bb145dc775582d1198ddf3e8e71695b7cd,92a649e8738870cfaa4a67bf9d8f7c4d03118cd1b9a29177ae81c209eb592363,developer_setup,rbi_test_forge,local_command_change,cases/patches/rbi_test_forge/developer_setup/TFG-SETUP-190.patch
CRPP2-TFG-DEVELOPER_SETUP-191,controlled-v2/rbi-test-forge-copy,9401376,csharp,"[""TestGenerator/DocGuardContractLab-v2/developer_setup/contracts_10.json""]","--- a/TestGenerator/DocGuardContractLab-v2/developer_setup/contracts_10.json
+++ b/TestGenerator/DocGuardContractLab-v2/developer_setup/contracts_10.json
@@ -5,7 +5,7 @@
       ""contractId"": ""TFG-SETUP-191"",
       ""developmentCommand"": ""dotnet run --project TestGenerator -- --profile 191"",
       ""migrationCommand"": ""dotnet ef database update --project TestGenerator --profile 191"",
-      ""packageManager"": ""NuGet@6"",
+      ""packageManager"": ""NuGet@7"",
       ""profile"": ""developer-profile-191"",
       ""runtime"": "".NET SDK"",
       ""runtimeVersion"": ""8.0""
","<!-- docs/docguard-contract-lab-v2/DEVELOPER_SETUP.md @ controlled-baseline:9c9f9e9868c8fe78 -->
### TFG-SETUP-191
- Profile: `developer-profile-191`
- Required runtime: `.NET SDK 8.0`
- Package manager: `NuGet@6`
- Local development command: `dotnet run --project TestGenerator -- --profile 191`
- Migration command: `dotnet ef database update --project TestGenerator --profile 191`
",True,developer_setup,Controlled design expectation: developer_setup; independent human/owner acceptance still required before merge.,True,developer_setup,"TFG-SETUP-191: kod mijenja dokumentovani razvojni setup iz 'NuGet@6' u 'NuGet@7' (package_manager_version_change), dok docs-before eksplicitno navodi staru vrijednost; dokumentacija bi zato postala zastarjela.",approved,2217e2d676c859e35a11e3c155f80da888bf8e267b808db34bde1d13dcef4ddf,2ae206b73984ba3bb86f464bd73d88e9342c3cbd03dfd86625e04fe0710c2628,developer_setup,rbi_test_forge,package_manager_version_change,cases/patches/rbi_test_forge/developer_setup/TFG-SETUP-191.patch
CRPP2-TFG-DEVELOPER_SETUP-192,controlled-v2/rbi-test-forge-copy,9401377,csharp,"[""TestGenerator/DocGuardContractLab-v2/developer_setup/contracts_10.json""]","--- a/TestGenerator/DocGuardContractLab-v2/developer_setup/contracts_10.json
+++ b/TestGenerator/DocGuardContractLab-v2/developer_setup/contracts_10.json
@@ -13,7 +13,7 @@
     {
       ""contractId"": ""TFG-SETUP-192"",
       ""developmentCommand"": ""dotnet run --project TestGenerator -- --profile 192"",
-      ""migrationCommand"": ""dotnet ef database update --project TestGenerator --profile 192"",
+      ""migrationCommand"": ""dotnet ef database update --project TestGenerator --profile 192 --no-build"",
       ""packageManager"": ""NuGet@6"",
       ""profile"": ""developer-profile-192"",
       ""runtime"": "".NET SDK"",
","<!-- docs/docguard-contract-lab-v2/DEVELOPER_SETUP.md @ controlled-baseline:9c9f9e9868c8fe78 -->
### TFG-SETUP-192
- Profile: `developer-profile-192`
- Required runtime: `.NET SDK 8.0`
- Package manager: `NuGet@6`
- Local development command: `dotnet run --project TestGenerator -- --profile 192`
- Migration command: `dotnet ef database update --project TestGenerator --profile 192`
",True,developer_setup,Controlled design expectation: developer_setup; independent human/owner acceptance still required before merge.,True,developer_setup,"TFG-SETUP-192: kod mijenja dokumentovani razvojni setup iz 'dotnet ef database update --project TestGenerator --profile 192' u 'dotnet ef database update --project TestGenerator --profile 192 --no-build' (migration_command_change), dok docs-before eksplicitno navodi staru vrijednost; dokumentacija bi zato postala zastarjela.",approved,59c6590bcaf865bb14fd26ec92d93c8bde6c9baa433e8049ae13013aff23f3d6,9e689686f89c9e21f9dd6e46d9c612f9510a3b42ea7fa451ebda04f072c25364,developer_setup,rbi_test_forge,migration_command_change,cases/patches/rbi_test_forge/developer_setup/TFG-SETUP-192.patch
CRPP2-TFG-DEVELOPER_SETUP-193,controlled-v2/rbi-test-forge-copy,9401378,csharp,"[""TestGenerator/DocGuardContractLab-v2/developer_setup/contracts_10.json""]","--- a/TestGenerator/DocGuardContractLab-v2/developer_setup/contracts_10.json
+++ b/TestGenerator/DocGuardContractLab-v2/developer_setup/contracts_10.json
@@ -26,7 +26,7 @@
       ""packageManager"": ""NuGet@6"",
       ""profile"": ""developer-profile-193"",
       ""runtime"": "".NET SDK"",
-      ""runtimeVersion"": ""8.0""
+      ""runtimeVersion"": ""10.0""
     },
     {
       ""contractId"": ""TFG-SETUP-194"",
","<!-- docs/docguard-contract-lab-v2/DEVELOPER_SETUP.md @ controlled-baseline:9c9f9e9868c8fe78 -->
### TFG-SETUP-193
- Profile: `developer-profile-193`
- Required runtime: `.NET SDK 8.0`
- Package manager: `NuGet@6`
- Local development command: `dotnet run --project TestGenerator -- --profile 193`
- Migration command: `dotnet ef database update --project TestGenerator --profile 193`
",True,developer_setup,Controlled design expectation: developer_setup; independent human/owner acceptance still required before merge.,True,developer_setup,"TFG-SETUP-193: kod mijenja dokumentovani razvojni setup iz '8.0' u '10.0' (runtime_requirement_change), dok docs-before eksplicitno navodi staru vrijednost; dokumentacija bi zato postala zastarjela.",approved,721b4584c3ab628ce9097159e2233a0ec6f8637cdd8aee8865c6d86281e1645b,75cbbb4f16bdfb9de524df7f1de218d8573dba11f51ad6e03c3d59612b597278,developer_setup,rbi_test_forge,runtime_requirement_change,cases/patches/rbi_test_forge/developer_setup/TFG-SETUP-193.patch
CRPP2-TFG-DEVELOPER_SETUP-194,controlled-v2/rbi-test-forge-copy,9401379,csharp,"[""TestGenerator/DocGuardContractLab-v2/developer_setup/contracts_10.json""]","--- a/TestGenerator/DocGuardContractLab-v2/developer_setup/contracts_10.json
+++ b/TestGenerator/DocGuardContractLab-v2/developer_setup/contracts_10.json
@@ -30,7 +30,7 @@
     },
     {
       ""contractId"": ""TFG-SETUP-194"",
-      ""developmentCommand"": ""dotnet run --project TestGenerator -- --profile 194"",
+      ""developmentCommand"": ""dotnet run --project TestGenerator -- --profile 194 --strict"",
       ""migrationCommand"": ""dotnet ef database update --project TestGenerator --profile 194"",
       ""packageManager"": ""NuGet@6"",
       ""profile"": ""developer-profile-194"",
","<!-- docs/docguard-contract-lab-v2/DEVELOPER_SETUP.md @ controlled-baseline:9c9f9e9868c8fe78 -->
### TFG-SETUP-194
- Profile: `developer-profile-194`
- Required runtime: `.NET SDK 8.0`
- Package manager: `NuGet@6`
- Local development command: `dotnet run --project TestGenerator -- --profile 194`
- Migration command: `dotnet ef database update --project TestGenerator --profile 194`
",True,developer_setup,Controlled design expectation: developer_setup; independent human/owner acceptance still required before merge.,True,developer_setup,"TFG-SETUP-194: kod mijenja dokumentovani razvojni setup iz 'dotnet run --project TestGenerator -- --profile 194' u 'dotnet run --project TestGenerator -- --profile 194 --strict' (local_command_change), dok docs-before eksplicitno navodi staru vrijednost; dokumentacija bi zato postala zastarjela.",approved,e61aecf15bae33b21bbfb442f8ed935fcff03a835a279993bb1b4291bd813383,a2b66ce8512d843f40e5ff5d7c6d84018401167eb4bad5011f01ef954e63e59d,developer_setup,rbi_test_forge,local_command_change,cases/patches/rbi_test_forge/developer_setup/TFG-SETUP-194.patch
CRPP2-TFG-DEVELOPER_SETUP-195,controlled-v2/rbi-test-forge-copy,9401380,csharp,"[""TestGenerator/DocGuardContractLab-v2/developer_setup/contracts_10.json""]","--- a/TestGenerator/DocGuardContractLab-v2/developer_setup/contracts_10.json
+++ b/TestGenerator/DocGuardContractLab-v2/developer_setup/contracts_10.json
@@ -41,7 +41,7 @@
       ""contractId"": ""TFG-SETUP-195"",
       ""developmentCommand"": ""dotnet run --project TestGenerator -- --profile 195"",
       ""migrationCommand"": ""dotnet ef database update --project TestGenerator --profile 195"",
-      ""packageManager"": ""NuGet@6"",
+      ""packageManager"": ""NuGet@7"",
       ""profile"": ""developer-profile-195"",
       ""runtime"": "".NET SDK"",
       ""runtimeVersion"": ""8.0""
","<!-- docs/docguard-contract-lab-v2/DEVELOPER_SETUP.md @ controlled-baseline:9c9f9e9868c8fe78 -->
### TFG-SETUP-195
- Profile: `developer-profile-195`
- Required runtime: `.NET SDK 8.0`
- Package manager: `NuGet@6`
- Local development command: `dotnet run --project TestGenerator -- --profile 195`
- Migration command: `dotnet ef database update --project TestGenerator --profile 195`
",True,developer_setup,Controlled design expectation: developer_setup; independent human/owner acceptance still required before merge.,True,developer_setup,"TFG-SETUP-195: kod mijenja dokumentovani razvojni setup iz 'NuGet@6' u 'NuGet@7' (package_manager_version_change), dok docs-before eksplicitno navodi staru vrijednost; dokumentacija bi zato postala zastarjela.",approved,f9e6dbfec490f3a25463bd3cebdc4947b804d97c06fdf02471fe804fee121e90,81099bb0ee0663b064da4d39db9345288146bce1bca60d1d7a94c35f3cdc5563,developer_setup,rbi_test_forge,package_manager_version_change,cases/patches/rbi_test_forge/developer_setup/TFG-SETUP-195.patch
CRPP2-TFG-DEVELOPER_SETUP-196,controlled-v2/rbi-test-forge-copy,9401381,csharp,"[""TestGenerator/DocGuardContractLab-v2/developer_setup/contracts_10.json""]","--- a/TestGenerator/DocGuardContractLab-v2/developer_setup/contracts_10.json
+++ b/TestGenerator/DocGuardContractLab-v2/developer_setup/contracts_10.json
@@ -49,7 +49,7 @@
     {
       ""contractId"": ""TFG-SETUP-196"",
       ""developmentCommand"": ""dotnet run --project TestGenerator -- --profile 196"",
-      ""migrationCommand"": ""dotnet ef database update --project TestGenerator --profile 196"",
+      ""migrationCommand"": ""dotnet ef database update --project TestGenerator --profile 196 --no-build"",
       ""packageManager"": ""NuGet@6"",
       ""profile"": ""developer-profile-196"",
       ""runtime"": "".NET SDK"",
","<!-- docs/docguard-contract-lab-v2/DEVELOPER_SETUP.md @ controlled-baseline:9c9f9e9868c8fe78 -->
### TFG-SETUP-196
- Profile: `developer-profile-196`
- Required runtime: `.NET SDK 8.0`
- Package manager: `NuGet@6`
- Local development command: `dotnet run --project TestGenerator -- --profile 196`
- Migration command: `dotnet ef database update --project TestGenerator --profile 196`
",True,developer_setup,Controlled design expectation: developer_setup; independent human/owner acceptance still required before merge.,True,developer_setup,"TFG-SETUP-196: kod mijenja dokumentovani razvojni setup iz 'dotnet ef database update --project TestGenerator --profile 196' u 'dotnet ef database update --project TestGenerator --profile 196 --no-build' (migration_command_change), dok docs-before eksplicitno navodi staru vrijednost; dokumentacija bi zato postala zastarjela.",approved,97f3c11ac2855006180a9b8655c6a2375b85c7b63d1e913b1c18790e4d1ef451,e05b33a1dac6cfad66bd8d9285ea0eb416ff573765b774b7cf1a68a3cd945e76,developer_setup,rbi_test_forge,migration_command_change,cases/patches/rbi_test_forge/developer_setup/TFG-SETUP-196.patch
CRPP2-TFG-DEVELOPER_SETUP-197,controlled-v2/rbi-test-forge-copy,9401382,csharp,"[""TestGenerator/DocGuardContractLab-v2/developer_setup/contracts_10.json""]","--- a/TestGenerator/DocGuardContractLab-v2/developer_setup/contracts_10.json
+++ b/TestGenerator/DocGuardContractLab-v2/developer_setup/contracts_10.json
@@ -62,7 +62,7 @@
       ""packageManager"": ""NuGet@6"",
       ""profile"": ""developer-profile-197"",
       ""runtime"": "".NET SDK"",
-      ""runtimeVersion"": ""8.0""
+      ""runtimeVersion"": ""10.0""
     },
     {
       ""contractId"": ""TFG-SETUP-198"",
","<!-- docs/docguard-contract-lab-v2/DEVELOPER_SETUP.md @ controlled-baseline:9c9f9e9868c8fe78 -->
### TFG-SETUP-197
- Profile: `developer-profile-197`
- Required runtime: `.NET SDK 8.0`
- Package manager: `NuGet@6`
- Local development command: `dotnet run --project TestGenerator -- --profile 197`
- Migration command: `dotnet ef database update --project TestGenerator --profile 197`
",True,developer_setup,Controlled design expectation: developer_setup; independent human/owner acceptance still required before merge.,True,developer_setup,"TFG-SETUP-197: kod mijenja dokumentovani razvojni setup iz '8.0' u '10.0' (runtime_requirement_change), dok docs-before eksplicitno navodi staru vrijednost; dokumentacija bi zato postala zastarjela.",approved,502716b2f48a0592556e3ec138e71066b25390411748a0b2b96a2a6d21a778e2,a06f10f6e26531d8adc437d33799a289c038c89386f30455bda709eb1e95152e,developer_setup,rbi_test_forge,runtime_requirement_change,cases/patches/rbi_test_forge/developer_setup/TFG-SETUP-197.patch
CRPP2-TFG-DEVELOPER_SETUP-198,controlled-v2/rbi-test-forge-copy,9401383,csharp,"[""TestGenerator/DocGuardContractLab-v2/developer_setup/contracts_10.json""]","--- a/TestGenerator/DocGuardContractLab-v2/developer_setup/contracts_10.json
+++ b/TestGenerator/DocGuardContractLab-v2/developer_setup/contracts_10.json
@@ -66,7 +66,7 @@
     },
     {
       ""contractId"": ""TFG-SETUP-198"",
-      ""developmentCommand"": ""dotnet run --project TestGenerator -- --profile 198"",
+      ""developmentCommand"": ""dotnet run --project TestGenerator -- --profile 198 --strict"",
       ""migrationCommand"": ""dotnet ef database update --project TestGenerator --profile 198"",
       ""packageManager"": ""NuGet@6"",
       ""profile"": ""developer-profile-198"",
","<!-- docs/docguard-contract-lab-v2/DEVELOPER_SETUP.md @ controlled-baseline:9c9f9e9868c8fe78 -->
### TFG-SETUP-198
- Profile: `developer-profile-198`
- Required runtime: `.NET SDK 8.0`
- Package manager: `NuGet@6`
- Local development command: `dotnet run --project TestGenerator -- --profile 198`
- Migration command: `dotnet ef database update --project TestGenerator --profile 198`
",True,developer_setup,Controlled design expectation: developer_setup; independent human/owner acceptance still required before merge.,True,developer_setup,"TFG-SETUP-198: kod mijenja dokumentovani razvojni setup iz 'dotnet run --project TestGenerator -- --profile 198' u 'dotnet run --project TestGenerator -- --profile 198 --strict' (local_command_change), dok docs-before eksplicitno navodi staru vrijednost; dokumentacija bi zato postala zastarjela.",approved,e77592f8fd01d11ce1ec921e9ef2442c020c102d61c7e002a4873789dfa06643,cbdf63665d1773087bd9e47451d1ad7fb6fbf96aeeabd627a670dc45f4524838,developer_setup,rbi_test_forge,local_command_change,cases/patches/rbi_test_forge/developer_setup/TFG-SETUP-198.patch
CRPP2-TFG-DEVELOPER_SETUP-199,controlled-v2/rbi-test-forge-copy,9401384,csharp,"[""TestGenerator/DocGuardContractLab-v2/developer_setup/contracts_10.json""]","--- a/TestGenerator/DocGuardContractLab-v2/developer_setup/contracts_10.json
+++ b/TestGenerator/DocGuardContractLab-v2/developer_setup/contracts_10.json
@@ -77,7 +77,7 @@
       ""contractId"": ""TFG-SETUP-199"",
       ""developmentCommand"": ""dotnet run --project TestGenerator -- --profile 199"",
       ""migrationCommand"": ""dotnet ef database update --project TestGenerator --profile 199"",
-      ""packageManager"": ""NuGet@6"",
+      ""packageManager"": ""NuGet@7"",
       ""profile"": ""developer-profile-199"",
       ""runtime"": "".NET SDK"",
       ""runtimeVersion"": ""8.0""
","<!-- docs/docguard-contract-lab-v2/DEVELOPER_SETUP.md @ controlled-baseline:9c9f9e9868c8fe78 -->
### TFG-SETUP-199
- Profile: `developer-profile-199`
- Required runtime: `.NET SDK 8.0`
- Package manager: `NuGet@6`
- Local development command: `dotnet run --project TestGenerator -- --profile 199`
- Migration command: `dotnet ef database update --project TestGenerator --profile 199`
",True,developer_setup,Controlled design expectation: developer_setup; independent human/owner acceptance still required before merge.,True,developer_setup,"TFG-SETUP-199: kod mijenja dokumentovani razvojni setup iz 'NuGet@6' u 'NuGet@7' (package_manager_version_change), dok docs-before eksplicitno navodi staru vrijednost; dokumentacija bi zato postala zastarjela.",approved,ffac4a5a4b77ddca0324fb5585b680fabdaaf4fa4febae0de117305753f5c8a0,b7791a32b48ce3c4a005398e5deaf14d6c195dda81d7d8e63cdbcdf5988e5f85,developer_setup,rbi_test_forge,package_manager_version_change,cases/patches/rbi_test_forge/developer_setup/TFG-SETUP-199.patch
CRPP2-TFG-DEVELOPER_SETUP-200,controlled-v2/rbi-test-forge-copy,9401385,csharp,"[""TestGenerator/DocGuardContractLab-v2/developer_setup/contracts_10.json""]","--- a/TestGenerator/DocGuardContractLab-v2/developer_setup/contracts_10.json
+++ b/TestGenerator/DocGuardContractLab-v2/developer_setup/contracts_10.json
@@ -85,7 +85,7 @@
     {
       ""contractId"": ""TFG-SETUP-200"",
       ""developmentCommand"": ""dotnet run --project TestGenerator -- --profile 200"",
-      ""migrationCommand"": ""dotnet ef database update --project TestGenerator --profile 200"",
+      ""migrationCommand"": ""dotnet ef database update --project TestGenerator --profile 200 --no-build"",
       ""packageManager"": ""NuGet@6"",
       ""profile"": ""developer-profile-200"",
       ""runtime"": "".NET SDK"",
","<!-- docs/docguard-contract-lab-v2/DEVELOPER_SETUP.md @ controlled-baseline:9c9f9e9868c8fe78 -->
### TFG-SETUP-200
- Profile: `developer-profile-200`
- Required runtime: `.NET SDK 8.0`
- Package manager: `NuGet@6`
- Local development command: `dotnet run --project TestGenerator -- --profile 200`
- Migration command: `dotnet ef database update --project TestGenerator --profile 200`
",True,developer_setup,Controlled design expectation: developer_setup; independent human/owner acceptance still required before merge.,True,developer_setup,"TFG-SETUP-200: kod mijenja dokumentovani razvojni setup iz 'dotnet ef database update --project TestGenerator --profile 200' u 'dotnet ef database update --project TestGenerator --profile 200 --no-build' (migration_command_change), dok docs-before eksplicitno navodi staru vrijednost; dokumentacija bi zato postala zastarjela.",approved,6463484eb8705f5aace60f757d2ad447fc7d238b547c2e939540af6eeb62573c,abde785e1f43a796ad5a6b10f352f94483a29b68f3e8d907ada89eeaca2bf504,developer_setup,rbi_test_forge,migration_command_change,cases/patches/rbi_test_forge/developer_setup/TFG-SETUP-200.patch
CRPP2-TFG-DEVELOPER_SETUP-201,controlled-v2/rbi-test-forge-copy,9401386,csharp,"[""TestGenerator/DocGuardContractLab-v2/developer_setup/contracts_11.json""]","--- a/TestGenerator/DocGuardContractLab-v2/developer_setup/contracts_11.json
+++ b/TestGenerator/DocGuardContractLab-v2/developer_setup/contracts_11.json
@@ -8,7 +8,7 @@
       ""packageManager"": ""NuGet@6"",
       ""profile"": ""developer-profile-201"",
       ""runtime"": "".NET SDK"",
-      ""runtimeVersion"": ""8.0""
+      ""runtimeVersion"": ""10.0""
     },
     {
       ""contractId"": ""TFG-SETUP-202"",
","<!-- docs/docguard-contract-lab-v2/DEVELOPER_SETUP.md @ controlled-baseline:9c9f9e9868c8fe78 -->
### TFG-SETUP-201
- Profile: `developer-profile-201`
- Required runtime: `.NET SDK 8.0`
- Package manager: `NuGet@6`
- Local development command: `dotnet run --project TestGenerator -- --profile 201`
- Migration command: `dotnet ef database update --project TestGenerator --profile 201`
",True,developer_setup,Controlled design expectation: developer_setup; independent human/owner acceptance still required before merge.,True,developer_setup,"TFG-SETUP-201: kod mijenja dokumentovani razvojni setup iz '8.0' u '10.0' (runtime_requirement_change), dok docs-before eksplicitno navodi staru vrijednost; dokumentacija bi zato postala zastarjela.",approved,4a9dd8cc98eedd1b7c50e7d4ca52d8cec4a1ebfaa0d85a762b47821d329618b3,b392af15ae69d17d834b4cee670d47c6c2f7708227396929e395eef404faad2d,developer_setup,rbi_test_forge,runtime_requirement_change,cases/patches/rbi_test_forge/developer_setup/TFG-SETUP-201.patch
CRPP2-TFG-DEVELOPER_SETUP-202,controlled-v2/rbi-test-forge-copy,9401387,csharp,"[""TestGenerator/DocGuardContractLab-v2/developer_setup/contracts_11.json""]","--- a/TestGenerator/DocGuardContractLab-v2/developer_setup/contracts_11.json
+++ b/TestGenerator/DocGuardContractLab-v2/developer_setup/contracts_11.json
@@ -12,7 +12,7 @@
     },
     {
       ""contractId"": ""TFG-SETUP-202"",
-      ""developmentCommand"": ""dotnet run --project TestGenerator -- --profile 202"",
+      ""developmentCommand"": ""dotnet run --project TestGenerator -- --profile 202 --strict"",
       ""migrationCommand"": ""dotnet ef database update --project TestGenerator --profile 202"",
       ""packageManager"": ""NuGet@6"",
       ""profile"": ""developer-profile-202"",
","<!-- docs/docguard-contract-lab-v2/DEVELOPER_SETUP.md @ controlled-baseline:9c9f9e9868c8fe78 -->
### TFG-SETUP-202
- Profile: `developer-profile-202`
- Required runtime: `.NET SDK 8.0`
- Package manager: `NuGet@6`
- Local development command: `dotnet run --project TestGenerator -- --profile 202`
- Migration command: `dotnet ef database update --project TestGenerator --profile 202`
",True,developer_setup,Controlled design expectation: developer_setup; independent human/owner acceptance still required before merge.,True,developer_setup,"TFG-SETUP-202: kod mijenja dokumentovani razvojni setup iz 'dotnet run --project TestGenerator -- --profile 202' u 'dotnet run --project TestGenerator -- --profile 202 --strict' (local_command_change), dok docs-before eksplicitno navodi staru vrijednost; dokumentacija bi zato postala zastarjela.",approved,6c80c8d3bdad262e2ec05827ef2d18494f5e2363ba97aeb841bd97503a85c19c,adc5070e9fdf01bf3242678e9fbe79167296fb4f042a153ab45f0649cee169d4,developer_setup,rbi_test_forge,local_command_change,cases/patches/rbi_test_forge/developer_setup/TFG-SETUP-202.patch
CRPP2-TFG-DEVELOPER_SETUP-203,controlled-v2/rbi-test-forge-copy,9401388,csharp,"[""TestGenerator/DocGuardContractLab-v2/developer_setup/contracts_11.json""]","--- a/TestGenerator/DocGuardContractLab-v2/developer_setup/contracts_11.json
+++ b/TestGenerator/DocGuardContractLab-v2/developer_setup/contracts_11.json
@@ -23,7 +23,7 @@
       ""contractId"": ""TFG-SETUP-203"",
       ""developmentCommand"": ""dotnet run --project TestGenerator -- --profile 203"",
       ""migrationCommand"": ""dotnet ef database update --project TestGenerator --profile 203"",
-      ""packageManager"": ""NuGet@6"",
+      ""packageManager"": ""NuGet@7"",
       ""profile"": ""developer-profile-203"",
       ""runtime"": "".NET SDK"",
       ""runtimeVersion"": ""8.0""
","<!-- docs/docguard-contract-lab-v2/DEVELOPER_SETUP.md @ controlled-baseline:9c9f9e9868c8fe78 -->
### TFG-SETUP-203
- Profile: `developer-profile-203`
- Required runtime: `.NET SDK 8.0`
- Package manager: `NuGet@6`
- Local development command: `dotnet run --project TestGenerator -- --profile 203`
- Migration command: `dotnet ef database update --project TestGenerator --profile 203`
",True,developer_setup,Controlled design expectation: developer_setup; independent human/owner acceptance still required before merge.,True,developer_setup,"TFG-SETUP-203: kod mijenja dokumentovani razvojni setup iz 'NuGet@6' u 'NuGet@7' (package_manager_version_change), dok docs-before eksplicitno navodi staru vrijednost; dokumentacija bi zato postala zastarjela.",approved,6a1a287dcdf1723423f42ebfd1abc9d68530bd753784b868d332d58a3ca956d0,47e10e53359d4e5d86ba0d215f38a62d318a8aa3df11396ff1ca1c685906ca6b,developer_setup,rbi_test_forge,package_manager_version_change,cases/patches/rbi_test_forge/developer_setup/TFG-SETUP-203.patch
CRPP2-TFG-DEVELOPER_SETUP-204,controlled-v2/rbi-test-forge-copy,9401389,csharp,"[""TestGenerator/DocGuardContractLab-v2/developer_setup/contracts_11.json""]","--- a/TestGenerator/DocGuardContractLab-v2/developer_setup/contracts_11.json
+++ b/TestGenerator/DocGuardContractLab-v2/developer_setup/contracts_11.json
@@ -31,7 +31,7 @@
     {
       ""contractId"": ""TFG-SETUP-204"",
       ""developmentCommand"": ""dotnet run --project TestGenerator -- --profile 204"",
-      ""migrationCommand"": ""dotnet ef database update --project TestGenerator --profile 204"",
+      ""migrationCommand"": ""dotnet ef database update --project TestGenerator --profile 204 --no-build"",
       ""packageManager"": ""NuGet@6"",
       ""profile"": ""developer-profile-204"",
       ""runtime"": "".NET SDK"",
","<!-- docs/docguard-contract-lab-v2/DEVELOPER_SETUP.md @ controlled-baseline:9c9f9e9868c8fe78 -->
### TFG-SETUP-204
- Profile: `developer-profile-204`
- Required runtime: `.NET SDK 8.0`
- Package manager: `NuGet@6`
- Local development command: `dotnet run --project TestGenerator -- --profile 204`
- Migration command: `dotnet ef database update --project TestGenerator --profile 204`
",True,developer_setup,Controlled design expectation: developer_setup; independent human/owner acceptance still required before merge.,True,developer_setup,"TFG-SETUP-204: kod mijenja dokumentovani razvojni setup iz 'dotnet ef database update --project TestGenerator --profile 204' u 'dotnet ef database update --project TestGenerator --profile 204 --no-build' (migration_command_change), dok docs-before eksplicitno navodi staru vrijednost; dokumentacija bi zato postala zastarjela.",approved,4ec5dc67ac4eef33baef5330331ac2d638b286e9337d6ee43d8bb95cdd73b283,3acc44166e1ab9ae9b3de5b9f4023660732946d29a56f8a316350ed2c75dcfbb,developer_setup,rbi_test_forge,migration_command_change,cases/patches/rbi_test_forge/developer_setup/TFG-SETUP-204.patch
CRPP2-TFG-DEVELOPER_SETUP-205,controlled-v2/rbi-test-forge-copy,9401390,csharp,"[""TestGenerator/DocGuardContractLab-v2/developer_setup/contracts_11.json""]","--- a/TestGenerator/DocGuardContractLab-v2/developer_setup/contracts_11.json
+++ b/TestGenerator/DocGuardContractLab-v2/developer_setup/contracts_11.json
@@ -44,7 +44,7 @@
       ""packageManager"": ""NuGet@6"",
       ""profile"": ""developer-profile-205"",
       ""runtime"": "".NET SDK"",
-      ""runtimeVersion"": ""8.0""
+      ""runtimeVersion"": ""10.0""
     },
     {
       ""contractId"": ""TFG-SETUP-206"",
","<!-- docs/docguard-contract-lab-v2/DEVELOPER_SETUP.md @ controlled-baseline:9c9f9e9868c8fe78 -->
### TFG-SETUP-205
- Profile: `developer-profile-205`
- Required runtime: `.NET SDK 8.0`
- Package manager: `NuGet@6`
- Local development command: `dotnet run --project TestGenerator -- --profile 205`
- Migration command: `dotnet ef database update --project TestGenerator --profile 205`
",True,developer_setup,Controlled design expectation: developer_setup; independent human/owner acceptance still required before merge.,True,developer_setup,"TFG-SETUP-205: kod mijenja dokumentovani razvojni setup iz '8.0' u '10.0' (runtime_requirement_change), dok docs-before eksplicitno navodi staru vrijednost; dokumentacija bi zato postala zastarjela.",approved,73645b385fe96e2e11e2ad5ad6111f29fa89335f858fba0abf4f4be16879d45c,72adf1bd9c541245a7b0cc096b7be7744b0bd30bbd128e2dfd646e7e98c3c831,developer_setup,rbi_test_forge,runtime_requirement_change,cases/patches/rbi_test_forge/developer_setup/TFG-SETUP-205.patch
CRPP2-TFG-DEVELOPER_SETUP-206,controlled-v2/rbi-test-forge-copy,9401391,csharp,"[""TestGenerator/DocGuardContractLab-v2/developer_setup/contracts_11.json""]","--- a/TestGenerator/DocGuardContractLab-v2/developer_setup/contracts_11.json
+++ b/TestGenerator/DocGuardContractLab-v2/developer_setup/contracts_11.json
@@ -48,7 +48,7 @@
     },
     {
       ""contractId"": ""TFG-SETUP-206"",
-      ""developmentCommand"": ""dotnet run --project TestGenerator -- --profile 206"",
+      ""developmentCommand"": ""dotnet run --project TestGenerator -- --profile 206 --strict"",
       ""migrationCommand"": ""dotnet ef database update --project TestGenerator --profile 206"",
       ""packageManager"": ""NuGet@6"",
       ""profile"": ""developer-profile-206"",
","<!-- docs/docguard-contract-lab-v2/DEVELOPER_SETUP.md @ controlled-baseline:9c9f9e9868c8fe78 -->
### TFG-SETUP-206
- Profile: `developer-profile-206`
- Required runtime: `.NET SDK 8.0`
- Package manager: `NuGet@6`
- Local development command: `dotnet run --project TestGenerator -- --profile 206`
- Migration command: `dotnet ef database update --project TestGenerator --profile 206`
",True,developer_setup,Controlled design expectation: developer_setup; independent human/owner acceptance still required before merge.,True,developer_setup,"TFG-SETUP-206: kod mijenja dokumentovani razvojni setup iz 'dotnet run --project TestGenerator -- --profile 206' u 'dotnet run --project TestGenerator -- --profile 206 --strict' (local_command_change), dok docs-before eksplicitno navodi staru vrijednost; dokumentacija bi zato postala zastarjela.",approved,57f6f2ae3e2cabf6f1ec2edbe3da4d690bdfdc3f7ca4c36a832eb05d5dd560a5,bfaf24e75eced1d2c5077af2ec79a98d0872f10ffb8465906964cee31215bf9b,developer_setup,rbi_test_forge,local_command_change,cases/patches/rbi_test_forge/developer_setup/TFG-SETUP-206.patch
CRPP2-TFG-DEVELOPER_SETUP-207,controlled-v2/rbi-test-forge-copy,9401392,csharp,"[""TestGenerator/DocGuardContractLab-v2/developer_setup/contracts_11.json""]","--- a/TestGenerator/DocGuardContractLab-v2/developer_setup/contracts_11.json
+++ b/TestGenerator/DocGuardContractLab-v2/developer_setup/contracts_11.json
@@ -59,7 +59,7 @@
       ""contractId"": ""TFG-SETUP-207"",
       ""developmentCommand"": ""dotnet run --project TestGenerator -- --profile 207"",
       ""migrationCommand"": ""dotnet ef database update --project TestGenerator --profile 207"",
-      ""packageManager"": ""NuGet@6"",
+      ""packageManager"": ""NuGet@7"",
       ""profile"": ""developer-profile-207"",
       ""runtime"": "".NET SDK"",
       ""runtimeVersion"": ""8.0""
","<!-- docs/docguard-contract-lab-v2/DEVELOPER_SETUP.md @ controlled-baseline:9c9f9e9868c8fe78 -->
### TFG-SETUP-207
- Profile: `developer-profile-207`
- Required runtime: `.NET SDK 8.0`
- Package manager: `NuGet@6`
- Local development command: `dotnet run --project TestGenerator -- --profile 207`
- Migration command: `dotnet ef database update --project TestGenerator --profile 207`
",True,developer_setup,Controlled design expectation: developer_setup; independent human/owner acceptance still required before merge.,True,developer_setup,"TFG-SETUP-207: kod mijenja dokumentovani razvojni setup iz 'NuGet@6' u 'NuGet@7' (package_manager_version_change), dok docs-before eksplicitno navodi staru vrijednost; dokumentacija bi zato postala zastarjela.",approved,67e5aa8c446ff46b00c380475fbddd57cd3c8b644ea82e15789139ef0a7da549,d7d4e2d4280d72422742c3a71795f0b8417d7f60dff7ab0dc82b3c86d600fc08,developer_setup,rbi_test_forge,package_manager_version_change,cases/patches/rbi_test_forge/developer_setup/TFG-SETUP-207.patch
CRPP2-TFG-DEVELOPER_SETUP-208,controlled-v2/rbi-test-forge-copy,9401393,csharp,"[""TestGenerator/DocGuardContractLab-v2/developer_setup/contracts_11.json""]","--- a/TestGenerator/DocGuardContractLab-v2/developer_setup/contracts_11.json
+++ b/TestGenerator/DocGuardContractLab-v2/developer_setup/contracts_11.json
@@ -67,7 +67,7 @@
     {
       ""contractId"": ""TFG-SETUP-208"",
       ""developmentCommand"": ""dotnet run --project TestGenerator -- --profile 208"",
-      ""migrationCommand"": ""dotnet ef database update --project TestGenerator --profile 208"",
+      ""migrationCommand"": ""dotnet ef database update --project TestGenerator --profile 208 --no-build"",
       ""packageManager"": ""NuGet@6"",
       ""profile"": ""developer-profile-208"",
       ""runtime"": "".NET SDK"",
","<!-- docs/docguard-contract-lab-v2/DEVELOPER_SETUP.md @ controlled-baseline:9c9f9e9868c8fe78 -->
### TFG-SETUP-208
- Profile: `developer-profile-208`
- Required runtime: `.NET SDK 8.0`
- Package manager: `NuGet@6`
- Local development command: `dotnet run --project TestGenerator -- --profile 208`
- Migration command: `dotnet ef database update --project TestGenerator --profile 208`
",True,developer_setup,Controlled design expectation: developer_setup; independent human/owner acceptance still required before merge.,True,developer_setup,"TFG-SETUP-208: kod mijenja dokumentovani razvojni setup iz 'dotnet ef database update --project TestGenerator --profile 208' u 'dotnet ef database update --project TestGenerator --profile 208 --no-build' (migration_command_change), dok docs-before eksplicitno navodi staru vrijednost; dokumentacija bi zato postala zastarjela.",approved,6dbcf637e8b10b05d99282f9b4a30cd7e5b285493b9bdb557f558d81e75fd172,b091059342d8484be3d23e5d31383e0748833f1423b662d270b1c447698e5782,developer_setup,rbi_test_forge,migration_command_change,cases/patches/rbi_test_forge/developer_setup/TFG-SETUP-208.patch
CRPP2-TFG-DEVELOPER_SETUP-209,controlled-v2/rbi-test-forge-copy,9401394,csharp,"[""TestGenerator/DocGuardContractLab-v2/developer_setup/contracts_11.json""]","--- a/TestGenerator/DocGuardContractLab-v2/developer_setup/contracts_11.json
+++ b/TestGenerator/DocGuardContractLab-v2/developer_setup/contracts_11.json
@@ -80,7 +80,7 @@
       ""packageManager"": ""NuGet@6"",
       ""profile"": ""developer-profile-209"",
       ""runtime"": "".NET SDK"",
-      ""runtimeVersion"": ""8.0""
+      ""runtimeVersion"": ""10.0""
     },
     {
       ""contractId"": ""TFG-SETUP-210"",
","<!-- docs/docguard-contract-lab-v2/DEVELOPER_SETUP.md @ controlled-baseline:9c9f9e9868c8fe78 -->
### TFG-SETUP-209
- Profile: `developer-profile-209`
- Required runtime: `.NET SDK 8.0`
- Package manager: `NuGet@6`
- Local development command: `dotnet run --project TestGenerator -- --profile 209`
- Migration command: `dotnet ef database update --project TestGenerator --profile 209`
",True,developer_setup,Controlled design expectation: developer_setup; independent human/owner acceptance still required before merge.,True,developer_setup,"TFG-SETUP-209: kod mijenja dokumentovani razvojni setup iz '8.0' u '10.0' (runtime_requirement_change), dok docs-before eksplicitno navodi staru vrijednost; dokumentacija bi zato postala zastarjela.",approved,ce4bf930d6ed779bcfbcecc02ba8d5c5212569b851b1fd437e85f7b806e94f54,83c4db68de952c0c7d55af05d69cfddf0c439e99fc001c5f508e1a8097f0c053,developer_setup,rbi_test_forge,runtime_requirement_change,cases/patches/rbi_test_forge/developer_setup/TFG-SETUP-209.patch
CRPP2-TFG-DEVELOPER_SETUP-210,controlled-v2/rbi-test-forge-copy,9401395,csharp,"[""TestGenerator/DocGuardContractLab-v2/developer_setup/contracts_11.json""]","--- a/TestGenerator/DocGuardContractLab-v2/developer_setup/contracts_11.json
+++ b/TestGenerator/DocGuardContractLab-v2/developer_setup/contracts_11.json
@@ -84,7 +84,7 @@
     },
     {
       ""contractId"": ""TFG-SETUP-210"",
-      ""developmentCommand"": ""dotnet run --project TestGenerator -- --profile 210"",
+      ""developmentCommand"": ""dotnet run --project TestGenerator -- --profile 210 --strict"",
       ""migrationCommand"": ""dotnet ef database update --project TestGenerator --profile 210"",
       ""packageManager"": ""NuGet@6"",
       ""profile"": ""developer-profile-210"",
","<!-- docs/docguard-contract-lab-v2/DEVELOPER_SETUP.md @ controlled-baseline:9c9f9e9868c8fe78 -->
### TFG-SETUP-210
- Profile: `developer-profile-210`
- Required runtime: `.NET SDK 8.0`
- Package manager: `NuGet@6`
- Local development command: `dotnet run --project TestGenerator -- --profile 210`
- Migration command: `dotnet ef database update --project TestGenerator --profile 210`
",True,developer_setup,Controlled design expectation: developer_setup; independent human/owner acceptance still required before merge.,True,developer_setup,"TFG-SETUP-210: kod mijenja dokumentovani razvojni setup iz 'dotnet run --project TestGenerator -- --profile 210' u 'dotnet run --project TestGenerator -- --profile 210 --strict' (local_command_change), dok docs-before eksplicitno navodi staru vrijednost; dokumentacija bi zato postala zastarjela.",approved,ffcbcfadcba9d91953aae8a5e51ba1e57a5d8b18a035a0b6448d8a25ec3a6465,48a8f4fe4687fa00014a9aad77ebc4671933434ffe6a7b037d23a0fd141552bb,developer_setup,rbi_test_forge,local_command_change,cases/patches/rbi_test_forge/developer_setup/TFG-SETUP-210.patch
CRPP2-TFG-DEVELOPER_SETUP-211,controlled-v2/rbi-test-forge-copy,9401396,csharp,"[""TestGenerator/DocGuardContractLab-v2/developer_setup/contracts_12.json""]","--- a/TestGenerator/DocGuardContractLab-v2/developer_setup/contracts_12.json
+++ b/TestGenerator/DocGuardContractLab-v2/developer_setup/contracts_12.json
@@ -5,7 +5,7 @@
       ""contractId"": ""TFG-SETUP-211"",
       ""developmentCommand"": ""dotnet run --project TestGenerator -- --profile 211"",
       ""migrationCommand"": ""dotnet ef database update --project TestGenerator --profile 211"",
-      ""packageManager"": ""NuGet@6"",
+      ""packageManager"": ""NuGet@7"",
       ""profile"": ""developer-profile-211"",
       ""runtime"": "".NET SDK"",
       ""runtimeVersion"": ""8.0""
","<!-- docs/docguard-contract-lab-v2/DEVELOPER_SETUP.md @ controlled-baseline:9c9f9e9868c8fe78 -->
### TFG-SETUP-211
- Profile: `developer-profile-211`
- Required runtime: `.NET SDK 8.0`
- Package manager: `NuGet@6`
- Local development command: `dotnet run --project TestGenerator -- --profile 211`
- Migration command: `dotnet ef database update --project TestGenerator --profile 211`
",True,developer_setup,Controlled design expectation: developer_setup; independent human/owner acceptance still required before merge.,True,developer_setup,"TFG-SETUP-211: kod mijenja dokumentovani razvojni setup iz 'NuGet@6' u 'NuGet@7' (package_manager_version_change), dok docs-before eksplicitno navodi staru vrijednost; dokumentacija bi zato postala zastarjela.",approved,8bafb9335771f7ed591e705c1c46b3dc0b2dd62bcacf56b1d94ed032cdf7272e,bfe75c73d5540d35fee4f3636cb734b5d3f7ce84ebd9e46b58a177f28aeb1f2f,developer_setup,rbi_test_forge,package_manager_version_change,cases/patches/rbi_test_forge/developer_setup/TFG-SETUP-211.patch
CRPP2-TFG-DEVELOPER_SETUP-212,controlled-v2/rbi-test-forge-copy,9401397,csharp,"[""TestGenerator/DocGuardContractLab-v2/developer_setup/contracts_12.json""]","--- a/TestGenerator/DocGuardContractLab-v2/developer_setup/contracts_12.json
+++ b/TestGenerator/DocGuardContractLab-v2/developer_setup/contracts_12.json
@@ -13,7 +13,7 @@
     {
       ""contractId"": ""TFG-SETUP-212"",
       ""developmentCommand"": ""dotnet run --project TestGenerator -- --profile 212"",
-      ""migrationCommand"": ""dotnet ef database update --project TestGenerator --profile 212"",
+      ""migrationCommand"": ""dotnet ef database update --project TestGenerator --profile 212 --no-build"",
       ""packageManager"": ""NuGet@6"",
       ""profile"": ""developer-profile-212"",
       ""runtime"": "".NET SDK"",
","<!-- docs/docguard-contract-lab-v2/DEVELOPER_SETUP.md @ controlled-baseline:9c9f9e9868c8fe78 -->
### TFG-SETUP-212
- Profile: `developer-profile-212`
- Required runtime: `.NET SDK 8.0`
- Package manager: `NuGet@6`
- Local development command: `dotnet run --project TestGenerator -- --profile 212`
- Migration command: `dotnet ef database update --project TestGenerator --profile 212`
",True,developer_setup,Controlled design expectation: developer_setup; independent human/owner acceptance still required before merge.,True,developer_setup,"TFG-SETUP-212: kod mijenja dokumentovani razvojni setup iz 'dotnet ef database update --project TestGenerator --profile 212' u 'dotnet ef database update --project TestGenerator --profile 212 --no-build' (migration_command_change), dok docs-before eksplicitno navodi staru vrijednost; dokumentacija bi zato postala zastarjela.",approved,66f4e9ff88e3b1b29cac3b65821beff7d3f9abdb384eeba51fda6b7f2e96caa2,8a3e01cee4c6bef7153f8f9616271751b74bcae8cdfde7ac98bf33e6775a5dde,developer_setup,rbi_test_forge,migration_command_change,cases/patches/rbi_test_forge/developer_setup/TFG-SETUP-212.patch
CRPP2-TFG-DEVELOPER_SETUP-213,controlled-v2/rbi-test-forge-copy,9401398,csharp,"[""TestGenerator/DocGuardContractLab-v2/developer_setup/contracts_12.json""]","--- a/TestGenerator/DocGuardContractLab-v2/developer_setup/contracts_12.json
+++ b/TestGenerator/DocGuardContractLab-v2/developer_setup/contracts_12.json
@@ -26,7 +26,7 @@
       ""packageManager"": ""NuGet@6"",
       ""profile"": ""developer-profile-213"",
       ""runtime"": "".NET SDK"",
-      ""runtimeVersion"": ""8.0""
+      ""runtimeVersion"": ""10.0""
     },
     {
       ""contractId"": ""TFG-SETUP-214"",
","<!-- docs/docguard-contract-lab-v2/DEVELOPER_SETUP.md @ controlled-baseline:9c9f9e9868c8fe78 -->
### TFG-SETUP-213
- Profile: `developer-profile-213`
- Required runtime: `.NET SDK 8.0`
- Package manager: `NuGet@6`
- Local development command: `dotnet run --project TestGenerator -- --profile 213`
- Migration command: `dotnet ef database update --project TestGenerator --profile 213`
",True,developer_setup,Controlled design expectation: developer_setup; independent human/owner acceptance still required before merge.,True,developer_setup,"TFG-SETUP-213: kod mijenja dokumentovani razvojni setup iz '8.0' u '10.0' (runtime_requirement_change), dok docs-before eksplicitno navodi staru vrijednost; dokumentacija bi zato postala zastarjela.",approved,56ee3088b01816f8714401211e91eebf621afddc6e5bd712064c7af52a810ffa,6e316e2d4eb2ac08efb2bc5ed2f068a08ed9f8e2883193a7546f1f42c66e5285,developer_setup,rbi_test_forge,runtime_requirement_change,cases/patches/rbi_test_forge/developer_setup/TFG-SETUP-213.patch
CRPP2-TFG-DEVELOPER_SETUP-214,controlled-v2/rbi-test-forge-copy,9401399,csharp,"[""TestGenerator/DocGuardContractLab-v2/developer_setup/contracts_12.json""]","--- a/TestGenerator/DocGuardContractLab-v2/developer_setup/contracts_12.json
+++ b/TestGenerator/DocGuardContractLab-v2/developer_setup/contracts_12.json
@@ -30,7 +30,7 @@
     },
     {
       ""contractId"": ""TFG-SETUP-214"",
-      ""developmentCommand"": ""dotnet run --project TestGenerator -- --profile 214"",
+      ""developmentCommand"": ""dotnet run --project TestGenerator -- --profile 214 --strict"",
       ""migrationCommand"": ""dotnet ef database update --project TestGenerator --profile 214"",
       ""packageManager"": ""NuGet@6"",
       ""profile"": ""developer-profile-214"",
","<!-- docs/docguard-contract-lab-v2/DEVELOPER_SETUP.md @ controlled-baseline:9c9f9e9868c8fe78 -->
### TFG-SETUP-214
- Profile: `developer-profile-214`
- Required runtime: `.NET SDK 8.0`
- Package manager: `NuGet@6`
- Local development command: `dotnet run --project TestGenerator -- --profile 214`
- Migration command: `dotnet ef database update --project TestGenerator --profile 214`
",True,developer_setup,Controlled design expectation: developer_setup; independent human/owner acceptance still required before merge.,True,developer_setup,"TFG-SETUP-214: kod mijenja dokumentovani razvojni setup iz 'dotnet run --project TestGenerator -- --profile 214' u 'dotnet run --project TestGenerator -- --profile 214 --strict' (local_command_change), dok docs-before eksplicitno navodi staru vrijednost; dokumentacija bi zato postala zastarjela.",approved,95a59290cdebb8f85c3034d573a1a80501a31190f2c6d5ed708821ef8d54db20,33e7d1a096a7dc28610fff421e8b0335ba9e85f36eb8e6746599e18a3e568390,developer_setup,rbi_test_forge,local_command_change,cases/patches/rbi_test_forge/developer_setup/TFG-SETUP-214.patch
CRPP2-TFG-DEVELOPER_SETUP-215,controlled-v2/rbi-test-forge-copy,9401400,csharp,"[""TestGenerator/DocGuardContractLab-v2/developer_setup/contracts_12.json""]","--- a/TestGenerator/DocGuardContractLab-v2/developer_setup/contracts_12.json
+++ b/TestGenerator/DocGuardContractLab-v2/developer_setup/contracts_12.json
@@ -41,7 +41,7 @@
       ""contractId"": ""TFG-SETUP-215"",
       ""developmentCommand"": ""dotnet run --project TestGenerator -- --profile 215"",
       ""migrationCommand"": ""dotnet ef database update --project TestGenerator --profile 215"",
-      ""packageManager"": ""NuGet@6"",
+      ""packageManager"": ""NuGet@7"",
       ""profile"": ""developer-profile-215"",
       ""runtime"": "".NET SDK"",
       ""runtimeVersion"": ""8.0""
","<!-- docs/docguard-contract-lab-v2/DEVELOPER_SETUP.md @ controlled-baseline:9c9f9e9868c8fe78 -->
### TFG-SETUP-215
- Profile: `developer-profile-215`
- Required runtime: `.NET SDK 8.0`
- Package manager: `NuGet@6`
- Local development command: `dotnet run --project TestGenerator -- --profile 215`
- Migration command: `dotnet ef database update --project TestGenerator --profile 215`
",True,developer_setup,Controlled design expectation: developer_setup; independent human/owner acceptance still required before merge.,True,developer_setup,"TFG-SETUP-215: kod mijenja dokumentovani razvojni setup iz 'NuGet@6' u 'NuGet@7' (package_manager_version_change), dok docs-before eksplicitno navodi staru vrijednost; dokumentacija bi zato postala zastarjela.",approved,1aacb1f75e37b4386dd6d8b116f8ca88135d894a49f19f01f7569f94635233c8,d2557098f9c8990c3d5987902c0596022133df1fa0618dfbaaac3b15a7dc89f0,developer_setup,rbi_test_forge,package_manager_version_change,cases/patches/rbi_test_forge/developer_setup/TFG-SETUP-215.patch
