case_id,repository,pr_number,language,code_changed_files,code_diff_excerpt,docs_before_excerpt,suggested_docs_update_required,suggested_doc_category,suggested_notes,human_docs_update_required,human_doc_category,human_label_notes,review_status,review_row_hash,review_context_hash,synthetic_category_by_design,source_project_key,mutation_template,patch_path
CRPP2-JOB-DEVELOPER_SETUP-181,controlled-v2/jobfair-platform-copy,9400401,typescript,"[""src/docguard-contract-lab-v2/developer_setup/contracts_09.json""]","--- a/src/docguard-contract-lab-v2/developer_setup/contracts_09.json
+++ b/src/docguard-contract-lab-v2/developer_setup/contracts_09.json
@@ -8,7 +8,7 @@
       ""packageManager"": ""npm@10"",
       ""profile"": ""developer-profile-181"",
       ""runtime"": ""Node.js"",
-      ""runtimeVersion"": ""20.11""
+      ""runtimeVersion"": ""22.0""
     },
     {
       ""contractId"": ""JOB-SETUP-182"",
","<!-- docs/docguard-contract-lab-v2/DEVELOPER_SETUP.md @ controlled-baseline:c02b7456a046165d -->
### JOB-SETUP-181
- Profile: `developer-profile-181`
- Required runtime: `Node.js 20.11`
- Package manager: `npm@10`
- Local development command: `npm run dev -- --profile 181`
- Migration command: `npm run supabase:migrate --profile 181`
",True,developer_setup,Controlled design expectation: developer_setup; independent human/owner acceptance still required before merge.,True,developer_setup,"JOB-SETUP-181: kod mijenja dokumentovani razvojni setup iz '20.11' u '22.0' (runtime_requirement_change), dok docs-before eksplicitno navodi staru vrijednost; dokumentacija bi zato postala zastarjela.",approved,0240b564680205b50ef8057dcd1c065a7930dc8013d961c302f26a3873f5b320,2449888f4ddb538ae7563486fb8b80da6f7b42c2604b5f6981e51be7f7d70956,developer_setup,jobfair_platform,runtime_requirement_change,cases/patches/jobfair_platform/developer_setup/JOB-SETUP-181.patch
CRPP2-JOB-DEVELOPER_SETUP-182,controlled-v2/jobfair-platform-copy,9400402,typescript,"[""src/docguard-contract-lab-v2/developer_setup/contracts_09.json""]","--- a/src/docguard-contract-lab-v2/developer_setup/contracts_09.json
+++ b/src/docguard-contract-lab-v2/developer_setup/contracts_09.json
@@ -12,7 +12,7 @@
     },
     {
       ""contractId"": ""JOB-SETUP-182"",
-      ""developmentCommand"": ""npm run dev -- --profile 182"",
+      ""developmentCommand"": ""npm run dev -- --profile 182 --strict"",
       ""migrationCommand"": ""npm run supabase:migrate --profile 182"",
       ""packageManager"": ""npm@10"",
       ""profile"": ""developer-profile-182"",
","<!-- docs/docguard-contract-lab-v2/DEVELOPER_SETUP.md @ controlled-baseline:c02b7456a046165d -->
### JOB-SETUP-182
- Profile: `developer-profile-182`
- Required runtime: `Node.js 20.11`
- Package manager: `npm@10`
- Local development command: `npm run dev -- --profile 182`
- Migration command: `npm run supabase:migrate --profile 182`
",True,developer_setup,Controlled design expectation: developer_setup; independent human/owner acceptance still required before merge.,True,developer_setup,"JOB-SETUP-182: kod mijenja dokumentovani razvojni setup iz 'npm run dev -- --profile 182' u 'npm run dev -- --profile 182 --strict' (local_command_change), dok docs-before eksplicitno navodi staru vrijednost; dokumentacija bi zato postala zastarjela.",approved,c5af7e74b78102732526be53180d3f78762aaa0776bcbc1fa3ae6a025b18886c,ceb31a20687d513a4935fb3e730fbc99c8890e2858161477cf769213225b2e21,developer_setup,jobfair_platform,local_command_change,cases/patches/jobfair_platform/developer_setup/JOB-SETUP-182.patch
CRPP2-JOB-DEVELOPER_SETUP-183,controlled-v2/jobfair-platform-copy,9400403,typescript,"[""src/docguard-contract-lab-v2/developer_setup/contracts_09.json""]","--- a/src/docguard-contract-lab-v2/developer_setup/contracts_09.json
+++ b/src/docguard-contract-lab-v2/developer_setup/contracts_09.json
@@ -23,7 +23,7 @@
       ""contractId"": ""JOB-SETUP-183"",
       ""developmentCommand"": ""npm run dev -- --profile 183"",
       ""migrationCommand"": ""npm run supabase:migrate --profile 183"",
-      ""packageManager"": ""npm@10"",
+      ""packageManager"": ""npm@11"",
       ""profile"": ""developer-profile-183"",
       ""runtime"": ""Node.js"",
       ""runtimeVersion"": ""20.11""
","<!-- docs/docguard-contract-lab-v2/DEVELOPER_SETUP.md @ controlled-baseline:c02b7456a046165d -->
### JOB-SETUP-183
- Profile: `developer-profile-183`
- Required runtime: `Node.js 20.11`
- Package manager: `npm@10`
- Local development command: `npm run dev -- --profile 183`
- Migration command: `npm run supabase:migrate --profile 183`
",True,developer_setup,Controlled design expectation: developer_setup; independent human/owner acceptance still required before merge.,True,developer_setup,"JOB-SETUP-183: kod mijenja dokumentovani razvojni setup iz 'npm@10' u 'npm@11' (package_manager_version_change), dok docs-before eksplicitno navodi staru vrijednost; dokumentacija bi zato postala zastarjela.",approved,a8f2aefdffe5a9eb6c59e85f0a40f7c0ff2b3ff3fac0ffb024ae8f1c6a5c51db,44da818312012d67e0d9c6c3fa98d87859744da96b7e590420fe6af284d7d484,developer_setup,jobfair_platform,package_manager_version_change,cases/patches/jobfair_platform/developer_setup/JOB-SETUP-183.patch
CRPP2-JOB-DEVELOPER_SETUP-184,controlled-v2/jobfair-platform-copy,9400404,typescript,"[""src/docguard-contract-lab-v2/developer_setup/contracts_09.json""]","--- a/src/docguard-contract-lab-v2/developer_setup/contracts_09.json
+++ b/src/docguard-contract-lab-v2/developer_setup/contracts_09.json
@@ -31,7 +31,7 @@
     {
       ""contractId"": ""JOB-SETUP-184"",
       ""developmentCommand"": ""npm run dev -- --profile 184"",
-      ""migrationCommand"": ""npm run supabase:migrate --profile 184"",
+      ""migrationCommand"": ""npm run supabase:migrate --profile 184 --no-build"",
       ""packageManager"": ""npm@10"",
       ""profile"": ""developer-profile-184"",
       ""runtime"": ""Node.js"",
","<!-- docs/docguard-contract-lab-v2/DEVELOPER_SETUP.md @ controlled-baseline:c02b7456a046165d -->
### JOB-SETUP-184
- Profile: `developer-profile-184`
- Required runtime: `Node.js 20.11`
- Package manager: `npm@10`
- Local development command: `npm run dev -- --profile 184`
- Migration command: `npm run supabase:migrate --profile 184`
",True,developer_setup,Controlled design expectation: developer_setup; independent human/owner acceptance still required before merge.,True,developer_setup,"JOB-SETUP-184: kod mijenja dokumentovani razvojni setup iz 'npm run supabase:migrate --profile 184' u 'npm run supabase:migrate --profile 184 --no-build' (migration_command_change), dok docs-before eksplicitno navodi staru vrijednost; dokumentacija bi zato postala zastarjela.",approved,5e3d5e9cd8ce4b9d7b0cfd0123827547b409ed1418a8051259c1805fd887dacd,8acf9b9ef2f950c35a25f9db8742050bfe9317995c41481242fe4dd33e133c5f,developer_setup,jobfair_platform,migration_command_change,cases/patches/jobfair_platform/developer_setup/JOB-SETUP-184.patch
CRPP2-JOB-DEVELOPER_SETUP-185,controlled-v2/jobfair-platform-copy,9400405,typescript,"[""src/docguard-contract-lab-v2/developer_setup/contracts_09.json""]","--- a/src/docguard-contract-lab-v2/developer_setup/contracts_09.json
+++ b/src/docguard-contract-lab-v2/developer_setup/contracts_09.json
@@ -44,7 +44,7 @@
       ""packageManager"": ""npm@10"",
       ""profile"": ""developer-profile-185"",
       ""runtime"": ""Node.js"",
-      ""runtimeVersion"": ""20.11""
+      ""runtimeVersion"": ""22.0""
     },
     {
       ""contractId"": ""JOB-SETUP-186"",
","<!-- docs/docguard-contract-lab-v2/DEVELOPER_SETUP.md @ controlled-baseline:c02b7456a046165d -->
### JOB-SETUP-185
- Profile: `developer-profile-185`
- Required runtime: `Node.js 20.11`
- Package manager: `npm@10`
- Local development command: `npm run dev -- --profile 185`
- Migration command: `npm run supabase:migrate --profile 185`
",True,developer_setup,Controlled design expectation: developer_setup; independent human/owner acceptance still required before merge.,True,developer_setup,"JOB-SETUP-185: kod mijenja dokumentovani razvojni setup iz '20.11' u '22.0' (runtime_requirement_change), dok docs-before eksplicitno navodi staru vrijednost; dokumentacija bi zato postala zastarjela.",approved,9e8915932bf3ccb9085b8a0b6b67aea4a9d537a8b6eca0c5c97a213459b8ea5a,b7f6b0ef2e1be89b7d27f1709216dbdea95dd3f13ad924710c924d37d12ed62f,developer_setup,jobfair_platform,runtime_requirement_change,cases/patches/jobfair_platform/developer_setup/JOB-SETUP-185.patch
CRPP2-JOB-DEVELOPER_SETUP-186,controlled-v2/jobfair-platform-copy,9400406,typescript,"[""src/docguard-contract-lab-v2/developer_setup/contracts_09.json""]","--- a/src/docguard-contract-lab-v2/developer_setup/contracts_09.json
+++ b/src/docguard-contract-lab-v2/developer_setup/contracts_09.json
@@ -48,7 +48,7 @@
     },
     {
       ""contractId"": ""JOB-SETUP-186"",
-      ""developmentCommand"": ""npm run dev -- --profile 186"",
+      ""developmentCommand"": ""npm run dev -- --profile 186 --strict"",
       ""migrationCommand"": ""npm run supabase:migrate --profile 186"",
       ""packageManager"": ""npm@10"",
       ""profile"": ""developer-profile-186"",
","<!-- docs/docguard-contract-lab-v2/DEVELOPER_SETUP.md @ controlled-baseline:c02b7456a046165d -->
### JOB-SETUP-186
- Profile: `developer-profile-186`
- Required runtime: `Node.js 20.11`
- Package manager: `npm@10`
- Local development command: `npm run dev -- --profile 186`
- Migration command: `npm run supabase:migrate --profile 186`
",True,developer_setup,Controlled design expectation: developer_setup; independent human/owner acceptance still required before merge.,True,developer_setup,"JOB-SETUP-186: kod mijenja dokumentovani razvojni setup iz 'npm run dev -- --profile 186' u 'npm run dev -- --profile 186 --strict' (local_command_change), dok docs-before eksplicitno navodi staru vrijednost; dokumentacija bi zato postala zastarjela.",approved,6d029a4b3616a9b7c6f87d37102896892d8b3f158c0d80572cfd54400c3416f6,8822e05982e84dc666490a5b8599e87d49af68bab95727af06c0ea1db200c0cc,developer_setup,jobfair_platform,local_command_change,cases/patches/jobfair_platform/developer_setup/JOB-SETUP-186.patch
CRPP2-JOB-DEVELOPER_SETUP-187,controlled-v2/jobfair-platform-copy,9400407,typescript,"[""src/docguard-contract-lab-v2/developer_setup/contracts_09.json""]","--- a/src/docguard-contract-lab-v2/developer_setup/contracts_09.json
+++ b/src/docguard-contract-lab-v2/developer_setup/contracts_09.json
@@ -59,7 +59,7 @@
       ""contractId"": ""JOB-SETUP-187"",
       ""developmentCommand"": ""npm run dev -- --profile 187"",
       ""migrationCommand"": ""npm run supabase:migrate --profile 187"",
-      ""packageManager"": ""npm@10"",
+      ""packageManager"": ""npm@11"",
       ""profile"": ""developer-profile-187"",
       ""runtime"": ""Node.js"",
       ""runtimeVersion"": ""20.11""
","<!-- docs/docguard-contract-lab-v2/DEVELOPER_SETUP.md @ controlled-baseline:c02b7456a046165d -->
### JOB-SETUP-187
- Profile: `developer-profile-187`
- Required runtime: `Node.js 20.11`
- Package manager: `npm@10`
- Local development command: `npm run dev -- --profile 187`
- Migration command: `npm run supabase:migrate --profile 187`
",True,developer_setup,Controlled design expectation: developer_setup; independent human/owner acceptance still required before merge.,True,developer_setup,"JOB-SETUP-187: kod mijenja dokumentovani razvojni setup iz 'npm@10' u 'npm@11' (package_manager_version_change), dok docs-before eksplicitno navodi staru vrijednost; dokumentacija bi zato postala zastarjela.",approved,17d16c3818695be2abbfb650a9b912b3272ce46e4ad42480c959d636d63bf611,ca852310c08f24792479e347f53ce1583f872c7e220454ec078a1b829eea2799,developer_setup,jobfair_platform,package_manager_version_change,cases/patches/jobfair_platform/developer_setup/JOB-SETUP-187.patch
CRPP2-JOB-DEVELOPER_SETUP-188,controlled-v2/jobfair-platform-copy,9400408,typescript,"[""src/docguard-contract-lab-v2/developer_setup/contracts_09.json""]","--- a/src/docguard-contract-lab-v2/developer_setup/contracts_09.json
+++ b/src/docguard-contract-lab-v2/developer_setup/contracts_09.json
@@ -67,7 +67,7 @@
     {
       ""contractId"": ""JOB-SETUP-188"",
       ""developmentCommand"": ""npm run dev -- --profile 188"",
-      ""migrationCommand"": ""npm run supabase:migrate --profile 188"",
+      ""migrationCommand"": ""npm run supabase:migrate --profile 188 --no-build"",
       ""packageManager"": ""npm@10"",
       ""profile"": ""developer-profile-188"",
       ""runtime"": ""Node.js"",
","<!-- docs/docguard-contract-lab-v2/DEVELOPER_SETUP.md @ controlled-baseline:c02b7456a046165d -->
### JOB-SETUP-188
- Profile: `developer-profile-188`
- Required runtime: `Node.js 20.11`
- Package manager: `npm@10`
- Local development command: `npm run dev -- --profile 188`
- Migration command: `npm run supabase:migrate --profile 188`
",True,developer_setup,Controlled design expectation: developer_setup; independent human/owner acceptance still required before merge.,True,developer_setup,"JOB-SETUP-188: kod mijenja dokumentovani razvojni setup iz 'npm run supabase:migrate --profile 188' u 'npm run supabase:migrate --profile 188 --no-build' (migration_command_change), dok docs-before eksplicitno navodi staru vrijednost; dokumentacija bi zato postala zastarjela.",approved,60d3abec261290e3292ec493a40e9ddae55e4639cc7d828b5b606efefe0daa2e,15e4f79960821ba344b21a911bef4d6cfbcd74e7210319f14c8c0705ef51ba77,developer_setup,jobfair_platform,migration_command_change,cases/patches/jobfair_platform/developer_setup/JOB-SETUP-188.patch
CRPP2-JOB-DEVELOPER_SETUP-189,controlled-v2/jobfair-platform-copy,9400409,typescript,"[""src/docguard-contract-lab-v2/developer_setup/contracts_09.json""]","--- a/src/docguard-contract-lab-v2/developer_setup/contracts_09.json
+++ b/src/docguard-contract-lab-v2/developer_setup/contracts_09.json
@@ -80,7 +80,7 @@
       ""packageManager"": ""npm@10"",
       ""profile"": ""developer-profile-189"",
       ""runtime"": ""Node.js"",
-      ""runtimeVersion"": ""20.11""
+      ""runtimeVersion"": ""22.0""
     },
     {
       ""contractId"": ""JOB-SETUP-190"",
","<!-- docs/docguard-contract-lab-v2/DEVELOPER_SETUP.md @ controlled-baseline:c02b7456a046165d -->
### JOB-SETUP-189
- Profile: `developer-profile-189`
- Required runtime: `Node.js 20.11`
- Package manager: `npm@10`
- Local development command: `npm run dev -- --profile 189`
- Migration command: `npm run supabase:migrate --profile 189`
",True,developer_setup,Controlled design expectation: developer_setup; independent human/owner acceptance still required before merge.,True,developer_setup,"JOB-SETUP-189: kod mijenja dokumentovani razvojni setup iz '20.11' u '22.0' (runtime_requirement_change), dok docs-before eksplicitno navodi staru vrijednost; dokumentacija bi zato postala zastarjela.",approved,4c5d427f006c8b49e5bf9891afa27d2ca181a813abad9f270564821c7a96101f,85bfed3dd2089e60890d69de9a18ab0845b203cc10c4d0ee74ef3548f903b04f,developer_setup,jobfair_platform,runtime_requirement_change,cases/patches/jobfair_platform/developer_setup/JOB-SETUP-189.patch
CRPP2-JOB-DEVELOPER_SETUP-190,controlled-v2/jobfair-platform-copy,9400410,typescript,"[""src/docguard-contract-lab-v2/developer_setup/contracts_09.json""]","--- a/src/docguard-contract-lab-v2/developer_setup/contracts_09.json
+++ b/src/docguard-contract-lab-v2/developer_setup/contracts_09.json
@@ -84,7 +84,7 @@
     },
     {
       ""contractId"": ""JOB-SETUP-190"",
-      ""developmentCommand"": ""npm run dev -- --profile 190"",
+      ""developmentCommand"": ""npm run dev -- --profile 190 --strict"",
       ""migrationCommand"": ""npm run supabase:migrate --profile 190"",
       ""packageManager"": ""npm@10"",
       ""profile"": ""developer-profile-190"",
","<!-- docs/docguard-contract-lab-v2/DEVELOPER_SETUP.md @ controlled-baseline:c02b7456a046165d -->
### JOB-SETUP-190
- Profile: `developer-profile-190`
- Required runtime: `Node.js 20.11`
- Package manager: `npm@10`
- Local development command: `npm run dev -- --profile 190`
- Migration command: `npm run supabase:migrate --profile 190`
",True,developer_setup,Controlled design expectation: developer_setup; independent human/owner acceptance still required before merge.,True,developer_setup,"JOB-SETUP-190: kod mijenja dokumentovani razvojni setup iz 'npm run dev -- --profile 190' u 'npm run dev -- --profile 190 --strict' (local_command_change), dok docs-before eksplicitno navodi staru vrijednost; dokumentacija bi zato postala zastarjela.",approved,8d61ef882c018ea01c9601533c30b57449837e50531ea5b2cd13af0262b64c00,1607aed26cbefa0e6729bc78a1d4b8dbc971322ffe5d8dee63543a66b0ab98fc,developer_setup,jobfair_platform,local_command_change,cases/patches/jobfair_platform/developer_setup/JOB-SETUP-190.patch
CRPP2-JOB-DEVELOPER_SETUP-191,controlled-v2/jobfair-platform-copy,9400411,typescript,"[""src/docguard-contract-lab-v2/developer_setup/contracts_10.json""]","--- a/src/docguard-contract-lab-v2/developer_setup/contracts_10.json
+++ b/src/docguard-contract-lab-v2/developer_setup/contracts_10.json
@@ -5,7 +5,7 @@
       ""contractId"": ""JOB-SETUP-191"",
       ""developmentCommand"": ""npm run dev -- --profile 191"",
       ""migrationCommand"": ""npm run supabase:migrate --profile 191"",
-      ""packageManager"": ""npm@10"",
+      ""packageManager"": ""npm@11"",
       ""profile"": ""developer-profile-191"",
       ""runtime"": ""Node.js"",
       ""runtimeVersion"": ""20.11""
","<!-- docs/docguard-contract-lab-v2/DEVELOPER_SETUP.md @ controlled-baseline:c02b7456a046165d -->
### JOB-SETUP-191
- Profile: `developer-profile-191`
- Required runtime: `Node.js 20.11`
- Package manager: `npm@10`
- Local development command: `npm run dev -- --profile 191`
- Migration command: `npm run supabase:migrate --profile 191`
",True,developer_setup,Controlled design expectation: developer_setup; independent human/owner acceptance still required before merge.,True,developer_setup,"JOB-SETUP-191: kod mijenja dokumentovani razvojni setup iz 'npm@10' u 'npm@11' (package_manager_version_change), dok docs-before eksplicitno navodi staru vrijednost; dokumentacija bi zato postala zastarjela.",approved,afa8f1d1e84730658f266892d908313a4c6f99c3c81ebf6049e1619be1e1c23f,473d41d6b734466ba6366896612c17e838b1660f11ee278ee12030d166de3bd5,developer_setup,jobfair_platform,package_manager_version_change,cases/patches/jobfair_platform/developer_setup/JOB-SETUP-191.patch
CRPP2-JOB-DEVELOPER_SETUP-192,controlled-v2/jobfair-platform-copy,9400412,typescript,"[""src/docguard-contract-lab-v2/developer_setup/contracts_10.json""]","--- a/src/docguard-contract-lab-v2/developer_setup/contracts_10.json
+++ b/src/docguard-contract-lab-v2/developer_setup/contracts_10.json
@@ -13,7 +13,7 @@
     {
       ""contractId"": ""JOB-SETUP-192"",
       ""developmentCommand"": ""npm run dev -- --profile 192"",
-      ""migrationCommand"": ""npm run supabase:migrate --profile 192"",
+      ""migrationCommand"": ""npm run supabase:migrate --profile 192 --no-build"",
       ""packageManager"": ""npm@10"",
       ""profile"": ""developer-profile-192"",
       ""runtime"": ""Node.js"",
","<!-- docs/docguard-contract-lab-v2/DEVELOPER_SETUP.md @ controlled-baseline:c02b7456a046165d -->
### JOB-SETUP-192
- Profile: `developer-profile-192`
- Required runtime: `Node.js 20.11`
- Package manager: `npm@10`
- Local development command: `npm run dev -- --profile 192`
- Migration command: `npm run supabase:migrate --profile 192`
",True,developer_setup,Controlled design expectation: developer_setup; independent human/owner acceptance still required before merge.,True,developer_setup,"JOB-SETUP-192: kod mijenja dokumentovani razvojni setup iz 'npm run supabase:migrate --profile 192' u 'npm run supabase:migrate --profile 192 --no-build' (migration_command_change), dok docs-before eksplicitno navodi staru vrijednost; dokumentacija bi zato postala zastarjela.",approved,bb9b80758d9d9201cccdf9e2078a27f0ea19d452c2bf27ce17e30f53b893a985,45a349d27ea7b7569726c7a50ab482e17a4c1ae6172b5c36d7b97b19b030f47f,developer_setup,jobfair_platform,migration_command_change,cases/patches/jobfair_platform/developer_setup/JOB-SETUP-192.patch
CRPP2-JOB-DEVELOPER_SETUP-193,controlled-v2/jobfair-platform-copy,9400413,typescript,"[""src/docguard-contract-lab-v2/developer_setup/contracts_10.json""]","--- a/src/docguard-contract-lab-v2/developer_setup/contracts_10.json
+++ b/src/docguard-contract-lab-v2/developer_setup/contracts_10.json
@@ -26,7 +26,7 @@
       ""packageManager"": ""npm@10"",
       ""profile"": ""developer-profile-193"",
       ""runtime"": ""Node.js"",
-      ""runtimeVersion"": ""20.11""
+      ""runtimeVersion"": ""22.0""
     },
     {
       ""contractId"": ""JOB-SETUP-194"",
","<!-- docs/docguard-contract-lab-v2/DEVELOPER_SETUP.md @ controlled-baseline:c02b7456a046165d -->
### JOB-SETUP-193
- Profile: `developer-profile-193`
- Required runtime: `Node.js 20.11`
- Package manager: `npm@10`
- Local development command: `npm run dev -- --profile 193`
- Migration command: `npm run supabase:migrate --profile 193`
",True,developer_setup,Controlled design expectation: developer_setup; independent human/owner acceptance still required before merge.,True,developer_setup,"JOB-SETUP-193: kod mijenja dokumentovani razvojni setup iz '20.11' u '22.0' (runtime_requirement_change), dok docs-before eksplicitno navodi staru vrijednost; dokumentacija bi zato postala zastarjela.",approved,902350fda20569283aff5deb710bea347233269ea4fc676769123fe2dca8beb8,e33e233af46f28ce9fcf6a05d3159cc395c5cdea54652ad7e336d4576fd44ba1,developer_setup,jobfair_platform,runtime_requirement_change,cases/patches/jobfair_platform/developer_setup/JOB-SETUP-193.patch
CRPP2-JOB-DEVELOPER_SETUP-194,controlled-v2/jobfair-platform-copy,9400414,typescript,"[""src/docguard-contract-lab-v2/developer_setup/contracts_10.json""]","--- a/src/docguard-contract-lab-v2/developer_setup/contracts_10.json
+++ b/src/docguard-contract-lab-v2/developer_setup/contracts_10.json
@@ -30,7 +30,7 @@
     },
     {
       ""contractId"": ""JOB-SETUP-194"",
-      ""developmentCommand"": ""npm run dev -- --profile 194"",
+      ""developmentCommand"": ""npm run dev -- --profile 194 --strict"",
       ""migrationCommand"": ""npm run supabase:migrate --profile 194"",
       ""packageManager"": ""npm@10"",
       ""profile"": ""developer-profile-194"",
","<!-- docs/docguard-contract-lab-v2/DEVELOPER_SETUP.md @ controlled-baseline:c02b7456a046165d -->
### JOB-SETUP-194
- Profile: `developer-profile-194`
- Required runtime: `Node.js 20.11`
- Package manager: `npm@10`
- Local development command: `npm run dev -- --profile 194`
- Migration command: `npm run supabase:migrate --profile 194`
",True,developer_setup,Controlled design expectation: developer_setup; independent human/owner acceptance still required before merge.,True,developer_setup,"JOB-SETUP-194: kod mijenja dokumentovani razvojni setup iz 'npm run dev -- --profile 194' u 'npm run dev -- --profile 194 --strict' (local_command_change), dok docs-before eksplicitno navodi staru vrijednost; dokumentacija bi zato postala zastarjela.",approved,05e33212d31e207b44088c5a67eb91b2ededbd5c764a7ca29f38e6c897576977,ae41dccbf1a01723c61aad3f0257963befa8f1f1cf852cd0292d453d0935cc20,developer_setup,jobfair_platform,local_command_change,cases/patches/jobfair_platform/developer_setup/JOB-SETUP-194.patch
CRPP2-JOB-DEVELOPER_SETUP-195,controlled-v2/jobfair-platform-copy,9400415,typescript,"[""src/docguard-contract-lab-v2/developer_setup/contracts_10.json""]","--- a/src/docguard-contract-lab-v2/developer_setup/contracts_10.json
+++ b/src/docguard-contract-lab-v2/developer_setup/contracts_10.json
@@ -41,7 +41,7 @@
       ""contractId"": ""JOB-SETUP-195"",
       ""developmentCommand"": ""npm run dev -- --profile 195"",
       ""migrationCommand"": ""npm run supabase:migrate --profile 195"",
-      ""packageManager"": ""npm@10"",
+      ""packageManager"": ""npm@11"",
       ""profile"": ""developer-profile-195"",
       ""runtime"": ""Node.js"",
       ""runtimeVersion"": ""20.11""
","<!-- docs/docguard-contract-lab-v2/DEVELOPER_SETUP.md @ controlled-baseline:c02b7456a046165d -->
### JOB-SETUP-195
- Profile: `developer-profile-195`
- Required runtime: `Node.js 20.11`
- Package manager: `npm@10`
- Local development command: `npm run dev -- --profile 195`
- Migration command: `npm run supabase:migrate --profile 195`
",True,developer_setup,Controlled design expectation: developer_setup; independent human/owner acceptance still required before merge.,True,developer_setup,"JOB-SETUP-195: kod mijenja dokumentovani razvojni setup iz 'npm@10' u 'npm@11' (package_manager_version_change), dok docs-before eksplicitno navodi staru vrijednost; dokumentacija bi zato postala zastarjela.",approved,ad5c263da4392c8cfeda63dc1624e4dae49402bb42ac40313f03b5c98e5adef0,0719c9a40d44172d0b88d063541a2887becc9e4ad13b38813c079e0eee911efb,developer_setup,jobfair_platform,package_manager_version_change,cases/patches/jobfair_platform/developer_setup/JOB-SETUP-195.patch
CRPP2-JOB-DEVELOPER_SETUP-196,controlled-v2/jobfair-platform-copy,9400416,typescript,"[""src/docguard-contract-lab-v2/developer_setup/contracts_10.json""]","--- a/src/docguard-contract-lab-v2/developer_setup/contracts_10.json
+++ b/src/docguard-contract-lab-v2/developer_setup/contracts_10.json
@@ -49,7 +49,7 @@
     {
       ""contractId"": ""JOB-SETUP-196"",
       ""developmentCommand"": ""npm run dev -- --profile 196"",
-      ""migrationCommand"": ""npm run supabase:migrate --profile 196"",
+      ""migrationCommand"": ""npm run supabase:migrate --profile 196 --no-build"",
       ""packageManager"": ""npm@10"",
       ""profile"": ""developer-profile-196"",
       ""runtime"": ""Node.js"",
","<!-- docs/docguard-contract-lab-v2/DEVELOPER_SETUP.md @ controlled-baseline:c02b7456a046165d -->
### JOB-SETUP-196
- Profile: `developer-profile-196`
- Required runtime: `Node.js 20.11`
- Package manager: `npm@10`
- Local development command: `npm run dev -- --profile 196`
- Migration command: `npm run supabase:migrate --profile 196`
",True,developer_setup,Controlled design expectation: developer_setup; independent human/owner acceptance still required before merge.,True,developer_setup,"JOB-SETUP-196: kod mijenja dokumentovani razvojni setup iz 'npm run supabase:migrate --profile 196' u 'npm run supabase:migrate --profile 196 --no-build' (migration_command_change), dok docs-before eksplicitno navodi staru vrijednost; dokumentacija bi zato postala zastarjela.",approved,49237919798db5d9cafefeecad3a7234c5b8d8a54d679ffdaf47fe7dd43ddf8d,74861f1f20dba7a7038bd3ffe0d4124ec28a86b8edae51e861a3cb2f373d2293,developer_setup,jobfair_platform,migration_command_change,cases/patches/jobfair_platform/developer_setup/JOB-SETUP-196.patch
CRPP2-JOB-DEVELOPER_SETUP-197,controlled-v2/jobfair-platform-copy,9400417,typescript,"[""src/docguard-contract-lab-v2/developer_setup/contracts_10.json""]","--- a/src/docguard-contract-lab-v2/developer_setup/contracts_10.json
+++ b/src/docguard-contract-lab-v2/developer_setup/contracts_10.json
@@ -62,7 +62,7 @@
       ""packageManager"": ""npm@10"",
       ""profile"": ""developer-profile-197"",
       ""runtime"": ""Node.js"",
-      ""runtimeVersion"": ""20.11""
+      ""runtimeVersion"": ""22.0""
     },
     {
       ""contractId"": ""JOB-SETUP-198"",
","<!-- docs/docguard-contract-lab-v2/DEVELOPER_SETUP.md @ controlled-baseline:c02b7456a046165d -->
### JOB-SETUP-197
- Profile: `developer-profile-197`
- Required runtime: `Node.js 20.11`
- Package manager: `npm@10`
- Local development command: `npm run dev -- --profile 197`
- Migration command: `npm run supabase:migrate --profile 197`
",True,developer_setup,Controlled design expectation: developer_setup; independent human/owner acceptance still required before merge.,True,developer_setup,"JOB-SETUP-197: kod mijenja dokumentovani razvojni setup iz '20.11' u '22.0' (runtime_requirement_change), dok docs-before eksplicitno navodi staru vrijednost; dokumentacija bi zato postala zastarjela.",approved,5425c37926e487e67ca82ebcf06b8cfa1a1ba9b60d1ca40e0a69ed45694f7066,7425b57ae14403e38be5912e9acb7dbad1f400b5f959a4570bd2585663e8e81f,developer_setup,jobfair_platform,runtime_requirement_change,cases/patches/jobfair_platform/developer_setup/JOB-SETUP-197.patch
CRPP2-JOB-DEVELOPER_SETUP-198,controlled-v2/jobfair-platform-copy,9400418,typescript,"[""src/docguard-contract-lab-v2/developer_setup/contracts_10.json""]","--- a/src/docguard-contract-lab-v2/developer_setup/contracts_10.json
+++ b/src/docguard-contract-lab-v2/developer_setup/contracts_10.json
@@ -66,7 +66,7 @@
     },
     {
       ""contractId"": ""JOB-SETUP-198"",
-      ""developmentCommand"": ""npm run dev -- --profile 198"",
+      ""developmentCommand"": ""npm run dev -- --profile 198 --strict"",
       ""migrationCommand"": ""npm run supabase:migrate --profile 198"",
       ""packageManager"": ""npm@10"",
       ""profile"": ""developer-profile-198"",
","<!-- docs/docguard-contract-lab-v2/DEVELOPER_SETUP.md @ controlled-baseline:c02b7456a046165d -->
### JOB-SETUP-198
- Profile: `developer-profile-198`
- Required runtime: `Node.js 20.11`
- Package manager: `npm@10`
- Local development command: `npm run dev -- --profile 198`
- Migration command: `npm run supabase:migrate --profile 198`
",True,developer_setup,Controlled design expectation: developer_setup; independent human/owner acceptance still required before merge.,True,developer_setup,"JOB-SETUP-198: kod mijenja dokumentovani razvojni setup iz 'npm run dev -- --profile 198' u 'npm run dev -- --profile 198 --strict' (local_command_change), dok docs-before eksplicitno navodi staru vrijednost; dokumentacija bi zato postala zastarjela.",approved,cd3fcd623792bd06a5151d37af4a44c14b56f1a724750ee79fd6e093cd8dcf25,da90054adf611441da134159bc558d46f75cb7cf2fc1e7948e89aaf212d33a69,developer_setup,jobfair_platform,local_command_change,cases/patches/jobfair_platform/developer_setup/JOB-SETUP-198.patch
CRPP2-JOB-DEVELOPER_SETUP-199,controlled-v2/jobfair-platform-copy,9400419,typescript,"[""src/docguard-contract-lab-v2/developer_setup/contracts_10.json""]","--- a/src/docguard-contract-lab-v2/developer_setup/contracts_10.json
+++ b/src/docguard-contract-lab-v2/developer_setup/contracts_10.json
@@ -77,7 +77,7 @@
       ""contractId"": ""JOB-SETUP-199"",
       ""developmentCommand"": ""npm run dev -- --profile 199"",
       ""migrationCommand"": ""npm run supabase:migrate --profile 199"",
-      ""packageManager"": ""npm@10"",
+      ""packageManager"": ""npm@11"",
       ""profile"": ""developer-profile-199"",
       ""runtime"": ""Node.js"",
       ""runtimeVersion"": ""20.11""
","<!-- docs/docguard-contract-lab-v2/DEVELOPER_SETUP.md @ controlled-baseline:c02b7456a046165d -->
### JOB-SETUP-199
- Profile: `developer-profile-199`
- Required runtime: `Node.js 20.11`
- Package manager: `npm@10`
- Local development command: `npm run dev -- --profile 199`
- Migration command: `npm run supabase:migrate --profile 199`
",True,developer_setup,Controlled design expectation: developer_setup; independent human/owner acceptance still required before merge.,True,developer_setup,"JOB-SETUP-199: kod mijenja dokumentovani razvojni setup iz 'npm@10' u 'npm@11' (package_manager_version_change), dok docs-before eksplicitno navodi staru vrijednost; dokumentacija bi zato postala zastarjela.",approved,d0de5e89275ab3b51773c2983db427436e70d0236e0abf6884efe8c4d833804a,829c4648578fb7d703ce2ed4eb2bc7bf2b240cca4e0f4dc17d9a84c1c222e397,developer_setup,jobfair_platform,package_manager_version_change,cases/patches/jobfair_platform/developer_setup/JOB-SETUP-199.patch
CRPP2-JOB-DEVELOPER_SETUP-200,controlled-v2/jobfair-platform-copy,9400420,typescript,"[""src/docguard-contract-lab-v2/developer_setup/contracts_10.json""]","--- a/src/docguard-contract-lab-v2/developer_setup/contracts_10.json
+++ b/src/docguard-contract-lab-v2/developer_setup/contracts_10.json
@@ -85,7 +85,7 @@
     {
       ""contractId"": ""JOB-SETUP-200"",
       ""developmentCommand"": ""npm run dev -- --profile 200"",
-      ""migrationCommand"": ""npm run supabase:migrate --profile 200"",
+      ""migrationCommand"": ""npm run supabase:migrate --profile 200 --no-build"",
       ""packageManager"": ""npm@10"",
       ""profile"": ""developer-profile-200"",
       ""runtime"": ""Node.js"",
","<!-- docs/docguard-contract-lab-v2/DEVELOPER_SETUP.md @ controlled-baseline:c02b7456a046165d -->
### JOB-SETUP-200
- Profile: `developer-profile-200`
- Required runtime: `Node.js 20.11`
- Package manager: `npm@10`
- Local development command: `npm run dev -- --profile 200`
- Migration command: `npm run supabase:migrate --profile 200`
",True,developer_setup,Controlled design expectation: developer_setup; independent human/owner acceptance still required before merge.,True,developer_setup,"JOB-SETUP-200: kod mijenja dokumentovani razvojni setup iz 'npm run supabase:migrate --profile 200' u 'npm run supabase:migrate --profile 200 --no-build' (migration_command_change), dok docs-before eksplicitno navodi staru vrijednost; dokumentacija bi zato postala zastarjela.",approved,682eb19f21f54964b26cd82c3c1f47673ddc5a1750312059bc1429c0f8d9cebe,41e67ee8859db85f318869188ca26b92900bc363219a470f2381b3d7dd6ea682,developer_setup,jobfair_platform,migration_command_change,cases/patches/jobfair_platform/developer_setup/JOB-SETUP-200.patch
CRPP2-JOB-DEVELOPER_SETUP-201,controlled-v2/jobfair-platform-copy,9400421,typescript,"[""src/docguard-contract-lab-v2/developer_setup/contracts_11.json""]","--- a/src/docguard-contract-lab-v2/developer_setup/contracts_11.json
+++ b/src/docguard-contract-lab-v2/developer_setup/contracts_11.json
@@ -8,7 +8,7 @@
       ""packageManager"": ""npm@10"",
       ""profile"": ""developer-profile-201"",
       ""runtime"": ""Node.js"",
-      ""runtimeVersion"": ""20.11""
+      ""runtimeVersion"": ""22.0""
     },
     {
       ""contractId"": ""JOB-SETUP-202"",
","<!-- docs/docguard-contract-lab-v2/DEVELOPER_SETUP.md @ controlled-baseline:c02b7456a046165d -->
### JOB-SETUP-201
- Profile: `developer-profile-201`
- Required runtime: `Node.js 20.11`
- Package manager: `npm@10`
- Local development command: `npm run dev -- --profile 201`
- Migration command: `npm run supabase:migrate --profile 201`
",True,developer_setup,Controlled design expectation: developer_setup; independent human/owner acceptance still required before merge.,True,developer_setup,"JOB-SETUP-201: kod mijenja dokumentovani razvojni setup iz '20.11' u '22.0' (runtime_requirement_change), dok docs-before eksplicitno navodi staru vrijednost; dokumentacija bi zato postala zastarjela.",approved,b11807a5a1975cd98c10d68be73099aa4ec54086476d0134b143c8b50d8e3f27,74eb174021c1e2fc4f9498c4116b269017ae3b29b6a6316f6446c5c62118db27,developer_setup,jobfair_platform,runtime_requirement_change,cases/patches/jobfair_platform/developer_setup/JOB-SETUP-201.patch
CRPP2-JOB-DEVELOPER_SETUP-202,controlled-v2/jobfair-platform-copy,9400422,typescript,"[""src/docguard-contract-lab-v2/developer_setup/contracts_11.json""]","--- a/src/docguard-contract-lab-v2/developer_setup/contracts_11.json
+++ b/src/docguard-contract-lab-v2/developer_setup/contracts_11.json
@@ -12,7 +12,7 @@
     },
     {
       ""contractId"": ""JOB-SETUP-202"",
-      ""developmentCommand"": ""npm run dev -- --profile 202"",
+      ""developmentCommand"": ""npm run dev -- --profile 202 --strict"",
       ""migrationCommand"": ""npm run supabase:migrate --profile 202"",
       ""packageManager"": ""npm@10"",
       ""profile"": ""developer-profile-202"",
","<!-- docs/docguard-contract-lab-v2/DEVELOPER_SETUP.md @ controlled-baseline:c02b7456a046165d -->
### JOB-SETUP-202
- Profile: `developer-profile-202`
- Required runtime: `Node.js 20.11`
- Package manager: `npm@10`
- Local development command: `npm run dev -- --profile 202`
- Migration command: `npm run supabase:migrate --profile 202`
",True,developer_setup,Controlled design expectation: developer_setup; independent human/owner acceptance still required before merge.,True,developer_setup,"JOB-SETUP-202: kod mijenja dokumentovani razvojni setup iz 'npm run dev -- --profile 202' u 'npm run dev -- --profile 202 --strict' (local_command_change), dok docs-before eksplicitno navodi staru vrijednost; dokumentacija bi zato postala zastarjela.",approved,64d59712f16d3a1f3ffee25ecd0c255bd64d48fecb2c465a3fd505c96d42766d,aaf04ae17ab7f6e8595670bde9eba8c0c790438affcdde98fb36555a89b287e3,developer_setup,jobfair_platform,local_command_change,cases/patches/jobfair_platform/developer_setup/JOB-SETUP-202.patch
CRPP2-JOB-DEVELOPER_SETUP-203,controlled-v2/jobfair-platform-copy,9400423,typescript,"[""src/docguard-contract-lab-v2/developer_setup/contracts_11.json""]","--- a/src/docguard-contract-lab-v2/developer_setup/contracts_11.json
+++ b/src/docguard-contract-lab-v2/developer_setup/contracts_11.json
@@ -23,7 +23,7 @@
       ""contractId"": ""JOB-SETUP-203"",
       ""developmentCommand"": ""npm run dev -- --profile 203"",
       ""migrationCommand"": ""npm run supabase:migrate --profile 203"",
-      ""packageManager"": ""npm@10"",
+      ""packageManager"": ""npm@11"",
       ""profile"": ""developer-profile-203"",
       ""runtime"": ""Node.js"",
       ""runtimeVersion"": ""20.11""
","<!-- docs/docguard-contract-lab-v2/DEVELOPER_SETUP.md @ controlled-baseline:c02b7456a046165d -->
### JOB-SETUP-203
- Profile: `developer-profile-203`
- Required runtime: `Node.js 20.11`
- Package manager: `npm@10`
- Local development command: `npm run dev -- --profile 203`
- Migration command: `npm run supabase:migrate --profile 203`
",True,developer_setup,Controlled design expectation: developer_setup; independent human/owner acceptance still required before merge.,True,developer_setup,"JOB-SETUP-203: kod mijenja dokumentovani razvojni setup iz 'npm@10' u 'npm@11' (package_manager_version_change), dok docs-before eksplicitno navodi staru vrijednost; dokumentacija bi zato postala zastarjela.",approved,e5edf48c354abd3811891a98e1b53425478c65c000b266eaeede1d88d14cc824,1e39ee94e2365703ae3dc2d47e204b926e47306552cf5e17fc524711c8cfe245,developer_setup,jobfair_platform,package_manager_version_change,cases/patches/jobfair_platform/developer_setup/JOB-SETUP-203.patch
CRPP2-JOB-DEVELOPER_SETUP-204,controlled-v2/jobfair-platform-copy,9400424,typescript,"[""src/docguard-contract-lab-v2/developer_setup/contracts_11.json""]","--- a/src/docguard-contract-lab-v2/developer_setup/contracts_11.json
+++ b/src/docguard-contract-lab-v2/developer_setup/contracts_11.json
@@ -31,7 +31,7 @@
     {
       ""contractId"": ""JOB-SETUP-204"",
       ""developmentCommand"": ""npm run dev -- --profile 204"",
-      ""migrationCommand"": ""npm run supabase:migrate --profile 204"",
+      ""migrationCommand"": ""npm run supabase:migrate --profile 204 --no-build"",
       ""packageManager"": ""npm@10"",
       ""profile"": ""developer-profile-204"",
       ""runtime"": ""Node.js"",
","<!-- docs/docguard-contract-lab-v2/DEVELOPER_SETUP.md @ controlled-baseline:c02b7456a046165d -->
### JOB-SETUP-204
- Profile: `developer-profile-204`
- Required runtime: `Node.js 20.11`
- Package manager: `npm@10`
- Local development command: `npm run dev -- --profile 204`
- Migration command: `npm run supabase:migrate --profile 204`
",True,developer_setup,Controlled design expectation: developer_setup; independent human/owner acceptance still required before merge.,True,developer_setup,"JOB-SETUP-204: kod mijenja dokumentovani razvojni setup iz 'npm run supabase:migrate --profile 204' u 'npm run supabase:migrate --profile 204 --no-build' (migration_command_change), dok docs-before eksplicitno navodi staru vrijednost; dokumentacija bi zato postala zastarjela.",approved,b5fe09b15f271ad5e5d339255778ca20c27f63838a5daaa353091726d2def7ce,c3c46ab79bee0d6949640d9afcf4b078dc5eff735b053cb24c4669461efbfc08,developer_setup,jobfair_platform,migration_command_change,cases/patches/jobfair_platform/developer_setup/JOB-SETUP-204.patch
CRPP2-JOB-DEVELOPER_SETUP-205,controlled-v2/jobfair-platform-copy,9400425,typescript,"[""src/docguard-contract-lab-v2/developer_setup/contracts_11.json""]","--- a/src/docguard-contract-lab-v2/developer_setup/contracts_11.json
+++ b/src/docguard-contract-lab-v2/developer_setup/contracts_11.json
@@ -44,7 +44,7 @@
       ""packageManager"": ""npm@10"",
       ""profile"": ""developer-profile-205"",
       ""runtime"": ""Node.js"",
-      ""runtimeVersion"": ""20.11""
+      ""runtimeVersion"": ""22.0""
     },
     {
       ""contractId"": ""JOB-SETUP-206"",
","<!-- docs/docguard-contract-lab-v2/DEVELOPER_SETUP.md @ controlled-baseline:c02b7456a046165d -->
### JOB-SETUP-205
- Profile: `developer-profile-205`
- Required runtime: `Node.js 20.11`
- Package manager: `npm@10`
- Local development command: `npm run dev -- --profile 205`
- Migration command: `npm run supabase:migrate --profile 205`
",True,developer_setup,Controlled design expectation: developer_setup; independent human/owner acceptance still required before merge.,True,developer_setup,"JOB-SETUP-205: kod mijenja dokumentovani razvojni setup iz '20.11' u '22.0' (runtime_requirement_change), dok docs-before eksplicitno navodi staru vrijednost; dokumentacija bi zato postala zastarjela.",approved,c811c53956fddae48917600c6d1d13af40e1e48f2c43f3dcd389a515df33cc05,29f1f461699c1894cfa86ffa182449de8f071516ed558f4039a839cef70f99cc,developer_setup,jobfair_platform,runtime_requirement_change,cases/patches/jobfair_platform/developer_setup/JOB-SETUP-205.patch
CRPP2-JOB-DEVELOPER_SETUP-206,controlled-v2/jobfair-platform-copy,9400426,typescript,"[""src/docguard-contract-lab-v2/developer_setup/contracts_11.json""]","--- a/src/docguard-contract-lab-v2/developer_setup/contracts_11.json
+++ b/src/docguard-contract-lab-v2/developer_setup/contracts_11.json
@@ -48,7 +48,7 @@
     },
     {
       ""contractId"": ""JOB-SETUP-206"",
-      ""developmentCommand"": ""npm run dev -- --profile 206"",
+      ""developmentCommand"": ""npm run dev -- --profile 206 --strict"",
       ""migrationCommand"": ""npm run supabase:migrate --profile 206"",
       ""packageManager"": ""npm@10"",
       ""profile"": ""developer-profile-206"",
","<!-- docs/docguard-contract-lab-v2/DEVELOPER_SETUP.md @ controlled-baseline:c02b7456a046165d -->
### JOB-SETUP-206
- Profile: `developer-profile-206`
- Required runtime: `Node.js 20.11`
- Package manager: `npm@10`
- Local development command: `npm run dev -- --profile 206`
- Migration command: `npm run supabase:migrate --profile 206`
",True,developer_setup,Controlled design expectation: developer_setup; independent human/owner acceptance still required before merge.,True,developer_setup,"JOB-SETUP-206: kod mijenja dokumentovani razvojni setup iz 'npm run dev -- --profile 206' u 'npm run dev -- --profile 206 --strict' (local_command_change), dok docs-before eksplicitno navodi staru vrijednost; dokumentacija bi zato postala zastarjela.",approved,fc7bcd6165d367a30a04b302c3fe71325e1c2dc0e07f00589015de300128d362,0edfcc34444179817f3a6dc182fde7206d939cad0bf0d4749970800640819a31,developer_setup,jobfair_platform,local_command_change,cases/patches/jobfair_platform/developer_setup/JOB-SETUP-206.patch
CRPP2-JOB-DEVELOPER_SETUP-207,controlled-v2/jobfair-platform-copy,9400427,typescript,"[""src/docguard-contract-lab-v2/developer_setup/contracts_11.json""]","--- a/src/docguard-contract-lab-v2/developer_setup/contracts_11.json
+++ b/src/docguard-contract-lab-v2/developer_setup/contracts_11.json
@@ -59,7 +59,7 @@
       ""contractId"": ""JOB-SETUP-207"",
       ""developmentCommand"": ""npm run dev -- --profile 207"",
       ""migrationCommand"": ""npm run supabase:migrate --profile 207"",
-      ""packageManager"": ""npm@10"",
+      ""packageManager"": ""npm@11"",
       ""profile"": ""developer-profile-207"",
       ""runtime"": ""Node.js"",
       ""runtimeVersion"": ""20.11""
","<!-- docs/docguard-contract-lab-v2/DEVELOPER_SETUP.md @ controlled-baseline:c02b7456a046165d -->
### JOB-SETUP-207
- Profile: `developer-profile-207`
- Required runtime: `Node.js 20.11`
- Package manager: `npm@10`
- Local development command: `npm run dev -- --profile 207`
- Migration command: `npm run supabase:migrate --profile 207`
",True,developer_setup,Controlled design expectation: developer_setup; independent human/owner acceptance still required before merge.,True,developer_setup,"JOB-SETUP-207: kod mijenja dokumentovani razvojni setup iz 'npm@10' u 'npm@11' (package_manager_version_change), dok docs-before eksplicitno navodi staru vrijednost; dokumentacija bi zato postala zastarjela.",approved,14939f9b29a6f34a33b2756124bb71e6f679104bfc5bcd67d8375c714540b0e8,7d8b57e5ae8586697b151deff9d4f9de1bded1bf93b3a9f825968e2961951118,developer_setup,jobfair_platform,package_manager_version_change,cases/patches/jobfair_platform/developer_setup/JOB-SETUP-207.patch
CRPP2-JOB-DEVELOPER_SETUP-208,controlled-v2/jobfair-platform-copy,9400428,typescript,"[""src/docguard-contract-lab-v2/developer_setup/contracts_11.json""]","--- a/src/docguard-contract-lab-v2/developer_setup/contracts_11.json
+++ b/src/docguard-contract-lab-v2/developer_setup/contracts_11.json
@@ -67,7 +67,7 @@
     {
       ""contractId"": ""JOB-SETUP-208"",
       ""developmentCommand"": ""npm run dev -- --profile 208"",
-      ""migrationCommand"": ""npm run supabase:migrate --profile 208"",
+      ""migrationCommand"": ""npm run supabase:migrate --profile 208 --no-build"",
       ""packageManager"": ""npm@10"",
       ""profile"": ""developer-profile-208"",
       ""runtime"": ""Node.js"",
","<!-- docs/docguard-contract-lab-v2/DEVELOPER_SETUP.md @ controlled-baseline:c02b7456a046165d -->
### JOB-SETUP-208
- Profile: `developer-profile-208`
- Required runtime: `Node.js 20.11`
- Package manager: `npm@10`
- Local development command: `npm run dev -- --profile 208`
- Migration command: `npm run supabase:migrate --profile 208`
",True,developer_setup,Controlled design expectation: developer_setup; independent human/owner acceptance still required before merge.,True,developer_setup,"JOB-SETUP-208: kod mijenja dokumentovani razvojni setup iz 'npm run supabase:migrate --profile 208' u 'npm run supabase:migrate --profile 208 --no-build' (migration_command_change), dok docs-before eksplicitno navodi staru vrijednost; dokumentacija bi zato postala zastarjela.",approved,feb00dc4048973903cedee13bf832c180bce6a7b9423e10eba6d5ab6d0d7f7ba,796d87b57f5ef8405602311bf5743f8ec5f428f500ed9cf6b004e61c237448e1,developer_setup,jobfair_platform,migration_command_change,cases/patches/jobfair_platform/developer_setup/JOB-SETUP-208.patch
CRPP2-JOB-DEVELOPER_SETUP-209,controlled-v2/jobfair-platform-copy,9400429,typescript,"[""src/docguard-contract-lab-v2/developer_setup/contracts_11.json""]","--- a/src/docguard-contract-lab-v2/developer_setup/contracts_11.json
+++ b/src/docguard-contract-lab-v2/developer_setup/contracts_11.json
@@ -80,7 +80,7 @@
       ""packageManager"": ""npm@10"",
       ""profile"": ""developer-profile-209"",
       ""runtime"": ""Node.js"",
-      ""runtimeVersion"": ""20.11""
+      ""runtimeVersion"": ""22.0""
     },
     {
       ""contractId"": ""JOB-SETUP-210"",
","<!-- docs/docguard-contract-lab-v2/DEVELOPER_SETUP.md @ controlled-baseline:c02b7456a046165d -->
### JOB-SETUP-209
- Profile: `developer-profile-209`
- Required runtime: `Node.js 20.11`
- Package manager: `npm@10`
- Local development command: `npm run dev -- --profile 209`
- Migration command: `npm run supabase:migrate --profile 209`
",True,developer_setup,Controlled design expectation: developer_setup; independent human/owner acceptance still required before merge.,True,developer_setup,"JOB-SETUP-209: kod mijenja dokumentovani razvojni setup iz '20.11' u '22.0' (runtime_requirement_change), dok docs-before eksplicitno navodi staru vrijednost; dokumentacija bi zato postala zastarjela.",approved,4fde59535066966783c415592487b5cec73f3260edf3a686112a277066735f20,c9a798d65b1b6140089e49bd3eb8ae1fb8bc701ad55a853d3d41c74a6c7d554a,developer_setup,jobfair_platform,runtime_requirement_change,cases/patches/jobfair_platform/developer_setup/JOB-SETUP-209.patch
CRPP2-JOB-DEVELOPER_SETUP-210,controlled-v2/jobfair-platform-copy,9400430,typescript,"[""src/docguard-contract-lab-v2/developer_setup/contracts_11.json""]","--- a/src/docguard-contract-lab-v2/developer_setup/contracts_11.json
+++ b/src/docguard-contract-lab-v2/developer_setup/contracts_11.json
@@ -84,7 +84,7 @@
     },
     {
       ""contractId"": ""JOB-SETUP-210"",
-      ""developmentCommand"": ""npm run dev -- --profile 210"",
+      ""developmentCommand"": ""npm run dev -- --profile 210 --strict"",
       ""migrationCommand"": ""npm run supabase:migrate --profile 210"",
       ""packageManager"": ""npm@10"",
       ""profile"": ""developer-profile-210"",
","<!-- docs/docguard-contract-lab-v2/DEVELOPER_SETUP.md @ controlled-baseline:c02b7456a046165d -->
### JOB-SETUP-210
- Profile: `developer-profile-210`
- Required runtime: `Node.js 20.11`
- Package manager: `npm@10`
- Local development command: `npm run dev -- --profile 210`
- Migration command: `npm run supabase:migrate --profile 210`
",True,developer_setup,Controlled design expectation: developer_setup; independent human/owner acceptance still required before merge.,True,developer_setup,"JOB-SETUP-210: kod mijenja dokumentovani razvojni setup iz 'npm run dev -- --profile 210' u 'npm run dev -- --profile 210 --strict' (local_command_change), dok docs-before eksplicitno navodi staru vrijednost; dokumentacija bi zato postala zastarjela.",approved,1e99d1bb65abc7de03ac74911e59aab4c4eec2e5c107272aebfa9f8e34382a4f,c90d11521b0b0536d88724504c97d112b72ad947215793eec904f0a9e1cdc2f8,developer_setup,jobfair_platform,local_command_change,cases/patches/jobfair_platform/developer_setup/JOB-SETUP-210.patch
CRPP2-JOB-MODEL_CONTRACT-101,controlled-v2/jobfair-platform-copy,9400431,typescript,"[""src/docguard-contract-lab-v2/model_contract/contracts_01.schema.json""]","--- a/src/docguard-contract-lab-v2/model_contract/contracts_01.schema.json
+++ b/src/docguard-contract-lab-v2/model_contract/contracts_01.schema.json
@@ -17,11 +17,8 @@
           ""type"": ""integer""
         },
         ""status"": {
-          ""enum"": [
-            ""active"",
-            ""inactive""
-          ],
-          ""type"": ""string""
+          ""minimum"": 0,
+          ""type"": ""integer""
         }
       },
       ""required"": [
","<!-- docs/docguard-contract-lab-v2/MODEL_CONTRACTS.md @ controlled-baseline:dd9ed4736052dcf7 -->
### JOB-MODEL-101 — `JOBPublicContract101`
- Serialized type: `object`
- Required fields: `id, status`
- `id`: `string(uuid)`
- `status`: `string`, allowed values `active|inactive`
- `score`: `integer`, minimum `0`
- `metadata`: `object`, additional properties allowed
",True,model_contract,Controlled design expectation: model_contract; independent human/owner acceptance still required before merge.,True,model_contract,"JOB-MODEL-101: kod mijenja javni/serijalizovani model iz 'status' u 'status:integer' (serialized_field_type_change), dok docs-before eksplicitno navodi staru vrijednost; dokumentacija bi zato postala zastarjela.",approved,70f12bbe7b9f266b7c5b4a313101d633efb3f269b02a34e574edbaa77bb70dff,714dd32b59d569806dc75ad6675f29b3d0b191c0d42799a297b59091e000c8c8,model_contract,jobfair_platform,serialized_field_type_change,cases/patches/jobfair_platform/model_contract/JOB-MODEL-101.patch
CRPP2-JOB-MODEL_CONTRACT-102,controlled-v2/jobfair-platform-copy,9400432,typescript,"[""src/docguard-contract-lab-v2/model_contract/contracts_01.schema.json""]","--- a/src/docguard-contract-lab-v2/model_contract/contracts_01.schema.json
+++ b/src/docguard-contract-lab-v2/model_contract/contracts_01.schema.json
@@ -56,7 +56,8 @@
       },
       ""required"": [
         ""id"",
-        ""status""
+        ""status"",
+        ""score""
       ],
       ""title"": ""JOBPublicContract102"",
       ""type"": ""object""
","<!-- docs/docguard-contract-lab-v2/MODEL_CONTRACTS.md @ controlled-baseline:dd9ed4736052dcf7 -->
### JOB-MODEL-102 — `JOBPublicContract102`
- Serialized type: `object`
- Required fields: `id, status`
- `id`: `string(uuid)`
- `status`: `string`, allowed values `active|inactive`
- `score`: `integer`, minimum `0`
- `metadata`: `object`, additional properties allowed
",True,model_contract,Controlled design expectation: model_contract; independent human/owner acceptance still required before merge.,True,model_contract,"JOB-MODEL-102: kod mijenja javni/serijalizovani model iz 'id, status' u 'id, status, score' (required_field_change), dok docs-before eksplicitno navodi staru vrijednost; dokumentacija bi zato postala zastarjela.",approved,7983e1bd0593ed7116f392e9dcbb06809c436cb35595c120e9182f47f3ce5def,c76362ce6a9bcb06b40b439b34b514482c14eeab8dab9cf6087e9da3ea22016d,model_contract,jobfair_platform,required_field_change,cases/patches/jobfair_platform/model_contract/JOB-MODEL-102.patch
CRPP2-JOB-MODEL_CONTRACT-103,controlled-v2/jobfair-platform-copy,9400433,typescript,"[""src/docguard-contract-lab-v2/model_contract/contracts_01.schema.json""]","--- a/src/docguard-contract-lab-v2/model_contract/contracts_01.schema.json
+++ b/src/docguard-contract-lab-v2/model_contract/contracts_01.schema.json
@@ -71,6 +71,10 @@
         ""metadata"": {
           ""additionalProperties"": true,
           ""type"": ""object""
+        },
+        ""revision"": {
+          ""minimum"": 1,
+          ""type"": ""integer""
         },
         ""score"": {
           ""minimum"": 0,
","<!-- docs/docguard-contract-lab-v2/MODEL_CONTRACTS.md @ controlled-baseline:dd9ed4736052dcf7 -->
### JOB-MODEL-103 — `JOBPublicContract103`
- Serialized type: `object`
- Required fields: `id, status`
- `id`: `string(uuid)`
- `status`: `string`, allowed values `active|inactive`
- `score`: `integer`, minimum `0`
- `metadata`: `object`, additional properties allowed
",True,model_contract,Controlled design expectation: model_contract; independent human/owner acceptance still required before merge.,True,model_contract,"JOB-MODEL-103: kod mijenja javni/serijalizovani model iz 'metadata' u 'revision:integer (new field)' (serialized_field_added), dok docs-before eksplicitno navodi staru vrijednost; dokumentacija bi zato postala zastarjela.",approved,9f85ccdf45e1fbfc0982892dcc380a0bc86eeb77e125d69e26e917d2202932cf,12be34d56ed2e6f680e8c402aad268c057e9e0b695fb6119a594314f651973f9,model_contract,jobfair_platform,serialized_field_added,cases/patches/jobfair_platform/model_contract/JOB-MODEL-103.patch
CRPP2-JOB-MODEL_CONTRACT-104,controlled-v2/jobfair-platform-copy,9400434,typescript,"[""src/docguard-contract-lab-v2/model_contract/contracts_01.schema.json""]","--- a/src/docguard-contract-lab-v2/model_contract/contracts_01.schema.json
+++ b/src/docguard-contract-lab-v2/model_contract/contracts_01.schema.json
@@ -94,13 +94,13 @@
     {
       ""contractId"": ""JOB-MODEL-104"",
       ""properties"": {
-        ""id"": {
-          ""format"": ""uuid"",
-          ""type"": ""string""
-        },
-        ""metadata"": {
-          ""additionalProperties"": true,
-          ""type"": ""object""
+        ""attributes"": {
+          ""additionalProperties"": true,
+          ""type"": ""object""
+        },
+        ""id"": {
+          ""format"": ""uuid"",
+          ""type"": ""string""
         },
         ""score"": {
           ""minimum"": 0,
","<!-- docs/docguard-contract-lab-v2/MODEL_CONTRACTS.md @ controlled-baseline:dd9ed4736052dcf7 -->
### JOB-MODEL-104 — `JOBPublicContract104`
- Serialized type: `object`
- Required fields: `id, status`
- `id`: `string(uuid)`
- `status`: `string`, allowed values `active|inactive`
- `score`: `integer`, minimum `0`
- `metadata`: `object`, additional properties allowed
",True,model_contract,Controlled design expectation: model_contract; independent human/owner acceptance still required before merge.,True,model_contract,"JOB-MODEL-104: kod mijenja javni/serijalizovani model iz 'metadata' u 'attributes' (serialized_field_rename), dok docs-before eksplicitno navodi staru vrijednost; dokumentacija bi zato postala zastarjela.",approved,080667fbcf4ea6efa26dc311368960037ee7bde847392f1b290597465b5667c9,2a4b0a1878e304ee95c6e45e9be2d620d01f3d454e26e4e73d54770865fa60ae,model_contract,jobfair_platform,serialized_field_rename,cases/patches/jobfair_platform/model_contract/JOB-MODEL-104.patch
CRPP2-JOB-MODEL_CONTRACT-105,controlled-v2/jobfair-platform-copy,9400435,typescript,"[""src/docguard-contract-lab-v2/model_contract/contracts_01.schema.json""]","--- a/src/docguard-contract-lab-v2/model_contract/contracts_01.schema.json
+++ b/src/docguard-contract-lab-v2/model_contract/contracts_01.schema.json
@@ -137,11 +137,8 @@
           ""type"": ""integer""
         },
         ""status"": {
-          ""enum"": [
-            ""active"",
-            ""inactive""
-          ],
-          ""type"": ""string""
+          ""minimum"": 0,
+          ""type"": ""integer""
         }
       },
       ""required"": [
","<!-- docs/docguard-contract-lab-v2/MODEL_CONTRACTS.md @ controlled-baseline:dd9ed4736052dcf7 -->
### JOB-MODEL-105 — `JOBPublicContract105`
- Serialized type: `object`
- Required fields: `id, status`
- `id`: `string(uuid)`
- `status`: `string`, allowed values `active|inactive`
- `score`: `integer`, minimum `0`
- `metadata`: `object`, additional properties allowed
",True,model_contract,Controlled design expectation: model_contract; independent human/owner acceptance still required before merge.,True,model_contract,"JOB-MODEL-105: kod mijenja javni/serijalizovani model iz 'status' u 'status:integer' (serialized_field_type_change), dok docs-before eksplicitno navodi staru vrijednost; dokumentacija bi zato postala zastarjela.",approved,d6bbd045c9425ac122b12f6083f2377f8afce31506c2c328d6d0d33a9579da9f,a7f5ea50c32ba3feab24ff8fdf172acb1adf1f9a66fb8b6341b2f0b95e874c09,model_contract,jobfair_platform,serialized_field_type_change,cases/patches/jobfair_platform/model_contract/JOB-MODEL-105.patch
CRPP2-JOB-MODEL_CONTRACT-106,controlled-v2/jobfair-platform-copy,9400436,typescript,"[""src/docguard-contract-lab-v2/model_contract/contracts_01.schema.json""]","--- a/src/docguard-contract-lab-v2/model_contract/contracts_01.schema.json
+++ b/src/docguard-contract-lab-v2/model_contract/contracts_01.schema.json
@@ -176,7 +176,8 @@
       },
       ""required"": [
         ""id"",
-        ""status""
+        ""status"",
+        ""score""
       ],
       ""title"": ""JOBPublicContract106"",
       ""type"": ""object""
","<!-- docs/docguard-contract-lab-v2/MODEL_CONTRACTS.md @ controlled-baseline:dd9ed4736052dcf7 -->
### JOB-MODEL-106 — `JOBPublicContract106`
- Serialized type: `object`
- Required fields: `id, status`
- `id`: `string(uuid)`
- `status`: `string`, allowed values `active|inactive`
- `score`: `integer`, minimum `0`
- `metadata`: `object`, additional properties allowed
",True,model_contract,Controlled design expectation: model_contract; independent human/owner acceptance still required before merge.,True,model_contract,"JOB-MODEL-106: kod mijenja javni/serijalizovani model iz 'id, status' u 'id, status, score' (required_field_change), dok docs-before eksplicitno navodi staru vrijednost; dokumentacija bi zato postala zastarjela.",approved,19ef3b5345e92fb096db52474b7211dbdfc43a9b467966b69941baf311cabeb7,88db0cbf425e8b8ce3064542e5d21769a41307affa016536930e78a7224dadf7,model_contract,jobfair_platform,required_field_change,cases/patches/jobfair_platform/model_contract/JOB-MODEL-106.patch
CRPP2-JOB-MODEL_CONTRACT-107,controlled-v2/jobfair-platform-copy,9400437,typescript,"[""src/docguard-contract-lab-v2/model_contract/contracts_01.schema.json""]","--- a/src/docguard-contract-lab-v2/model_contract/contracts_01.schema.json
+++ b/src/docguard-contract-lab-v2/model_contract/contracts_01.schema.json
@@ -191,6 +191,10 @@
         ""metadata"": {
           ""additionalProperties"": true,
           ""type"": ""object""
+        },
+        ""revision"": {
+          ""minimum"": 1,
+          ""type"": ""integer""
         },
         ""score"": {
           ""minimum"": 0,
","<!-- docs/docguard-contract-lab-v2/MODEL_CONTRACTS.md @ controlled-baseline:dd9ed4736052dcf7 -->
### JOB-MODEL-107 — `JOBPublicContract107`
- Serialized type: `object`
- Required fields: `id, status`
- `id`: `string(uuid)`
- `status`: `string`, allowed values `active|inactive`
- `score`: `integer`, minimum `0`
- `metadata`: `object`, additional properties allowed
",True,model_contract,Controlled design expectation: model_contract; independent human/owner acceptance still required before merge.,True,model_contract,"JOB-MODEL-107: kod mijenja javni/serijalizovani model iz 'metadata' u 'revision:integer (new field)' (serialized_field_added), dok docs-before eksplicitno navodi staru vrijednost; dokumentacija bi zato postala zastarjela.",approved,1bea00e43cecad2345710358f5c587318229b09a7e72d5bb654acfdb6a71ce31,62e444ca190684af0ee105ca741a0d5382a792f420fff7149cbb16bb9a5400e6,model_contract,jobfair_platform,serialized_field_added,cases/patches/jobfair_platform/model_contract/JOB-MODEL-107.patch
CRPP2-JOB-MODEL_CONTRACT-108,controlled-v2/jobfair-platform-copy,9400438,typescript,"[""src/docguard-contract-lab-v2/model_contract/contracts_01.schema.json""]","--- a/src/docguard-contract-lab-v2/model_contract/contracts_01.schema.json
+++ b/src/docguard-contract-lab-v2/model_contract/contracts_01.schema.json
@@ -214,13 +214,13 @@
     {
       ""contractId"": ""JOB-MODEL-108"",
       ""properties"": {
-        ""id"": {
-          ""format"": ""uuid"",
-          ""type"": ""string""
-        },
-        ""metadata"": {
-          ""additionalProperties"": true,
-          ""type"": ""object""
+        ""attributes"": {
+          ""additionalProperties"": true,
+          ""type"": ""object""
+        },
+        ""id"": {
+          ""format"": ""uuid"",
+          ""type"": ""string""
         },
         ""score"": {
           ""minimum"": 0,
","<!-- docs/docguard-contract-lab-v2/MODEL_CONTRACTS.md @ controlled-baseline:dd9ed4736052dcf7 -->
### JOB-MODEL-108 — `JOBPublicContract108`
- Serialized type: `object`
- Required fields: `id, status`
- `id`: `string(uuid)`
- `status`: `string`, allowed values `active|inactive`
- `score`: `integer`, minimum `0`
- `metadata`: `object`, additional properties allowed
",True,model_contract,Controlled design expectation: model_contract; independent human/owner acceptance still required before merge.,True,model_contract,"JOB-MODEL-108: kod mijenja javni/serijalizovani model iz 'metadata' u 'attributes' (serialized_field_rename), dok docs-before eksplicitno navodi staru vrijednost; dokumentacija bi zato postala zastarjela.",approved,8e2ced0b7f00c082be5a3ed395eb72e6035b91cd5ff015961d0fe53fccdb9d51,26e58d8cf7f62fa4bcee12dc7bd85904e3a8f6a8bf6f037c6fc91d4efa522b1f,model_contract,jobfair_platform,serialized_field_rename,cases/patches/jobfair_platform/model_contract/JOB-MODEL-108.patch
CRPP2-JOB-MODEL_CONTRACT-109,controlled-v2/jobfair-platform-copy,9400439,typescript,"[""src/docguard-contract-lab-v2/model_contract/contracts_01.schema.json""]","--- a/src/docguard-contract-lab-v2/model_contract/contracts_01.schema.json
+++ b/src/docguard-contract-lab-v2/model_contract/contracts_01.schema.json
@@ -257,11 +257,8 @@
           ""type"": ""integer""
         },
         ""status"": {
-          ""enum"": [
-            ""active"",
-            ""inactive""
-          ],
-          ""type"": ""string""
+          ""minimum"": 0,
+          ""type"": ""integer""
         }
       },
       ""required"": [
","<!-- docs/docguard-contract-lab-v2/MODEL_CONTRACTS.md @ controlled-baseline:dd9ed4736052dcf7 -->
### JOB-MODEL-109 — `JOBPublicContract109`
- Serialized type: `object`
- Required fields: `id, status`
- `id`: `string(uuid)`
- `status`: `string`, allowed values `active|inactive`
- `score`: `integer`, minimum `0`
- `metadata`: `object`, additional properties allowed
",True,model_contract,Controlled design expectation: model_contract; independent human/owner acceptance still required before merge.,True,model_contract,"JOB-MODEL-109: kod mijenja javni/serijalizovani model iz 'status' u 'status:integer' (serialized_field_type_change), dok docs-before eksplicitno navodi staru vrijednost; dokumentacija bi zato postala zastarjela.",approved,2f2f0b4999464c042e7679ed4e586912b26732abb9a8d8efe850908fbfdf0aa5,ac62475339102e7bd0000d57e0d3a1d8b1894216206704a9f409e73a33443488,model_contract,jobfair_platform,serialized_field_type_change,cases/patches/jobfair_platform/model_contract/JOB-MODEL-109.patch
CRPP2-JOB-MODEL_CONTRACT-110,controlled-v2/jobfair-platform-copy,9400440,typescript,"[""src/docguard-contract-lab-v2/model_contract/contracts_01.schema.json""]","--- a/src/docguard-contract-lab-v2/model_contract/contracts_01.schema.json
+++ b/src/docguard-contract-lab-v2/model_contract/contracts_01.schema.json
@@ -296,7 +296,8 @@
       },
       ""required"": [
         ""id"",
-        ""status""
+        ""status"",
+        ""score""
       ],
       ""title"": ""JOBPublicContract110"",
       ""type"": ""object""
","<!-- docs/docguard-contract-lab-v2/MODEL_CONTRACTS.md @ controlled-baseline:dd9ed4736052dcf7 -->
### JOB-MODEL-110 — `JOBPublicContract110`
- Serialized type: `object`
- Required fields: `id, status`
- `id`: `string(uuid)`
- `status`: `string`, allowed values `active|inactive`
- `score`: `integer`, minimum `0`
- `metadata`: `object`, additional properties allowed
",True,model_contract,Controlled design expectation: model_contract; independent human/owner acceptance still required before merge.,True,model_contract,"JOB-MODEL-110: kod mijenja javni/serijalizovani model iz 'id, status' u 'id, status, score' (required_field_change), dok docs-before eksplicitno navodi staru vrijednost; dokumentacija bi zato postala zastarjela.",approved,446f2e99a8f892bf821af2b202ab71478c45c36996654cf8c87e15b058831e43,8e6167119f7ce6c305a532b9e326b5a83122dd1a6cb3dbf448148ee7082bef38,model_contract,jobfair_platform,required_field_change,cases/patches/jobfair_platform/model_contract/JOB-MODEL-110.patch
CRPP2-JOB-MODEL_CONTRACT-111,controlled-v2/jobfair-platform-copy,9400441,typescript,"[""src/docguard-contract-lab-v2/model_contract/contracts_02.schema.json""]","--- a/src/docguard-contract-lab-v2/model_contract/contracts_02.schema.json
+++ b/src/docguard-contract-lab-v2/model_contract/contracts_02.schema.json
@@ -11,6 +11,10 @@
         ""metadata"": {
           ""additionalProperties"": true,
           ""type"": ""object""
+        },
+        ""revision"": {
+          ""minimum"": 1,
+          ""type"": ""integer""
         },
         ""score"": {
           ""minimum"": 0,
","<!-- docs/docguard-contract-lab-v2/MODEL_CONTRACTS.md @ controlled-baseline:dd9ed4736052dcf7 -->
### JOB-MODEL-111 — `JOBPublicContract111`
- Serialized type: `object`
- Required fields: `id, status`
- `id`: `string(uuid)`
- `status`: `string`, allowed values `active|inactive`
- `score`: `integer`, minimum `0`
- `metadata`: `object`, additional properties allowed
",True,model_contract,Controlled design expectation: model_contract; independent human/owner acceptance still required before merge.,True,model_contract,"JOB-MODEL-111: kod mijenja javni/serijalizovani model iz 'metadata' u 'revision:integer (new field)' (serialized_field_added), dok docs-before eksplicitno navodi staru vrijednost; dokumentacija bi zato postala zastarjela.",approved,6a7083e58c395c46df1635c18c2bf266bbdadd079b3ec66128298d4a4223e64f,431abc9811226f3e3b4ab44aa9e501479f6de25964739ed662b40f255224f054,model_contract,jobfair_platform,serialized_field_added,cases/patches/jobfair_platform/model_contract/JOB-MODEL-111.patch
CRPP2-JOB-MODEL_CONTRACT-112,controlled-v2/jobfair-platform-copy,9400442,typescript,"[""src/docguard-contract-lab-v2/model_contract/contracts_02.schema.json""]","--- a/src/docguard-contract-lab-v2/model_contract/contracts_02.schema.json
+++ b/src/docguard-contract-lab-v2/model_contract/contracts_02.schema.json
@@ -34,13 +34,13 @@
     {
       ""contractId"": ""JOB-MODEL-112"",
       ""properties"": {
-        ""id"": {
-          ""format"": ""uuid"",
-          ""type"": ""string""
-        },
-        ""metadata"": {
-          ""additionalProperties"": true,
-          ""type"": ""object""
+        ""attributes"": {
+          ""additionalProperties"": true,
+          ""type"": ""object""
+        },
+        ""id"": {
+          ""format"": ""uuid"",
+          ""type"": ""string""
         },
         ""score"": {
           ""minimum"": 0,
","<!-- docs/docguard-contract-lab-v2/MODEL_CONTRACTS.md @ controlled-baseline:dd9ed4736052dcf7 -->
### JOB-MODEL-112 — `JOBPublicContract112`
- Serialized type: `object`
- Required fields: `id, status`
- `id`: `string(uuid)`
- `status`: `string`, allowed values `active|inactive`
- `score`: `integer`, minimum `0`
- `metadata`: `object`, additional properties allowed
",True,model_contract,Controlled design expectation: model_contract; independent human/owner acceptance still required before merge.,True,model_contract,"JOB-MODEL-112: kod mijenja javni/serijalizovani model iz 'metadata' u 'attributes' (serialized_field_rename), dok docs-before eksplicitno navodi staru vrijednost; dokumentacija bi zato postala zastarjela.",approved,5d9d964a57d8faeffedabbb978eb1d6a90074edff529b688fe2e2d1cf32468e7,19b09b9654438b13f5621bc3c0ff34d411300a359a1ebfce875354fdf04a4d84,model_contract,jobfair_platform,serialized_field_rename,cases/patches/jobfair_platform/model_contract/JOB-MODEL-112.patch
CRPP2-JOB-MODEL_CONTRACT-113,controlled-v2/jobfair-platform-copy,9400443,typescript,"[""src/docguard-contract-lab-v2/model_contract/contracts_02.schema.json""]","--- a/src/docguard-contract-lab-v2/model_contract/contracts_02.schema.json
+++ b/src/docguard-contract-lab-v2/model_contract/contracts_02.schema.json
@@ -77,11 +77,8 @@
           ""type"": ""integer""
         },
         ""status"": {
-          ""enum"": [
-            ""active"",
-            ""inactive""
-          ],
-          ""type"": ""string""
+          ""minimum"": 0,
+          ""type"": ""integer""
         }
       },
       ""required"": [
","<!-- docs/docguard-contract-lab-v2/MODEL_CONTRACTS.md @ controlled-baseline:dd9ed4736052dcf7 -->
### JOB-MODEL-113 — `JOBPublicContract113`
- Serialized type: `object`
- Required fields: `id, status`
- `id`: `string(uuid)`
- `status`: `string`, allowed values `active|inactive`
- `score`: `integer`, minimum `0`
- `metadata`: `object`, additional properties allowed
",True,model_contract,Controlled design expectation: model_contract; independent human/owner acceptance still required before merge.,True,model_contract,"JOB-MODEL-113: kod mijenja javni/serijalizovani model iz 'status' u 'status:integer' (serialized_field_type_change), dok docs-before eksplicitno navodi staru vrijednost; dokumentacija bi zato postala zastarjela.",approved,c679ed0773b7d5f0d8a11f1ab8a9f79dc699bac5053664bd88a0077906c86f41,9dcdfc67f9af0ecf03d328bb5778ee861f6e6950a54bb30e14d20a80a1efd007,model_contract,jobfair_platform,serialized_field_type_change,cases/patches/jobfair_platform/model_contract/JOB-MODEL-113.patch
CRPP2-JOB-MODEL_CONTRACT-114,controlled-v2/jobfair-platform-copy,9400444,typescript,"[""src/docguard-contract-lab-v2/model_contract/contracts_02.schema.json""]","--- a/src/docguard-contract-lab-v2/model_contract/contracts_02.schema.json
+++ b/src/docguard-contract-lab-v2/model_contract/contracts_02.schema.json
@@ -116,7 +116,8 @@
       },
       ""required"": [
         ""id"",
-        ""status""
+        ""status"",
+        ""score""
       ],
       ""title"": ""JOBPublicContract114"",
       ""type"": ""object""
","<!-- docs/docguard-contract-lab-v2/MODEL_CONTRACTS.md @ controlled-baseline:dd9ed4736052dcf7 -->
### JOB-MODEL-114 — `JOBPublicContract114`
- Serialized type: `object`
- Required fields: `id, status`
- `id`: `string(uuid)`
- `status`: `string`, allowed values `active|inactive`
- `score`: `integer`, minimum `0`
- `metadata`: `object`, additional properties allowed
",True,model_contract,Controlled design expectation: model_contract; independent human/owner acceptance still required before merge.,True,model_contract,"JOB-MODEL-114: kod mijenja javni/serijalizovani model iz 'id, status' u 'id, status, score' (required_field_change), dok docs-before eksplicitno navodi staru vrijednost; dokumentacija bi zato postala zastarjela.",approved,0f9accf02ff0d88dfbe693439b5374a2d02bad4704ddcfaaf0df6b46a977d1cd,ddc4b7a4b59b3d333cd1dd7ca2c56f5556cf8ea98dac222c01c4ad9d840ecbe2,model_contract,jobfair_platform,required_field_change,cases/patches/jobfair_platform/model_contract/JOB-MODEL-114.patch
CRPP2-JOB-MODEL_CONTRACT-115,controlled-v2/jobfair-platform-copy,9400445,typescript,"[""src/docguard-contract-lab-v2/model_contract/contracts_02.schema.json""]","--- a/src/docguard-contract-lab-v2/model_contract/contracts_02.schema.json
+++ b/src/docguard-contract-lab-v2/model_contract/contracts_02.schema.json
@@ -131,6 +131,10 @@
         ""metadata"": {
           ""additionalProperties"": true,
           ""type"": ""object""
+        },
+        ""revision"": {
+          ""minimum"": 1,
+          ""type"": ""integer""
         },
         ""score"": {
           ""minimum"": 0,
","<!-- docs/docguard-contract-lab-v2/MODEL_CONTRACTS.md @ controlled-baseline:dd9ed4736052dcf7 -->
### JOB-MODEL-115 — `JOBPublicContract115`
- Serialized type: `object`
- Required fields: `id, status`
- `id`: `string(uuid)`
- `status`: `string`, allowed values `active|inactive`
- `score`: `integer`, minimum `0`
- `metadata`: `object`, additional properties allowed
",True,model_contract,Controlled design expectation: model_contract; independent human/owner acceptance still required before merge.,True,model_contract,"JOB-MODEL-115: kod mijenja javni/serijalizovani model iz 'metadata' u 'revision:integer (new field)' (serialized_field_added), dok docs-before eksplicitno navodi staru vrijednost; dokumentacija bi zato postala zastarjela.",approved,72708bbc30839b2c41f8e5ec45241781cec9f62b75497a8fdca6dad846394e9d,746bb1a26d57049ee008448ecd0f32b63411adf51d12a46a6a6de5f20638a32e,model_contract,jobfair_platform,serialized_field_added,cases/patches/jobfair_platform/model_contract/JOB-MODEL-115.patch
CRPP2-JOB-MODEL_CONTRACT-116,controlled-v2/jobfair-platform-copy,9400446,typescript,"[""src/docguard-contract-lab-v2/model_contract/contracts_02.schema.json""]","--- a/src/docguard-contract-lab-v2/model_contract/contracts_02.schema.json
+++ b/src/docguard-contract-lab-v2/model_contract/contracts_02.schema.json
@@ -154,13 +154,13 @@
     {
       ""contractId"": ""JOB-MODEL-116"",
       ""properties"": {
-        ""id"": {
-          ""format"": ""uuid"",
-          ""type"": ""string""
-        },
-        ""metadata"": {
-          ""additionalProperties"": true,
-          ""type"": ""object""
+        ""attributes"": {
+          ""additionalProperties"": true,
+          ""type"": ""object""
+        },
+        ""id"": {
+          ""format"": ""uuid"",
+          ""type"": ""string""
         },
         ""score"": {
           ""minimum"": 0,
","<!-- docs/docguard-contract-lab-v2/MODEL_CONTRACTS.md @ controlled-baseline:dd9ed4736052dcf7 -->
### JOB-MODEL-116 — `JOBPublicContract116`
- Serialized type: `object`
- Required fields: `id, status`
- `id`: `string(uuid)`
- `status`: `string`, allowed values `active|inactive`
- `score`: `integer`, minimum `0`
- `metadata`: `object`, additional properties allowed
",True,model_contract,Controlled design expectation: model_contract; independent human/owner acceptance still required before merge.,True,model_contract,"JOB-MODEL-116: kod mijenja javni/serijalizovani model iz 'metadata' u 'attributes' (serialized_field_rename), dok docs-before eksplicitno navodi staru vrijednost; dokumentacija bi zato postala zastarjela.",approved,ddd3daac330ee74c7d502b5ba913fb05371ea5e8016030754b06d406f195d0a5,bcf4de593233e2bc569cffd7340ef31c6863e7263b7c7c19604e9913812f3e89,model_contract,jobfair_platform,serialized_field_rename,cases/patches/jobfair_platform/model_contract/JOB-MODEL-116.patch
CRPP2-JOB-MODEL_CONTRACT-117,controlled-v2/jobfair-platform-copy,9400447,typescript,"[""src/docguard-contract-lab-v2/model_contract/contracts_02.schema.json""]","--- a/src/docguard-contract-lab-v2/model_contract/contracts_02.schema.json
+++ b/src/docguard-contract-lab-v2/model_contract/contracts_02.schema.json
@@ -197,11 +197,8 @@
           ""type"": ""integer""
         },
         ""status"": {
-          ""enum"": [
-            ""active"",
-            ""inactive""
-          ],
-          ""type"": ""string""
+          ""minimum"": 0,
+          ""type"": ""integer""
         }
       },
       ""required"": [
","<!-- docs/docguard-contract-lab-v2/MODEL_CONTRACTS.md @ controlled-baseline:dd9ed4736052dcf7 -->
### JOB-MODEL-117 — `JOBPublicContract117`
- Serialized type: `object`
- Required fields: `id, status`
- `id`: `string(uuid)`
- `status`: `string`, allowed values `active|inactive`
- `score`: `integer`, minimum `0`
- `metadata`: `object`, additional properties allowed
",True,model_contract,Controlled design expectation: model_contract; independent human/owner acceptance still required before merge.,True,model_contract,"JOB-MODEL-117: kod mijenja javni/serijalizovani model iz 'status' u 'status:integer' (serialized_field_type_change), dok docs-before eksplicitno navodi staru vrijednost; dokumentacija bi zato postala zastarjela.",approved,d00822f265b5005c075107b92df917e5727c0a1d516114477bcb3b64c42c120d,ac3231b92760d766965d791f58b6b5958cab56b26d4fe1459b6e4ef28a0be876,model_contract,jobfair_platform,serialized_field_type_change,cases/patches/jobfair_platform/model_contract/JOB-MODEL-117.patch
CRPP2-JOB-MODEL_CONTRACT-118,controlled-v2/jobfair-platform-copy,9400448,typescript,"[""src/docguard-contract-lab-v2/model_contract/contracts_02.schema.json""]","--- a/src/docguard-contract-lab-v2/model_contract/contracts_02.schema.json
+++ b/src/docguard-contract-lab-v2/model_contract/contracts_02.schema.json
@@ -236,7 +236,8 @@
       },
       ""required"": [
         ""id"",
-        ""status""
+        ""status"",
+        ""score""
       ],
       ""title"": ""JOBPublicContract118"",
       ""type"": ""object""
","<!-- docs/docguard-contract-lab-v2/MODEL_CONTRACTS.md @ controlled-baseline:dd9ed4736052dcf7 -->
### JOB-MODEL-118 — `JOBPublicContract118`
- Serialized type: `object`
- Required fields: `id, status`
- `id`: `string(uuid)`
- `status`: `string`, allowed values `active|inactive`
- `score`: `integer`, minimum `0`
- `metadata`: `object`, additional properties allowed
",True,model_contract,Controlled design expectation: model_contract; independent human/owner acceptance still required before merge.,True,model_contract,"JOB-MODEL-118: kod mijenja javni/serijalizovani model iz 'id, status' u 'id, status, score' (required_field_change), dok docs-before eksplicitno navodi staru vrijednost; dokumentacija bi zato postala zastarjela.",approved,30d3af24fe753e196cbf3723b9ef5fa024a9c7f59ae3750b11f93dad46800722,7f572ceef1ef572eba009075d92950c26fad8d446cab27d9fc146604f8f883a6,model_contract,jobfair_platform,required_field_change,cases/patches/jobfair_platform/model_contract/JOB-MODEL-118.patch
CRPP2-JOB-MODEL_CONTRACT-119,controlled-v2/jobfair-platform-copy,9400449,typescript,"[""src/docguard-contract-lab-v2/model_contract/contracts_02.schema.json""]","--- a/src/docguard-contract-lab-v2/model_contract/contracts_02.schema.json
+++ b/src/docguard-contract-lab-v2/model_contract/contracts_02.schema.json
@@ -251,6 +251,10 @@
         ""metadata"": {
           ""additionalProperties"": true,
           ""type"": ""object""
+        },
+        ""revision"": {
+          ""minimum"": 1,
+          ""type"": ""integer""
         },
         ""score"": {
           ""minimum"": 0,
","<!-- docs/docguard-contract-lab-v2/MODEL_CONTRACTS.md @ controlled-baseline:dd9ed4736052dcf7 -->
### JOB-MODEL-119 — `JOBPublicContract119`
- Serialized type: `object`
- Required fields: `id, status`
- `id`: `string(uuid)`
- `status`: `string`, allowed values `active|inactive`
- `score`: `integer`, minimum `0`
- `metadata`: `object`, additional properties allowed
",True,model_contract,Controlled design expectation: model_contract; independent human/owner acceptance still required before merge.,True,model_contract,"JOB-MODEL-119: kod mijenja javni/serijalizovani model iz 'metadata' u 'revision:integer (new field)' (serialized_field_added), dok docs-before eksplicitno navodi staru vrijednost; dokumentacija bi zato postala zastarjela.",approved,b9e23aadc39dbb63116705eb6755a5fe764704a6751da8afa186d79b60bf5d21,5daed04fc9c3e01eeea8ea785ecfef6651268ba0ae191afb175cf2e199bf30b0,model_contract,jobfair_platform,serialized_field_added,cases/patches/jobfair_platform/model_contract/JOB-MODEL-119.patch
CRPP2-JOB-MODEL_CONTRACT-120,controlled-v2/jobfair-platform-copy,9400450,typescript,"[""src/docguard-contract-lab-v2/model_contract/contracts_02.schema.json""]","--- a/src/docguard-contract-lab-v2/model_contract/contracts_02.schema.json
+++ b/src/docguard-contract-lab-v2/model_contract/contracts_02.schema.json
@@ -274,13 +274,13 @@
     {
       ""contractId"": ""JOB-MODEL-120"",
       ""properties"": {
-        ""id"": {
-          ""format"": ""uuid"",
-          ""type"": ""string""
-        },
-        ""metadata"": {
-          ""additionalProperties"": true,
-          ""type"": ""object""
+        ""attributes"": {
+          ""additionalProperties"": true,
+          ""type"": ""object""
+        },
+        ""id"": {
+          ""format"": ""uuid"",
+          ""type"": ""string""
         },
         ""score"": {
           ""minimum"": 0,
","<!-- docs/docguard-contract-lab-v2/MODEL_CONTRACTS.md @ controlled-baseline:dd9ed4736052dcf7 -->
### JOB-MODEL-120 — `JOBPublicContract120`
- Serialized type: `object`
- Required fields: `id, status`
- `id`: `string(uuid)`
- `status`: `string`, allowed values `active|inactive`
- `score`: `integer`, minimum `0`
- `metadata`: `object`, additional properties allowed
",True,model_contract,Controlled design expectation: model_contract; independent human/owner acceptance still required before merge.,True,model_contract,"JOB-MODEL-120: kod mijenja javni/serijalizovani model iz 'metadata' u 'attributes' (serialized_field_rename), dok docs-before eksplicitno navodi staru vrijednost; dokumentacija bi zato postala zastarjela.",approved,575e3ad51eb0dc644a2d6fab1cedc0e9e500aa4878655eb913dfd71ad4db2a30,6c7fae8eca0b968d4a5b4dc63223ae18279c14cdd9514dbd3dcf11656269aef4,model_contract,jobfair_platform,serialized_field_rename,cases/patches/jobfair_platform/model_contract/JOB-MODEL-120.patch
CRPP2-JOB-MODEL_CONTRACT-121,controlled-v2/jobfair-platform-copy,9400451,typescript,"[""src/docguard-contract-lab-v2/model_contract/contracts_03.schema.json""]","--- a/src/docguard-contract-lab-v2/model_contract/contracts_03.schema.json
+++ b/src/docguard-contract-lab-v2/model_contract/contracts_03.schema.json
@@ -17,11 +17,8 @@
           ""type"": ""integer""
         },
         ""status"": {
-          ""enum"": [
-            ""active"",
-            ""inactive""
-          ],
-          ""type"": ""string""
+          ""minimum"": 0,
+          ""type"": ""integer""
         }
       },
       ""required"": [
","<!-- docs/docguard-contract-lab-v2/MODEL_CONTRACTS.md @ controlled-baseline:dd9ed4736052dcf7 -->
### JOB-MODEL-121 — `JOBPublicContract121`
- Serialized type: `object`
- Required fields: `id, status`
- `id`: `string(uuid)`
- `status`: `string`, allowed values `active|inactive`
- `score`: `integer`, minimum `0`
- `metadata`: `object`, additional properties allowed
",True,model_contract,Controlled design expectation: model_contract; independent human/owner acceptance still required before merge.,True,model_contract,"JOB-MODEL-121: kod mijenja javni/serijalizovani model iz 'status' u 'status:integer' (serialized_field_type_change), dok docs-before eksplicitno navodi staru vrijednost; dokumentacija bi zato postala zastarjela.",approved,76780b222b313d870f43e7e0105aab97d231bdda760249f77da27fca1eea7bec,426565ae825d6bda89ccf1ac5df616928cbe5e34dc7f6e9d8bae3ddaa20b2e2c,model_contract,jobfair_platform,serialized_field_type_change,cases/patches/jobfair_platform/model_contract/JOB-MODEL-121.patch
CRPP2-JOB-MODEL_CONTRACT-122,controlled-v2/jobfair-platform-copy,9400452,typescript,"[""src/docguard-contract-lab-v2/model_contract/contracts_03.schema.json""]","--- a/src/docguard-contract-lab-v2/model_contract/contracts_03.schema.json
+++ b/src/docguard-contract-lab-v2/model_contract/contracts_03.schema.json
@@ -56,7 +56,8 @@
       },
       ""required"": [
         ""id"",
-        ""status""
+        ""status"",
+        ""score""
       ],
       ""title"": ""JOBPublicContract122"",
       ""type"": ""object""
","<!-- docs/docguard-contract-lab-v2/MODEL_CONTRACTS.md @ controlled-baseline:dd9ed4736052dcf7 -->
### JOB-MODEL-122 — `JOBPublicContract122`
- Serialized type: `object`
- Required fields: `id, status`
- `id`: `string(uuid)`
- `status`: `string`, allowed values `active|inactive`
- `score`: `integer`, minimum `0`
- `metadata`: `object`, additional properties allowed
",True,model_contract,Controlled design expectation: model_contract; independent human/owner acceptance still required before merge.,True,model_contract,"JOB-MODEL-122: kod mijenja javni/serijalizovani model iz 'id, status' u 'id, status, score' (required_field_change), dok docs-before eksplicitno navodi staru vrijednost; dokumentacija bi zato postala zastarjela.",approved,3070d4947e39f0cb68b3ce4a977ed23f770278504c34558c84d250ea79685183,cb7b05477b20d50e6bd93eb0734b76eb946157449207aece18d9d0a0de28890d,model_contract,jobfair_platform,required_field_change,cases/patches/jobfair_platform/model_contract/JOB-MODEL-122.patch
CRPP2-JOB-MODEL_CONTRACT-123,controlled-v2/jobfair-platform-copy,9400453,typescript,"[""src/docguard-contract-lab-v2/model_contract/contracts_03.schema.json""]","--- a/src/docguard-contract-lab-v2/model_contract/contracts_03.schema.json
+++ b/src/docguard-contract-lab-v2/model_contract/contracts_03.schema.json
@@ -71,6 +71,10 @@
         ""metadata"": {
           ""additionalProperties"": true,
           ""type"": ""object""
+        },
+        ""revision"": {
+          ""minimum"": 1,
+          ""type"": ""integer""
         },
         ""score"": {
           ""minimum"": 0,
","<!-- docs/docguard-contract-lab-v2/MODEL_CONTRACTS.md @ controlled-baseline:dd9ed4736052dcf7 -->
### JOB-MODEL-123 — `JOBPublicContract123`
- Serialized type: `object`
- Required fields: `id, status`
- `id`: `string(uuid)`
- `status`: `string`, allowed values `active|inactive`
- `score`: `integer`, minimum `0`
- `metadata`: `object`, additional properties allowed
",True,model_contract,Controlled design expectation: model_contract; independent human/owner acceptance still required before merge.,True,model_contract,"JOB-MODEL-123: kod mijenja javni/serijalizovani model iz 'metadata' u 'revision:integer (new field)' (serialized_field_added), dok docs-before eksplicitno navodi staru vrijednost; dokumentacija bi zato postala zastarjela.",approved,87c2c3509509ccb0cebcc491dc91ac202a19a2ab989f4625432ceb7f9458b79d,19ca1f1d892e37fda86dbb25dc695b6f477b65055cde2ba12877670b2d0cc583,model_contract,jobfair_platform,serialized_field_added,cases/patches/jobfair_platform/model_contract/JOB-MODEL-123.patch
CRPP2-JOB-MODEL_CONTRACT-124,controlled-v2/jobfair-platform-copy,9400454,typescript,"[""src/docguard-contract-lab-v2/model_contract/contracts_03.schema.json""]","--- a/src/docguard-contract-lab-v2/model_contract/contracts_03.schema.json
+++ b/src/docguard-contract-lab-v2/model_contract/contracts_03.schema.json
@@ -94,13 +94,13 @@
     {
       ""contractId"": ""JOB-MODEL-124"",
       ""properties"": {
-        ""id"": {
-          ""format"": ""uuid"",
-          ""type"": ""string""
-        },
-        ""metadata"": {
-          ""additionalProperties"": true,
-          ""type"": ""object""
+        ""attributes"": {
+          ""additionalProperties"": true,
+          ""type"": ""object""
+        },
+        ""id"": {
+          ""format"": ""uuid"",
+          ""type"": ""string""
         },
         ""score"": {
           ""minimum"": 0,
","<!-- docs/docguard-contract-lab-v2/MODEL_CONTRACTS.md @ controlled-baseline:dd9ed4736052dcf7 -->
### JOB-MODEL-124 — `JOBPublicContract124`
- Serialized type: `object`
- Required fields: `id, status`
- `id`: `string(uuid)`
- `status`: `string`, allowed values `active|inactive`
- `score`: `integer`, minimum `0`
- `metadata`: `object`, additional properties allowed
",True,model_contract,Controlled design expectation: model_contract; independent human/owner acceptance still required before merge.,True,model_contract,"JOB-MODEL-124: kod mijenja javni/serijalizovani model iz 'metadata' u 'attributes' (serialized_field_rename), dok docs-before eksplicitno navodi staru vrijednost; dokumentacija bi zato postala zastarjela.",approved,57f1c7ddfa3f455ef75cd1182d7b282a67e6ed767c3a20e0fbd3569bda3b7c2e,d163ca0875269e0c5451bccc0c92aee25d227ecd7f13e0b2c7263788ac960c3a,model_contract,jobfair_platform,serialized_field_rename,cases/patches/jobfair_platform/model_contract/JOB-MODEL-124.patch
CRPP2-JOB-MODEL_CONTRACT-125,controlled-v2/jobfair-platform-copy,9400455,typescript,"[""src/docguard-contract-lab-v2/model_contract/contracts_03.schema.json""]","--- a/src/docguard-contract-lab-v2/model_contract/contracts_03.schema.json
+++ b/src/docguard-contract-lab-v2/model_contract/contracts_03.schema.json
@@ -137,11 +137,8 @@
           ""type"": ""integer""
         },
         ""status"": {
-          ""enum"": [
-            ""active"",
-            ""inactive""
-          ],
-          ""type"": ""string""
+          ""minimum"": 0,
+          ""type"": ""integer""
         }
       },
       ""required"": [
","<!-- docs/docguard-contract-lab-v2/MODEL_CONTRACTS.md @ controlled-baseline:dd9ed4736052dcf7 -->
### JOB-MODEL-125 — `JOBPublicContract125`
- Serialized type: `object`
- Required fields: `id, status`
- `id`: `string(uuid)`
- `status`: `string`, allowed values `active|inactive`
- `score`: `integer`, minimum `0`
- `metadata`: `object`, additional properties allowed
",True,model_contract,Controlled design expectation: model_contract; independent human/owner acceptance still required before merge.,True,model_contract,"JOB-MODEL-125: kod mijenja javni/serijalizovani model iz 'status' u 'status:integer' (serialized_field_type_change), dok docs-before eksplicitno navodi staru vrijednost; dokumentacija bi zato postala zastarjela.",approved,6bdb46fd3fa720ef12c2a18d9cfc07c8e19cc73036a8149ddafb54228b21dc04,ebdc47f68441d9e059b0be935661885a69cdd099fc8a0ffb3cb5215fab3e7919,model_contract,jobfair_platform,serialized_field_type_change,cases/patches/jobfair_platform/model_contract/JOB-MODEL-125.patch
CRPP2-JOB-MODEL_CONTRACT-126,controlled-v2/jobfair-platform-copy,9400456,typescript,"[""src/docguard-contract-lab-v2/model_contract/contracts_03.schema.json""]","--- a/src/docguard-contract-lab-v2/model_contract/contracts_03.schema.json
+++ b/src/docguard-contract-lab-v2/model_contract/contracts_03.schema.json
@@ -176,7 +176,8 @@
       },
       ""required"": [
         ""id"",
-        ""status""
+        ""status"",
+        ""score""
       ],
       ""title"": ""JOBPublicContract126"",
       ""type"": ""object""
","<!-- docs/docguard-contract-lab-v2/MODEL_CONTRACTS.md @ controlled-baseline:dd9ed4736052dcf7 -->
### JOB-MODEL-126 — `JOBPublicContract126`
- Serialized type: `object`
- Required fields: `id, status`
- `id`: `string(uuid)`
- `status`: `string`, allowed values `active|inactive`
- `score`: `integer`, minimum `0`
- `metadata`: `object`, additional properties allowed
",True,model_contract,Controlled design expectation: model_contract; independent human/owner acceptance still required before merge.,True,model_contract,"JOB-MODEL-126: kod mijenja javni/serijalizovani model iz 'id, status' u 'id, status, score' (required_field_change), dok docs-before eksplicitno navodi staru vrijednost; dokumentacija bi zato postala zastarjela.",approved,c71943af0a5d204ab7df62302c69855f8a3100ec31592b1ebfd95b332801ffe0,270b792c17956c56a53c04f29c67108b7eb940385c04670a39e4796ef731e9a5,model_contract,jobfair_platform,required_field_change,cases/patches/jobfair_platform/model_contract/JOB-MODEL-126.patch
CRPP2-JOB-MODEL_CONTRACT-127,controlled-v2/jobfair-platform-copy,9400457,typescript,"[""src/docguard-contract-lab-v2/model_contract/contracts_03.schema.json""]","--- a/src/docguard-contract-lab-v2/model_contract/contracts_03.schema.json
+++ b/src/docguard-contract-lab-v2/model_contract/contracts_03.schema.json
@@ -191,6 +191,10 @@
         ""metadata"": {
           ""additionalProperties"": true,
           ""type"": ""object""
+        },
+        ""revision"": {
+          ""minimum"": 1,
+          ""type"": ""integer""
         },
         ""score"": {
           ""minimum"": 0,
","<!-- docs/docguard-contract-lab-v2/MODEL_CONTRACTS.md @ controlled-baseline:dd9ed4736052dcf7 -->
### JOB-MODEL-127 — `JOBPublicContract127`
- Serialized type: `object`
- Required fields: `id, status`
- `id`: `string(uuid)`
- `status`: `string`, allowed values `active|inactive`
- `score`: `integer`, minimum `0`
- `metadata`: `object`, additional properties allowed
",True,model_contract,Controlled design expectation: model_contract; independent human/owner acceptance still required before merge.,True,model_contract,"JOB-MODEL-127: kod mijenja javni/serijalizovani model iz 'metadata' u 'revision:integer (new field)' (serialized_field_added), dok docs-before eksplicitno navodi staru vrijednost; dokumentacija bi zato postala zastarjela.",approved,f34ea8c98ec212701fc1a83f1e2ed6668ba60a2d0faed5750c4236c25174baa4,34839e80a34f8e0e15e892ff806fb60d6af16c576da302efa74f22b5e56988d9,model_contract,jobfair_platform,serialized_field_added,cases/patches/jobfair_platform/model_contract/JOB-MODEL-127.patch
CRPP2-JOB-MODEL_CONTRACT-128,controlled-v2/jobfair-platform-copy,9400458,typescript,"[""src/docguard-contract-lab-v2/model_contract/contracts_03.schema.json""]","--- a/src/docguard-contract-lab-v2/model_contract/contracts_03.schema.json
+++ b/src/docguard-contract-lab-v2/model_contract/contracts_03.schema.json
@@ -214,13 +214,13 @@
     {
       ""contractId"": ""JOB-MODEL-128"",
       ""properties"": {
-        ""id"": {
-          ""format"": ""uuid"",
-          ""type"": ""string""
-        },
-        ""metadata"": {
-          ""additionalProperties"": true,
-          ""type"": ""object""
+        ""attributes"": {
+          ""additionalProperties"": true,
+          ""type"": ""object""
+        },
+        ""id"": {
+          ""format"": ""uuid"",
+          ""type"": ""string""
         },
         ""score"": {
           ""minimum"": 0,
","<!-- docs/docguard-contract-lab-v2/MODEL_CONTRACTS.md @ controlled-baseline:dd9ed4736052dcf7 -->
### JOB-MODEL-128 — `JOBPublicContract128`
- Serialized type: `object`
- Required fields: `id, status`
- `id`: `string(uuid)`
- `status`: `string`, allowed values `active|inactive`
- `score`: `integer`, minimum `0`
- `metadata`: `object`, additional properties allowed
",True,model_contract,Controlled design expectation: model_contract; independent human/owner acceptance still required before merge.,True,model_contract,"JOB-MODEL-128: kod mijenja javni/serijalizovani model iz 'metadata' u 'attributes' (serialized_field_rename), dok docs-before eksplicitno navodi staru vrijednost; dokumentacija bi zato postala zastarjela.",approved,4b066ed8997a1d4ac498ffb0ebe115c7af5239e89ad384770577ccb114e8c24e,bf7a4e558bd85a1bac63e29b851ed9fa9dfc9971be2eb42bead38515512c9003,model_contract,jobfair_platform,serialized_field_rename,cases/patches/jobfair_platform/model_contract/JOB-MODEL-128.patch
CRPP2-JOB-MODEL_CONTRACT-129,controlled-v2/jobfair-platform-copy,9400459,typescript,"[""src/docguard-contract-lab-v2/model_contract/contracts_03.schema.json""]","--- a/src/docguard-contract-lab-v2/model_contract/contracts_03.schema.json
+++ b/src/docguard-contract-lab-v2/model_contract/contracts_03.schema.json
@@ -257,11 +257,8 @@
           ""type"": ""integer""
         },
         ""status"": {
-          ""enum"": [
-            ""active"",
-            ""inactive""
-          ],
-          ""type"": ""string""
+          ""minimum"": 0,
+          ""type"": ""integer""
         }
       },
       ""required"": [
","<!-- docs/docguard-contract-lab-v2/MODEL_CONTRACTS.md @ controlled-baseline:dd9ed4736052dcf7 -->
### JOB-MODEL-129 — `JOBPublicContract129`
- Serialized type: `object`
- Required fields: `id, status`
- `id`: `string(uuid)`
- `status`: `string`, allowed values `active|inactive`
- `score`: `integer`, minimum `0`
- `metadata`: `object`, additional properties allowed
",True,model_contract,Controlled design expectation: model_contract; independent human/owner acceptance still required before merge.,True,model_contract,"JOB-MODEL-129: kod mijenja javni/serijalizovani model iz 'status' u 'status:integer' (serialized_field_type_change), dok docs-before eksplicitno navodi staru vrijednost; dokumentacija bi zato postala zastarjela.",approved,c2fd3d649d72a912959c27d7e190f5d24822d37f9bcf8624357810276a12f0a3,b52ba50e2e140aebdc54b281d28d58304cbd1392b46001304a61693d7df93dbe,model_contract,jobfair_platform,serialized_field_type_change,cases/patches/jobfair_platform/model_contract/JOB-MODEL-129.patch
CRPP2-JOB-MODEL_CONTRACT-130,controlled-v2/jobfair-platform-copy,9400460,typescript,"[""src/docguard-contract-lab-v2/model_contract/contracts_03.schema.json""]","--- a/src/docguard-contract-lab-v2/model_contract/contracts_03.schema.json
+++ b/src/docguard-contract-lab-v2/model_contract/contracts_03.schema.json
@@ -296,7 +296,8 @@
       },
       ""required"": [
         ""id"",
-        ""status""
+        ""status"",
+        ""score""
       ],
       ""title"": ""JOBPublicContract130"",
       ""type"": ""object""
","<!-- docs/docguard-contract-lab-v2/MODEL_CONTRACTS.md @ controlled-baseline:dd9ed4736052dcf7 -->
### JOB-MODEL-130 — `JOBPublicContract130`
- Serialized type: `object`
- Required fields: `id, status`
- `id`: `string(uuid)`
- `status`: `string`, allowed values `active|inactive`
- `score`: `integer`, minimum `0`
- `metadata`: `object`, additional properties allowed
",True,model_contract,Controlled design expectation: model_contract; independent human/owner acceptance still required before merge.,True,model_contract,"JOB-MODEL-130: kod mijenja javni/serijalizovani model iz 'id, status' u 'id, status, score' (required_field_change), dok docs-before eksplicitno navodi staru vrijednost; dokumentacija bi zato postala zastarjela.",approved,3a3b95ceeebc24781ed3c242938a76bd21851247e4278577c55eb7c40c8e853d,131cc40f5ef0f31716b32d8ade8a1cbddd9259236e585b1a91379da1e9bab559,model_contract,jobfair_platform,required_field_change,cases/patches/jobfair_platform/model_contract/JOB-MODEL-130.patch
CRPP2-JOB-MODEL_CONTRACT-131,controlled-v2/jobfair-platform-copy,9400461,typescript,"[""src/docguard-contract-lab-v2/model_contract/contracts_04.schema.json""]","--- a/src/docguard-contract-lab-v2/model_contract/contracts_04.schema.json
+++ b/src/docguard-contract-lab-v2/model_contract/contracts_04.schema.json
@@ -11,6 +11,10 @@
         ""metadata"": {
           ""additionalProperties"": true,
           ""type"": ""object""
+        },
+        ""revision"": {
+          ""minimum"": 1,
+          ""type"": ""integer""
         },
         ""score"": {
           ""minimum"": 0,
","<!-- docs/docguard-contract-lab-v2/MODEL_CONTRACTS.md @ controlled-baseline:dd9ed4736052dcf7 -->
### JOB-MODEL-131 — `JOBPublicContract131`
- Serialized type: `object`
- Required fields: `id, status`
- `id`: `string(uuid)`
- `status`: `string`, allowed values `active|inactive`
- `score`: `integer`, minimum `0`
- `metadata`: `object`, additional properties allowed
",True,model_contract,Controlled design expectation: model_contract; independent human/owner acceptance still required before merge.,True,model_contract,"JOB-MODEL-131: kod mijenja javni/serijalizovani model iz 'metadata' u 'revision:integer (new field)' (serialized_field_added), dok docs-before eksplicitno navodi staru vrijednost; dokumentacija bi zato postala zastarjela.",approved,db38d496db3306a2199854bfb506327d824f185554782433c3056a2be20b25ea,5fb89016611452ac2a125288869cf94de932b84513e24425b20b3ee258403581,model_contract,jobfair_platform,serialized_field_added,cases/patches/jobfair_platform/model_contract/JOB-MODEL-131.patch
CRPP2-JOB-MODEL_CONTRACT-132,controlled-v2/jobfair-platform-copy,9400462,typescript,"[""src/docguard-contract-lab-v2/model_contract/contracts_04.schema.json""]","--- a/src/docguard-contract-lab-v2/model_contract/contracts_04.schema.json
+++ b/src/docguard-contract-lab-v2/model_contract/contracts_04.schema.json
@@ -34,13 +34,13 @@
     {
       ""contractId"": ""JOB-MODEL-132"",
       ""properties"": {
-        ""id"": {
-          ""format"": ""uuid"",
-          ""type"": ""string""
-        },
-        ""metadata"": {
-          ""additionalProperties"": true,
-          ""type"": ""object""
+        ""attributes"": {
+          ""additionalProperties"": true,
+          ""type"": ""object""
+        },
+        ""id"": {
+          ""format"": ""uuid"",
+          ""type"": ""string""
         },
         ""score"": {
           ""minimum"": 0,
","<!-- docs/docguard-contract-lab-v2/MODEL_CONTRACTS.md @ controlled-baseline:dd9ed4736052dcf7 -->
### JOB-MODEL-132 — `JOBPublicContract132`
- Serialized type: `object`
- Required fields: `id, status`
- `id`: `string(uuid)`
- `status`: `string`, allowed values `active|inactive`
- `score`: `integer`, minimum `0`
- `metadata`: `object`, additional properties allowed
",True,model_contract,Controlled design expectation: model_contract; independent human/owner acceptance still required before merge.,True,model_contract,"JOB-MODEL-132: kod mijenja javni/serijalizovani model iz 'metadata' u 'attributes' (serialized_field_rename), dok docs-before eksplicitno navodi staru vrijednost; dokumentacija bi zato postala zastarjela.",approved,ecddf4d58d68112ec2c38dc074ed33861c5f4646f4e69f99630c3d617ea94cd9,057fca89a948de2dca9dd009359cd329ca215195eeffd9233dddc449542b7e61,model_contract,jobfair_platform,serialized_field_rename,cases/patches/jobfair_platform/model_contract/JOB-MODEL-132.patch
CRPP2-JOB-MODEL_CONTRACT-133,controlled-v2/jobfair-platform-copy,9400463,typescript,"[""src/docguard-contract-lab-v2/model_contract/contracts_04.schema.json""]","--- a/src/docguard-contract-lab-v2/model_contract/contracts_04.schema.json
+++ b/src/docguard-contract-lab-v2/model_contract/contracts_04.schema.json
@@ -77,11 +77,8 @@
           ""type"": ""integer""
         },
         ""status"": {
-          ""enum"": [
-            ""active"",
-            ""inactive""
-          ],
-          ""type"": ""string""
+          ""minimum"": 0,
+          ""type"": ""integer""
         }
       },
       ""required"": [
","<!-- docs/docguard-contract-lab-v2/MODEL_CONTRACTS.md @ controlled-baseline:dd9ed4736052dcf7 -->
### JOB-MODEL-133 — `JOBPublicContract133`
- Serialized type: `object`
- Required fields: `id, status`
- `id`: `string(uuid)`
- `status`: `string`, allowed values `active|inactive`
- `score`: `integer`, minimum `0`
- `metadata`: `object`, additional properties allowed
",True,model_contract,Controlled design expectation: model_contract; independent human/owner acceptance still required before merge.,True,model_contract,"JOB-MODEL-133: kod mijenja javni/serijalizovani model iz 'status' u 'status:integer' (serialized_field_type_change), dok docs-before eksplicitno navodi staru vrijednost; dokumentacija bi zato postala zastarjela.",approved,18ea7b11e9297b5379d3139965afd3553a3a4f57a22abc179d6a99bcf472719e,256ef6dcb098379e79e26c71fb70c92e0b01a47370cc0e46b3a4813b0e7b4934,model_contract,jobfair_platform,serialized_field_type_change,cases/patches/jobfair_platform/model_contract/JOB-MODEL-133.patch
CRPP2-JOB-MODEL_CONTRACT-134,controlled-v2/jobfair-platform-copy,9400464,typescript,"[""src/docguard-contract-lab-v2/model_contract/contracts_04.schema.json""]","--- a/src/docguard-contract-lab-v2/model_contract/contracts_04.schema.json
+++ b/src/docguard-contract-lab-v2/model_contract/contracts_04.schema.json
@@ -116,7 +116,8 @@
       },
       ""required"": [
         ""id"",
-        ""status""
+        ""status"",
+        ""score""
       ],
       ""title"": ""JOBPublicContract134"",
       ""type"": ""object""
","<!-- docs/docguard-contract-lab-v2/MODEL_CONTRACTS.md @ controlled-baseline:dd9ed4736052dcf7 -->
### JOB-MODEL-134 — `JOBPublicContract134`
- Serialized type: `object`
- Required fields: `id, status`
- `id`: `string(uuid)`
- `status`: `string`, allowed values `active|inactive`
- `score`: `integer`, minimum `0`
- `metadata`: `object`, additional properties allowed
",True,model_contract,Controlled design expectation: model_contract; independent human/owner acceptance still required before merge.,True,model_contract,"JOB-MODEL-134: kod mijenja javni/serijalizovani model iz 'id, status' u 'id, status, score' (required_field_change), dok docs-before eksplicitno navodi staru vrijednost; dokumentacija bi zato postala zastarjela.",approved,049b97c061afeaea032a7c2be8dedcb61fa3f92e72df70200c7cc4705201dcce,a1411ee12598b161d2dfa3e96e5867ed5e68ce5df206e6b72a236518b0820a0a,model_contract,jobfair_platform,required_field_change,cases/patches/jobfair_platform/model_contract/JOB-MODEL-134.patch
CRPP2-JOB-MODEL_CONTRACT-135,controlled-v2/jobfair-platform-copy,9400465,typescript,"[""src/docguard-contract-lab-v2/model_contract/contracts_04.schema.json""]","--- a/src/docguard-contract-lab-v2/model_contract/contracts_04.schema.json
+++ b/src/docguard-contract-lab-v2/model_contract/contracts_04.schema.json
@@ -131,6 +131,10 @@
         ""metadata"": {
           ""additionalProperties"": true,
           ""type"": ""object""
+        },
+        ""revision"": {
+          ""minimum"": 1,
+          ""type"": ""integer""
         },
         ""score"": {
           ""minimum"": 0,
","<!-- docs/docguard-contract-lab-v2/MODEL_CONTRACTS.md @ controlled-baseline:dd9ed4736052dcf7 -->
### JOB-MODEL-135 — `JOBPublicContract135`
- Serialized type: `object`
- Required fields: `id, status`
- `id`: `string(uuid)`
- `status`: `string`, allowed values `active|inactive`
- `score`: `integer`, minimum `0`
- `metadata`: `object`, additional properties allowed
",True,model_contract,Controlled design expectation: model_contract; independent human/owner acceptance still required before merge.,True,model_contract,"JOB-MODEL-135: kod mijenja javni/serijalizovani model iz 'metadata' u 'revision:integer (new field)' (serialized_field_added), dok docs-before eksplicitno navodi staru vrijednost; dokumentacija bi zato postala zastarjela.",approved,7a0e05c75d88878fd632dd878856839ff4e84d1fb33f5a0fa07c34dde50a666e,b184480fbf5751ca27103032fab1ca64e763efe9794dbf5f6d0082e16b4df00a,model_contract,jobfair_platform,serialized_field_added,cases/patches/jobfair_platform/model_contract/JOB-MODEL-135.patch
CRPP2-JOB-MODEL_CONTRACT-136,controlled-v2/jobfair-platform-copy,9400466,typescript,"[""src/docguard-contract-lab-v2/model_contract/contracts_04.schema.json""]","--- a/src/docguard-contract-lab-v2/model_contract/contracts_04.schema.json
+++ b/src/docguard-contract-lab-v2/model_contract/contracts_04.schema.json
@@ -154,13 +154,13 @@
     {
       ""contractId"": ""JOB-MODEL-136"",
       ""properties"": {
-        ""id"": {
-          ""format"": ""uuid"",
-          ""type"": ""string""
-        },
-        ""metadata"": {
-          ""additionalProperties"": true,
-          ""type"": ""object""
+        ""attributes"": {
+          ""additionalProperties"": true,
+          ""type"": ""object""
+        },
+        ""id"": {
+          ""format"": ""uuid"",
+          ""type"": ""string""
         },
         ""score"": {
           ""minimum"": 0,
","<!-- docs/docguard-contract-lab-v2/MODEL_CONTRACTS.md @ controlled-baseline:dd9ed4736052dcf7 -->
### JOB-MODEL-136 — `JOBPublicContract136`
- Serialized type: `object`
- Required fields: `id, status`
- `id`: `string(uuid)`
- `status`: `string`, allowed values `active|inactive`
- `score`: `integer`, minimum `0`
- `metadata`: `object`, additional properties allowed
",True,model_contract,Controlled design expectation: model_contract; independent human/owner acceptance still required before merge.,True,model_contract,"JOB-MODEL-136: kod mijenja javni/serijalizovani model iz 'metadata' u 'attributes' (serialized_field_rename), dok docs-before eksplicitno navodi staru vrijednost; dokumentacija bi zato postala zastarjela.",approved,2a8664fa1779dccf9a2b973714a7abf88a2925ecb4af5b76626526e0da550b1f,77df5b3f1c0d3fe2698bf78b0b3f7b9e71d826167e8d19c730c612156595ae29,model_contract,jobfair_platform,serialized_field_rename,cases/patches/jobfair_platform/model_contract/JOB-MODEL-136.patch
CRPP2-JOB-MODEL_CONTRACT-137,controlled-v2/jobfair-platform-copy,9400467,typescript,"[""src/docguard-contract-lab-v2/model_contract/contracts_04.schema.json""]","--- a/src/docguard-contract-lab-v2/model_contract/contracts_04.schema.json
+++ b/src/docguard-contract-lab-v2/model_contract/contracts_04.schema.json
@@ -197,11 +197,8 @@
           ""type"": ""integer""
         },
         ""status"": {
-          ""enum"": [
-            ""active"",
-            ""inactive""
-          ],
-          ""type"": ""string""
+          ""minimum"": 0,
+          ""type"": ""integer""
         }
       },
       ""required"": [
","<!-- docs/docguard-contract-lab-v2/MODEL_CONTRACTS.md @ controlled-baseline:dd9ed4736052dcf7 -->
### JOB-MODEL-137 — `JOBPublicContract137`
- Serialized type: `object`
- Required fields: `id, status`
- `id`: `string(uuid)`
- `status`: `string`, allowed values `active|inactive`
- `score`: `integer`, minimum `0`
- `metadata`: `object`, additional properties allowed
",True,model_contract,Controlled design expectation: model_contract; independent human/owner acceptance still required before merge.,True,model_contract,"JOB-MODEL-137: kod mijenja javni/serijalizovani model iz 'status' u 'status:integer' (serialized_field_type_change), dok docs-before eksplicitno navodi staru vrijednost; dokumentacija bi zato postala zastarjela.",approved,3ded175b609066118b5f5e21c6f795fe07f7d58e7d39c1b2af920f02cad1214d,f194576d8726d2604664a9492fcbd918bc9a615918827979d834f2a2891d5f82,model_contract,jobfair_platform,serialized_field_type_change,cases/patches/jobfair_platform/model_contract/JOB-MODEL-137.patch
CRPP2-JOB-MODEL_CONTRACT-138,controlled-v2/jobfair-platform-copy,9400468,typescript,"[""src/docguard-contract-lab-v2/model_contract/contracts_04.schema.json""]","--- a/src/docguard-contract-lab-v2/model_contract/contracts_04.schema.json
+++ b/src/docguard-contract-lab-v2/model_contract/contracts_04.schema.json
@@ -236,7 +236,8 @@
       },
       ""required"": [
         ""id"",
-        ""status""
+        ""status"",
+        ""score""
       ],
       ""title"": ""JOBPublicContract138"",
       ""type"": ""object""
","<!-- docs/docguard-contract-lab-v2/MODEL_CONTRACTS.md @ controlled-baseline:dd9ed4736052dcf7 -->
### JOB-MODEL-138 — `JOBPublicContract138`
- Serialized type: `object`
- Required fields: `id, status`
- `id`: `string(uuid)`
- `status`: `string`, allowed values `active|inactive`
- `score`: `integer`, minimum `0`
- `metadata`: `object`, additional properties allowed
",True,model_contract,Controlled design expectation: model_contract; independent human/owner acceptance still required before merge.,True,model_contract,"JOB-MODEL-138: kod mijenja javni/serijalizovani model iz 'id, status' u 'id, status, score' (required_field_change), dok docs-before eksplicitno navodi staru vrijednost; dokumentacija bi zato postala zastarjela.",approved,f2462cdbb54cf2911c72d213ec1a2a52f69b2706703de72ca21f8f9fa8b42adb,a2e8027fb3312542ccd6dba8e8add4bf79b89b6fad2578b9821a81e23ec54299,model_contract,jobfair_platform,required_field_change,cases/patches/jobfair_platform/model_contract/JOB-MODEL-138.patch
CRPP2-JOB-MODEL_CONTRACT-139,controlled-v2/jobfair-platform-copy,9400469,typescript,"[""src/docguard-contract-lab-v2/model_contract/contracts_04.schema.json""]","--- a/src/docguard-contract-lab-v2/model_contract/contracts_04.schema.json
+++ b/src/docguard-contract-lab-v2/model_contract/contracts_04.schema.json
@@ -251,6 +251,10 @@
         ""metadata"": {
           ""additionalProperties"": true,
           ""type"": ""object""
+        },
+        ""revision"": {
+          ""minimum"": 1,
+          ""type"": ""integer""
         },
         ""score"": {
           ""minimum"": 0,
","<!-- docs/docguard-contract-lab-v2/MODEL_CONTRACTS.md @ controlled-baseline:dd9ed4736052dcf7 -->
### JOB-MODEL-139 — `JOBPublicContract139`
- Serialized type: `object`
- Required fields: `id, status`
- `id`: `string(uuid)`
- `status`: `string`, allowed values `active|inactive`
- `score`: `integer`, minimum `0`
- `metadata`: `object`, additional properties allowed
",True,model_contract,Controlled design expectation: model_contract; independent human/owner acceptance still required before merge.,True,model_contract,"JOB-MODEL-139: kod mijenja javni/serijalizovani model iz 'metadata' u 'revision:integer (new field)' (serialized_field_added), dok docs-before eksplicitno navodi staru vrijednost; dokumentacija bi zato postala zastarjela.",approved,bd6496161e8bdfea0faabd378314d3f6c3a02ed2e26349cc9df1196894aabbc4,630bc47604f16cab6cbf5df2cb9c391d7174c5e25014446db2e2619049350d45,model_contract,jobfair_platform,serialized_field_added,cases/patches/jobfair_platform/model_contract/JOB-MODEL-139.patch
CRPP2-JOB-MODEL_CONTRACT-140,controlled-v2/jobfair-platform-copy,9400470,typescript,"[""src/docguard-contract-lab-v2/model_contract/contracts_04.schema.json""]","--- a/src/docguard-contract-lab-v2/model_contract/contracts_04.schema.json
+++ b/src/docguard-contract-lab-v2/model_contract/contracts_04.schema.json
@@ -274,13 +274,13 @@
     {
       ""contractId"": ""JOB-MODEL-140"",
       ""properties"": {
-        ""id"": {
-          ""format"": ""uuid"",
-          ""type"": ""string""
-        },
-        ""metadata"": {
-          ""additionalProperties"": true,
-          ""type"": ""object""
+        ""attributes"": {
+          ""additionalProperties"": true,
+          ""type"": ""object""
+        },
+        ""id"": {
+          ""format"": ""uuid"",
+          ""type"": ""string""
         },
         ""score"": {
           ""minimum"": 0,
","<!-- docs/docguard-contract-lab-v2/MODEL_CONTRACTS.md @ controlled-baseline:dd9ed4736052dcf7 -->
### JOB-MODEL-140 — `JOBPublicContract140`
- Serialized type: `object`
- Required fields: `id, status`
- `id`: `string(uuid)`
- `status`: `string`, allowed values `active|inactive`
- `score`: `integer`, minimum `0`
- `metadata`: `object`, additional properties allowed
",True,model_contract,Controlled design expectation: model_contract; independent human/owner acceptance still required before merge.,True,model_contract,"JOB-MODEL-140: kod mijenja javni/serijalizovani model iz 'metadata' u 'attributes' (serialized_field_rename), dok docs-before eksplicitno navodi staru vrijednost; dokumentacija bi zato postala zastarjela.",approved,6e9431e9c3b6812e125766c2c5c26c3f29fcd6b40d17a7b848355d242fc518d6,688a5229c4555614cc8a24c6be93328dfa3b8766c6854ffa3cce714031973bad,model_contract,jobfair_platform,serialized_field_rename,cases/patches/jobfair_platform/model_contract/JOB-MODEL-140.patch
CRPP2-JOB-MODEL_CONTRACT-141,controlled-v2/jobfair-platform-copy,9400471,typescript,"[""src/docguard-contract-lab-v2/model_contract/contracts_05.schema.json""]","--- a/src/docguard-contract-lab-v2/model_contract/contracts_05.schema.json
+++ b/src/docguard-contract-lab-v2/model_contract/contracts_05.schema.json
@@ -17,11 +17,8 @@
           ""type"": ""integer""
         },
         ""status"": {
-          ""enum"": [
-            ""active"",
-            ""inactive""
-          ],
-          ""type"": ""string""
+          ""minimum"": 0,
+          ""type"": ""integer""
         }
       },
       ""required"": [
","<!-- docs/docguard-contract-lab-v2/MODEL_CONTRACTS.md @ controlled-baseline:dd9ed4736052dcf7 -->
### JOB-MODEL-141 — `JOBPublicContract141`
- Serialized type: `object`
- Required fields: `id, status`
- `id`: `string(uuid)`
- `status`: `string`, allowed values `active|inactive`
- `score`: `integer`, minimum `0`
- `metadata`: `object`, additional properties allowed
",True,model_contract,Controlled design expectation: model_contract; independent human/owner acceptance still required before merge.,True,model_contract,"JOB-MODEL-141: kod mijenja javni/serijalizovani model iz 'status' u 'status:integer' (serialized_field_type_change), dok docs-before eksplicitno navodi staru vrijednost; dokumentacija bi zato postala zastarjela.",approved,9182d0a3de294c2f2d0096cec97b3bbebdfe14c3a63b65d749d0b8beecce00a4,981b57cf02cc98ccfbda7564b0774016ba82cd29cab4ef26b5ee90535db1916b,model_contract,jobfair_platform,serialized_field_type_change,cases/patches/jobfair_platform/model_contract/JOB-MODEL-141.patch
CRPP2-JOB-MODEL_CONTRACT-142,controlled-v2/jobfair-platform-copy,9400472,typescript,"[""src/docguard-contract-lab-v2/model_contract/contracts_05.schema.json""]","--- a/src/docguard-contract-lab-v2/model_contract/contracts_05.schema.json
+++ b/src/docguard-contract-lab-v2/model_contract/contracts_05.schema.json
@@ -56,7 +56,8 @@
       },
       ""required"": [
         ""id"",
-        ""status""
+        ""status"",
+        ""score""
       ],
       ""title"": ""JOBPublicContract142"",
       ""type"": ""object""
","<!-- docs/docguard-contract-lab-v2/MODEL_CONTRACTS.md @ controlled-baseline:dd9ed4736052dcf7 -->
### JOB-MODEL-142 — `JOBPublicContract142`
- Serialized type: `object`
- Required fields: `id, status`
- `id`: `string(uuid)`
- `status`: `string`, allowed values `active|inactive`
- `score`: `integer`, minimum `0`
- `metadata`: `object`, additional properties allowed
",True,model_contract,Controlled design expectation: model_contract; independent human/owner acceptance still required before merge.,True,model_contract,"JOB-MODEL-142: kod mijenja javni/serijalizovani model iz 'id, status' u 'id, status, score' (required_field_change), dok docs-before eksplicitno navodi staru vrijednost; dokumentacija bi zato postala zastarjela.",approved,2b012680db00263d24168aef0772fea0f5b11b543248e830a62b92fc6897ae57,bd8b357199e5a758f698b3473c5a633131dfaf13c832608d54dca531110590ef,model_contract,jobfair_platform,required_field_change,cases/patches/jobfair_platform/model_contract/JOB-MODEL-142.patch
CRPP2-JOB-MODEL_CONTRACT-143,controlled-v2/jobfair-platform-copy,9400473,typescript,"[""src/docguard-contract-lab-v2/model_contract/contracts_05.schema.json""]","--- a/src/docguard-contract-lab-v2/model_contract/contracts_05.schema.json
+++ b/src/docguard-contract-lab-v2/model_contract/contracts_05.schema.json
@@ -71,6 +71,10 @@
         ""metadata"": {
           ""additionalProperties"": true,
           ""type"": ""object""
+        },
+        ""revision"": {
+          ""minimum"": 1,
+          ""type"": ""integer""
         },
         ""score"": {
           ""minimum"": 0,
","<!-- docs/docguard-contract-lab-v2/MODEL_CONTRACTS.md @ controlled-baseline:dd9ed4736052dcf7 -->
### JOB-MODEL-143 — `JOBPublicContract143`
- Serialized type: `object`
- Required fields: `id, status`
- `id`: `string(uuid)`
- `status`: `string`, allowed values `active|inactive`
- `score`: `integer`, minimum `0`
- `metadata`: `object`, additional properties allowed
",True,model_contract,Controlled design expectation: model_contract; independent human/owner acceptance still required before merge.,True,model_contract,"JOB-MODEL-143: kod mijenja javni/serijalizovani model iz 'metadata' u 'revision:integer (new field)' (serialized_field_added), dok docs-before eksplicitno navodi staru vrijednost; dokumentacija bi zato postala zastarjela.",approved,9bffae0e3f5d895081c9ebacc06c87463411f8f5ff97b5c295046b54872c1291,db49db57737e2c15de862f4155efcd9944ceae11677418bbdf7a405839fab7cd,model_contract,jobfair_platform,serialized_field_added,cases/patches/jobfair_platform/model_contract/JOB-MODEL-143.patch
CRPP2-JOB-MODEL_CONTRACT-144,controlled-v2/jobfair-platform-copy,9400474,typescript,"[""src/docguard-contract-lab-v2/model_contract/contracts_05.schema.json""]","--- a/src/docguard-contract-lab-v2/model_contract/contracts_05.schema.json
+++ b/src/docguard-contract-lab-v2/model_contract/contracts_05.schema.json
@@ -94,13 +94,13 @@
     {
       ""contractId"": ""JOB-MODEL-144"",
       ""properties"": {
-        ""id"": {
-          ""format"": ""uuid"",
-          ""type"": ""string""
-        },
-        ""metadata"": {
-          ""additionalProperties"": true,
-          ""type"": ""object""
+        ""attributes"": {
+          ""additionalProperties"": true,
+          ""type"": ""object""
+        },
+        ""id"": {
+          ""format"": ""uuid"",
+          ""type"": ""string""
         },
         ""score"": {
           ""minimum"": 0,
","<!-- docs/docguard-contract-lab-v2/MODEL_CONTRACTS.md @ controlled-baseline:dd9ed4736052dcf7 -->
### JOB-MODEL-144 — `JOBPublicContract144`
- Serialized type: `object`
- Required fields: `id, status`
- `id`: `string(uuid)`
- `status`: `string`, allowed values `active|inactive`
- `score`: `integer`, minimum `0`
- `metadata`: `object`, additional properties allowed
",True,model_contract,Controlled design expectation: model_contract; independent human/owner acceptance still required before merge.,True,model_contract,"JOB-MODEL-144: kod mijenja javni/serijalizovani model iz 'metadata' u 'attributes' (serialized_field_rename), dok docs-before eksplicitno navodi staru vrijednost; dokumentacija bi zato postala zastarjela.",approved,e69ac07db86a31f03c6abc4bdd8a92de70b8d5e229fc8d80eee2fc78f11c999b,2c8cadebe1118892bcdada3438edc13edfb88e5a357b99fdf853860b19aa168d,model_contract,jobfair_platform,serialized_field_rename,cases/patches/jobfair_platform/model_contract/JOB-MODEL-144.patch
CRPP2-JOB-MODEL_CONTRACT-145,controlled-v2/jobfair-platform-copy,9400475,typescript,"[""src/docguard-contract-lab-v2/model_contract/contracts_05.schema.json""]","--- a/src/docguard-contract-lab-v2/model_contract/contracts_05.schema.json
+++ b/src/docguard-contract-lab-v2/model_contract/contracts_05.schema.json
@@ -137,11 +137,8 @@
           ""type"": ""integer""
         },
         ""status"": {
-          ""enum"": [
-            ""active"",
-            ""inactive""
-          ],
-          ""type"": ""string""
+          ""minimum"": 0,
+          ""type"": ""integer""
         }
       },
       ""required"": [
","<!-- docs/docguard-contract-lab-v2/MODEL_CONTRACTS.md @ controlled-baseline:dd9ed4736052dcf7 -->
### JOB-MODEL-145 — `JOBPublicContract145`
- Serialized type: `object`
- Required fields: `id, status`
- `id`: `string(uuid)`
- `status`: `string`, allowed values `active|inactive`
- `score`: `integer`, minimum `0`
- `metadata`: `object`, additional properties allowed
",True,model_contract,Controlled design expectation: model_contract; independent human/owner acceptance still required before merge.,True,model_contract,"JOB-MODEL-145: kod mijenja javni/serijalizovani model iz 'status' u 'status:integer' (serialized_field_type_change), dok docs-before eksplicitno navodi staru vrijednost; dokumentacija bi zato postala zastarjela.",approved,dd0b3ed8ab5766366d1b024a23564b94eb5fd1db821fd0df3ffd22a9b2438c66,e6f5072ad67b0f5c2f74576f72812150fbc1dbac9139c2e9dd1be73400682df2,model_contract,jobfair_platform,serialized_field_type_change,cases/patches/jobfair_platform/model_contract/JOB-MODEL-145.patch
CRPP2-JOB-MODEL_CONTRACT-146,controlled-v2/jobfair-platform-copy,9400476,typescript,"[""src/docguard-contract-lab-v2/model_contract/contracts_05.schema.json""]","--- a/src/docguard-contract-lab-v2/model_contract/contracts_05.schema.json
+++ b/src/docguard-contract-lab-v2/model_contract/contracts_05.schema.json
@@ -176,7 +176,8 @@
       },
       ""required"": [
         ""id"",
-        ""status""
+        ""status"",
+        ""score""
       ],
       ""title"": ""JOBPublicContract146"",
       ""type"": ""object""
","<!-- docs/docguard-contract-lab-v2/MODEL_CONTRACTS.md @ controlled-baseline:dd9ed4736052dcf7 -->
### JOB-MODEL-146 — `JOBPublicContract146`
- Serialized type: `object`
- Required fields: `id, status`
- `id`: `string(uuid)`
- `status`: `string`, allowed values `active|inactive`
- `score`: `integer`, minimum `0`
- `metadata`: `object`, additional properties allowed
",True,model_contract,Controlled design expectation: model_contract; independent human/owner acceptance still required before merge.,True,model_contract,"JOB-MODEL-146: kod mijenja javni/serijalizovani model iz 'id, status' u 'id, status, score' (required_field_change), dok docs-before eksplicitno navodi staru vrijednost; dokumentacija bi zato postala zastarjela.",approved,80749a2fd99c5876a1b52f7b53e03570cf4a50403a348ad7d146f1464dc5965a,d045a143fecb2914832143f1ebb78ea191bf8ab66fcd0771ec2e81ad347bf695,model_contract,jobfair_platform,required_field_change,cases/patches/jobfair_platform/model_contract/JOB-MODEL-146.patch
CRPP2-JOB-MODEL_CONTRACT-147,controlled-v2/jobfair-platform-copy,9400477,typescript,"[""src/docguard-contract-lab-v2/model_contract/contracts_05.schema.json""]","--- a/src/docguard-contract-lab-v2/model_contract/contracts_05.schema.json
+++ b/src/docguard-contract-lab-v2/model_contract/contracts_05.schema.json
@@ -191,6 +191,10 @@
         ""metadata"": {
           ""additionalProperties"": true,
           ""type"": ""object""
+        },
+        ""revision"": {
+          ""minimum"": 1,
+          ""type"": ""integer""
         },
         ""score"": {
           ""minimum"": 0,
","<!-- docs/docguard-contract-lab-v2/MODEL_CONTRACTS.md @ controlled-baseline:dd9ed4736052dcf7 -->
### JOB-MODEL-147 — `JOBPublicContract147`
- Serialized type: `object`
- Required fields: `id, status`
- `id`: `string(uuid)`
- `status`: `string`, allowed values `active|inactive`
- `score`: `integer`, minimum `0`
- `metadata`: `object`, additional properties allowed
",True,model_contract,Controlled design expectation: model_contract; independent human/owner acceptance still required before merge.,True,model_contract,"JOB-MODEL-147: kod mijenja javni/serijalizovani model iz 'metadata' u 'revision:integer (new field)' (serialized_field_added), dok docs-before eksplicitno navodi staru vrijednost; dokumentacija bi zato postala zastarjela.",approved,075f921e4adffed5dce29e34e0db37564cfeab16aa21ed4ed49f19cfc33363d4,24cd650c894ed35cba2aa17913e51a84bacf62bb67be32c7ef2da6ae73d4b5bf,model_contract,jobfair_platform,serialized_field_added,cases/patches/jobfair_platform/model_contract/JOB-MODEL-147.patch
CRPP2-JOB-MODEL_CONTRACT-148,controlled-v2/jobfair-platform-copy,9400478,typescript,"[""src/docguard-contract-lab-v2/model_contract/contracts_05.schema.json""]","--- a/src/docguard-contract-lab-v2/model_contract/contracts_05.schema.json
+++ b/src/docguard-contract-lab-v2/model_contract/contracts_05.schema.json
@@ -214,13 +214,13 @@
     {
       ""contractId"": ""JOB-MODEL-148"",
       ""properties"": {
-        ""id"": {
-          ""format"": ""uuid"",
-          ""type"": ""string""
-        },
-        ""metadata"": {
-          ""additionalProperties"": true,
-          ""type"": ""object""
+        ""attributes"": {
+          ""additionalProperties"": true,
+          ""type"": ""object""
+        },
+        ""id"": {
+          ""format"": ""uuid"",
+          ""type"": ""string""
         },
         ""score"": {
           ""minimum"": 0,
","<!-- docs/docguard-contract-lab-v2/MODEL_CONTRACTS.md @ controlled-baseline:dd9ed4736052dcf7 -->
### JOB-MODEL-148 — `JOBPublicContract148`
- Serialized type: `object`
- Required fields: `id, status`
- `id`: `string(uuid)`
- `status`: `string`, allowed values `active|inactive`
- `score`: `integer`, minimum `0`
- `metadata`: `object`, additional properties allowed
",True,model_contract,Controlled design expectation: model_contract; independent human/owner acceptance still required before merge.,True,model_contract,"JOB-MODEL-148: kod mijenja javni/serijalizovani model iz 'metadata' u 'attributes' (serialized_field_rename), dok docs-before eksplicitno navodi staru vrijednost; dokumentacija bi zato postala zastarjela.",approved,50bc7fa9abfebcbe2dde793873c8817a9c8e8645a202bbd286524842839157e2,cbbd43655eee728a056f198ba7d43a9b33c62724dd4dbc1ac4b6c6154943d3d2,model_contract,jobfair_platform,serialized_field_rename,cases/patches/jobfair_platform/model_contract/JOB-MODEL-148.patch
CRPP2-JOB-MODEL_CONTRACT-149,controlled-v2/jobfair-platform-copy,9400479,typescript,"[""src/docguard-contract-lab-v2/model_contract/contracts_05.schema.json""]","--- a/src/docguard-contract-lab-v2/model_contract/contracts_05.schema.json
+++ b/src/docguard-contract-lab-v2/model_contract/contracts_05.schema.json
@@ -257,11 +257,8 @@
           ""type"": ""integer""
         },
         ""status"": {
-          ""enum"": [
-            ""active"",
-            ""inactive""
-          ],
-          ""type"": ""string""
+          ""minimum"": 0,
+          ""type"": ""integer""
         }
       },
       ""required"": [
","<!-- docs/docguard-contract-lab-v2/MODEL_CONTRACTS.md @ controlled-baseline:dd9ed4736052dcf7 -->
### JOB-MODEL-149 — `JOBPublicContract149`
- Serialized type: `object`
- Required fields: `id, status`
- `id`: `string(uuid)`
- `status`: `string`, allowed values `active|inactive`
- `score`: `integer`, minimum `0`
- `metadata`: `object`, additional properties allowed
",True,model_contract,Controlled design expectation: model_contract; independent human/owner acceptance still required before merge.,True,model_contract,"JOB-MODEL-149: kod mijenja javni/serijalizovani model iz 'status' u 'status:integer' (serialized_field_type_change), dok docs-before eksplicitno navodi staru vrijednost; dokumentacija bi zato postala zastarjela.",approved,2d21e5b8372047128a02f9e29dfa46d902e8d0ad14c63011dbc43d340c38af1c,2f5087987a3c0a8d47396ce37c86194d0b1ef55f03db7cfe4c4f39b668d416c7,model_contract,jobfair_platform,serialized_field_type_change,cases/patches/jobfair_platform/model_contract/JOB-MODEL-149.patch
CRPP2-JOB-MODEL_CONTRACT-150,controlled-v2/jobfair-platform-copy,9400480,typescript,"[""src/docguard-contract-lab-v2/model_contract/contracts_05.schema.json""]","--- a/src/docguard-contract-lab-v2/model_contract/contracts_05.schema.json
+++ b/src/docguard-contract-lab-v2/model_contract/contracts_05.schema.json
@@ -296,7 +296,8 @@
       },
       ""required"": [
         ""id"",
-        ""status""
+        ""status"",
+        ""score""
       ],
       ""title"": ""JOBPublicContract150"",
       ""type"": ""object""
","<!-- docs/docguard-contract-lab-v2/MODEL_CONTRACTS.md @ controlled-baseline:dd9ed4736052dcf7 -->
### JOB-MODEL-150 — `JOBPublicContract150`
- Serialized type: `object`
- Required fields: `id, status`
- `id`: `string(uuid)`
- `status`: `string`, allowed values `active|inactive`
- `score`: `integer`, minimum `0`
- `metadata`: `object`, additional properties allowed
",True,model_contract,Controlled design expectation: model_contract; independent human/owner acceptance still required before merge.,True,model_contract,"JOB-MODEL-150: kod mijenja javni/serijalizovani model iz 'id, status' u 'id, status, score' (required_field_change), dok docs-before eksplicitno navodi staru vrijednost; dokumentacija bi zato postala zastarjela.",approved,bd154b9b84e0a21955864e8c4ff85fb23c632611c4ccd5e78fd997655879af88,177b36b051397068ccfa8c43b452f61bdb8dfb80b68b00fda8c24091af787749,model_contract,jobfair_platform,required_field_change,cases/patches/jobfair_platform/model_contract/JOB-MODEL-150.patch
CRPP2-JOB-MODEL_CONTRACT-151,controlled-v2/jobfair-platform-copy,9400481,typescript,"[""src/docguard-contract-lab-v2/model_contract/contracts_06.schema.json""]","--- a/src/docguard-contract-lab-v2/model_contract/contracts_06.schema.json
+++ b/src/docguard-contract-lab-v2/model_contract/contracts_06.schema.json
@@ -11,6 +11,10 @@
         ""metadata"": {
           ""additionalProperties"": true,
           ""type"": ""object""
+        },
+        ""revision"": {
+          ""minimum"": 1,
+          ""type"": ""integer""
         },
         ""score"": {
           ""minimum"": 0,
","<!-- docs/docguard-contract-lab-v2/MODEL_CONTRACTS.md @ controlled-baseline:dd9ed4736052dcf7 -->
### JOB-MODEL-151 — `JOBPublicContract151`
- Serialized type: `object`
- Required fields: `id, status`
- `id`: `string(uuid)`
- `status`: `string`, allowed values `active|inactive`
- `score`: `integer`, minimum `0`
- `metadata`: `object`, additional properties allowed
",True,model_contract,Controlled design expectation: model_contract; independent human/owner acceptance still required before merge.,True,model_contract,"JOB-MODEL-151: kod mijenja javni/serijalizovani model iz 'metadata' u 'revision:integer (new field)' (serialized_field_added), dok docs-before eksplicitno navodi staru vrijednost; dokumentacija bi zato postala zastarjela.",approved,e5ae623d1c911e55449e9bb04fa28e478affc2a8eb1afaeab0e8ebbaeaf95dbb,7bf51d7dbd9fb6ae8a8f7ae4f84c27f49808f05ef242b706ec71ca0d524e9c3b,model_contract,jobfair_platform,serialized_field_added,cases/patches/jobfair_platform/model_contract/JOB-MODEL-151.patch
CRPP2-JOB-MODEL_CONTRACT-152,controlled-v2/jobfair-platform-copy,9400482,typescript,"[""src/docguard-contract-lab-v2/model_contract/contracts_06.schema.json""]","--- a/src/docguard-contract-lab-v2/model_contract/contracts_06.schema.json
+++ b/src/docguard-contract-lab-v2/model_contract/contracts_06.schema.json
@@ -34,13 +34,13 @@
     {
       ""contractId"": ""JOB-MODEL-152"",
       ""properties"": {
-        ""id"": {
-          ""format"": ""uuid"",
-          ""type"": ""string""
-        },
-        ""metadata"": {
-          ""additionalProperties"": true,
-          ""type"": ""object""
+        ""attributes"": {
+          ""additionalProperties"": true,
+          ""type"": ""object""
+        },
+        ""id"": {
+          ""format"": ""uuid"",
+          ""type"": ""string""
         },
         ""score"": {
           ""minimum"": 0,
","<!-- docs/docguard-contract-lab-v2/MODEL_CONTRACTS.md @ controlled-baseline:dd9ed4736052dcf7 -->
### JOB-MODEL-152 — `JOBPublicContract152`
- Serialized type: `object`
- Required fields: `id, status`
- `id`: `string(uuid)`
- `status`: `string`, allowed values `active|inactive`
- `score`: `integer`, minimum `0`
- `metadata`: `object`, additional properties allowed
",True,model_contract,Controlled design expectation: model_contract; independent human/owner acceptance still required before merge.,True,model_contract,"JOB-MODEL-152: kod mijenja javni/serijalizovani model iz 'metadata' u 'attributes' (serialized_field_rename), dok docs-before eksplicitno navodi staru vrijednost; dokumentacija bi zato postala zastarjela.",approved,66caac1f07b9b6f9468fd0879673fae0c603c20c153117a3728d21d1fe626dcb,ff6c36c4575ce78400663e2a7dc5265c18b1c85ad2ef98ac3e3e72f5e6384122,model_contract,jobfair_platform,serialized_field_rename,cases/patches/jobfair_platform/model_contract/JOB-MODEL-152.patch
CRPP2-JOB-MODEL_CONTRACT-153,controlled-v2/jobfair-platform-copy,9400483,typescript,"[""src/docguard-contract-lab-v2/model_contract/contracts_06.schema.json""]","--- a/src/docguard-contract-lab-v2/model_contract/contracts_06.schema.json
+++ b/src/docguard-contract-lab-v2/model_contract/contracts_06.schema.json
@@ -77,11 +77,8 @@
           ""type"": ""integer""
         },
         ""status"": {
-          ""enum"": [
-            ""active"",
-            ""inactive""
-          ],
-          ""type"": ""string""
+          ""minimum"": 0,
+          ""type"": ""integer""
         }
       },
       ""required"": [
","<!-- docs/docguard-contract-lab-v2/MODEL_CONTRACTS.md @ controlled-baseline:dd9ed4736052dcf7 -->
### JOB-MODEL-153 — `JOBPublicContract153`
- Serialized type: `object`
- Required fields: `id, status`
- `id`: `string(uuid)`
- `status`: `string`, allowed values `active|inactive`
- `score`: `integer`, minimum `0`
- `metadata`: `object`, additional properties allowed
",True,model_contract,Controlled design expectation: model_contract; independent human/owner acceptance still required before merge.,True,model_contract,"JOB-MODEL-153: kod mijenja javni/serijalizovani model iz 'status' u 'status:integer' (serialized_field_type_change), dok docs-before eksplicitno navodi staru vrijednost; dokumentacija bi zato postala zastarjela.",approved,a4ea1d1d327cd0e342d7281297ea3f581139cb9712e19dcac451bc16b698fd77,5982dbd22a6a1e432e8c415f91afe592458a391af7bccd97e6e0787079ff4d53,model_contract,jobfair_platform,serialized_field_type_change,cases/patches/jobfair_platform/model_contract/JOB-MODEL-153.patch
CRPP2-JOB-MODEL_CONTRACT-154,controlled-v2/jobfair-platform-copy,9400484,typescript,"[""src/docguard-contract-lab-v2/model_contract/contracts_06.schema.json""]","--- a/src/docguard-contract-lab-v2/model_contract/contracts_06.schema.json
+++ b/src/docguard-contract-lab-v2/model_contract/contracts_06.schema.json
@@ -116,7 +116,8 @@
       },
       ""required"": [
         ""id"",
-        ""status""
+        ""status"",
+        ""score""
       ],
       ""title"": ""JOBPublicContract154"",
       ""type"": ""object""
","<!-- docs/docguard-contract-lab-v2/MODEL_CONTRACTS.md @ controlled-baseline:dd9ed4736052dcf7 -->
### JOB-MODEL-154 — `JOBPublicContract154`
- Serialized type: `object`
- Required fields: `id, status`
- `id`: `string(uuid)`
- `status`: `string`, allowed values `active|inactive`
- `score`: `integer`, minimum `0`
- `metadata`: `object`, additional properties allowed
",True,model_contract,Controlled design expectation: model_contract; independent human/owner acceptance still required before merge.,True,model_contract,"JOB-MODEL-154: kod mijenja javni/serijalizovani model iz 'id, status' u 'id, status, score' (required_field_change), dok docs-before eksplicitno navodi staru vrijednost; dokumentacija bi zato postala zastarjela.",approved,2ba0a1ad620716253585d264f2ee4197a18d5d1cb1da5985d54ccca977bcd625,d036ec01f03d012695a68ae686049cf27584302458138c53507e17fe1dd32a62,model_contract,jobfair_platform,required_field_change,cases/patches/jobfair_platform/model_contract/JOB-MODEL-154.patch
CRPP2-JOB-MODEL_CONTRACT-155,controlled-v2/jobfair-platform-copy,9400485,typescript,"[""src/docguard-contract-lab-v2/model_contract/contracts_06.schema.json""]","--- a/src/docguard-contract-lab-v2/model_contract/contracts_06.schema.json
+++ b/src/docguard-contract-lab-v2/model_contract/contracts_06.schema.json
@@ -131,6 +131,10 @@
         ""metadata"": {
           ""additionalProperties"": true,
           ""type"": ""object""
+        },
+        ""revision"": {
+          ""minimum"": 1,
+          ""type"": ""integer""
         },
         ""score"": {
           ""minimum"": 0,
","<!-- docs/docguard-contract-lab-v2/MODEL_CONTRACTS.md @ controlled-baseline:dd9ed4736052dcf7 -->
### JOB-MODEL-155 — `JOBPublicContract155`
- Serialized type: `object`
- Required fields: `id, status`
- `id`: `string(uuid)`
- `status`: `string`, allowed values `active|inactive`
- `score`: `integer`, minimum `0`
- `metadata`: `object`, additional properties allowed
",True,model_contract,Controlled design expectation: model_contract; independent human/owner acceptance still required before merge.,True,model_contract,"JOB-MODEL-155: kod mijenja javni/serijalizovani model iz 'metadata' u 'revision:integer (new field)' (serialized_field_added), dok docs-before eksplicitno navodi staru vrijednost; dokumentacija bi zato postala zastarjela.",approved,38d9fff2d98fa7a069a567bcd099b2f9f7dfaa63d664f17a3d71cef8ed827214,b009d24500c060e9553de37e712e26841739b1223c85854a0be2f5737b5729b3,model_contract,jobfair_platform,serialized_field_added,cases/patches/jobfair_platform/model_contract/JOB-MODEL-155.patch
CRPP2-JOB-MODEL_CONTRACT-156,controlled-v2/jobfair-platform-copy,9400486,typescript,"[""src/docguard-contract-lab-v2/model_contract/contracts_06.schema.json""]","--- a/src/docguard-contract-lab-v2/model_contract/contracts_06.schema.json
+++ b/src/docguard-contract-lab-v2/model_contract/contracts_06.schema.json
@@ -154,13 +154,13 @@
     {
       ""contractId"": ""JOB-MODEL-156"",
       ""properties"": {
-        ""id"": {
-          ""format"": ""uuid"",
-          ""type"": ""string""
-        },
-        ""metadata"": {
-          ""additionalProperties"": true,
-          ""type"": ""object""
+        ""attributes"": {
+          ""additionalProperties"": true,
+          ""type"": ""object""
+        },
+        ""id"": {
+          ""format"": ""uuid"",
+          ""type"": ""string""
         },
         ""score"": {
           ""minimum"": 0,
","<!-- docs/docguard-contract-lab-v2/MODEL_CONTRACTS.md @ controlled-baseline:dd9ed4736052dcf7 -->
### JOB-MODEL-156 — `JOBPublicContract156`
- Serialized type: `object`
- Required fields: `id, status`
- `id`: `string(uuid)`
- `status`: `string`, allowed values `active|inactive`
- `score`: `integer`, minimum `0`
- `metadata`: `object`, additional properties allowed
",True,model_contract,Controlled design expectation: model_contract; independent human/owner acceptance still required before merge.,True,model_contract,"JOB-MODEL-156: kod mijenja javni/serijalizovani model iz 'metadata' u 'attributes' (serialized_field_rename), dok docs-before eksplicitno navodi staru vrijednost; dokumentacija bi zato postala zastarjela.",approved,dd6578139580b704de01cf3767519ae906dc2134e234a9af0964b7b663a7b915,423077ba0453bacaff7e335609b0314c9f9f79b51f3174243583726d55b9d9c2,model_contract,jobfair_platform,serialized_field_rename,cases/patches/jobfair_platform/model_contract/JOB-MODEL-156.patch
CRPP2-JOB-MODEL_CONTRACT-157,controlled-v2/jobfair-platform-copy,9400487,typescript,"[""src/docguard-contract-lab-v2/model_contract/contracts_06.schema.json""]","--- a/src/docguard-contract-lab-v2/model_contract/contracts_06.schema.json
+++ b/src/docguard-contract-lab-v2/model_contract/contracts_06.schema.json
@@ -197,11 +197,8 @@
           ""type"": ""integer""
         },
         ""status"": {
-          ""enum"": [
-            ""active"",
-            ""inactive""
-          ],
-          ""type"": ""string""
+          ""minimum"": 0,
+          ""type"": ""integer""
         }
       },
       ""required"": [
","<!-- docs/docguard-contract-lab-v2/MODEL_CONTRACTS.md @ controlled-baseline:dd9ed4736052dcf7 -->
### JOB-MODEL-157 — `JOBPublicContract157`
- Serialized type: `object`
- Required fields: `id, status`
- `id`: `string(uuid)`
- `status`: `string`, allowed values `active|inactive`
- `score`: `integer`, minimum `0`
- `metadata`: `object`, additional properties allowed
",True,model_contract,Controlled design expectation: model_contract; independent human/owner acceptance still required before merge.,True,model_contract,"JOB-MODEL-157: kod mijenja javni/serijalizovani model iz 'status' u 'status:integer' (serialized_field_type_change), dok docs-before eksplicitno navodi staru vrijednost; dokumentacija bi zato postala zastarjela.",approved,c52fdeaf7398ea200ed23f72f19dc40ae20ad8424e49df8069273d2aa3609db3,19b4fc218639aa3d1069e679f785bcd8d9aef5a9d9d230011b86a2c537550545,model_contract,jobfair_platform,serialized_field_type_change,cases/patches/jobfair_platform/model_contract/JOB-MODEL-157.patch
CRPP2-JOB-MODEL_CONTRACT-158,controlled-v2/jobfair-platform-copy,9400488,typescript,"[""src/docguard-contract-lab-v2/model_contract/contracts_06.schema.json""]","--- a/src/docguard-contract-lab-v2/model_contract/contracts_06.schema.json
+++ b/src/docguard-contract-lab-v2/model_contract/contracts_06.schema.json
@@ -236,7 +236,8 @@
       },
       ""required"": [
         ""id"",
-        ""status""
+        ""status"",
+        ""score""
       ],
       ""title"": ""JOBPublicContract158"",
       ""type"": ""object""
","<!-- docs/docguard-contract-lab-v2/MODEL_CONTRACTS.md @ controlled-baseline:dd9ed4736052dcf7 -->
### JOB-MODEL-158 — `JOBPublicContract158`
- Serialized type: `object`
- Required fields: `id, status`
- `id`: `string(uuid)`
- `status`: `string`, allowed values `active|inactive`
- `score`: `integer`, minimum `0`
- `metadata`: `object`, additional properties allowed
",True,model_contract,Controlled design expectation: model_contract; independent human/owner acceptance still required before merge.,True,model_contract,"JOB-MODEL-158: kod mijenja javni/serijalizovani model iz 'id, status' u 'id, status, score' (required_field_change), dok docs-before eksplicitno navodi staru vrijednost; dokumentacija bi zato postala zastarjela.",approved,43c830614d01f99b36512eae69cb2bfb1239de532077494d8a86704fa4689f4b,c94d85a5037321e48dd385367398ac003ee21fafcef6093f50e0eb839c49f76e,model_contract,jobfair_platform,required_field_change,cases/patches/jobfair_platform/model_contract/JOB-MODEL-158.patch
CRPP2-JOB-MODEL_CONTRACT-159,controlled-v2/jobfair-platform-copy,9400489,typescript,"[""src/docguard-contract-lab-v2/model_contract/contracts_06.schema.json""]","--- a/src/docguard-contract-lab-v2/model_contract/contracts_06.schema.json
+++ b/src/docguard-contract-lab-v2/model_contract/contracts_06.schema.json
@@ -251,6 +251,10 @@
         ""metadata"": {
           ""additionalProperties"": true,
           ""type"": ""object""
+        },
+        ""revision"": {
+          ""minimum"": 1,
+          ""type"": ""integer""
         },
         ""score"": {
           ""minimum"": 0,
","<!-- docs/docguard-contract-lab-v2/MODEL_CONTRACTS.md @ controlled-baseline:dd9ed4736052dcf7 -->
### JOB-MODEL-159 — `JOBPublicContract159`
- Serialized type: `object`
- Required fields: `id, status`
- `id`: `string(uuid)`
- `status`: `string`, allowed values `active|inactive`
- `score`: `integer`, minimum `0`
- `metadata`: `object`, additional properties allowed
",True,model_contract,Controlled design expectation: model_contract; independent human/owner acceptance still required before merge.,True,model_contract,"JOB-MODEL-159: kod mijenja javni/serijalizovani model iz 'metadata' u 'revision:integer (new field)' (serialized_field_added), dok docs-before eksplicitno navodi staru vrijednost; dokumentacija bi zato postala zastarjela.",approved,499bd4903f786b83177a2f8b3505d0368f405cb309be4656e2fde2c35951c35d,548450f80352c5fcf576f68b8bb86d0368c341a3880b3f9e3105dc3932f0b011,model_contract,jobfair_platform,serialized_field_added,cases/patches/jobfair_platform/model_contract/JOB-MODEL-159.patch
CRPP2-JOB-MODEL_CONTRACT-160,controlled-v2/jobfair-platform-copy,9400490,typescript,"[""src/docguard-contract-lab-v2/model_contract/contracts_06.schema.json""]","--- a/src/docguard-contract-lab-v2/model_contract/contracts_06.schema.json
+++ b/src/docguard-contract-lab-v2/model_contract/contracts_06.schema.json
@@ -274,13 +274,13 @@
     {
       ""contractId"": ""JOB-MODEL-160"",
       ""properties"": {
-        ""id"": {
-          ""format"": ""uuid"",
-          ""type"": ""string""
-        },
-        ""metadata"": {
-          ""additionalProperties"": true,
-          ""type"": ""object""
+        ""attributes"": {
+          ""additionalProperties"": true,
+          ""type"": ""object""
+        },
+        ""id"": {
+          ""format"": ""uuid"",
+          ""type"": ""string""
         },
         ""score"": {
           ""minimum"": 0,
","<!-- docs/docguard-contract-lab-v2/MODEL_CONTRACTS.md @ controlled-baseline:dd9ed4736052dcf7 -->
### JOB-MODEL-160 — `JOBPublicContract160`
- Serialized type: `object`
- Required fields: `id, status`
- `id`: `string(uuid)`
- `status`: `string`, allowed values `active|inactive`
- `score`: `integer`, minimum `0`
- `metadata`: `object`, additional properties allowed
",True,model_contract,Controlled design expectation: model_contract; independent human/owner acceptance still required before merge.,True,model_contract,"JOB-MODEL-160: kod mijenja javni/serijalizovani model iz 'metadata' u 'attributes' (serialized_field_rename), dok docs-before eksplicitno navodi staru vrijednost; dokumentacija bi zato postala zastarjela.",approved,133a4b34fb84072613301922fe84642b462c1bc8176910f2ead7d7fdfcbf5a62,accd8253fc40e0adafa25e64af6b8fb9eae53c8a60af1e7734e7f60e3953aef5,model_contract,jobfair_platform,serialized_field_rename,cases/patches/jobfair_platform/model_contract/JOB-MODEL-160.patch
CRPP2-JOB-MODEL_CONTRACT-161,controlled-v2/jobfair-platform-copy,9400491,typescript,"[""src/docguard-contract-lab-v2/model_contract/contracts_07.schema.json""]","--- a/src/docguard-contract-lab-v2/model_contract/contracts_07.schema.json
+++ b/src/docguard-contract-lab-v2/model_contract/contracts_07.schema.json
@@ -17,11 +17,8 @@
           ""type"": ""integer""
         },
         ""status"": {
-          ""enum"": [
-            ""active"",
-            ""inactive""
-          ],
-          ""type"": ""string""
+          ""minimum"": 0,
+          ""type"": ""integer""
         }
       },
       ""required"": [
","<!-- docs/docguard-contract-lab-v2/MODEL_CONTRACTS.md @ controlled-baseline:dd9ed4736052dcf7 -->
### JOB-MODEL-161 — `JOBPublicContract161`
- Serialized type: `object`
- Required fields: `id, status`
- `id`: `string(uuid)`
- `status`: `string`, allowed values `active|inactive`
- `score`: `integer`, minimum `0`
- `metadata`: `object`, additional properties allowed
",True,model_contract,Controlled design expectation: model_contract; independent human/owner acceptance still required before merge.,True,model_contract,"JOB-MODEL-161: kod mijenja javni/serijalizovani model iz 'status' u 'status:integer' (serialized_field_type_change), dok docs-before eksplicitno navodi staru vrijednost; dokumentacija bi zato postala zastarjela.",approved,053a178a3e3098809aba844a0094e451a70493222a41537ff58f28308b73fb28,973d6a985e8a57d0cd3cbab66bac4a39797b64edd1c67f1ef0e228904bcb4683,model_contract,jobfair_platform,serialized_field_type_change,cases/patches/jobfair_platform/model_contract/JOB-MODEL-161.patch
CRPP2-JOB-MODEL_CONTRACT-162,controlled-v2/jobfair-platform-copy,9400492,typescript,"[""src/docguard-contract-lab-v2/model_contract/contracts_07.schema.json""]","--- a/src/docguard-contract-lab-v2/model_contract/contracts_07.schema.json
+++ b/src/docguard-contract-lab-v2/model_contract/contracts_07.schema.json
@@ -56,7 +56,8 @@
       },
       ""required"": [
         ""id"",
-        ""status""
+        ""status"",
+        ""score""
       ],
       ""title"": ""JOBPublicContract162"",
       ""type"": ""object""
","<!-- docs/docguard-contract-lab-v2/MODEL_CONTRACTS.md @ controlled-baseline:dd9ed4736052dcf7 -->
### JOB-MODEL-162 — `JOBPublicContract162`
- Serialized type: `object`
- Required fields: `id, status`
- `id`: `string(uuid)`
- `status`: `string`, allowed values `active|inactive`
- `score`: `integer`, minimum `0`
- `metadata`: `object`, additional properties allowed
",True,model_contract,Controlled design expectation: model_contract; independent human/owner acceptance still required before merge.,True,model_contract,"JOB-MODEL-162: kod mijenja javni/serijalizovani model iz 'id, status' u 'id, status, score' (required_field_change), dok docs-before eksplicitno navodi staru vrijednost; dokumentacija bi zato postala zastarjela.",approved,d29758848fc81d97145415c63a399ca7d70c852d119f9eb9fd921947166d35ba,3bd1825a8f6f29acd88afbb478cd2cfbf5df5cdb77e26c6dc0a34cee8d75d8f6,model_contract,jobfair_platform,required_field_change,cases/patches/jobfair_platform/model_contract/JOB-MODEL-162.patch
CRPP2-JOB-MODEL_CONTRACT-163,controlled-v2/jobfair-platform-copy,9400493,typescript,"[""src/docguard-contract-lab-v2/model_contract/contracts_07.schema.json""]","--- a/src/docguard-contract-lab-v2/model_contract/contracts_07.schema.json
+++ b/src/docguard-contract-lab-v2/model_contract/contracts_07.schema.json
@@ -71,6 +71,10 @@
         ""metadata"": {
           ""additionalProperties"": true,
           ""type"": ""object""
+        },
+        ""revision"": {
+          ""minimum"": 1,
+          ""type"": ""integer""
         },
         ""score"": {
           ""minimum"": 0,
","<!-- docs/docguard-contract-lab-v2/MODEL_CONTRACTS.md @ controlled-baseline:dd9ed4736052dcf7 -->
### JOB-MODEL-163 — `JOBPublicContract163`
- Serialized type: `object`
- Required fields: `id, status`
- `id`: `string(uuid)`
- `status`: `string`, allowed values `active|inactive`
- `score`: `integer`, minimum `0`
- `metadata`: `object`, additional properties allowed
",True,model_contract,Controlled design expectation: model_contract; independent human/owner acceptance still required before merge.,True,model_contract,"JOB-MODEL-163: kod mijenja javni/serijalizovani model iz 'metadata' u 'revision:integer (new field)' (serialized_field_added), dok docs-before eksplicitno navodi staru vrijednost; dokumentacija bi zato postala zastarjela.",approved,6ee0b3270697e914df847cd99965730caef3b75d22c8fac3891bab44b4f5baa1,7579e95665f753e95fc16048dfdf314884c0fc00dbb01011f8e4e5a7610842d2,model_contract,jobfair_platform,serialized_field_added,cases/patches/jobfair_platform/model_contract/JOB-MODEL-163.patch
CRPP2-JOB-MODEL_CONTRACT-164,controlled-v2/jobfair-platform-copy,9400494,typescript,"[""src/docguard-contract-lab-v2/model_contract/contracts_07.schema.json""]","--- a/src/docguard-contract-lab-v2/model_contract/contracts_07.schema.json
+++ b/src/docguard-contract-lab-v2/model_contract/contracts_07.schema.json
@@ -94,13 +94,13 @@
     {
       ""contractId"": ""JOB-MODEL-164"",
       ""properties"": {
-        ""id"": {
-          ""format"": ""uuid"",
-          ""type"": ""string""
-        },
-        ""metadata"": {
-          ""additionalProperties"": true,
-          ""type"": ""object""
+        ""attributes"": {
+          ""additionalProperties"": true,
+          ""type"": ""object""
+        },
+        ""id"": {
+          ""format"": ""uuid"",
+          ""type"": ""string""
         },
         ""score"": {
           ""minimum"": 0,
","<!-- docs/docguard-contract-lab-v2/MODEL_CONTRACTS.md @ controlled-baseline:dd9ed4736052dcf7 -->
### JOB-MODEL-164 — `JOBPublicContract164`
- Serialized type: `object`
- Required fields: `id, status`
- `id`: `string(uuid)`
- `status`: `string`, allowed values `active|inactive`
- `score`: `integer`, minimum `0`
- `metadata`: `object`, additional properties allowed
",True,model_contract,Controlled design expectation: model_contract; independent human/owner acceptance still required before merge.,True,model_contract,"JOB-MODEL-164: kod mijenja javni/serijalizovani model iz 'metadata' u 'attributes' (serialized_field_rename), dok docs-before eksplicitno navodi staru vrijednost; dokumentacija bi zato postala zastarjela.",approved,dc6e2a6916d504e596bfc6452d187bdd94fcb918cbf7e3f2375cd217faf6c841,d43ef9ab4de8d9e24760332b4d8bde00b894af183012278cd429ddf34ddc955d,model_contract,jobfair_platform,serialized_field_rename,cases/patches/jobfair_platform/model_contract/JOB-MODEL-164.patch
CRPP2-JOB-MODEL_CONTRACT-165,controlled-v2/jobfair-platform-copy,9400495,typescript,"[""src/docguard-contract-lab-v2/model_contract/contracts_07.schema.json""]","--- a/src/docguard-contract-lab-v2/model_contract/contracts_07.schema.json
+++ b/src/docguard-contract-lab-v2/model_contract/contracts_07.schema.json
@@ -137,11 +137,8 @@
           ""type"": ""integer""
         },
         ""status"": {
-          ""enum"": [
-            ""active"",
-            ""inactive""
-          ],
-          ""type"": ""string""
+          ""minimum"": 0,
+          ""type"": ""integer""
         }
       },
       ""required"": [
","<!-- docs/docguard-contract-lab-v2/MODEL_CONTRACTS.md @ controlled-baseline:dd9ed4736052dcf7 -->
### JOB-MODEL-165 — `JOBPublicContract165`
- Serialized type: `object`
- Required fields: `id, status`
- `id`: `string(uuid)`
- `status`: `string`, allowed values `active|inactive`
- `score`: `integer`, minimum `0`
- `metadata`: `object`, additional properties allowed
",True,model_contract,Controlled design expectation: model_contract; independent human/owner acceptance still required before merge.,True,model_contract,"JOB-MODEL-165: kod mijenja javni/serijalizovani model iz 'status' u 'status:integer' (serialized_field_type_change), dok docs-before eksplicitno navodi staru vrijednost; dokumentacija bi zato postala zastarjela.",approved,f86367a7280395fc96323de1fb1305f408c38b2ddddb6b7684327273fa0cf92e,a741b7a32bdc77aca16d171746253e3dbe5c0685e45fd105329a907359e95388,model_contract,jobfair_platform,serialized_field_type_change,cases/patches/jobfair_platform/model_contract/JOB-MODEL-165.patch
CRPP2-JOB-MODEL_CONTRACT-166,controlled-v2/jobfair-platform-copy,9400496,typescript,"[""src/docguard-contract-lab-v2/model_contract/contracts_07.schema.json""]","--- a/src/docguard-contract-lab-v2/model_contract/contracts_07.schema.json
+++ b/src/docguard-contract-lab-v2/model_contract/contracts_07.schema.json
@@ -176,7 +176,8 @@
       },
       ""required"": [
         ""id"",
-        ""status""
+        ""status"",
+        ""score""
       ],
       ""title"": ""JOBPublicContract166"",
       ""type"": ""object""
","<!-- docs/docguard-contract-lab-v2/MODEL_CONTRACTS.md @ controlled-baseline:dd9ed4736052dcf7 -->
### JOB-MODEL-166 — `JOBPublicContract166`
- Serialized type: `object`
- Required fields: `id, status`
- `id`: `string(uuid)`
- `status`: `string`, allowed values `active|inactive`
- `score`: `integer`, minimum `0`
- `metadata`: `object`, additional properties allowed
",True,model_contract,Controlled design expectation: model_contract; independent human/owner acceptance still required before merge.,True,model_contract,"JOB-MODEL-166: kod mijenja javni/serijalizovani model iz 'id, status' u 'id, status, score' (required_field_change), dok docs-before eksplicitno navodi staru vrijednost; dokumentacija bi zato postala zastarjela.",approved,e0392bd66ba88a7d4e2917c467f1ede727112deb0382916727dabd59f56fc88f,26903f8bef1e7284167b2c5a4104bb44575b489b6c2798310de2b36e5293d3c2,model_contract,jobfair_platform,required_field_change,cases/patches/jobfair_platform/model_contract/JOB-MODEL-166.patch
CRPP2-JOB-MODEL_CONTRACT-167,controlled-v2/jobfair-platform-copy,9400497,typescript,"[""src/docguard-contract-lab-v2/model_contract/contracts_07.schema.json""]","--- a/src/docguard-contract-lab-v2/model_contract/contracts_07.schema.json
+++ b/src/docguard-contract-lab-v2/model_contract/contracts_07.schema.json
@@ -191,6 +191,10 @@
         ""metadata"": {
           ""additionalProperties"": true,
           ""type"": ""object""
+        },
+        ""revision"": {
+          ""minimum"": 1,
+          ""type"": ""integer""
         },
         ""score"": {
           ""minimum"": 0,
","<!-- docs/docguard-contract-lab-v2/MODEL_CONTRACTS.md @ controlled-baseline:dd9ed4736052dcf7 -->
### JOB-MODEL-167 — `JOBPublicContract167`
- Serialized type: `object`
- Required fields: `id, status`
- `id`: `string(uuid)`
- `status`: `string`, allowed values `active|inactive`
- `score`: `integer`, minimum `0`
- `metadata`: `object`, additional properties allowed
",True,model_contract,Controlled design expectation: model_contract; independent human/owner acceptance still required before merge.,True,model_contract,"JOB-MODEL-167: kod mijenja javni/serijalizovani model iz 'metadata' u 'revision:integer (new field)' (serialized_field_added), dok docs-before eksplicitno navodi staru vrijednost; dokumentacija bi zato postala zastarjela.",approved,ef939831e6e272a4dfe25fd63ffb11d0f4b686c913ea9d0c692257432aa1ed1a,003f5cc241604f949f452c273a28ed20fb72f92adb5c37590867e0a6616a0f4b,model_contract,jobfair_platform,serialized_field_added,cases/patches/jobfair_platform/model_contract/JOB-MODEL-167.patch
CRPP2-JOB-MODEL_CONTRACT-168,controlled-v2/jobfair-platform-copy,9400498,typescript,"[""src/docguard-contract-lab-v2/model_contract/contracts_07.schema.json""]","--- a/src/docguard-contract-lab-v2/model_contract/contracts_07.schema.json
+++ b/src/docguard-contract-lab-v2/model_contract/contracts_07.schema.json
@@ -214,13 +214,13 @@
     {
       ""contractId"": ""JOB-MODEL-168"",
       ""properties"": {
-        ""id"": {
-          ""format"": ""uuid"",
-          ""type"": ""string""
-        },
-        ""metadata"": {
-          ""additionalProperties"": true,
-          ""type"": ""object""
+        ""attributes"": {
+          ""additionalProperties"": true,
+          ""type"": ""object""
+        },
+        ""id"": {
+          ""format"": ""uuid"",
+          ""type"": ""string""
         },
         ""score"": {
           ""minimum"": 0,
","<!-- docs/docguard-contract-lab-v2/MODEL_CONTRACTS.md @ controlled-baseline:dd9ed4736052dcf7 -->
### JOB-MODEL-168 — `JOBPublicContract168`
- Serialized type: `object`
- Required fields: `id, status`
- `id`: `string(uuid)`
- `status`: `string`, allowed values `active|inactive`
- `score`: `integer`, minimum `0`
- `metadata`: `object`, additional properties allowed
",True,model_contract,Controlled design expectation: model_contract; independent human/owner acceptance still required before merge.,True,model_contract,"JOB-MODEL-168: kod mijenja javni/serijalizovani model iz 'metadata' u 'attributes' (serialized_field_rename), dok docs-before eksplicitno navodi staru vrijednost; dokumentacija bi zato postala zastarjela.",approved,a2a9c8f1f9c286b528eded42431734006830e117c3adb9492b0ff3371f960778,d1b5acefa34450ab869cf6c825e3461d791c536301a8dc3fb8c4fe917d094f7b,model_contract,jobfair_platform,serialized_field_rename,cases/patches/jobfair_platform/model_contract/JOB-MODEL-168.patch
CRPP2-JOB-MODEL_CONTRACT-169,controlled-v2/jobfair-platform-copy,9400499,typescript,"[""src/docguard-contract-lab-v2/model_contract/contracts_07.schema.json""]","--- a/src/docguard-contract-lab-v2/model_contract/contracts_07.schema.json
+++ b/src/docguard-contract-lab-v2/model_contract/contracts_07.schema.json
@@ -257,11 +257,8 @@
           ""type"": ""integer""
         },
         ""status"": {
-          ""enum"": [
-            ""active"",
-            ""inactive""
-          ],
-          ""type"": ""string""
+          ""minimum"": 0,
+          ""type"": ""integer""
         }
       },
       ""required"": [
","<!-- docs/docguard-contract-lab-v2/MODEL_CONTRACTS.md @ controlled-baseline:dd9ed4736052dcf7 -->
### JOB-MODEL-169 — `JOBPublicContract169`
- Serialized type: `object`
- Required fields: `id, status`
- `id`: `string(uuid)`
- `status`: `string`, allowed values `active|inactive`
- `score`: `integer`, minimum `0`
- `metadata`: `object`, additional properties allowed
",True,model_contract,Controlled design expectation: model_contract; independent human/owner acceptance still required before merge.,True,model_contract,"JOB-MODEL-169: kod mijenja javni/serijalizovani model iz 'status' u 'status:integer' (serialized_field_type_change), dok docs-before eksplicitno navodi staru vrijednost; dokumentacija bi zato postala zastarjela.",approved,bc3a5bd31994ff820c4f6f52e51681a84d185d50933654b6476e1f1c121e89ef,11815dd7a981bb9b8e9d860d0c6f5ab1b1b04c4668603eab4a13a6279f5c1c30,model_contract,jobfair_platform,serialized_field_type_change,cases/patches/jobfair_platform/model_contract/JOB-MODEL-169.patch
CRPP2-JOB-MODEL_CONTRACT-170,controlled-v2/jobfair-platform-copy,9400500,typescript,"[""src/docguard-contract-lab-v2/model_contract/contracts_07.schema.json""]","--- a/src/docguard-contract-lab-v2/model_contract/contracts_07.schema.json
+++ b/src/docguard-contract-lab-v2/model_contract/contracts_07.schema.json
@@ -296,7 +296,8 @@
       },
       ""required"": [
         ""id"",
-        ""status""
+        ""status"",
+        ""score""
       ],
       ""title"": ""JOBPublicContract170"",
       ""type"": ""object""
","<!-- docs/docguard-contract-lab-v2/MODEL_CONTRACTS.md @ controlled-baseline:dd9ed4736052dcf7 -->
### JOB-MODEL-170 — `JOBPublicContract170`
- Serialized type: `object`
- Required fields: `id, status`
- `id`: `string(uuid)`
- `status`: `string`, allowed values `active|inactive`
- `score`: `integer`, minimum `0`
- `metadata`: `object`, additional properties allowed
",True,model_contract,Controlled design expectation: model_contract; independent human/owner acceptance still required before merge.,True,model_contract,"JOB-MODEL-170: kod mijenja javni/serijalizovani model iz 'id, status' u 'id, status, score' (required_field_change), dok docs-before eksplicitno navodi staru vrijednost; dokumentacija bi zato postala zastarjela.",approved,18c040f354055c371e0b9f6e0d131ef94cbfd98f482ed958cc15b26577af2441,64045261eeafe78936b0e3d87df452d63fdb68bffae3c1bf220a95f8e21ea00d,model_contract,jobfair_platform,required_field_change,cases/patches/jobfair_platform/model_contract/JOB-MODEL-170.patch
