case_id,repository,pr_number,language,code_changed_files,code_diff_excerpt,docs_before_excerpt,suggested_docs_update_required,suggested_doc_category,suggested_notes,human_docs_update_required,human_doc_category,human_label_notes,review_status,review_row_hash,review_context_hash,synthetic_category_by_design,source_project_key,mutation_template,patch_path
CRPP2-TFG-DEVELOPER_SETUP-216,controlled-v2/rbi-test-forge-copy,9401401,csharp,"[""TestGenerator/DocGuardContractLab-v2/developer_setup/contracts_12.json""]","--- a/TestGenerator/DocGuardContractLab-v2/developer_setup/contracts_12.json
+++ b/TestGenerator/DocGuardContractLab-v2/developer_setup/contracts_12.json
@@ -49,7 +49,7 @@
     {
       ""contractId"": ""TFG-SETUP-216"",
       ""developmentCommand"": ""dotnet run --project TestGenerator -- --profile 216"",
-      ""migrationCommand"": ""dotnet ef database update --project TestGenerator --profile 216"",
+      ""migrationCommand"": ""dotnet ef database update --project TestGenerator --profile 216 --no-build"",
       ""packageManager"": ""NuGet@6"",
       ""profile"": ""developer-profile-216"",
       ""runtime"": "".NET SDK"",
","<!-- docs/docguard-contract-lab-v2/DEVELOPER_SETUP.md @ controlled-baseline:9c9f9e9868c8fe78 -->
### TFG-SETUP-216
- Profile: `developer-profile-216`
- Required runtime: `.NET SDK 8.0`
- Package manager: `NuGet@6`
- Local development command: `dotnet run --project TestGenerator -- --profile 216`
- Migration command: `dotnet ef database update --project TestGenerator --profile 216`
",True,developer_setup,Controlled design expectation: developer_setup; independent human/owner acceptance still required before merge.,True,developer_setup,"TFG-SETUP-216: kod mijenja dokumentovani razvojni setup iz 'dotnet ef database update --project TestGenerator --profile 216' u 'dotnet ef database update --project TestGenerator --profile 216 --no-build' (migration_command_change), dok docs-before eksplicitno navodi staru vrijednost; dokumentacija bi zato postala zastarjela.",approved,199d47569826270902889f7278ab2bc0a6c4c0c154a8d77369eae5b2d4ef218e,e399fd0f0520fd2976fb3ee847e7a6fd39788c6770fc7ce170787dd9e51afc98,developer_setup,rbi_test_forge,migration_command_change,cases/patches/rbi_test_forge/developer_setup/TFG-SETUP-216.patch
CRPP2-TFG-DEVELOPER_SETUP-217,controlled-v2/rbi-test-forge-copy,9401402,csharp,"[""TestGenerator/DocGuardContractLab-v2/developer_setup/contracts_12.json""]","--- a/TestGenerator/DocGuardContractLab-v2/developer_setup/contracts_12.json
+++ b/TestGenerator/DocGuardContractLab-v2/developer_setup/contracts_12.json
@@ -62,7 +62,7 @@
       ""packageManager"": ""NuGet@6"",
       ""profile"": ""developer-profile-217"",
       ""runtime"": "".NET SDK"",
-      ""runtimeVersion"": ""8.0""
+      ""runtimeVersion"": ""10.0""
     },
     {
       ""contractId"": ""TFG-SETUP-218"",
","<!-- docs/docguard-contract-lab-v2/DEVELOPER_SETUP.md @ controlled-baseline:9c9f9e9868c8fe78 -->
### TFG-SETUP-217
- Profile: `developer-profile-217`
- Required runtime: `.NET SDK 8.0`
- Package manager: `NuGet@6`
- Local development command: `dotnet run --project TestGenerator -- --profile 217`
- Migration command: `dotnet ef database update --project TestGenerator --profile 217`
",True,developer_setup,Controlled design expectation: developer_setup; independent human/owner acceptance still required before merge.,True,developer_setup,"TFG-SETUP-217: kod mijenja dokumentovani razvojni setup iz '8.0' u '10.0' (runtime_requirement_change), dok docs-before eksplicitno navodi staru vrijednost; dokumentacija bi zato postala zastarjela.",approved,6c33075af2b85da3bfb7b6eac3119cfa163c7cf664d9791a1e73f2df7c81199b,61aadeaaacc598fa07321e2347db9a01e9a079942fafb39180337235ad9e9c49,developer_setup,rbi_test_forge,runtime_requirement_change,cases/patches/rbi_test_forge/developer_setup/TFG-SETUP-217.patch
CRPP2-TFG-DEVELOPER_SETUP-218,controlled-v2/rbi-test-forge-copy,9401403,csharp,"[""TestGenerator/DocGuardContractLab-v2/developer_setup/contracts_12.json""]","--- a/TestGenerator/DocGuardContractLab-v2/developer_setup/contracts_12.json
+++ b/TestGenerator/DocGuardContractLab-v2/developer_setup/contracts_12.json
@@ -66,7 +66,7 @@
     },
     {
       ""contractId"": ""TFG-SETUP-218"",
-      ""developmentCommand"": ""dotnet run --project TestGenerator -- --profile 218"",
+      ""developmentCommand"": ""dotnet run --project TestGenerator -- --profile 218 --strict"",
       ""migrationCommand"": ""dotnet ef database update --project TestGenerator --profile 218"",
       ""packageManager"": ""NuGet@6"",
       ""profile"": ""developer-profile-218"",
","<!-- docs/docguard-contract-lab-v2/DEVELOPER_SETUP.md @ controlled-baseline:9c9f9e9868c8fe78 -->
### TFG-SETUP-218
- Profile: `developer-profile-218`
- Required runtime: `.NET SDK 8.0`
- Package manager: `NuGet@6`
- Local development command: `dotnet run --project TestGenerator -- --profile 218`
- Migration command: `dotnet ef database update --project TestGenerator --profile 218`
",True,developer_setup,Controlled design expectation: developer_setup; independent human/owner acceptance still required before merge.,True,developer_setup,"TFG-SETUP-218: kod mijenja dokumentovani razvojni setup iz 'dotnet run --project TestGenerator -- --profile 218' u 'dotnet run --project TestGenerator -- --profile 218 --strict' (local_command_change), dok docs-before eksplicitno navodi staru vrijednost; dokumentacija bi zato postala zastarjela.",approved,7dfad6d68c2d515436f9a6f2242e1e0e4801e4403bd73603bc43e6cc411051ec,4f5c2d4a62d96c7ebba0040bd124127803035c0341befea87a6d7cab16143e81,developer_setup,rbi_test_forge,local_command_change,cases/patches/rbi_test_forge/developer_setup/TFG-SETUP-218.patch
CRPP2-TFG-DEVELOPER_SETUP-219,controlled-v2/rbi-test-forge-copy,9401404,csharp,"[""TestGenerator/DocGuardContractLab-v2/developer_setup/contracts_12.json""]","--- a/TestGenerator/DocGuardContractLab-v2/developer_setup/contracts_12.json
+++ b/TestGenerator/DocGuardContractLab-v2/developer_setup/contracts_12.json
@@ -77,7 +77,7 @@
       ""contractId"": ""TFG-SETUP-219"",
       ""developmentCommand"": ""dotnet run --project TestGenerator -- --profile 219"",
       ""migrationCommand"": ""dotnet ef database update --project TestGenerator --profile 219"",
-      ""packageManager"": ""NuGet@6"",
+      ""packageManager"": ""NuGet@7"",
       ""profile"": ""developer-profile-219"",
       ""runtime"": "".NET SDK"",
       ""runtimeVersion"": ""8.0""
","<!-- docs/docguard-contract-lab-v2/DEVELOPER_SETUP.md @ controlled-baseline:9c9f9e9868c8fe78 -->
### TFG-SETUP-219
- Profile: `developer-profile-219`
- Required runtime: `.NET SDK 8.0`
- Package manager: `NuGet@6`
- Local development command: `dotnet run --project TestGenerator -- --profile 219`
- Migration command: `dotnet ef database update --project TestGenerator --profile 219`
",True,developer_setup,Controlled design expectation: developer_setup; independent human/owner acceptance still required before merge.,True,developer_setup,"TFG-SETUP-219: kod mijenja dokumentovani razvojni setup iz 'NuGet@6' u 'NuGet@7' (package_manager_version_change), dok docs-before eksplicitno navodi staru vrijednost; dokumentacija bi zato postala zastarjela.",approved,6ae4f4f370c37cf787c5661d69c487c8f4b298f2393e47dbc0fd97d486783e40,4d5d78845b70d8883845db2c4ccb26e65acdcbd066564faf0ca3da07aa62e42e,developer_setup,rbi_test_forge,package_manager_version_change,cases/patches/rbi_test_forge/developer_setup/TFG-SETUP-219.patch
CRPP2-TFG-DEVELOPER_SETUP-220,controlled-v2/rbi-test-forge-copy,9401405,csharp,"[""TestGenerator/DocGuardContractLab-v2/developer_setup/contracts_12.json""]","--- a/TestGenerator/DocGuardContractLab-v2/developer_setup/contracts_12.json
+++ b/TestGenerator/DocGuardContractLab-v2/developer_setup/contracts_12.json
@@ -85,7 +85,7 @@
     {
       ""contractId"": ""TFG-SETUP-220"",
       ""developmentCommand"": ""dotnet run --project TestGenerator -- --profile 220"",
-      ""migrationCommand"": ""dotnet ef database update --project TestGenerator --profile 220"",
+      ""migrationCommand"": ""dotnet ef database update --project TestGenerator --profile 220 --no-build"",
       ""packageManager"": ""NuGet@6"",
       ""profile"": ""developer-profile-220"",
       ""runtime"": "".NET SDK"",
","<!-- docs/docguard-contract-lab-v2/DEVELOPER_SETUP.md @ controlled-baseline:9c9f9e9868c8fe78 -->
### TFG-SETUP-220
- Profile: `developer-profile-220`
- Required runtime: `.NET SDK 8.0`
- Package manager: `NuGet@6`
- Local development command: `dotnet run --project TestGenerator -- --profile 220`
- Migration command: `dotnet ef database update --project TestGenerator --profile 220`
",True,developer_setup,Controlled design expectation: developer_setup; independent human/owner acceptance still required before merge.,True,developer_setup,"TFG-SETUP-220: kod mijenja dokumentovani razvojni setup iz 'dotnet ef database update --project TestGenerator --profile 220' u 'dotnet ef database update --project TestGenerator --profile 220 --no-build' (migration_command_change), dok docs-before eksplicitno navodi staru vrijednost; dokumentacija bi zato postala zastarjela.",approved,722fdfaf5add87a95700f59b0f90df897c6e50db69e38560b1a521765dd51849,b1912eb00fce8c842533d8ea8fe64d61923ece677c3add6941812ad95aaa1995,developer_setup,rbi_test_forge,migration_command_change,cases/patches/rbi_test_forge/developer_setup/TFG-SETUP-220.patch
CRPP2-TFG-DEVELOPER_SETUP-221,controlled-v2/rbi-test-forge-copy,9401406,csharp,"[""TestGenerator/DocGuardContractLab-v2/developer_setup/contracts_13.json""]","--- a/TestGenerator/DocGuardContractLab-v2/developer_setup/contracts_13.json
+++ b/TestGenerator/DocGuardContractLab-v2/developer_setup/contracts_13.json
@@ -8,7 +8,7 @@
       ""packageManager"": ""NuGet@6"",
       ""profile"": ""developer-profile-221"",
       ""runtime"": "".NET SDK"",
-      ""runtimeVersion"": ""8.0""
+      ""runtimeVersion"": ""10.0""
     },
     {
       ""contractId"": ""TFG-SETUP-222"",
","<!-- docs/docguard-contract-lab-v2/DEVELOPER_SETUP.md @ controlled-baseline:9c9f9e9868c8fe78 -->
### TFG-SETUP-221
- Profile: `developer-profile-221`
- Required runtime: `.NET SDK 8.0`
- Package manager: `NuGet@6`
- Local development command: `dotnet run --project TestGenerator -- --profile 221`
- Migration command: `dotnet ef database update --project TestGenerator --profile 221`
",True,developer_setup,Controlled design expectation: developer_setup; independent human/owner acceptance still required before merge.,True,developer_setup,"TFG-SETUP-221: kod mijenja dokumentovani razvojni setup iz '8.0' u '10.0' (runtime_requirement_change), dok docs-before eksplicitno navodi staru vrijednost; dokumentacija bi zato postala zastarjela.",approved,0b93511b90a0aebaeda1dab99788f37dcc229af163bb4fbc939f1172c2909c98,dc40cf483294d0f617ccf8f2bb20d776b4d19eefe368b6b62f8232d56295695f,developer_setup,rbi_test_forge,runtime_requirement_change,cases/patches/rbi_test_forge/developer_setup/TFG-SETUP-221.patch
CRPP2-TFG-DEVELOPER_SETUP-222,controlled-v2/rbi-test-forge-copy,9401407,csharp,"[""TestGenerator/DocGuardContractLab-v2/developer_setup/contracts_13.json""]","--- a/TestGenerator/DocGuardContractLab-v2/developer_setup/contracts_13.json
+++ b/TestGenerator/DocGuardContractLab-v2/developer_setup/contracts_13.json
@@ -12,7 +12,7 @@
     },
     {
       ""contractId"": ""TFG-SETUP-222"",
-      ""developmentCommand"": ""dotnet run --project TestGenerator -- --profile 222"",
+      ""developmentCommand"": ""dotnet run --project TestGenerator -- --profile 222 --strict"",
       ""migrationCommand"": ""dotnet ef database update --project TestGenerator --profile 222"",
       ""packageManager"": ""NuGet@6"",
       ""profile"": ""developer-profile-222"",
","<!-- docs/docguard-contract-lab-v2/DEVELOPER_SETUP.md @ controlled-baseline:9c9f9e9868c8fe78 -->
### TFG-SETUP-222
- Profile: `developer-profile-222`
- Required runtime: `.NET SDK 8.0`
- Package manager: `NuGet@6`
- Local development command: `dotnet run --project TestGenerator -- --profile 222`
- Migration command: `dotnet ef database update --project TestGenerator --profile 222`
",True,developer_setup,Controlled design expectation: developer_setup; independent human/owner acceptance still required before merge.,True,developer_setup,"TFG-SETUP-222: kod mijenja dokumentovani razvojni setup iz 'dotnet run --project TestGenerator -- --profile 222' u 'dotnet run --project TestGenerator -- --profile 222 --strict' (local_command_change), dok docs-before eksplicitno navodi staru vrijednost; dokumentacija bi zato postala zastarjela.",approved,fa330740c3283272ddc87ad8e986fb348620ec1ea3e294fe46cd7e3df1150cfb,d55f12819137cdcfcdfde39307ab7bedf12aafdace3203b2ff73851d2766ae97,developer_setup,rbi_test_forge,local_command_change,cases/patches/rbi_test_forge/developer_setup/TFG-SETUP-222.patch
CRPP2-TFG-DEVELOPER_SETUP-223,controlled-v2/rbi-test-forge-copy,9401408,csharp,"[""TestGenerator/DocGuardContractLab-v2/developer_setup/contracts_13.json""]","--- a/TestGenerator/DocGuardContractLab-v2/developer_setup/contracts_13.json
+++ b/TestGenerator/DocGuardContractLab-v2/developer_setup/contracts_13.json
@@ -23,7 +23,7 @@
       ""contractId"": ""TFG-SETUP-223"",
       ""developmentCommand"": ""dotnet run --project TestGenerator -- --profile 223"",
       ""migrationCommand"": ""dotnet ef database update --project TestGenerator --profile 223"",
-      ""packageManager"": ""NuGet@6"",
+      ""packageManager"": ""NuGet@7"",
       ""profile"": ""developer-profile-223"",
       ""runtime"": "".NET SDK"",
       ""runtimeVersion"": ""8.0""
","<!-- docs/docguard-contract-lab-v2/DEVELOPER_SETUP.md @ controlled-baseline:9c9f9e9868c8fe78 -->
### TFG-SETUP-223
- Profile: `developer-profile-223`
- Required runtime: `.NET SDK 8.0`
- Package manager: `NuGet@6`
- Local development command: `dotnet run --project TestGenerator -- --profile 223`
- Migration command: `dotnet ef database update --project TestGenerator --profile 223`
",True,developer_setup,Controlled design expectation: developer_setup; independent human/owner acceptance still required before merge.,True,developer_setup,"TFG-SETUP-223: kod mijenja dokumentovani razvojni setup iz 'NuGet@6' u 'NuGet@7' (package_manager_version_change), dok docs-before eksplicitno navodi staru vrijednost; dokumentacija bi zato postala zastarjela.",approved,822b500f5bd23ea988c083e848b51303219edbedf249d69fd388dd52e3ff47c9,5f30070f39eeaea86c6d5d1f11dd6daaf20dafb1f130c14c0859e623efc3edb7,developer_setup,rbi_test_forge,package_manager_version_change,cases/patches/rbi_test_forge/developer_setup/TFG-SETUP-223.patch
CRPP2-TFG-DEVELOPER_SETUP-224,controlled-v2/rbi-test-forge-copy,9401409,csharp,"[""TestGenerator/DocGuardContractLab-v2/developer_setup/contracts_13.json""]","--- a/TestGenerator/DocGuardContractLab-v2/developer_setup/contracts_13.json
+++ b/TestGenerator/DocGuardContractLab-v2/developer_setup/contracts_13.json
@@ -31,7 +31,7 @@
     {
       ""contractId"": ""TFG-SETUP-224"",
       ""developmentCommand"": ""dotnet run --project TestGenerator -- --profile 224"",
-      ""migrationCommand"": ""dotnet ef database update --project TestGenerator --profile 224"",
+      ""migrationCommand"": ""dotnet ef database update --project TestGenerator --profile 224 --no-build"",
       ""packageManager"": ""NuGet@6"",
       ""profile"": ""developer-profile-224"",
       ""runtime"": "".NET SDK"",
","<!-- docs/docguard-contract-lab-v2/DEVELOPER_SETUP.md @ controlled-baseline:9c9f9e9868c8fe78 -->
### TFG-SETUP-224
- Profile: `developer-profile-224`
- Required runtime: `.NET SDK 8.0`
- Package manager: `NuGet@6`
- Local development command: `dotnet run --project TestGenerator -- --profile 224`
- Migration command: `dotnet ef database update --project TestGenerator --profile 224`
",True,developer_setup,Controlled design expectation: developer_setup; independent human/owner acceptance still required before merge.,True,developer_setup,"TFG-SETUP-224: kod mijenja dokumentovani razvojni setup iz 'dotnet ef database update --project TestGenerator --profile 224' u 'dotnet ef database update --project TestGenerator --profile 224 --no-build' (migration_command_change), dok docs-before eksplicitno navodi staru vrijednost; dokumentacija bi zato postala zastarjela.",approved,7dba6c1548495952f3a7f555ccbe5ed14c1a15ef6bec61d9b2ea35e8af5db966,923031fa8cd6e14711596deaba407f81988dc761e1c3210050f301b3f81f82d5,developer_setup,rbi_test_forge,migration_command_change,cases/patches/rbi_test_forge/developer_setup/TFG-SETUP-224.patch
CRPP2-TFG-DEVELOPER_SETUP-225,controlled-v2/rbi-test-forge-copy,9401410,csharp,"[""TestGenerator/DocGuardContractLab-v2/developer_setup/contracts_13.json""]","--- a/TestGenerator/DocGuardContractLab-v2/developer_setup/contracts_13.json
+++ b/TestGenerator/DocGuardContractLab-v2/developer_setup/contracts_13.json
@@ -44,7 +44,7 @@
       ""packageManager"": ""NuGet@6"",
       ""profile"": ""developer-profile-225"",
       ""runtime"": "".NET SDK"",
-      ""runtimeVersion"": ""8.0""
+      ""runtimeVersion"": ""10.0""
     },
     {
       ""contractId"": ""TFG-SETUP-226"",
","<!-- docs/docguard-contract-lab-v2/DEVELOPER_SETUP.md @ controlled-baseline:9c9f9e9868c8fe78 -->
### TFG-SETUP-225
- Profile: `developer-profile-225`
- Required runtime: `.NET SDK 8.0`
- Package manager: `NuGet@6`
- Local development command: `dotnet run --project TestGenerator -- --profile 225`
- Migration command: `dotnet ef database update --project TestGenerator --profile 225`
",True,developer_setup,Controlled design expectation: developer_setup; independent human/owner acceptance still required before merge.,True,developer_setup,"TFG-SETUP-225: kod mijenja dokumentovani razvojni setup iz '8.0' u '10.0' (runtime_requirement_change), dok docs-before eksplicitno navodi staru vrijednost; dokumentacija bi zato postala zastarjela.",approved,8809c8b34eca9c374cf0241ff8ffadfe560d09c1d5926b6a7f66d70519d586f8,8b27cd9bfb311d2d3f1a5dea6127e1d5ac226728b4f9b197d04aeb46ce38357f,developer_setup,rbi_test_forge,runtime_requirement_change,cases/patches/rbi_test_forge/developer_setup/TFG-SETUP-225.patch
CRPP2-TFG-DEVELOPER_SETUP-226,controlled-v2/rbi-test-forge-copy,9401411,csharp,"[""TestGenerator/DocGuardContractLab-v2/developer_setup/contracts_13.json""]","--- a/TestGenerator/DocGuardContractLab-v2/developer_setup/contracts_13.json
+++ b/TestGenerator/DocGuardContractLab-v2/developer_setup/contracts_13.json
@@ -48,7 +48,7 @@
     },
     {
       ""contractId"": ""TFG-SETUP-226"",
-      ""developmentCommand"": ""dotnet run --project TestGenerator -- --profile 226"",
+      ""developmentCommand"": ""dotnet run --project TestGenerator -- --profile 226 --strict"",
       ""migrationCommand"": ""dotnet ef database update --project TestGenerator --profile 226"",
       ""packageManager"": ""NuGet@6"",
       ""profile"": ""developer-profile-226"",
","<!-- docs/docguard-contract-lab-v2/DEVELOPER_SETUP.md @ controlled-baseline:9c9f9e9868c8fe78 -->
### TFG-SETUP-226
- Profile: `developer-profile-226`
- Required runtime: `.NET SDK 8.0`
- Package manager: `NuGet@6`
- Local development command: `dotnet run --project TestGenerator -- --profile 226`
- Migration command: `dotnet ef database update --project TestGenerator --profile 226`
",True,developer_setup,Controlled design expectation: developer_setup; independent human/owner acceptance still required before merge.,True,developer_setup,"TFG-SETUP-226: kod mijenja dokumentovani razvojni setup iz 'dotnet run --project TestGenerator -- --profile 226' u 'dotnet run --project TestGenerator -- --profile 226 --strict' (local_command_change), dok docs-before eksplicitno navodi staru vrijednost; dokumentacija bi zato postala zastarjela.",approved,e621e08cc352e87033061860b1ad539c224026b09611c614ebcfd6d9e940cfeb,488bdf65491032b488197d2722cafd64cf204a0265b31971b0a3f2d3ca751477,developer_setup,rbi_test_forge,local_command_change,cases/patches/rbi_test_forge/developer_setup/TFG-SETUP-226.patch
CRPP2-TFG-DEVELOPER_SETUP-227,controlled-v2/rbi-test-forge-copy,9401412,csharp,"[""TestGenerator/DocGuardContractLab-v2/developer_setup/contracts_13.json""]","--- a/TestGenerator/DocGuardContractLab-v2/developer_setup/contracts_13.json
+++ b/TestGenerator/DocGuardContractLab-v2/developer_setup/contracts_13.json
@@ -59,7 +59,7 @@
       ""contractId"": ""TFG-SETUP-227"",
       ""developmentCommand"": ""dotnet run --project TestGenerator -- --profile 227"",
       ""migrationCommand"": ""dotnet ef database update --project TestGenerator --profile 227"",
-      ""packageManager"": ""NuGet@6"",
+      ""packageManager"": ""NuGet@7"",
       ""profile"": ""developer-profile-227"",
       ""runtime"": "".NET SDK"",
       ""runtimeVersion"": ""8.0""
","<!-- docs/docguard-contract-lab-v2/DEVELOPER_SETUP.md @ controlled-baseline:9c9f9e9868c8fe78 -->
### TFG-SETUP-227
- Profile: `developer-profile-227`
- Required runtime: `.NET SDK 8.0`
- Package manager: `NuGet@6`
- Local development command: `dotnet run --project TestGenerator -- --profile 227`
- Migration command: `dotnet ef database update --project TestGenerator --profile 227`
",True,developer_setup,Controlled design expectation: developer_setup; independent human/owner acceptance still required before merge.,True,developer_setup,"TFG-SETUP-227: kod mijenja dokumentovani razvojni setup iz 'NuGet@6' u 'NuGet@7' (package_manager_version_change), dok docs-before eksplicitno navodi staru vrijednost; dokumentacija bi zato postala zastarjela.",approved,df91e3933f6267ea9219105fbbab66995591063d9577a40fe9972a3aaa410887,6e00b22a4d19ac672feb5f40d1f74eede61d106be8c9971a9cdebfed07327396,developer_setup,rbi_test_forge,package_manager_version_change,cases/patches/rbi_test_forge/developer_setup/TFG-SETUP-227.patch
CRPP2-TFG-DEVELOPER_SETUP-228,controlled-v2/rbi-test-forge-copy,9401413,csharp,"[""TestGenerator/DocGuardContractLab-v2/developer_setup/contracts_13.json""]","--- a/TestGenerator/DocGuardContractLab-v2/developer_setup/contracts_13.json
+++ b/TestGenerator/DocGuardContractLab-v2/developer_setup/contracts_13.json
@@ -67,7 +67,7 @@
     {
       ""contractId"": ""TFG-SETUP-228"",
       ""developmentCommand"": ""dotnet run --project TestGenerator -- --profile 228"",
-      ""migrationCommand"": ""dotnet ef database update --project TestGenerator --profile 228"",
+      ""migrationCommand"": ""dotnet ef database update --project TestGenerator --profile 228 --no-build"",
       ""packageManager"": ""NuGet@6"",
       ""profile"": ""developer-profile-228"",
       ""runtime"": "".NET SDK"",
","<!-- docs/docguard-contract-lab-v2/DEVELOPER_SETUP.md @ controlled-baseline:9c9f9e9868c8fe78 -->
### TFG-SETUP-228
- Profile: `developer-profile-228`
- Required runtime: `.NET SDK 8.0`
- Package manager: `NuGet@6`
- Local development command: `dotnet run --project TestGenerator -- --profile 228`
- Migration command: `dotnet ef database update --project TestGenerator --profile 228`
",True,developer_setup,Controlled design expectation: developer_setup; independent human/owner acceptance still required before merge.,True,developer_setup,"TFG-SETUP-228: kod mijenja dokumentovani razvojni setup iz 'dotnet ef database update --project TestGenerator --profile 228' u 'dotnet ef database update --project TestGenerator --profile 228 --no-build' (migration_command_change), dok docs-before eksplicitno navodi staru vrijednost; dokumentacija bi zato postala zastarjela.",approved,87b836eae083ce013c0ed4101836c858a91a6e593cb16d56b0249d43474831cc,f3798d2c54bccc09dd0f4919111c30b4ebb05b7d4169db273f8006bc137e2db4,developer_setup,rbi_test_forge,migration_command_change,cases/patches/rbi_test_forge/developer_setup/TFG-SETUP-228.patch
CRPP2-TFG-DEVELOPER_SETUP-229,controlled-v2/rbi-test-forge-copy,9401414,csharp,"[""TestGenerator/DocGuardContractLab-v2/developer_setup/contracts_13.json""]","--- a/TestGenerator/DocGuardContractLab-v2/developer_setup/contracts_13.json
+++ b/TestGenerator/DocGuardContractLab-v2/developer_setup/contracts_13.json
@@ -80,7 +80,7 @@
       ""packageManager"": ""NuGet@6"",
       ""profile"": ""developer-profile-229"",
       ""runtime"": "".NET SDK"",
-      ""runtimeVersion"": ""8.0""
+      ""runtimeVersion"": ""10.0""
     },
     {
       ""contractId"": ""TFG-SETUP-230"",
","<!-- docs/docguard-contract-lab-v2/DEVELOPER_SETUP.md @ controlled-baseline:9c9f9e9868c8fe78 -->
### TFG-SETUP-229
- Profile: `developer-profile-229`
- Required runtime: `.NET SDK 8.0`
- Package manager: `NuGet@6`
- Local development command: `dotnet run --project TestGenerator -- --profile 229`
- Migration command: `dotnet ef database update --project TestGenerator --profile 229`
",True,developer_setup,Controlled design expectation: developer_setup; independent human/owner acceptance still required before merge.,True,developer_setup,"TFG-SETUP-229: kod mijenja dokumentovani razvojni setup iz '8.0' u '10.0' (runtime_requirement_change), dok docs-before eksplicitno navodi staru vrijednost; dokumentacija bi zato postala zastarjela.",approved,09faa8354078393b2416826593ba334a0e5a0a6b9674ce16d98c1dd70687e891,c6f316ed575d1690cd4ac78d4dc6781abe8d2ef614455e4c54003c6ff6bd9c2b,developer_setup,rbi_test_forge,runtime_requirement_change,cases/patches/rbi_test_forge/developer_setup/TFG-SETUP-229.patch
CRPP2-TFG-DEVELOPER_SETUP-230,controlled-v2/rbi-test-forge-copy,9401415,csharp,"[""TestGenerator/DocGuardContractLab-v2/developer_setup/contracts_13.json""]","--- a/TestGenerator/DocGuardContractLab-v2/developer_setup/contracts_13.json
+++ b/TestGenerator/DocGuardContractLab-v2/developer_setup/contracts_13.json
@@ -84,7 +84,7 @@
     },
     {
       ""contractId"": ""TFG-SETUP-230"",
-      ""developmentCommand"": ""dotnet run --project TestGenerator -- --profile 230"",
+      ""developmentCommand"": ""dotnet run --project TestGenerator -- --profile 230 --strict"",
       ""migrationCommand"": ""dotnet ef database update --project TestGenerator --profile 230"",
       ""packageManager"": ""NuGet@6"",
       ""profile"": ""developer-profile-230"",
","<!-- docs/docguard-contract-lab-v2/DEVELOPER_SETUP.md @ controlled-baseline:9c9f9e9868c8fe78 -->
### TFG-SETUP-230
- Profile: `developer-profile-230`
- Required runtime: `.NET SDK 8.0`
- Package manager: `NuGet@6`
- Local development command: `dotnet run --project TestGenerator -- --profile 230`
- Migration command: `dotnet ef database update --project TestGenerator --profile 230`
",True,developer_setup,Controlled design expectation: developer_setup; independent human/owner acceptance still required before merge.,True,developer_setup,"TFG-SETUP-230: kod mijenja dokumentovani razvojni setup iz 'dotnet run --project TestGenerator -- --profile 230' u 'dotnet run --project TestGenerator -- --profile 230 --strict' (local_command_change), dok docs-before eksplicitno navodi staru vrijednost; dokumentacija bi zato postala zastarjela.",approved,38f164ece7c1f05e3b21ea3f370f6991d59a653c6a12df42eaf0daa6909d11ee,d2be165ea005483cc3cb327c94767d0300c5fa948ff27b3f89369975885e1ba1,developer_setup,rbi_test_forge,local_command_change,cases/patches/rbi_test_forge/developer_setup/TFG-SETUP-230.patch
CRPP2-TFG-DEVELOPER_SETUP-231,controlled-v2/rbi-test-forge-copy,9401416,csharp,"[""TestGenerator/DocGuardContractLab-v2/developer_setup/contracts_14.json""]","--- a/TestGenerator/DocGuardContractLab-v2/developer_setup/contracts_14.json
+++ b/TestGenerator/DocGuardContractLab-v2/developer_setup/contracts_14.json
@@ -5,7 +5,7 @@
       ""contractId"": ""TFG-SETUP-231"",
       ""developmentCommand"": ""dotnet run --project TestGenerator -- --profile 231"",
       ""migrationCommand"": ""dotnet ef database update --project TestGenerator --profile 231"",
-      ""packageManager"": ""NuGet@6"",
+      ""packageManager"": ""NuGet@7"",
       ""profile"": ""developer-profile-231"",
       ""runtime"": "".NET SDK"",
       ""runtimeVersion"": ""8.0""
","<!-- docs/docguard-contract-lab-v2/DEVELOPER_SETUP.md @ controlled-baseline:9c9f9e9868c8fe78 -->
### TFG-SETUP-231
- Profile: `developer-profile-231`
- Required runtime: `.NET SDK 8.0`
- Package manager: `NuGet@6`
- Local development command: `dotnet run --project TestGenerator -- --profile 231`
- Migration command: `dotnet ef database update --project TestGenerator --profile 231`
",True,developer_setup,Controlled design expectation: developer_setup; independent human/owner acceptance still required before merge.,True,developer_setup,"TFG-SETUP-231: kod mijenja dokumentovani razvojni setup iz 'NuGet@6' u 'NuGet@7' (package_manager_version_change), dok docs-before eksplicitno navodi staru vrijednost; dokumentacija bi zato postala zastarjela.",approved,7cb66531e5da6a734643e733645464a2f92236a1f3fc7e5511cc2fb91d909790,8664e050d49217df49c3cc47ac4e9ce7f77fc0d93eb2e1f6b94d8ca6bd398d08,developer_setup,rbi_test_forge,package_manager_version_change,cases/patches/rbi_test_forge/developer_setup/TFG-SETUP-231.patch
CRPP2-TFG-DEVELOPER_SETUP-232,controlled-v2/rbi-test-forge-copy,9401417,csharp,"[""TestGenerator/DocGuardContractLab-v2/developer_setup/contracts_14.json""]","--- a/TestGenerator/DocGuardContractLab-v2/developer_setup/contracts_14.json
+++ b/TestGenerator/DocGuardContractLab-v2/developer_setup/contracts_14.json
@@ -13,7 +13,7 @@
     {
       ""contractId"": ""TFG-SETUP-232"",
       ""developmentCommand"": ""dotnet run --project TestGenerator -- --profile 232"",
-      ""migrationCommand"": ""dotnet ef database update --project TestGenerator --profile 232"",
+      ""migrationCommand"": ""dotnet ef database update --project TestGenerator --profile 232 --no-build"",
       ""packageManager"": ""NuGet@6"",
       ""profile"": ""developer-profile-232"",
       ""runtime"": "".NET SDK"",
","<!-- docs/docguard-contract-lab-v2/DEVELOPER_SETUP.md @ controlled-baseline:9c9f9e9868c8fe78 -->
### TFG-SETUP-232
- Profile: `developer-profile-232`
- Required runtime: `.NET SDK 8.0`
- Package manager: `NuGet@6`
- Local development command: `dotnet run --project TestGenerator -- --profile 232`
- Migration command: `dotnet ef database update --project TestGenerator --profile 232`
",True,developer_setup,Controlled design expectation: developer_setup; independent human/owner acceptance still required before merge.,True,developer_setup,"TFG-SETUP-232: kod mijenja dokumentovani razvojni setup iz 'dotnet ef database update --project TestGenerator --profile 232' u 'dotnet ef database update --project TestGenerator --profile 232 --no-build' (migration_command_change), dok docs-before eksplicitno navodi staru vrijednost; dokumentacija bi zato postala zastarjela.",approved,94c076e3289db34b465c096fc2dc4b8d23a95f61d9d6135c854cb2f4bd0d84f9,786c1671a3798fba95dba519e5cc067c2fdfde2dd13348a06937433d8984352b,developer_setup,rbi_test_forge,migration_command_change,cases/patches/rbi_test_forge/developer_setup/TFG-SETUP-232.patch
CRPP2-TFG-DEVELOPER_SETUP-233,controlled-v2/rbi-test-forge-copy,9401418,csharp,"[""TestGenerator/DocGuardContractLab-v2/developer_setup/contracts_14.json""]","--- a/TestGenerator/DocGuardContractLab-v2/developer_setup/contracts_14.json
+++ b/TestGenerator/DocGuardContractLab-v2/developer_setup/contracts_14.json
@@ -26,7 +26,7 @@
       ""packageManager"": ""NuGet@6"",
       ""profile"": ""developer-profile-233"",
       ""runtime"": "".NET SDK"",
-      ""runtimeVersion"": ""8.0""
+      ""runtimeVersion"": ""10.0""
     },
     {
       ""contractId"": ""TFG-SETUP-234"",
","<!-- docs/docguard-contract-lab-v2/DEVELOPER_SETUP.md @ controlled-baseline:9c9f9e9868c8fe78 -->
### TFG-SETUP-233
- Profile: `developer-profile-233`
- Required runtime: `.NET SDK 8.0`
- Package manager: `NuGet@6`
- Local development command: `dotnet run --project TestGenerator -- --profile 233`
- Migration command: `dotnet ef database update --project TestGenerator --profile 233`
",True,developer_setup,Controlled design expectation: developer_setup; independent human/owner acceptance still required before merge.,True,developer_setup,"TFG-SETUP-233: kod mijenja dokumentovani razvojni setup iz '8.0' u '10.0' (runtime_requirement_change), dok docs-before eksplicitno navodi staru vrijednost; dokumentacija bi zato postala zastarjela.",approved,fb7f354c13ed326035fc8e91b62daea1837ef421fafab61feacf6326d5f87ee8,39de15fdb2885bc52b69f9ae4838401c49e75f60d882d7b04080288594cd6704,developer_setup,rbi_test_forge,runtime_requirement_change,cases/patches/rbi_test_forge/developer_setup/TFG-SETUP-233.patch
CRPP2-TFG-DEVELOPER_SETUP-234,controlled-v2/rbi-test-forge-copy,9401419,csharp,"[""TestGenerator/DocGuardContractLab-v2/developer_setup/contracts_14.json""]","--- a/TestGenerator/DocGuardContractLab-v2/developer_setup/contracts_14.json
+++ b/TestGenerator/DocGuardContractLab-v2/developer_setup/contracts_14.json
@@ -30,7 +30,7 @@
     },
     {
       ""contractId"": ""TFG-SETUP-234"",
-      ""developmentCommand"": ""dotnet run --project TestGenerator -- --profile 234"",
+      ""developmentCommand"": ""dotnet run --project TestGenerator -- --profile 234 --strict"",
       ""migrationCommand"": ""dotnet ef database update --project TestGenerator --profile 234"",
       ""packageManager"": ""NuGet@6"",
       ""profile"": ""developer-profile-234"",
","<!-- docs/docguard-contract-lab-v2/DEVELOPER_SETUP.md @ controlled-baseline:9c9f9e9868c8fe78 -->
### TFG-SETUP-234
- Profile: `developer-profile-234`
- Required runtime: `.NET SDK 8.0`
- Package manager: `NuGet@6`
- Local development command: `dotnet run --project TestGenerator -- --profile 234`
- Migration command: `dotnet ef database update --project TestGenerator --profile 234`
",True,developer_setup,Controlled design expectation: developer_setup; independent human/owner acceptance still required before merge.,True,developer_setup,"TFG-SETUP-234: kod mijenja dokumentovani razvojni setup iz 'dotnet run --project TestGenerator -- --profile 234' u 'dotnet run --project TestGenerator -- --profile 234 --strict' (local_command_change), dok docs-before eksplicitno navodi staru vrijednost; dokumentacija bi zato postala zastarjela.",approved,6cb60a8281059f14467949d3073e49f9e6b71bb2045d8e420f33d210f627c4ed,aed039dafefb80ef232c955a539ab16a9d025bba7b7c01fb9b5fdf95c1739462,developer_setup,rbi_test_forge,local_command_change,cases/patches/rbi_test_forge/developer_setup/TFG-SETUP-234.patch
CRPP2-TFG-DEVELOPER_SETUP-235,controlled-v2/rbi-test-forge-copy,9401420,csharp,"[""TestGenerator/DocGuardContractLab-v2/developer_setup/contracts_14.json""]","--- a/TestGenerator/DocGuardContractLab-v2/developer_setup/contracts_14.json
+++ b/TestGenerator/DocGuardContractLab-v2/developer_setup/contracts_14.json
@@ -41,7 +41,7 @@
       ""contractId"": ""TFG-SETUP-235"",
       ""developmentCommand"": ""dotnet run --project TestGenerator -- --profile 235"",
       ""migrationCommand"": ""dotnet ef database update --project TestGenerator --profile 235"",
-      ""packageManager"": ""NuGet@6"",
+      ""packageManager"": ""NuGet@7"",
       ""profile"": ""developer-profile-235"",
       ""runtime"": "".NET SDK"",
       ""runtimeVersion"": ""8.0""
","<!-- docs/docguard-contract-lab-v2/DEVELOPER_SETUP.md @ controlled-baseline:9c9f9e9868c8fe78 -->
### TFG-SETUP-235
- Profile: `developer-profile-235`
- Required runtime: `.NET SDK 8.0`
- Package manager: `NuGet@6`
- Local development command: `dotnet run --project TestGenerator -- --profile 235`
- Migration command: `dotnet ef database update --project TestGenerator --profile 235`
",True,developer_setup,Controlled design expectation: developer_setup; independent human/owner acceptance still required before merge.,True,developer_setup,"TFG-SETUP-235: kod mijenja dokumentovani razvojni setup iz 'NuGet@6' u 'NuGet@7' (package_manager_version_change), dok docs-before eksplicitno navodi staru vrijednost; dokumentacija bi zato postala zastarjela.",approved,6b27492e88914cb3c5897cbf81003a07b70b7dd263535db59964a4ace92b01fb,cb3d6609df60a28af7894372f10770be3e66ac5c94deda25eaffa52ccff1149d,developer_setup,rbi_test_forge,package_manager_version_change,cases/patches/rbi_test_forge/developer_setup/TFG-SETUP-235.patch
CRPP2-TFG-MODEL_CONTRACT-101,controlled-v2/rbi-test-forge-copy,9401421,csharp,"[""TestGenerator/DocGuardContractLab-v2/model_contract/contracts_01.schema.json""]","--- a/TestGenerator/DocGuardContractLab-v2/model_contract/contracts_01.schema.json
+++ b/TestGenerator/DocGuardContractLab-v2/model_contract/contracts_01.schema.json
@@ -17,11 +17,8 @@
           ""type"": ""integer""
         },
         ""status"": {
-          ""enum"": [
-            ""active"",
-            ""inactive""
-          ],
-          ""type"": ""string""
+          ""minimum"": 0,
+          ""type"": ""integer""
         }
       },
       ""required"": [
","<!-- docs/docguard-contract-lab-v2/MODEL_CONTRACTS.md @ controlled-baseline:4ad7d36404dc95f9 -->
### TFG-MODEL-101 — `TFGPublicContract101`
- Serialized type: `object`
- Required fields: `id, status`
- `id`: `string(uuid)`
- `status`: `string`, allowed values `active|inactive`
- `score`: `integer`, minimum `0`
- `metadata`: `object`, additional properties allowed
",True,model_contract,Controlled design expectation: model_contract; independent human/owner acceptance still required before merge.,True,model_contract,"TFG-MODEL-101: kod mijenja javni/serijalizovani model iz 'status' u 'status:integer' (serialized_field_type_change), dok docs-before eksplicitno navodi staru vrijednost; dokumentacija bi zato postala zastarjela.",approved,0981737abbe3bc213c31b1a67ca3dfa02b5c63f4e7aac95e4641afcd9c83fcfd,395b88c5e484f1b73dbd34d5c92867037f29e370233e1f9fa275c0552131f5cf,model_contract,rbi_test_forge,serialized_field_type_change,cases/patches/rbi_test_forge/model_contract/TFG-MODEL-101.patch
CRPP2-TFG-MODEL_CONTRACT-102,controlled-v2/rbi-test-forge-copy,9401422,csharp,"[""TestGenerator/DocGuardContractLab-v2/model_contract/contracts_01.schema.json""]","--- a/TestGenerator/DocGuardContractLab-v2/model_contract/contracts_01.schema.json
+++ b/TestGenerator/DocGuardContractLab-v2/model_contract/contracts_01.schema.json
@@ -56,7 +56,8 @@
       },
       ""required"": [
         ""id"",
-        ""status""
+        ""status"",
+        ""score""
       ],
       ""title"": ""TFGPublicContract102"",
       ""type"": ""object""
","<!-- docs/docguard-contract-lab-v2/MODEL_CONTRACTS.md @ controlled-baseline:4ad7d36404dc95f9 -->
### TFG-MODEL-102 — `TFGPublicContract102`
- Serialized type: `object`
- Required fields: `id, status`
- `id`: `string(uuid)`
- `status`: `string`, allowed values `active|inactive`
- `score`: `integer`, minimum `0`
- `metadata`: `object`, additional properties allowed
",True,model_contract,Controlled design expectation: model_contract; independent human/owner acceptance still required before merge.,True,model_contract,"TFG-MODEL-102: kod mijenja javni/serijalizovani model iz 'id, status' u 'id, status, score' (required_field_change), dok docs-before eksplicitno navodi staru vrijednost; dokumentacija bi zato postala zastarjela.",approved,b3ae5520f3973ba9b0536ac9c8ba24dda11f84e7510a972fd0e59017648e7db2,cc1df65ec8af68f9b718a75cdbccccd53283e72ca0399e2121beadc0056bb69f,model_contract,rbi_test_forge,required_field_change,cases/patches/rbi_test_forge/model_contract/TFG-MODEL-102.patch
CRPP2-TFG-MODEL_CONTRACT-103,controlled-v2/rbi-test-forge-copy,9401423,csharp,"[""TestGenerator/DocGuardContractLab-v2/model_contract/contracts_01.schema.json""]","--- a/TestGenerator/DocGuardContractLab-v2/model_contract/contracts_01.schema.json
+++ b/TestGenerator/DocGuardContractLab-v2/model_contract/contracts_01.schema.json
@@ -71,6 +71,10 @@
         ""metadata"": {
           ""additionalProperties"": true,
           ""type"": ""object""
+        },
+        ""revision"": {
+          ""minimum"": 1,
+          ""type"": ""integer""
         },
         ""score"": {
           ""minimum"": 0,
","<!-- docs/docguard-contract-lab-v2/MODEL_CONTRACTS.md @ controlled-baseline:4ad7d36404dc95f9 -->
### TFG-MODEL-103 — `TFGPublicContract103`
- Serialized type: `object`
- Required fields: `id, status`
- `id`: `string(uuid)`
- `status`: `string`, allowed values `active|inactive`
- `score`: `integer`, minimum `0`
- `metadata`: `object`, additional properties allowed
",True,model_contract,Controlled design expectation: model_contract; independent human/owner acceptance still required before merge.,True,model_contract,"TFG-MODEL-103: kod mijenja javni/serijalizovani model iz 'metadata' u 'revision:integer (new field)' (serialized_field_added), dok docs-before eksplicitno navodi staru vrijednost; dokumentacija bi zato postala zastarjela.",approved,8c72586b8f041828927e85d8916dd2d2b5022136d9908b398e0ba652133df975,b9cbc715a5e4b68bf975dd8a510261a422d8eb0c69c82cf40a3544f42632f501,model_contract,rbi_test_forge,serialized_field_added,cases/patches/rbi_test_forge/model_contract/TFG-MODEL-103.patch
CRPP2-TFG-MODEL_CONTRACT-104,controlled-v2/rbi-test-forge-copy,9401424,csharp,"[""TestGenerator/DocGuardContractLab-v2/model_contract/contracts_01.schema.json""]","--- a/TestGenerator/DocGuardContractLab-v2/model_contract/contracts_01.schema.json
+++ b/TestGenerator/DocGuardContractLab-v2/model_contract/contracts_01.schema.json
@@ -94,13 +94,13 @@
     {
       ""contractId"": ""TFG-MODEL-104"",
       ""properties"": {
-        ""id"": {
-          ""format"": ""uuid"",
-          ""type"": ""string""
-        },
-        ""metadata"": {
-          ""additionalProperties"": true,
-          ""type"": ""object""
+        ""attributes"": {
+          ""additionalProperties"": true,
+          ""type"": ""object""
+        },
+        ""id"": {
+          ""format"": ""uuid"",
+          ""type"": ""string""
         },
         ""score"": {
           ""minimum"": 0,
","<!-- docs/docguard-contract-lab-v2/MODEL_CONTRACTS.md @ controlled-baseline:4ad7d36404dc95f9 -->
### TFG-MODEL-104 — `TFGPublicContract104`
- Serialized type: `object`
- Required fields: `id, status`
- `id`: `string(uuid)`
- `status`: `string`, allowed values `active|inactive`
- `score`: `integer`, minimum `0`
- `metadata`: `object`, additional properties allowed
",True,model_contract,Controlled design expectation: model_contract; independent human/owner acceptance still required before merge.,True,model_contract,"TFG-MODEL-104: kod mijenja javni/serijalizovani model iz 'metadata' u 'attributes' (serialized_field_rename), dok docs-before eksplicitno navodi staru vrijednost; dokumentacija bi zato postala zastarjela.",approved,f97783597ce03ed154729ebad9372e36b366df7308ce743e4aa891f273547eb0,b689702dbcafeb1e69d43ae8f8e17cb247d72f8e9fe64c80c0e273d1a19e696a,model_contract,rbi_test_forge,serialized_field_rename,cases/patches/rbi_test_forge/model_contract/TFG-MODEL-104.patch
CRPP2-TFG-MODEL_CONTRACT-105,controlled-v2/rbi-test-forge-copy,9401425,csharp,"[""TestGenerator/DocGuardContractLab-v2/model_contract/contracts_01.schema.json""]","--- a/TestGenerator/DocGuardContractLab-v2/model_contract/contracts_01.schema.json
+++ b/TestGenerator/DocGuardContractLab-v2/model_contract/contracts_01.schema.json
@@ -137,11 +137,8 @@
           ""type"": ""integer""
         },
         ""status"": {
-          ""enum"": [
-            ""active"",
-            ""inactive""
-          ],
-          ""type"": ""string""
+          ""minimum"": 0,
+          ""type"": ""integer""
         }
       },
       ""required"": [
","<!-- docs/docguard-contract-lab-v2/MODEL_CONTRACTS.md @ controlled-baseline:4ad7d36404dc95f9 -->
### TFG-MODEL-105 — `TFGPublicContract105`
- Serialized type: `object`
- Required fields: `id, status`
- `id`: `string(uuid)`
- `status`: `string`, allowed values `active|inactive`
- `score`: `integer`, minimum `0`
- `metadata`: `object`, additional properties allowed
",True,model_contract,Controlled design expectation: model_contract; independent human/owner acceptance still required before merge.,True,model_contract,"TFG-MODEL-105: kod mijenja javni/serijalizovani model iz 'status' u 'status:integer' (serialized_field_type_change), dok docs-before eksplicitno navodi staru vrijednost; dokumentacija bi zato postala zastarjela.",approved,ca80a027f421427af141f0f310ee942a7d66b8de14df32a946c482628525b9cc,771594d844901311689aa3c22dc2eb928e6fe31abe5a8e18dcbbbdf82259c93f,model_contract,rbi_test_forge,serialized_field_type_change,cases/patches/rbi_test_forge/model_contract/TFG-MODEL-105.patch
CRPP2-TFG-MODEL_CONTRACT-106,controlled-v2/rbi-test-forge-copy,9401426,csharp,"[""TestGenerator/DocGuardContractLab-v2/model_contract/contracts_01.schema.json""]","--- a/TestGenerator/DocGuardContractLab-v2/model_contract/contracts_01.schema.json
+++ b/TestGenerator/DocGuardContractLab-v2/model_contract/contracts_01.schema.json
@@ -176,7 +176,8 @@
       },
       ""required"": [
         ""id"",
-        ""status""
+        ""status"",
+        ""score""
       ],
       ""title"": ""TFGPublicContract106"",
       ""type"": ""object""
","<!-- docs/docguard-contract-lab-v2/MODEL_CONTRACTS.md @ controlled-baseline:4ad7d36404dc95f9 -->
### TFG-MODEL-106 — `TFGPublicContract106`
- Serialized type: `object`
- Required fields: `id, status`
- `id`: `string(uuid)`
- `status`: `string`, allowed values `active|inactive`
- `score`: `integer`, minimum `0`
- `metadata`: `object`, additional properties allowed
",True,model_contract,Controlled design expectation: model_contract; independent human/owner acceptance still required before merge.,True,model_contract,"TFG-MODEL-106: kod mijenja javni/serijalizovani model iz 'id, status' u 'id, status, score' (required_field_change), dok docs-before eksplicitno navodi staru vrijednost; dokumentacija bi zato postala zastarjela.",approved,8c05ee25146c99836e2b1f597fccb22174df1f850b76ebceb6e9b07b95bcd16f,2fe997c5e354bb4f6befb3bb51989dec1037b36912903cce37302c7c4213f0c0,model_contract,rbi_test_forge,required_field_change,cases/patches/rbi_test_forge/model_contract/TFG-MODEL-106.patch
CRPP2-TFG-MODEL_CONTRACT-107,controlled-v2/rbi-test-forge-copy,9401427,csharp,"[""TestGenerator/DocGuardContractLab-v2/model_contract/contracts_01.schema.json""]","--- a/TestGenerator/DocGuardContractLab-v2/model_contract/contracts_01.schema.json
+++ b/TestGenerator/DocGuardContractLab-v2/model_contract/contracts_01.schema.json
@@ -191,6 +191,10 @@
         ""metadata"": {
           ""additionalProperties"": true,
           ""type"": ""object""
+        },
+        ""revision"": {
+          ""minimum"": 1,
+          ""type"": ""integer""
         },
         ""score"": {
           ""minimum"": 0,
","<!-- docs/docguard-contract-lab-v2/MODEL_CONTRACTS.md @ controlled-baseline:4ad7d36404dc95f9 -->
### TFG-MODEL-107 — `TFGPublicContract107`
- Serialized type: `object`
- Required fields: `id, status`
- `id`: `string(uuid)`
- `status`: `string`, allowed values `active|inactive`
- `score`: `integer`, minimum `0`
- `metadata`: `object`, additional properties allowed
",True,model_contract,Controlled design expectation: model_contract; independent human/owner acceptance still required before merge.,True,model_contract,"TFG-MODEL-107: kod mijenja javni/serijalizovani model iz 'metadata' u 'revision:integer (new field)' (serialized_field_added), dok docs-before eksplicitno navodi staru vrijednost; dokumentacija bi zato postala zastarjela.",approved,0f5a7a9a80b704950adb392baa39f14a46c9ef2e4a5d7a8221c4df6dce38e6fa,fa80135ae175d435b23085cece41777102d6d6efd0a99e8234024e9a88bf371c,model_contract,rbi_test_forge,serialized_field_added,cases/patches/rbi_test_forge/model_contract/TFG-MODEL-107.patch
CRPP2-TFG-MODEL_CONTRACT-108,controlled-v2/rbi-test-forge-copy,9401428,csharp,"[""TestGenerator/DocGuardContractLab-v2/model_contract/contracts_01.schema.json""]","--- a/TestGenerator/DocGuardContractLab-v2/model_contract/contracts_01.schema.json
+++ b/TestGenerator/DocGuardContractLab-v2/model_contract/contracts_01.schema.json
@@ -214,13 +214,13 @@
     {
       ""contractId"": ""TFG-MODEL-108"",
       ""properties"": {
-        ""id"": {
-          ""format"": ""uuid"",
-          ""type"": ""string""
-        },
-        ""metadata"": {
-          ""additionalProperties"": true,
-          ""type"": ""object""
+        ""attributes"": {
+          ""additionalProperties"": true,
+          ""type"": ""object""
+        },
+        ""id"": {
+          ""format"": ""uuid"",
+          ""type"": ""string""
         },
         ""score"": {
           ""minimum"": 0,
","<!-- docs/docguard-contract-lab-v2/MODEL_CONTRACTS.md @ controlled-baseline:4ad7d36404dc95f9 -->
### TFG-MODEL-108 — `TFGPublicContract108`
- Serialized type: `object`
- Required fields: `id, status`
- `id`: `string(uuid)`
- `status`: `string`, allowed values `active|inactive`
- `score`: `integer`, minimum `0`
- `metadata`: `object`, additional properties allowed
",True,model_contract,Controlled design expectation: model_contract; independent human/owner acceptance still required before merge.,True,model_contract,"TFG-MODEL-108: kod mijenja javni/serijalizovani model iz 'metadata' u 'attributes' (serialized_field_rename), dok docs-before eksplicitno navodi staru vrijednost; dokumentacija bi zato postala zastarjela.",approved,c9de3096928cf9f5a64fd3764f19424a1a4c43f80550f8570a42f6d5854027bf,c571f6b333e63ce8d2c716a6458dbfadbe674830b6c3f23a667b77807ad9de2e,model_contract,rbi_test_forge,serialized_field_rename,cases/patches/rbi_test_forge/model_contract/TFG-MODEL-108.patch
CRPP2-TFG-MODEL_CONTRACT-109,controlled-v2/rbi-test-forge-copy,9401429,csharp,"[""TestGenerator/DocGuardContractLab-v2/model_contract/contracts_01.schema.json""]","--- a/TestGenerator/DocGuardContractLab-v2/model_contract/contracts_01.schema.json
+++ b/TestGenerator/DocGuardContractLab-v2/model_contract/contracts_01.schema.json
@@ -257,11 +257,8 @@
           ""type"": ""integer""
         },
         ""status"": {
-          ""enum"": [
-            ""active"",
-            ""inactive""
-          ],
-          ""type"": ""string""
+          ""minimum"": 0,
+          ""type"": ""integer""
         }
       },
       ""required"": [
","<!-- docs/docguard-contract-lab-v2/MODEL_CONTRACTS.md @ controlled-baseline:4ad7d36404dc95f9 -->
### TFG-MODEL-109 — `TFGPublicContract109`
- Serialized type: `object`
- Required fields: `id, status`
- `id`: `string(uuid)`
- `status`: `string`, allowed values `active|inactive`
- `score`: `integer`, minimum `0`
- `metadata`: `object`, additional properties allowed
",True,model_contract,Controlled design expectation: model_contract; independent human/owner acceptance still required before merge.,True,model_contract,"TFG-MODEL-109: kod mijenja javni/serijalizovani model iz 'status' u 'status:integer' (serialized_field_type_change), dok docs-before eksplicitno navodi staru vrijednost; dokumentacija bi zato postala zastarjela.",approved,c34aada75735d365333e0922bf66fa265f35e87cc691048384a07d93ce3a26c3,93b598b88fd5bc07cd4c4d0226ea597639e65aa7a5bc75b55a6127b489844dcf,model_contract,rbi_test_forge,serialized_field_type_change,cases/patches/rbi_test_forge/model_contract/TFG-MODEL-109.patch
CRPP2-TFG-MODEL_CONTRACT-110,controlled-v2/rbi-test-forge-copy,9401430,csharp,"[""TestGenerator/DocGuardContractLab-v2/model_contract/contracts_01.schema.json""]","--- a/TestGenerator/DocGuardContractLab-v2/model_contract/contracts_01.schema.json
+++ b/TestGenerator/DocGuardContractLab-v2/model_contract/contracts_01.schema.json
@@ -296,7 +296,8 @@
       },
       ""required"": [
         ""id"",
-        ""status""
+        ""status"",
+        ""score""
       ],
       ""title"": ""TFGPublicContract110"",
       ""type"": ""object""
","<!-- docs/docguard-contract-lab-v2/MODEL_CONTRACTS.md @ controlled-baseline:4ad7d36404dc95f9 -->
### TFG-MODEL-110 — `TFGPublicContract110`
- Serialized type: `object`
- Required fields: `id, status`
- `id`: `string(uuid)`
- `status`: `string`, allowed values `active|inactive`
- `score`: `integer`, minimum `0`
- `metadata`: `object`, additional properties allowed
",True,model_contract,Controlled design expectation: model_contract; independent human/owner acceptance still required before merge.,True,model_contract,"TFG-MODEL-110: kod mijenja javni/serijalizovani model iz 'id, status' u 'id, status, score' (required_field_change), dok docs-before eksplicitno navodi staru vrijednost; dokumentacija bi zato postala zastarjela.",approved,b19bf3ea7e8340ff4220525e496f67eb56d6ba4cdf49138f16b5c8a624391353,83506007047ed452f5d2c9396e6e892c2bdc270b7bc57e35cbb2855773c0fc6e,model_contract,rbi_test_forge,required_field_change,cases/patches/rbi_test_forge/model_contract/TFG-MODEL-110.patch
CRPP2-TFG-MODEL_CONTRACT-111,controlled-v2/rbi-test-forge-copy,9401431,csharp,"[""TestGenerator/DocGuardContractLab-v2/model_contract/contracts_02.schema.json""]","--- a/TestGenerator/DocGuardContractLab-v2/model_contract/contracts_02.schema.json
+++ b/TestGenerator/DocGuardContractLab-v2/model_contract/contracts_02.schema.json
@@ -11,6 +11,10 @@
         ""metadata"": {
           ""additionalProperties"": true,
           ""type"": ""object""
+        },
+        ""revision"": {
+          ""minimum"": 1,
+          ""type"": ""integer""
         },
         ""score"": {
           ""minimum"": 0,
","<!-- docs/docguard-contract-lab-v2/MODEL_CONTRACTS.md @ controlled-baseline:4ad7d36404dc95f9 -->
### TFG-MODEL-111 — `TFGPublicContract111`
- Serialized type: `object`
- Required fields: `id, status`
- `id`: `string(uuid)`
- `status`: `string`, allowed values `active|inactive`
- `score`: `integer`, minimum `0`
- `metadata`: `object`, additional properties allowed
",True,model_contract,Controlled design expectation: model_contract; independent human/owner acceptance still required before merge.,True,model_contract,"TFG-MODEL-111: kod mijenja javni/serijalizovani model iz 'metadata' u 'revision:integer (new field)' (serialized_field_added), dok docs-before eksplicitno navodi staru vrijednost; dokumentacija bi zato postala zastarjela.",approved,a2f955d9dabf9eb7c69d30353feaf268d39f8cdda658dcfe1a86fb41bb6ba6b0,f0c82f21ae9c7bacd6058c3266bb17ac520a38cbeb0f021cbd3a3f506606e66a,model_contract,rbi_test_forge,serialized_field_added,cases/patches/rbi_test_forge/model_contract/TFG-MODEL-111.patch
CRPP2-TFG-MODEL_CONTRACT-112,controlled-v2/rbi-test-forge-copy,9401432,csharp,"[""TestGenerator/DocGuardContractLab-v2/model_contract/contracts_02.schema.json""]","--- a/TestGenerator/DocGuardContractLab-v2/model_contract/contracts_02.schema.json
+++ b/TestGenerator/DocGuardContractLab-v2/model_contract/contracts_02.schema.json
@@ -34,13 +34,13 @@
     {
       ""contractId"": ""TFG-MODEL-112"",
       ""properties"": {
-        ""id"": {
-          ""format"": ""uuid"",
-          ""type"": ""string""
-        },
-        ""metadata"": {
-          ""additionalProperties"": true,
-          ""type"": ""object""
+        ""attributes"": {
+          ""additionalProperties"": true,
+          ""type"": ""object""
+        },
+        ""id"": {
+          ""format"": ""uuid"",
+          ""type"": ""string""
         },
         ""score"": {
           ""minimum"": 0,
","<!-- docs/docguard-contract-lab-v2/MODEL_CONTRACTS.md @ controlled-baseline:4ad7d36404dc95f9 -->
### TFG-MODEL-112 — `TFGPublicContract112`
- Serialized type: `object`
- Required fields: `id, status`
- `id`: `string(uuid)`
- `status`: `string`, allowed values `active|inactive`
- `score`: `integer`, minimum `0`
- `metadata`: `object`, additional properties allowed
",True,model_contract,Controlled design expectation: model_contract; independent human/owner acceptance still required before merge.,True,model_contract,"TFG-MODEL-112: kod mijenja javni/serijalizovani model iz 'metadata' u 'attributes' (serialized_field_rename), dok docs-before eksplicitno navodi staru vrijednost; dokumentacija bi zato postala zastarjela.",approved,7369fd606ff8aebc44cbcaaa94208b87b284e16e164f14019d90fdbb4805740e,df57f5ef8f137e13c6f5e0973391cc5dfc5d935495feacf7425a076a05b719c9,model_contract,rbi_test_forge,serialized_field_rename,cases/patches/rbi_test_forge/model_contract/TFG-MODEL-112.patch
CRPP2-TFG-MODEL_CONTRACT-113,controlled-v2/rbi-test-forge-copy,9401433,csharp,"[""TestGenerator/DocGuardContractLab-v2/model_contract/contracts_02.schema.json""]","--- a/TestGenerator/DocGuardContractLab-v2/model_contract/contracts_02.schema.json
+++ b/TestGenerator/DocGuardContractLab-v2/model_contract/contracts_02.schema.json
@@ -77,11 +77,8 @@
           ""type"": ""integer""
         },
         ""status"": {
-          ""enum"": [
-            ""active"",
-            ""inactive""
-          ],
-          ""type"": ""string""
+          ""minimum"": 0,
+          ""type"": ""integer""
         }
       },
       ""required"": [
","<!-- docs/docguard-contract-lab-v2/MODEL_CONTRACTS.md @ controlled-baseline:4ad7d36404dc95f9 -->
### TFG-MODEL-113 — `TFGPublicContract113`
- Serialized type: `object`
- Required fields: `id, status`
- `id`: `string(uuid)`
- `status`: `string`, allowed values `active|inactive`
- `score`: `integer`, minimum `0`
- `metadata`: `object`, additional properties allowed
",True,model_contract,Controlled design expectation: model_contract; independent human/owner acceptance still required before merge.,True,model_contract,"TFG-MODEL-113: kod mijenja javni/serijalizovani model iz 'status' u 'status:integer' (serialized_field_type_change), dok docs-before eksplicitno navodi staru vrijednost; dokumentacija bi zato postala zastarjela.",approved,a946e91f45cd6273896aebc80db4aef5006a9ef4398c7e58b7f988b278bec34f,a40800a05cbb2f9460df15305830ed06cdf383b95c93e5b0db36364e68ec90f3,model_contract,rbi_test_forge,serialized_field_type_change,cases/patches/rbi_test_forge/model_contract/TFG-MODEL-113.patch
CRPP2-TFG-MODEL_CONTRACT-114,controlled-v2/rbi-test-forge-copy,9401434,csharp,"[""TestGenerator/DocGuardContractLab-v2/model_contract/contracts_02.schema.json""]","--- a/TestGenerator/DocGuardContractLab-v2/model_contract/contracts_02.schema.json
+++ b/TestGenerator/DocGuardContractLab-v2/model_contract/contracts_02.schema.json
@@ -116,7 +116,8 @@
       },
       ""required"": [
         ""id"",
-        ""status""
+        ""status"",
+        ""score""
       ],
       ""title"": ""TFGPublicContract114"",
       ""type"": ""object""
","<!-- docs/docguard-contract-lab-v2/MODEL_CONTRACTS.md @ controlled-baseline:4ad7d36404dc95f9 -->
### TFG-MODEL-114 — `TFGPublicContract114`
- Serialized type: `object`
- Required fields: `id, status`
- `id`: `string(uuid)`
- `status`: `string`, allowed values `active|inactive`
- `score`: `integer`, minimum `0`
- `metadata`: `object`, additional properties allowed
",True,model_contract,Controlled design expectation: model_contract; independent human/owner acceptance still required before merge.,True,model_contract,"TFG-MODEL-114: kod mijenja javni/serijalizovani model iz 'id, status' u 'id, status, score' (required_field_change), dok docs-before eksplicitno navodi staru vrijednost; dokumentacija bi zato postala zastarjela.",approved,8277a4226dc63d1aa426d6f52cab6e9ee485381f00cbb7a9dd897847d4559d78,19ffde05c392c4958617652d3d2c4e1cd5423f9dace01e93978140c621f31880,model_contract,rbi_test_forge,required_field_change,cases/patches/rbi_test_forge/model_contract/TFG-MODEL-114.patch
CRPP2-TFG-MODEL_CONTRACT-115,controlled-v2/rbi-test-forge-copy,9401435,csharp,"[""TestGenerator/DocGuardContractLab-v2/model_contract/contracts_02.schema.json""]","--- a/TestGenerator/DocGuardContractLab-v2/model_contract/contracts_02.schema.json
+++ b/TestGenerator/DocGuardContractLab-v2/model_contract/contracts_02.schema.json
@@ -131,6 +131,10 @@
         ""metadata"": {
           ""additionalProperties"": true,
           ""type"": ""object""
+        },
+        ""revision"": {
+          ""minimum"": 1,
+          ""type"": ""integer""
         },
         ""score"": {
           ""minimum"": 0,
","<!-- docs/docguard-contract-lab-v2/MODEL_CONTRACTS.md @ controlled-baseline:4ad7d36404dc95f9 -->
### TFG-MODEL-115 — `TFGPublicContract115`
- Serialized type: `object`
- Required fields: `id, status`
- `id`: `string(uuid)`
- `status`: `string`, allowed values `active|inactive`
- `score`: `integer`, minimum `0`
- `metadata`: `object`, additional properties allowed
",True,model_contract,Controlled design expectation: model_contract; independent human/owner acceptance still required before merge.,True,model_contract,"TFG-MODEL-115: kod mijenja javni/serijalizovani model iz 'metadata' u 'revision:integer (new field)' (serialized_field_added), dok docs-before eksplicitno navodi staru vrijednost; dokumentacija bi zato postala zastarjela.",approved,84fcfbab986eccab9a44ba86cd2b8d28476c71c7150d20ff2bfaa30439ba5a30,90685aa007c3c2d525674c2cf1823077b79582f3fa428866f700facddd155dfd,model_contract,rbi_test_forge,serialized_field_added,cases/patches/rbi_test_forge/model_contract/TFG-MODEL-115.patch
CRPP2-TFG-MODEL_CONTRACT-116,controlled-v2/rbi-test-forge-copy,9401436,csharp,"[""TestGenerator/DocGuardContractLab-v2/model_contract/contracts_02.schema.json""]","--- a/TestGenerator/DocGuardContractLab-v2/model_contract/contracts_02.schema.json
+++ b/TestGenerator/DocGuardContractLab-v2/model_contract/contracts_02.schema.json
@@ -154,13 +154,13 @@
     {
       ""contractId"": ""TFG-MODEL-116"",
       ""properties"": {
-        ""id"": {
-          ""format"": ""uuid"",
-          ""type"": ""string""
-        },
-        ""metadata"": {
-          ""additionalProperties"": true,
-          ""type"": ""object""
+        ""attributes"": {
+          ""additionalProperties"": true,
+          ""type"": ""object""
+        },
+        ""id"": {
+          ""format"": ""uuid"",
+          ""type"": ""string""
         },
         ""score"": {
           ""minimum"": 0,
","<!-- docs/docguard-contract-lab-v2/MODEL_CONTRACTS.md @ controlled-baseline:4ad7d36404dc95f9 -->
### TFG-MODEL-116 — `TFGPublicContract116`
- Serialized type: `object`
- Required fields: `id, status`
- `id`: `string(uuid)`
- `status`: `string`, allowed values `active|inactive`
- `score`: `integer`, minimum `0`
- `metadata`: `object`, additional properties allowed
",True,model_contract,Controlled design expectation: model_contract; independent human/owner acceptance still required before merge.,True,model_contract,"TFG-MODEL-116: kod mijenja javni/serijalizovani model iz 'metadata' u 'attributes' (serialized_field_rename), dok docs-before eksplicitno navodi staru vrijednost; dokumentacija bi zato postala zastarjela.",approved,d228ff99bc846bd5e403da126e3d2e87fe932e4013c460080fef6de56e1f4c69,b1b091324d9ca9394c2191fbbebe404c27145972ee29593dd0cfa06a187f0a60,model_contract,rbi_test_forge,serialized_field_rename,cases/patches/rbi_test_forge/model_contract/TFG-MODEL-116.patch
CRPP2-TFG-MODEL_CONTRACT-117,controlled-v2/rbi-test-forge-copy,9401437,csharp,"[""TestGenerator/DocGuardContractLab-v2/model_contract/contracts_02.schema.json""]","--- a/TestGenerator/DocGuardContractLab-v2/model_contract/contracts_02.schema.json
+++ b/TestGenerator/DocGuardContractLab-v2/model_contract/contracts_02.schema.json
@@ -197,11 +197,8 @@
           ""type"": ""integer""
         },
         ""status"": {
-          ""enum"": [
-            ""active"",
-            ""inactive""
-          ],
-          ""type"": ""string""
+          ""minimum"": 0,
+          ""type"": ""integer""
         }
       },
       ""required"": [
","<!-- docs/docguard-contract-lab-v2/MODEL_CONTRACTS.md @ controlled-baseline:4ad7d36404dc95f9 -->
### TFG-MODEL-117 — `TFGPublicContract117`
- Serialized type: `object`
- Required fields: `id, status`
- `id`: `string(uuid)`
- `status`: `string`, allowed values `active|inactive`
- `score`: `integer`, minimum `0`
- `metadata`: `object`, additional properties allowed
",True,model_contract,Controlled design expectation: model_contract; independent human/owner acceptance still required before merge.,True,model_contract,"TFG-MODEL-117: kod mijenja javni/serijalizovani model iz 'status' u 'status:integer' (serialized_field_type_change), dok docs-before eksplicitno navodi staru vrijednost; dokumentacija bi zato postala zastarjela.",approved,e081952ab3f3bba15c0faa1c3b99525cf81dc0eff75157f65d9e1d0ad4d480a1,4c8ba663b40c5015fb1848ff2158bbe58a8b3e8f0fa08b293222079b3606111b,model_contract,rbi_test_forge,serialized_field_type_change,cases/patches/rbi_test_forge/model_contract/TFG-MODEL-117.patch
CRPP2-TFG-MODEL_CONTRACT-118,controlled-v2/rbi-test-forge-copy,9401438,csharp,"[""TestGenerator/DocGuardContractLab-v2/model_contract/contracts_02.schema.json""]","--- a/TestGenerator/DocGuardContractLab-v2/model_contract/contracts_02.schema.json
+++ b/TestGenerator/DocGuardContractLab-v2/model_contract/contracts_02.schema.json
@@ -236,7 +236,8 @@
       },
       ""required"": [
         ""id"",
-        ""status""
+        ""status"",
+        ""score""
       ],
       ""title"": ""TFGPublicContract118"",
       ""type"": ""object""
","<!-- docs/docguard-contract-lab-v2/MODEL_CONTRACTS.md @ controlled-baseline:4ad7d36404dc95f9 -->
### TFG-MODEL-118 — `TFGPublicContract118`
- Serialized type: `object`
- Required fields: `id, status`
- `id`: `string(uuid)`
- `status`: `string`, allowed values `active|inactive`
- `score`: `integer`, minimum `0`
- `metadata`: `object`, additional properties allowed
",True,model_contract,Controlled design expectation: model_contract; independent human/owner acceptance still required before merge.,True,model_contract,"TFG-MODEL-118: kod mijenja javni/serijalizovani model iz 'id, status' u 'id, status, score' (required_field_change), dok docs-before eksplicitno navodi staru vrijednost; dokumentacija bi zato postala zastarjela.",approved,005f9121fdb4f16d02783aa31a2f25a435193197846eea945fd8fbc6f220cc68,6f08c159af8ae6452ac137be894de18cb95364fd77c917cbdd3e7cc9863f561f,model_contract,rbi_test_forge,required_field_change,cases/patches/rbi_test_forge/model_contract/TFG-MODEL-118.patch
CRPP2-TFG-MODEL_CONTRACT-119,controlled-v2/rbi-test-forge-copy,9401439,csharp,"[""TestGenerator/DocGuardContractLab-v2/model_contract/contracts_02.schema.json""]","--- a/TestGenerator/DocGuardContractLab-v2/model_contract/contracts_02.schema.json
+++ b/TestGenerator/DocGuardContractLab-v2/model_contract/contracts_02.schema.json
@@ -251,6 +251,10 @@
         ""metadata"": {
           ""additionalProperties"": true,
           ""type"": ""object""
+        },
+        ""revision"": {
+          ""minimum"": 1,
+          ""type"": ""integer""
         },
         ""score"": {
           ""minimum"": 0,
","<!-- docs/docguard-contract-lab-v2/MODEL_CONTRACTS.md @ controlled-baseline:4ad7d36404dc95f9 -->
### TFG-MODEL-119 — `TFGPublicContract119`
- Serialized type: `object`
- Required fields: `id, status`
- `id`: `string(uuid)`
- `status`: `string`, allowed values `active|inactive`
- `score`: `integer`, minimum `0`
- `metadata`: `object`, additional properties allowed
",True,model_contract,Controlled design expectation: model_contract; independent human/owner acceptance still required before merge.,True,model_contract,"TFG-MODEL-119: kod mijenja javni/serijalizovani model iz 'metadata' u 'revision:integer (new field)' (serialized_field_added), dok docs-before eksplicitno navodi staru vrijednost; dokumentacija bi zato postala zastarjela.",approved,f79ca20475abbbc643dfb8900885cf52a4a4a2494d61f366dc37fbd0fe563c1b,726f5eab6d45598b8ddc34edd902aa1c17b32c570f8c068a5c1a901f00a77814,model_contract,rbi_test_forge,serialized_field_added,cases/patches/rbi_test_forge/model_contract/TFG-MODEL-119.patch
CRPP2-TFG-MODEL_CONTRACT-120,controlled-v2/rbi-test-forge-copy,9401440,csharp,"[""TestGenerator/DocGuardContractLab-v2/model_contract/contracts_02.schema.json""]","--- a/TestGenerator/DocGuardContractLab-v2/model_contract/contracts_02.schema.json
+++ b/TestGenerator/DocGuardContractLab-v2/model_contract/contracts_02.schema.json
@@ -274,13 +274,13 @@
     {
       ""contractId"": ""TFG-MODEL-120"",
       ""properties"": {
-        ""id"": {
-          ""format"": ""uuid"",
-          ""type"": ""string""
-        },
-        ""metadata"": {
-          ""additionalProperties"": true,
-          ""type"": ""object""
+        ""attributes"": {
+          ""additionalProperties"": true,
+          ""type"": ""object""
+        },
+        ""id"": {
+          ""format"": ""uuid"",
+          ""type"": ""string""
         },
         ""score"": {
           ""minimum"": 0,
","<!-- docs/docguard-contract-lab-v2/MODEL_CONTRACTS.md @ controlled-baseline:4ad7d36404dc95f9 -->
### TFG-MODEL-120 — `TFGPublicContract120`
- Serialized type: `object`
- Required fields: `id, status`
- `id`: `string(uuid)`
- `status`: `string`, allowed values `active|inactive`
- `score`: `integer`, minimum `0`
- `metadata`: `object`, additional properties allowed
",True,model_contract,Controlled design expectation: model_contract; independent human/owner acceptance still required before merge.,True,model_contract,"TFG-MODEL-120: kod mijenja javni/serijalizovani model iz 'metadata' u 'attributes' (serialized_field_rename), dok docs-before eksplicitno navodi staru vrijednost; dokumentacija bi zato postala zastarjela.",approved,c7d6daecf6ecc47b7bc729394ec58ff341eb04e9763644421251ff37083f3f74,c9d12b77235cdfaf2d6acac2c607f65bfc18bb59ee1c2bb8836989f1f45a7b3b,model_contract,rbi_test_forge,serialized_field_rename,cases/patches/rbi_test_forge/model_contract/TFG-MODEL-120.patch
CRPP2-TFG-MODEL_CONTRACT-121,controlled-v2/rbi-test-forge-copy,9401441,csharp,"[""TestGenerator/DocGuardContractLab-v2/model_contract/contracts_03.schema.json""]","--- a/TestGenerator/DocGuardContractLab-v2/model_contract/contracts_03.schema.json
+++ b/TestGenerator/DocGuardContractLab-v2/model_contract/contracts_03.schema.json
@@ -17,11 +17,8 @@
           ""type"": ""integer""
         },
         ""status"": {
-          ""enum"": [
-            ""active"",
-            ""inactive""
-          ],
-          ""type"": ""string""
+          ""minimum"": 0,
+          ""type"": ""integer""
         }
       },
       ""required"": [
","<!-- docs/docguard-contract-lab-v2/MODEL_CONTRACTS.md @ controlled-baseline:4ad7d36404dc95f9 -->
### TFG-MODEL-121 — `TFGPublicContract121`
- Serialized type: `object`
- Required fields: `id, status`
- `id`: `string(uuid)`
- `status`: `string`, allowed values `active|inactive`
- `score`: `integer`, minimum `0`
- `metadata`: `object`, additional properties allowed
",True,model_contract,Controlled design expectation: model_contract; independent human/owner acceptance still required before merge.,True,model_contract,"TFG-MODEL-121: kod mijenja javni/serijalizovani model iz 'status' u 'status:integer' (serialized_field_type_change), dok docs-before eksplicitno navodi staru vrijednost; dokumentacija bi zato postala zastarjela.",approved,fbb7fe2d5c0e9412e695d5571d866af5f2f7e8db2c31a73a793f89602213c6b6,9d5047b136b288be41acd05d858b76622ea203fba62f81d1d2b86563ff4c21b5,model_contract,rbi_test_forge,serialized_field_type_change,cases/patches/rbi_test_forge/model_contract/TFG-MODEL-121.patch
CRPP2-TFG-MODEL_CONTRACT-122,controlled-v2/rbi-test-forge-copy,9401442,csharp,"[""TestGenerator/DocGuardContractLab-v2/model_contract/contracts_03.schema.json""]","--- a/TestGenerator/DocGuardContractLab-v2/model_contract/contracts_03.schema.json
+++ b/TestGenerator/DocGuardContractLab-v2/model_contract/contracts_03.schema.json
@@ -56,7 +56,8 @@
       },
       ""required"": [
         ""id"",
-        ""status""
+        ""status"",
+        ""score""
       ],
       ""title"": ""TFGPublicContract122"",
       ""type"": ""object""
","<!-- docs/docguard-contract-lab-v2/MODEL_CONTRACTS.md @ controlled-baseline:4ad7d36404dc95f9 -->
### TFG-MODEL-122 — `TFGPublicContract122`
- Serialized type: `object`
- Required fields: `id, status`
- `id`: `string(uuid)`
- `status`: `string`, allowed values `active|inactive`
- `score`: `integer`, minimum `0`
- `metadata`: `object`, additional properties allowed
",True,model_contract,Controlled design expectation: model_contract; independent human/owner acceptance still required before merge.,True,model_contract,"TFG-MODEL-122: kod mijenja javni/serijalizovani model iz 'id, status' u 'id, status, score' (required_field_change), dok docs-before eksplicitno navodi staru vrijednost; dokumentacija bi zato postala zastarjela.",approved,c5b53b245af3f93eb5e36b1f1b28bc23417021861a426a2b47d28e82dafe6cfd,56c44808457c76bbaa1ea84ebbf518ffcc863063c84edf055cd218d262f8e8fb,model_contract,rbi_test_forge,required_field_change,cases/patches/rbi_test_forge/model_contract/TFG-MODEL-122.patch
CRPP2-TFG-MODEL_CONTRACT-123,controlled-v2/rbi-test-forge-copy,9401443,csharp,"[""TestGenerator/DocGuardContractLab-v2/model_contract/contracts_03.schema.json""]","--- a/TestGenerator/DocGuardContractLab-v2/model_contract/contracts_03.schema.json
+++ b/TestGenerator/DocGuardContractLab-v2/model_contract/contracts_03.schema.json
@@ -71,6 +71,10 @@
         ""metadata"": {
           ""additionalProperties"": true,
           ""type"": ""object""
+        },
+        ""revision"": {
+          ""minimum"": 1,
+          ""type"": ""integer""
         },
         ""score"": {
           ""minimum"": 0,
","<!-- docs/docguard-contract-lab-v2/MODEL_CONTRACTS.md @ controlled-baseline:4ad7d36404dc95f9 -->
### TFG-MODEL-123 — `TFGPublicContract123`
- Serialized type: `object`
- Required fields: `id, status`
- `id`: `string(uuid)`
- `status`: `string`, allowed values `active|inactive`
- `score`: `integer`, minimum `0`
- `metadata`: `object`, additional properties allowed
",True,model_contract,Controlled design expectation: model_contract; independent human/owner acceptance still required before merge.,True,model_contract,"TFG-MODEL-123: kod mijenja javni/serijalizovani model iz 'metadata' u 'revision:integer (new field)' (serialized_field_added), dok docs-before eksplicitno navodi staru vrijednost; dokumentacija bi zato postala zastarjela.",approved,a474b14a02b3f6df06302b16f82faa3ce3ebc573bc65b1b2bdb8a640d6a64999,a56798a7dce625142fed21e2d1b906d3cf11ce47eec57d5e171b2ac387e94c35,model_contract,rbi_test_forge,serialized_field_added,cases/patches/rbi_test_forge/model_contract/TFG-MODEL-123.patch
CRPP2-TFG-MODEL_CONTRACT-124,controlled-v2/rbi-test-forge-copy,9401444,csharp,"[""TestGenerator/DocGuardContractLab-v2/model_contract/contracts_03.schema.json""]","--- a/TestGenerator/DocGuardContractLab-v2/model_contract/contracts_03.schema.json
+++ b/TestGenerator/DocGuardContractLab-v2/model_contract/contracts_03.schema.json
@@ -94,13 +94,13 @@
     {
       ""contractId"": ""TFG-MODEL-124"",
       ""properties"": {
-        ""id"": {
-          ""format"": ""uuid"",
-          ""type"": ""string""
-        },
-        ""metadata"": {
-          ""additionalProperties"": true,
-          ""type"": ""object""
+        ""attributes"": {
+          ""additionalProperties"": true,
+          ""type"": ""object""
+        },
+        ""id"": {
+          ""format"": ""uuid"",
+          ""type"": ""string""
         },
         ""score"": {
           ""minimum"": 0,
","<!-- docs/docguard-contract-lab-v2/MODEL_CONTRACTS.md @ controlled-baseline:4ad7d36404dc95f9 -->
### TFG-MODEL-124 — `TFGPublicContract124`
- Serialized type: `object`
- Required fields: `id, status`
- `id`: `string(uuid)`
- `status`: `string`, allowed values `active|inactive`
- `score`: `integer`, minimum `0`
- `metadata`: `object`, additional properties allowed
",True,model_contract,Controlled design expectation: model_contract; independent human/owner acceptance still required before merge.,True,model_contract,"TFG-MODEL-124: kod mijenja javni/serijalizovani model iz 'metadata' u 'attributes' (serialized_field_rename), dok docs-before eksplicitno navodi staru vrijednost; dokumentacija bi zato postala zastarjela.",approved,a7bd13fa60b087a4ebc108036d486669162366eebe5db8a77468bee7e9a3660f,4c1cee7c30954ab1a217e02c19b63134e417fe0b4d66480a84fdac2c32b40aed,model_contract,rbi_test_forge,serialized_field_rename,cases/patches/rbi_test_forge/model_contract/TFG-MODEL-124.patch
CRPP2-TFG-MODEL_CONTRACT-125,controlled-v2/rbi-test-forge-copy,9401445,csharp,"[""TestGenerator/DocGuardContractLab-v2/model_contract/contracts_03.schema.json""]","--- a/TestGenerator/DocGuardContractLab-v2/model_contract/contracts_03.schema.json
+++ b/TestGenerator/DocGuardContractLab-v2/model_contract/contracts_03.schema.json
@@ -137,11 +137,8 @@
           ""type"": ""integer""
         },
         ""status"": {
-          ""enum"": [
-            ""active"",
-            ""inactive""
-          ],
-          ""type"": ""string""
+          ""minimum"": 0,
+          ""type"": ""integer""
         }
       },
       ""required"": [
","<!-- docs/docguard-contract-lab-v2/MODEL_CONTRACTS.md @ controlled-baseline:4ad7d36404dc95f9 -->
### TFG-MODEL-125 — `TFGPublicContract125`
- Serialized type: `object`
- Required fields: `id, status`
- `id`: `string(uuid)`
- `status`: `string`, allowed values `active|inactive`
- `score`: `integer`, minimum `0`
- `metadata`: `object`, additional properties allowed
",True,model_contract,Controlled design expectation: model_contract; independent human/owner acceptance still required before merge.,True,model_contract,"TFG-MODEL-125: kod mijenja javni/serijalizovani model iz 'status' u 'status:integer' (serialized_field_type_change), dok docs-before eksplicitno navodi staru vrijednost; dokumentacija bi zato postala zastarjela.",approved,09b18aeae280796044c68a3fbd802f6618ca03406c35a7fb115d6b1c528160a8,4be9b092b301b37843c0e2ddddc68f20e82e5c51e2321bca34a1d4ca32b6596e,model_contract,rbi_test_forge,serialized_field_type_change,cases/patches/rbi_test_forge/model_contract/TFG-MODEL-125.patch
CRPP2-TFG-MODEL_CONTRACT-126,controlled-v2/rbi-test-forge-copy,9401446,csharp,"[""TestGenerator/DocGuardContractLab-v2/model_contract/contracts_03.schema.json""]","--- a/TestGenerator/DocGuardContractLab-v2/model_contract/contracts_03.schema.json
+++ b/TestGenerator/DocGuardContractLab-v2/model_contract/contracts_03.schema.json
@@ -176,7 +176,8 @@
       },
       ""required"": [
         ""id"",
-        ""status""
+        ""status"",
+        ""score""
       ],
       ""title"": ""TFGPublicContract126"",
       ""type"": ""object""
","<!-- docs/docguard-contract-lab-v2/MODEL_CONTRACTS.md @ controlled-baseline:4ad7d36404dc95f9 -->
### TFG-MODEL-126 — `TFGPublicContract126`
- Serialized type: `object`
- Required fields: `id, status`
- `id`: `string(uuid)`
- `status`: `string`, allowed values `active|inactive`
- `score`: `integer`, minimum `0`
- `metadata`: `object`, additional properties allowed
",True,model_contract,Controlled design expectation: model_contract; independent human/owner acceptance still required before merge.,True,model_contract,"TFG-MODEL-126: kod mijenja javni/serijalizovani model iz 'id, status' u 'id, status, score' (required_field_change), dok docs-before eksplicitno navodi staru vrijednost; dokumentacija bi zato postala zastarjela.",approved,81b750885c18d34a7ad17965f70e779ec2b44a0d07c08b186342d5267be33789,72d8578931792ac40cbb418c2accdd2f3cc4484fb97fc03e269063fc54f97dd4,model_contract,rbi_test_forge,required_field_change,cases/patches/rbi_test_forge/model_contract/TFG-MODEL-126.patch
CRPP2-TFG-MODEL_CONTRACT-127,controlled-v2/rbi-test-forge-copy,9401447,csharp,"[""TestGenerator/DocGuardContractLab-v2/model_contract/contracts_03.schema.json""]","--- a/TestGenerator/DocGuardContractLab-v2/model_contract/contracts_03.schema.json
+++ b/TestGenerator/DocGuardContractLab-v2/model_contract/contracts_03.schema.json
@@ -191,6 +191,10 @@
         ""metadata"": {
           ""additionalProperties"": true,
           ""type"": ""object""
+        },
+        ""revision"": {
+          ""minimum"": 1,
+          ""type"": ""integer""
         },
         ""score"": {
           ""minimum"": 0,
","<!-- docs/docguard-contract-lab-v2/MODEL_CONTRACTS.md @ controlled-baseline:4ad7d36404dc95f9 -->
### TFG-MODEL-127 — `TFGPublicContract127`
- Serialized type: `object`
- Required fields: `id, status`
- `id`: `string(uuid)`
- `status`: `string`, allowed values `active|inactive`
- `score`: `integer`, minimum `0`
- `metadata`: `object`, additional properties allowed
",True,model_contract,Controlled design expectation: model_contract; independent human/owner acceptance still required before merge.,True,model_contract,"TFG-MODEL-127: kod mijenja javni/serijalizovani model iz 'metadata' u 'revision:integer (new field)' (serialized_field_added), dok docs-before eksplicitno navodi staru vrijednost; dokumentacija bi zato postala zastarjela.",approved,e7168e968b2a78e1095c4bcc63e29758dad5fe95c2266a5c17d33513dcf4eab1,e29de2d6056d5cdd45cb28d467f370adb918b851b33ae276ae98c1c2fa18e2b7,model_contract,rbi_test_forge,serialized_field_added,cases/patches/rbi_test_forge/model_contract/TFG-MODEL-127.patch
CRPP2-TFG-MODEL_CONTRACT-128,controlled-v2/rbi-test-forge-copy,9401448,csharp,"[""TestGenerator/DocGuardContractLab-v2/model_contract/contracts_03.schema.json""]","--- a/TestGenerator/DocGuardContractLab-v2/model_contract/contracts_03.schema.json
+++ b/TestGenerator/DocGuardContractLab-v2/model_contract/contracts_03.schema.json
@@ -214,13 +214,13 @@
     {
       ""contractId"": ""TFG-MODEL-128"",
       ""properties"": {
-        ""id"": {
-          ""format"": ""uuid"",
-          ""type"": ""string""
-        },
-        ""metadata"": {
-          ""additionalProperties"": true,
-          ""type"": ""object""
+        ""attributes"": {
+          ""additionalProperties"": true,
+          ""type"": ""object""
+        },
+        ""id"": {
+          ""format"": ""uuid"",
+          ""type"": ""string""
         },
         ""score"": {
           ""minimum"": 0,
","<!-- docs/docguard-contract-lab-v2/MODEL_CONTRACTS.md @ controlled-baseline:4ad7d36404dc95f9 -->
### TFG-MODEL-128 — `TFGPublicContract128`
- Serialized type: `object`
- Required fields: `id, status`
- `id`: `string(uuid)`
- `status`: `string`, allowed values `active|inactive`
- `score`: `integer`, minimum `0`
- `metadata`: `object`, additional properties allowed
",True,model_contract,Controlled design expectation: model_contract; independent human/owner acceptance still required before merge.,True,model_contract,"TFG-MODEL-128: kod mijenja javni/serijalizovani model iz 'metadata' u 'attributes' (serialized_field_rename), dok docs-before eksplicitno navodi staru vrijednost; dokumentacija bi zato postala zastarjela.",approved,abed67e0adf31a68e72471d580451e7dc4e84b2d3de9d559023b3a666741e71b,9bce176256163854819a5df9a15105b3870bc829e0fe7be963feeed9b3b3b184,model_contract,rbi_test_forge,serialized_field_rename,cases/patches/rbi_test_forge/model_contract/TFG-MODEL-128.patch
CRPP2-TFG-MODEL_CONTRACT-129,controlled-v2/rbi-test-forge-copy,9401449,csharp,"[""TestGenerator/DocGuardContractLab-v2/model_contract/contracts_03.schema.json""]","--- a/TestGenerator/DocGuardContractLab-v2/model_contract/contracts_03.schema.json
+++ b/TestGenerator/DocGuardContractLab-v2/model_contract/contracts_03.schema.json
@@ -257,11 +257,8 @@
           ""type"": ""integer""
         },
         ""status"": {
-          ""enum"": [
-            ""active"",
-            ""inactive""
-          ],
-          ""type"": ""string""
+          ""minimum"": 0,
+          ""type"": ""integer""
         }
       },
       ""required"": [
","<!-- docs/docguard-contract-lab-v2/MODEL_CONTRACTS.md @ controlled-baseline:4ad7d36404dc95f9 -->
### TFG-MODEL-129 — `TFGPublicContract129`
- Serialized type: `object`
- Required fields: `id, status`
- `id`: `string(uuid)`
- `status`: `string`, allowed values `active|inactive`
- `score`: `integer`, minimum `0`
- `metadata`: `object`, additional properties allowed
",True,model_contract,Controlled design expectation: model_contract; independent human/owner acceptance still required before merge.,True,model_contract,"TFG-MODEL-129: kod mijenja javni/serijalizovani model iz 'status' u 'status:integer' (serialized_field_type_change), dok docs-before eksplicitno navodi staru vrijednost; dokumentacija bi zato postala zastarjela.",approved,4e4a37643969eb550867fc96f184b6775d73d44bdce5060007afffb9fada5d53,8b35336e3fecac0bbe31b4621105ae3699ad8faa9e5d5e3481e4b4a514154541,model_contract,rbi_test_forge,serialized_field_type_change,cases/patches/rbi_test_forge/model_contract/TFG-MODEL-129.patch
CRPP2-TFG-MODEL_CONTRACT-130,controlled-v2/rbi-test-forge-copy,9401450,csharp,"[""TestGenerator/DocGuardContractLab-v2/model_contract/contracts_03.schema.json""]","--- a/TestGenerator/DocGuardContractLab-v2/model_contract/contracts_03.schema.json
+++ b/TestGenerator/DocGuardContractLab-v2/model_contract/contracts_03.schema.json
@@ -296,7 +296,8 @@
       },
       ""required"": [
         ""id"",
-        ""status""
+        ""status"",
+        ""score""
       ],
       ""title"": ""TFGPublicContract130"",
       ""type"": ""object""
","<!-- docs/docguard-contract-lab-v2/MODEL_CONTRACTS.md @ controlled-baseline:4ad7d36404dc95f9 -->
### TFG-MODEL-130 — `TFGPublicContract130`
- Serialized type: `object`
- Required fields: `id, status`
- `id`: `string(uuid)`
- `status`: `string`, allowed values `active|inactive`
- `score`: `integer`, minimum `0`
- `metadata`: `object`, additional properties allowed
",True,model_contract,Controlled design expectation: model_contract; independent human/owner acceptance still required before merge.,True,model_contract,"TFG-MODEL-130: kod mijenja javni/serijalizovani model iz 'id, status' u 'id, status, score' (required_field_change), dok docs-before eksplicitno navodi staru vrijednost; dokumentacija bi zato postala zastarjela.",approved,267c56ba772295ee7dfa4a8183c7385d1a659ff7e8ba7d3d1e1b7f75020f7b1b,d099ff6931438f803bd0721ab2d2a48a235cea312c6ae7b59d5e6b5fb8e1c87b,model_contract,rbi_test_forge,required_field_change,cases/patches/rbi_test_forge/model_contract/TFG-MODEL-130.patch
CRPP2-TFG-MODEL_CONTRACT-131,controlled-v2/rbi-test-forge-copy,9401451,csharp,"[""TestGenerator/DocGuardContractLab-v2/model_contract/contracts_04.schema.json""]","--- a/TestGenerator/DocGuardContractLab-v2/model_contract/contracts_04.schema.json
+++ b/TestGenerator/DocGuardContractLab-v2/model_contract/contracts_04.schema.json
@@ -11,6 +11,10 @@
         ""metadata"": {
           ""additionalProperties"": true,
           ""type"": ""object""
+        },
+        ""revision"": {
+          ""minimum"": 1,
+          ""type"": ""integer""
         },
         ""score"": {
           ""minimum"": 0,
","<!-- docs/docguard-contract-lab-v2/MODEL_CONTRACTS.md @ controlled-baseline:4ad7d36404dc95f9 -->
### TFG-MODEL-131 — `TFGPublicContract131`
- Serialized type: `object`
- Required fields: `id, status`
- `id`: `string(uuid)`
- `status`: `string`, allowed values `active|inactive`
- `score`: `integer`, minimum `0`
- `metadata`: `object`, additional properties allowed
",True,model_contract,Controlled design expectation: model_contract; independent human/owner acceptance still required before merge.,True,model_contract,"TFG-MODEL-131: kod mijenja javni/serijalizovani model iz 'metadata' u 'revision:integer (new field)' (serialized_field_added), dok docs-before eksplicitno navodi staru vrijednost; dokumentacija bi zato postala zastarjela.",approved,f5fe18165a9228b76d1c618abb72f6505fda358e8fe11684d78f8ebdc8c226ba,de8d300607b94a7ff15a43643f46363abbfae6461ed5e2ad3b075f2a7e98efe6,model_contract,rbi_test_forge,serialized_field_added,cases/patches/rbi_test_forge/model_contract/TFG-MODEL-131.patch
CRPP2-TFG-MODEL_CONTRACT-132,controlled-v2/rbi-test-forge-copy,9401452,csharp,"[""TestGenerator/DocGuardContractLab-v2/model_contract/contracts_04.schema.json""]","--- a/TestGenerator/DocGuardContractLab-v2/model_contract/contracts_04.schema.json
+++ b/TestGenerator/DocGuardContractLab-v2/model_contract/contracts_04.schema.json
@@ -34,13 +34,13 @@
     {
       ""contractId"": ""TFG-MODEL-132"",
       ""properties"": {
-        ""id"": {
-          ""format"": ""uuid"",
-          ""type"": ""string""
-        },
-        ""metadata"": {
-          ""additionalProperties"": true,
-          ""type"": ""object""
+        ""attributes"": {
+          ""additionalProperties"": true,
+          ""type"": ""object""
+        },
+        ""id"": {
+          ""format"": ""uuid"",
+          ""type"": ""string""
         },
         ""score"": {
           ""minimum"": 0,
","<!-- docs/docguard-contract-lab-v2/MODEL_CONTRACTS.md @ controlled-baseline:4ad7d36404dc95f9 -->
### TFG-MODEL-132 — `TFGPublicContract132`
- Serialized type: `object`
- Required fields: `id, status`
- `id`: `string(uuid)`
- `status`: `string`, allowed values `active|inactive`
- `score`: `integer`, minimum `0`
- `metadata`: `object`, additional properties allowed
",True,model_contract,Controlled design expectation: model_contract; independent human/owner acceptance still required before merge.,True,model_contract,"TFG-MODEL-132: kod mijenja javni/serijalizovani model iz 'metadata' u 'attributes' (serialized_field_rename), dok docs-before eksplicitno navodi staru vrijednost; dokumentacija bi zato postala zastarjela.",approved,fd02bdcee14832fc16bee2d202261e5644846b4989a735dd51a047c10c5bd597,8f7ffc0b039b644e5701fccb04ed24d44f4eac35cc0ae4a02daec074bdb89a19,model_contract,rbi_test_forge,serialized_field_rename,cases/patches/rbi_test_forge/model_contract/TFG-MODEL-132.patch
CRPP2-TFG-MODEL_CONTRACT-133,controlled-v2/rbi-test-forge-copy,9401453,csharp,"[""TestGenerator/DocGuardContractLab-v2/model_contract/contracts_04.schema.json""]","--- a/TestGenerator/DocGuardContractLab-v2/model_contract/contracts_04.schema.json
+++ b/TestGenerator/DocGuardContractLab-v2/model_contract/contracts_04.schema.json
@@ -77,11 +77,8 @@
           ""type"": ""integer""
         },
         ""status"": {
-          ""enum"": [
-            ""active"",
-            ""inactive""
-          ],
-          ""type"": ""string""
+          ""minimum"": 0,
+          ""type"": ""integer""
         }
       },
       ""required"": [
","<!-- docs/docguard-contract-lab-v2/MODEL_CONTRACTS.md @ controlled-baseline:4ad7d36404dc95f9 -->
### TFG-MODEL-133 — `TFGPublicContract133`
- Serialized type: `object`
- Required fields: `id, status`
- `id`: `string(uuid)`
- `status`: `string`, allowed values `active|inactive`
- `score`: `integer`, minimum `0`
- `metadata`: `object`, additional properties allowed
",True,model_contract,Controlled design expectation: model_contract; independent human/owner acceptance still required before merge.,True,model_contract,"TFG-MODEL-133: kod mijenja javni/serijalizovani model iz 'status' u 'status:integer' (serialized_field_type_change), dok docs-before eksplicitno navodi staru vrijednost; dokumentacija bi zato postala zastarjela.",approved,83a2a40ca21f5eb45e94ab602ad94edf041791b9498b6eed8e2cc0ed5b8031e4,deeb0176c38f2171e766bdeb9a3cb687a896f25e59a884b8d7ad980d93e4d7d9,model_contract,rbi_test_forge,serialized_field_type_change,cases/patches/rbi_test_forge/model_contract/TFG-MODEL-133.patch
CRPP2-TFG-MODEL_CONTRACT-134,controlled-v2/rbi-test-forge-copy,9401454,csharp,"[""TestGenerator/DocGuardContractLab-v2/model_contract/contracts_04.schema.json""]","--- a/TestGenerator/DocGuardContractLab-v2/model_contract/contracts_04.schema.json
+++ b/TestGenerator/DocGuardContractLab-v2/model_contract/contracts_04.schema.json
@@ -116,7 +116,8 @@
       },
       ""required"": [
         ""id"",
-        ""status""
+        ""status"",
+        ""score""
       ],
       ""title"": ""TFGPublicContract134"",
       ""type"": ""object""
","<!-- docs/docguard-contract-lab-v2/MODEL_CONTRACTS.md @ controlled-baseline:4ad7d36404dc95f9 -->
### TFG-MODEL-134 — `TFGPublicContract134`
- Serialized type: `object`
- Required fields: `id, status`
- `id`: `string(uuid)`
- `status`: `string`, allowed values `active|inactive`
- `score`: `integer`, minimum `0`
- `metadata`: `object`, additional properties allowed
",True,model_contract,Controlled design expectation: model_contract; independent human/owner acceptance still required before merge.,True,model_contract,"TFG-MODEL-134: kod mijenja javni/serijalizovani model iz 'id, status' u 'id, status, score' (required_field_change), dok docs-before eksplicitno navodi staru vrijednost; dokumentacija bi zato postala zastarjela.",approved,a07087fbbfbd5d7271f2eced871a17d23326b7faec9bbde1d2e53194bf39ccd8,7ca0ca9574332d9915bd6e8805834cf8ccfa8fe40bbc1bbee74d3b73cfa89455,model_contract,rbi_test_forge,required_field_change,cases/patches/rbi_test_forge/model_contract/TFG-MODEL-134.patch
CRPP2-TFG-MODEL_CONTRACT-135,controlled-v2/rbi-test-forge-copy,9401455,csharp,"[""TestGenerator/DocGuardContractLab-v2/model_contract/contracts_04.schema.json""]","--- a/TestGenerator/DocGuardContractLab-v2/model_contract/contracts_04.schema.json
+++ b/TestGenerator/DocGuardContractLab-v2/model_contract/contracts_04.schema.json
@@ -131,6 +131,10 @@
         ""metadata"": {
           ""additionalProperties"": true,
           ""type"": ""object""
+        },
+        ""revision"": {
+          ""minimum"": 1,
+          ""type"": ""integer""
         },
         ""score"": {
           ""minimum"": 0,
","<!-- docs/docguard-contract-lab-v2/MODEL_CONTRACTS.md @ controlled-baseline:4ad7d36404dc95f9 -->
### TFG-MODEL-135 — `TFGPublicContract135`
- Serialized type: `object`
- Required fields: `id, status`
- `id`: `string(uuid)`
- `status`: `string`, allowed values `active|inactive`
- `score`: `integer`, minimum `0`
- `metadata`: `object`, additional properties allowed
",True,model_contract,Controlled design expectation: model_contract; independent human/owner acceptance still required before merge.,True,model_contract,"TFG-MODEL-135: kod mijenja javni/serijalizovani model iz 'metadata' u 'revision:integer (new field)' (serialized_field_added), dok docs-before eksplicitno navodi staru vrijednost; dokumentacija bi zato postala zastarjela.",approved,b7348866cdf07411cde98c3103ede2d7291375a2446a243e6bc40fc62c5448e1,c6536e6203a64f357b872b4f53ff89cbf9cab4c884f6728da857df854b7cc023,model_contract,rbi_test_forge,serialized_field_added,cases/patches/rbi_test_forge/model_contract/TFG-MODEL-135.patch
CRPP2-TFG-MODEL_CONTRACT-136,controlled-v2/rbi-test-forge-copy,9401456,csharp,"[""TestGenerator/DocGuardContractLab-v2/model_contract/contracts_04.schema.json""]","--- a/TestGenerator/DocGuardContractLab-v2/model_contract/contracts_04.schema.json
+++ b/TestGenerator/DocGuardContractLab-v2/model_contract/contracts_04.schema.json
@@ -154,13 +154,13 @@
     {
       ""contractId"": ""TFG-MODEL-136"",
       ""properties"": {
-        ""id"": {
-          ""format"": ""uuid"",
-          ""type"": ""string""
-        },
-        ""metadata"": {
-          ""additionalProperties"": true,
-          ""type"": ""object""
+        ""attributes"": {
+          ""additionalProperties"": true,
+          ""type"": ""object""
+        },
+        ""id"": {
+          ""format"": ""uuid"",
+          ""type"": ""string""
         },
         ""score"": {
           ""minimum"": 0,
","<!-- docs/docguard-contract-lab-v2/MODEL_CONTRACTS.md @ controlled-baseline:4ad7d36404dc95f9 -->
### TFG-MODEL-136 — `TFGPublicContract136`
- Serialized type: `object`
- Required fields: `id, status`
- `id`: `string(uuid)`
- `status`: `string`, allowed values `active|inactive`
- `score`: `integer`, minimum `0`
- `metadata`: `object`, additional properties allowed
",True,model_contract,Controlled design expectation: model_contract; independent human/owner acceptance still required before merge.,True,model_contract,"TFG-MODEL-136: kod mijenja javni/serijalizovani model iz 'metadata' u 'attributes' (serialized_field_rename), dok docs-before eksplicitno navodi staru vrijednost; dokumentacija bi zato postala zastarjela.",approved,efd59ed41e25131b2f6a1471781ca6d4f9a51ed5bd33c98cb51a8c5e769154ae,7e30f0e17a8a8087796675a2991661ac55ec437c97c2b1289c3740d3e0c04496,model_contract,rbi_test_forge,serialized_field_rename,cases/patches/rbi_test_forge/model_contract/TFG-MODEL-136.patch
CRPP2-TFG-MODEL_CONTRACT-137,controlled-v2/rbi-test-forge-copy,9401457,csharp,"[""TestGenerator/DocGuardContractLab-v2/model_contract/contracts_04.schema.json""]","--- a/TestGenerator/DocGuardContractLab-v2/model_contract/contracts_04.schema.json
+++ b/TestGenerator/DocGuardContractLab-v2/model_contract/contracts_04.schema.json
@@ -197,11 +197,8 @@
           ""type"": ""integer""
         },
         ""status"": {
-          ""enum"": [
-            ""active"",
-            ""inactive""
-          ],
-          ""type"": ""string""
+          ""minimum"": 0,
+          ""type"": ""integer""
         }
       },
       ""required"": [
","<!-- docs/docguard-contract-lab-v2/MODEL_CONTRACTS.md @ controlled-baseline:4ad7d36404dc95f9 -->
### TFG-MODEL-137 — `TFGPublicContract137`
- Serialized type: `object`
- Required fields: `id, status`
- `id`: `string(uuid)`
- `status`: `string`, allowed values `active|inactive`
- `score`: `integer`, minimum `0`
- `metadata`: `object`, additional properties allowed
",True,model_contract,Controlled design expectation: model_contract; independent human/owner acceptance still required before merge.,True,model_contract,"TFG-MODEL-137: kod mijenja javni/serijalizovani model iz 'status' u 'status:integer' (serialized_field_type_change), dok docs-before eksplicitno navodi staru vrijednost; dokumentacija bi zato postala zastarjela.",approved,f0b5fcdad9e1d36d4c44855e2e6041969ec789286a15ffd1ef80f0e41e87bdfa,ff14c668a08b6e7b9b807b8bf49360330518bc2ceeebd6c6ee21bc9fd8820166,model_contract,rbi_test_forge,serialized_field_type_change,cases/patches/rbi_test_forge/model_contract/TFG-MODEL-137.patch
CRPP2-TFG-MODEL_CONTRACT-138,controlled-v2/rbi-test-forge-copy,9401458,csharp,"[""TestGenerator/DocGuardContractLab-v2/model_contract/contracts_04.schema.json""]","--- a/TestGenerator/DocGuardContractLab-v2/model_contract/contracts_04.schema.json
+++ b/TestGenerator/DocGuardContractLab-v2/model_contract/contracts_04.schema.json
@@ -236,7 +236,8 @@
       },
       ""required"": [
         ""id"",
-        ""status""
+        ""status"",
+        ""score""
       ],
       ""title"": ""TFGPublicContract138"",
       ""type"": ""object""
","<!-- docs/docguard-contract-lab-v2/MODEL_CONTRACTS.md @ controlled-baseline:4ad7d36404dc95f9 -->
### TFG-MODEL-138 — `TFGPublicContract138`
- Serialized type: `object`
- Required fields: `id, status`
- `id`: `string(uuid)`
- `status`: `string`, allowed values `active|inactive`
- `score`: `integer`, minimum `0`
- `metadata`: `object`, additional properties allowed
",True,model_contract,Controlled design expectation: model_contract; independent human/owner acceptance still required before merge.,True,model_contract,"TFG-MODEL-138: kod mijenja javni/serijalizovani model iz 'id, status' u 'id, status, score' (required_field_change), dok docs-before eksplicitno navodi staru vrijednost; dokumentacija bi zato postala zastarjela.",approved,dc5751f27251dc01f0d7d7545eb29b0be058da864f1ee0b91302633de9333e7f,3cd5ea7043f40565272804c2d443109cfff848cd4ec2b22b6d2342f8fffb7845,model_contract,rbi_test_forge,required_field_change,cases/patches/rbi_test_forge/model_contract/TFG-MODEL-138.patch
CRPP2-TFG-MODEL_CONTRACT-139,controlled-v2/rbi-test-forge-copy,9401459,csharp,"[""TestGenerator/DocGuardContractLab-v2/model_contract/contracts_04.schema.json""]","--- a/TestGenerator/DocGuardContractLab-v2/model_contract/contracts_04.schema.json
+++ b/TestGenerator/DocGuardContractLab-v2/model_contract/contracts_04.schema.json
@@ -251,6 +251,10 @@
         ""metadata"": {
           ""additionalProperties"": true,
           ""type"": ""object""
+        },
+        ""revision"": {
+          ""minimum"": 1,
+          ""type"": ""integer""
         },
         ""score"": {
           ""minimum"": 0,
","<!-- docs/docguard-contract-lab-v2/MODEL_CONTRACTS.md @ controlled-baseline:4ad7d36404dc95f9 -->
### TFG-MODEL-139 — `TFGPublicContract139`
- Serialized type: `object`
- Required fields: `id, status`
- `id`: `string(uuid)`
- `status`: `string`, allowed values `active|inactive`
- `score`: `integer`, minimum `0`
- `metadata`: `object`, additional properties allowed
",True,model_contract,Controlled design expectation: model_contract; independent human/owner acceptance still required before merge.,True,model_contract,"TFG-MODEL-139: kod mijenja javni/serijalizovani model iz 'metadata' u 'revision:integer (new field)' (serialized_field_added), dok docs-before eksplicitno navodi staru vrijednost; dokumentacija bi zato postala zastarjela.",approved,a7bb611b8cba905a8bfdbf711e822c2e24c3cc3a21b139e899528801820ec31d,a5c44fa4ef329ac41741fed2d40d90082e1ebe5f7cd1899137807cdcbf5f44ae,model_contract,rbi_test_forge,serialized_field_added,cases/patches/rbi_test_forge/model_contract/TFG-MODEL-139.patch
CRPP2-TFG-MODEL_CONTRACT-140,controlled-v2/rbi-test-forge-copy,9401460,csharp,"[""TestGenerator/DocGuardContractLab-v2/model_contract/contracts_04.schema.json""]","--- a/TestGenerator/DocGuardContractLab-v2/model_contract/contracts_04.schema.json
+++ b/TestGenerator/DocGuardContractLab-v2/model_contract/contracts_04.schema.json
@@ -274,13 +274,13 @@
     {
       ""contractId"": ""TFG-MODEL-140"",
       ""properties"": {
-        ""id"": {
-          ""format"": ""uuid"",
-          ""type"": ""string""
-        },
-        ""metadata"": {
-          ""additionalProperties"": true,
-          ""type"": ""object""
+        ""attributes"": {
+          ""additionalProperties"": true,
+          ""type"": ""object""
+        },
+        ""id"": {
+          ""format"": ""uuid"",
+          ""type"": ""string""
         },
         ""score"": {
           ""minimum"": 0,
","<!-- docs/docguard-contract-lab-v2/MODEL_CONTRACTS.md @ controlled-baseline:4ad7d36404dc95f9 -->
### TFG-MODEL-140 — `TFGPublicContract140`
- Serialized type: `object`
- Required fields: `id, status`
- `id`: `string(uuid)`
- `status`: `string`, allowed values `active|inactive`
- `score`: `integer`, minimum `0`
- `metadata`: `object`, additional properties allowed
",True,model_contract,Controlled design expectation: model_contract; independent human/owner acceptance still required before merge.,True,model_contract,"TFG-MODEL-140: kod mijenja javni/serijalizovani model iz 'metadata' u 'attributes' (serialized_field_rename), dok docs-before eksplicitno navodi staru vrijednost; dokumentacija bi zato postala zastarjela.",approved,64f6e6e931029870ad4a686cd8169be7c26c936f8e68e7d126aedf6206ffeb87,43b491d2764793334514d2a81438ec2f30583cbeca80637d44ea5bef35f42433,model_contract,rbi_test_forge,serialized_field_rename,cases/patches/rbi_test_forge/model_contract/TFG-MODEL-140.patch
CRPP2-TFG-MODEL_CONTRACT-141,controlled-v2/rbi-test-forge-copy,9401461,csharp,"[""TestGenerator/DocGuardContractLab-v2/model_contract/contracts_05.schema.json""]","--- a/TestGenerator/DocGuardContractLab-v2/model_contract/contracts_05.schema.json
+++ b/TestGenerator/DocGuardContractLab-v2/model_contract/contracts_05.schema.json
@@ -17,11 +17,8 @@
           ""type"": ""integer""
         },
         ""status"": {
-          ""enum"": [
-            ""active"",
-            ""inactive""
-          ],
-          ""type"": ""string""
+          ""minimum"": 0,
+          ""type"": ""integer""
         }
       },
       ""required"": [
","<!-- docs/docguard-contract-lab-v2/MODEL_CONTRACTS.md @ controlled-baseline:4ad7d36404dc95f9 -->
### TFG-MODEL-141 — `TFGPublicContract141`
- Serialized type: `object`
- Required fields: `id, status`
- `id`: `string(uuid)`
- `status`: `string`, allowed values `active|inactive`
- `score`: `integer`, minimum `0`
- `metadata`: `object`, additional properties allowed
",True,model_contract,Controlled design expectation: model_contract; independent human/owner acceptance still required before merge.,True,model_contract,"TFG-MODEL-141: kod mijenja javni/serijalizovani model iz 'status' u 'status:integer' (serialized_field_type_change), dok docs-before eksplicitno navodi staru vrijednost; dokumentacija bi zato postala zastarjela.",approved,70020a53e76169d6f8c3058c0ea1e46f89a65252f091e27898e55c4b70858a97,f06455a966f1b32e25f3e3e75b71012be3e3d5b67db4f18f953c021ce09c41a5,model_contract,rbi_test_forge,serialized_field_type_change,cases/patches/rbi_test_forge/model_contract/TFG-MODEL-141.patch
CRPP2-TFG-MODEL_CONTRACT-142,controlled-v2/rbi-test-forge-copy,9401462,csharp,"[""TestGenerator/DocGuardContractLab-v2/model_contract/contracts_05.schema.json""]","--- a/TestGenerator/DocGuardContractLab-v2/model_contract/contracts_05.schema.json
+++ b/TestGenerator/DocGuardContractLab-v2/model_contract/contracts_05.schema.json
@@ -56,7 +56,8 @@
       },
       ""required"": [
         ""id"",
-        ""status""
+        ""status"",
+        ""score""
       ],
       ""title"": ""TFGPublicContract142"",
       ""type"": ""object""
","<!-- docs/docguard-contract-lab-v2/MODEL_CONTRACTS.md @ controlled-baseline:4ad7d36404dc95f9 -->
### TFG-MODEL-142 — `TFGPublicContract142`
- Serialized type: `object`
- Required fields: `id, status`
- `id`: `string(uuid)`
- `status`: `string`, allowed values `active|inactive`
- `score`: `integer`, minimum `0`
- `metadata`: `object`, additional properties allowed
",True,model_contract,Controlled design expectation: model_contract; independent human/owner acceptance still required before merge.,True,model_contract,"TFG-MODEL-142: kod mijenja javni/serijalizovani model iz 'id, status' u 'id, status, score' (required_field_change), dok docs-before eksplicitno navodi staru vrijednost; dokumentacija bi zato postala zastarjela.",approved,94147d6a36fd531fddde3594d642860e120c29b919ecb3754a8e1ec365dd19e0,6204752b03442bc1d769e05942266b5662d1ce1ffacda38f1b80f153d313cbf4,model_contract,rbi_test_forge,required_field_change,cases/patches/rbi_test_forge/model_contract/TFG-MODEL-142.patch
CRPP2-TFG-MODEL_CONTRACT-143,controlled-v2/rbi-test-forge-copy,9401463,csharp,"[""TestGenerator/DocGuardContractLab-v2/model_contract/contracts_05.schema.json""]","--- a/TestGenerator/DocGuardContractLab-v2/model_contract/contracts_05.schema.json
+++ b/TestGenerator/DocGuardContractLab-v2/model_contract/contracts_05.schema.json
@@ -71,6 +71,10 @@
         ""metadata"": {
           ""additionalProperties"": true,
           ""type"": ""object""
+        },
+        ""revision"": {
+          ""minimum"": 1,
+          ""type"": ""integer""
         },
         ""score"": {
           ""minimum"": 0,
","<!-- docs/docguard-contract-lab-v2/MODEL_CONTRACTS.md @ controlled-baseline:4ad7d36404dc95f9 -->
### TFG-MODEL-143 — `TFGPublicContract143`
- Serialized type: `object`
- Required fields: `id, status`
- `id`: `string(uuid)`
- `status`: `string`, allowed values `active|inactive`
- `score`: `integer`, minimum `0`
- `metadata`: `object`, additional properties allowed
",True,model_contract,Controlled design expectation: model_contract; independent human/owner acceptance still required before merge.,True,model_contract,"TFG-MODEL-143: kod mijenja javni/serijalizovani model iz 'metadata' u 'revision:integer (new field)' (serialized_field_added), dok docs-before eksplicitno navodi staru vrijednost; dokumentacija bi zato postala zastarjela.",approved,599993277d6ec3d98720b97219cf15c6278fa83612e4512abb571f7c7ee628d8,0d6d4dd317d160e1c30e1a295b9e3301ee75d4e5622c2fc96b11ef01cd4d6974,model_contract,rbi_test_forge,serialized_field_added,cases/patches/rbi_test_forge/model_contract/TFG-MODEL-143.patch
CRPP2-TFG-MODEL_CONTRACT-144,controlled-v2/rbi-test-forge-copy,9401464,csharp,"[""TestGenerator/DocGuardContractLab-v2/model_contract/contracts_05.schema.json""]","--- a/TestGenerator/DocGuardContractLab-v2/model_contract/contracts_05.schema.json
+++ b/TestGenerator/DocGuardContractLab-v2/model_contract/contracts_05.schema.json
@@ -94,13 +94,13 @@
     {
       ""contractId"": ""TFG-MODEL-144"",
       ""properties"": {
-        ""id"": {
-          ""format"": ""uuid"",
-          ""type"": ""string""
-        },
-        ""metadata"": {
-          ""additionalProperties"": true,
-          ""type"": ""object""
+        ""attributes"": {
+          ""additionalProperties"": true,
+          ""type"": ""object""
+        },
+        ""id"": {
+          ""format"": ""uuid"",
+          ""type"": ""string""
         },
         ""score"": {
           ""minimum"": 0,
","<!-- docs/docguard-contract-lab-v2/MODEL_CONTRACTS.md @ controlled-baseline:4ad7d36404dc95f9 -->
### TFG-MODEL-144 — `TFGPublicContract144`
- Serialized type: `object`
- Required fields: `id, status`
- `id`: `string(uuid)`
- `status`: `string`, allowed values `active|inactive`
- `score`: `integer`, minimum `0`
- `metadata`: `object`, additional properties allowed
",True,model_contract,Controlled design expectation: model_contract; independent human/owner acceptance still required before merge.,True,model_contract,"TFG-MODEL-144: kod mijenja javni/serijalizovani model iz 'metadata' u 'attributes' (serialized_field_rename), dok docs-before eksplicitno navodi staru vrijednost; dokumentacija bi zato postala zastarjela.",approved,0516c9a98f8bf60843494b75d8100880f3650cf10fdf9c1f03532b9af154a6fc,a13c4cffb4d8db7dec7c5d2f7120c4cd25b6a2a50c6ba09afb2e388b2d517a45,model_contract,rbi_test_forge,serialized_field_rename,cases/patches/rbi_test_forge/model_contract/TFG-MODEL-144.patch
CRPP2-TFG-MODEL_CONTRACT-145,controlled-v2/rbi-test-forge-copy,9401465,csharp,"[""TestGenerator/DocGuardContractLab-v2/model_contract/contracts_05.schema.json""]","--- a/TestGenerator/DocGuardContractLab-v2/model_contract/contracts_05.schema.json
+++ b/TestGenerator/DocGuardContractLab-v2/model_contract/contracts_05.schema.json
@@ -137,11 +137,8 @@
           ""type"": ""integer""
         },
         ""status"": {
-          ""enum"": [
-            ""active"",
-            ""inactive""
-          ],
-          ""type"": ""string""
+          ""minimum"": 0,
+          ""type"": ""integer""
         }
       },
       ""required"": [
","<!-- docs/docguard-contract-lab-v2/MODEL_CONTRACTS.md @ controlled-baseline:4ad7d36404dc95f9 -->
### TFG-MODEL-145 — `TFGPublicContract145`
- Serialized type: `object`
- Required fields: `id, status`
- `id`: `string(uuid)`
- `status`: `string`, allowed values `active|inactive`
- `score`: `integer`, minimum `0`
- `metadata`: `object`, additional properties allowed
",True,model_contract,Controlled design expectation: model_contract; independent human/owner acceptance still required before merge.,True,model_contract,"TFG-MODEL-145: kod mijenja javni/serijalizovani model iz 'status' u 'status:integer' (serialized_field_type_change), dok docs-before eksplicitno navodi staru vrijednost; dokumentacija bi zato postala zastarjela.",approved,7f93e2b6c424e2b4c584190f9a081b93ce2158f0ec45a673107241c7716d1e09,d723e7fff73fae22d50af868f14be333c9745692e8e9f50ceaf09c837f775815,model_contract,rbi_test_forge,serialized_field_type_change,cases/patches/rbi_test_forge/model_contract/TFG-MODEL-145.patch
CRPP2-TFG-MODEL_CONTRACT-146,controlled-v2/rbi-test-forge-copy,9401466,csharp,"[""TestGenerator/DocGuardContractLab-v2/model_contract/contracts_05.schema.json""]","--- a/TestGenerator/DocGuardContractLab-v2/model_contract/contracts_05.schema.json
+++ b/TestGenerator/DocGuardContractLab-v2/model_contract/contracts_05.schema.json
@@ -176,7 +176,8 @@
       },
       ""required"": [
         ""id"",
-        ""status""
+        ""status"",
+        ""score""
       ],
       ""title"": ""TFGPublicContract146"",
       ""type"": ""object""
","<!-- docs/docguard-contract-lab-v2/MODEL_CONTRACTS.md @ controlled-baseline:4ad7d36404dc95f9 -->
### TFG-MODEL-146 — `TFGPublicContract146`
- Serialized type: `object`
- Required fields: `id, status`
- `id`: `string(uuid)`
- `status`: `string`, allowed values `active|inactive`
- `score`: `integer`, minimum `0`
- `metadata`: `object`, additional properties allowed
",True,model_contract,Controlled design expectation: model_contract; independent human/owner acceptance still required before merge.,True,model_contract,"TFG-MODEL-146: kod mijenja javni/serijalizovani model iz 'id, status' u 'id, status, score' (required_field_change), dok docs-before eksplicitno navodi staru vrijednost; dokumentacija bi zato postala zastarjela.",approved,5b1ae64fa3228da1740308ff15ebb6f334b8f2945cf9f75a95a801b1ef2f188a,8dbb5f490ac05af51bdf5a2155b5b1b6d1e74215ae02aabf4a255f32d02c315c,model_contract,rbi_test_forge,required_field_change,cases/patches/rbi_test_forge/model_contract/TFG-MODEL-146.patch
CRPP2-TFG-MODEL_CONTRACT-147,controlled-v2/rbi-test-forge-copy,9401467,csharp,"[""TestGenerator/DocGuardContractLab-v2/model_contract/contracts_05.schema.json""]","--- a/TestGenerator/DocGuardContractLab-v2/model_contract/contracts_05.schema.json
+++ b/TestGenerator/DocGuardContractLab-v2/model_contract/contracts_05.schema.json
@@ -191,6 +191,10 @@
         ""metadata"": {
           ""additionalProperties"": true,
           ""type"": ""object""
+        },
+        ""revision"": {
+          ""minimum"": 1,
+          ""type"": ""integer""
         },
         ""score"": {
           ""minimum"": 0,
","<!-- docs/docguard-contract-lab-v2/MODEL_CONTRACTS.md @ controlled-baseline:4ad7d36404dc95f9 -->
### TFG-MODEL-147 — `TFGPublicContract147`
- Serialized type: `object`
- Required fields: `id, status`
- `id`: `string(uuid)`
- `status`: `string`, allowed values `active|inactive`
- `score`: `integer`, minimum `0`
- `metadata`: `object`, additional properties allowed
",True,model_contract,Controlled design expectation: model_contract; independent human/owner acceptance still required before merge.,True,model_contract,"TFG-MODEL-147: kod mijenja javni/serijalizovani model iz 'metadata' u 'revision:integer (new field)' (serialized_field_added), dok docs-before eksplicitno navodi staru vrijednost; dokumentacija bi zato postala zastarjela.",approved,7c0e481cb69e5a27e7ac4c158694a017f797df035d5630cc7cebda0c785d9bc8,82d460063f5c698b59c2ad2e2ed5512b0adcfe88da94f2908d6033d790b4ac32,model_contract,rbi_test_forge,serialized_field_added,cases/patches/rbi_test_forge/model_contract/TFG-MODEL-147.patch
CRPP2-TFG-MODEL_CONTRACT-148,controlled-v2/rbi-test-forge-copy,9401468,csharp,"[""TestGenerator/DocGuardContractLab-v2/model_contract/contracts_05.schema.json""]","--- a/TestGenerator/DocGuardContractLab-v2/model_contract/contracts_05.schema.json
+++ b/TestGenerator/DocGuardContractLab-v2/model_contract/contracts_05.schema.json
@@ -214,13 +214,13 @@
     {
       ""contractId"": ""TFG-MODEL-148"",
       ""properties"": {
-        ""id"": {
-          ""format"": ""uuid"",
-          ""type"": ""string""
-        },
-        ""metadata"": {
-          ""additionalProperties"": true,
-          ""type"": ""object""
+        ""attributes"": {
+          ""additionalProperties"": true,
+          ""type"": ""object""
+        },
+        ""id"": {
+          ""format"": ""uuid"",
+          ""type"": ""string""
         },
         ""score"": {
           ""minimum"": 0,
","<!-- docs/docguard-contract-lab-v2/MODEL_CONTRACTS.md @ controlled-baseline:4ad7d36404dc95f9 -->
### TFG-MODEL-148 — `TFGPublicContract148`
- Serialized type: `object`
- Required fields: `id, status`
- `id`: `string(uuid)`
- `status`: `string`, allowed values `active|inactive`
- `score`: `integer`, minimum `0`
- `metadata`: `object`, additional properties allowed
",True,model_contract,Controlled design expectation: model_contract; independent human/owner acceptance still required before merge.,True,model_contract,"TFG-MODEL-148: kod mijenja javni/serijalizovani model iz 'metadata' u 'attributes' (serialized_field_rename), dok docs-before eksplicitno navodi staru vrijednost; dokumentacija bi zato postala zastarjela.",approved,381706f62367bd0df86c1efaa28b3e073ec41accd0caee3fe90d37ac9dd7698a,ed6b398e1a9ef492e8a84e21329a7887c2007d96aa406559896297f5ec6cafd7,model_contract,rbi_test_forge,serialized_field_rename,cases/patches/rbi_test_forge/model_contract/TFG-MODEL-148.patch
CRPP2-TFG-MODEL_CONTRACT-149,controlled-v2/rbi-test-forge-copy,9401469,csharp,"[""TestGenerator/DocGuardContractLab-v2/model_contract/contracts_05.schema.json""]","--- a/TestGenerator/DocGuardContractLab-v2/model_contract/contracts_05.schema.json
+++ b/TestGenerator/DocGuardContractLab-v2/model_contract/contracts_05.schema.json
@@ -257,11 +257,8 @@
           ""type"": ""integer""
         },
         ""status"": {
-          ""enum"": [
-            ""active"",
-            ""inactive""
-          ],
-          ""type"": ""string""
+          ""minimum"": 0,
+          ""type"": ""integer""
         }
       },
       ""required"": [
","<!-- docs/docguard-contract-lab-v2/MODEL_CONTRACTS.md @ controlled-baseline:4ad7d36404dc95f9 -->
### TFG-MODEL-149 — `TFGPublicContract149`
- Serialized type: `object`
- Required fields: `id, status`
- `id`: `string(uuid)`
- `status`: `string`, allowed values `active|inactive`
- `score`: `integer`, minimum `0`
- `metadata`: `object`, additional properties allowed
",True,model_contract,Controlled design expectation: model_contract; independent human/owner acceptance still required before merge.,True,model_contract,"TFG-MODEL-149: kod mijenja javni/serijalizovani model iz 'status' u 'status:integer' (serialized_field_type_change), dok docs-before eksplicitno navodi staru vrijednost; dokumentacija bi zato postala zastarjela.",approved,607434ba90136cde355b328aeb322c5eff1e1490390e03500fa9e2250b22b594,585fa404d2cf48ff228f470663e421c636095dbe37b5725b35819729769543d9,model_contract,rbi_test_forge,serialized_field_type_change,cases/patches/rbi_test_forge/model_contract/TFG-MODEL-149.patch
CRPP2-TFG-MODEL_CONTRACT-150,controlled-v2/rbi-test-forge-copy,9401470,csharp,"[""TestGenerator/DocGuardContractLab-v2/model_contract/contracts_05.schema.json""]","--- a/TestGenerator/DocGuardContractLab-v2/model_contract/contracts_05.schema.json
+++ b/TestGenerator/DocGuardContractLab-v2/model_contract/contracts_05.schema.json
@@ -296,7 +296,8 @@
       },
       ""required"": [
         ""id"",
-        ""status""
+        ""status"",
+        ""score""
       ],
       ""title"": ""TFGPublicContract150"",
       ""type"": ""object""
","<!-- docs/docguard-contract-lab-v2/MODEL_CONTRACTS.md @ controlled-baseline:4ad7d36404dc95f9 -->
### TFG-MODEL-150 — `TFGPublicContract150`
- Serialized type: `object`
- Required fields: `id, status`
- `id`: `string(uuid)`
- `status`: `string`, allowed values `active|inactive`
- `score`: `integer`, minimum `0`
- `metadata`: `object`, additional properties allowed
",True,model_contract,Controlled design expectation: model_contract; independent human/owner acceptance still required before merge.,True,model_contract,"TFG-MODEL-150: kod mijenja javni/serijalizovani model iz 'id, status' u 'id, status, score' (required_field_change), dok docs-before eksplicitno navodi staru vrijednost; dokumentacija bi zato postala zastarjela.",approved,865f9719bc1eaefd37e0e1dccd06c1b13a08611915901cf56b9e556a15a2fc04,757d03794dd4a6263f54154223693bdfc64ebb604c8ec1400937b6700ef19ba7,model_contract,rbi_test_forge,required_field_change,cases/patches/rbi_test_forge/model_contract/TFG-MODEL-150.patch
CRPP2-TFG-MODEL_CONTRACT-151,controlled-v2/rbi-test-forge-copy,9401471,csharp,"[""TestGenerator/DocGuardContractLab-v2/model_contract/contracts_06.schema.json""]","--- a/TestGenerator/DocGuardContractLab-v2/model_contract/contracts_06.schema.json
+++ b/TestGenerator/DocGuardContractLab-v2/model_contract/contracts_06.schema.json
@@ -11,6 +11,10 @@
         ""metadata"": {
           ""additionalProperties"": true,
           ""type"": ""object""
+        },
+        ""revision"": {
+          ""minimum"": 1,
+          ""type"": ""integer""
         },
         ""score"": {
           ""minimum"": 0,
","<!-- docs/docguard-contract-lab-v2/MODEL_CONTRACTS.md @ controlled-baseline:4ad7d36404dc95f9 -->
### TFG-MODEL-151 — `TFGPublicContract151`
- Serialized type: `object`
- Required fields: `id, status`
- `id`: `string(uuid)`
- `status`: `string`, allowed values `active|inactive`
- `score`: `integer`, minimum `0`
- `metadata`: `object`, additional properties allowed
",True,model_contract,Controlled design expectation: model_contract; independent human/owner acceptance still required before merge.,True,model_contract,"TFG-MODEL-151: kod mijenja javni/serijalizovani model iz 'metadata' u 'revision:integer (new field)' (serialized_field_added), dok docs-before eksplicitno navodi staru vrijednost; dokumentacija bi zato postala zastarjela.",approved,63a312687d9474eaae97c2282cb603cb821f015b94a8becf70b0430968dd8b3e,c950716e61e30600d46440a06936f93369a018f34e48ca99bf18759bf9ea7406,model_contract,rbi_test_forge,serialized_field_added,cases/patches/rbi_test_forge/model_contract/TFG-MODEL-151.patch
CRPP2-TFG-MODEL_CONTRACT-152,controlled-v2/rbi-test-forge-copy,9401472,csharp,"[""TestGenerator/DocGuardContractLab-v2/model_contract/contracts_06.schema.json""]","--- a/TestGenerator/DocGuardContractLab-v2/model_contract/contracts_06.schema.json
+++ b/TestGenerator/DocGuardContractLab-v2/model_contract/contracts_06.schema.json
@@ -34,13 +34,13 @@
     {
       ""contractId"": ""TFG-MODEL-152"",
       ""properties"": {
-        ""id"": {
-          ""format"": ""uuid"",
-          ""type"": ""string""
-        },
-        ""metadata"": {
-          ""additionalProperties"": true,
-          ""type"": ""object""
+        ""attributes"": {
+          ""additionalProperties"": true,
+          ""type"": ""object""
+        },
+        ""id"": {
+          ""format"": ""uuid"",
+          ""type"": ""string""
         },
         ""score"": {
           ""minimum"": 0,
","<!-- docs/docguard-contract-lab-v2/MODEL_CONTRACTS.md @ controlled-baseline:4ad7d36404dc95f9 -->
### TFG-MODEL-152 — `TFGPublicContract152`
- Serialized type: `object`
- Required fields: `id, status`
- `id`: `string(uuid)`
- `status`: `string`, allowed values `active|inactive`
- `score`: `integer`, minimum `0`
- `metadata`: `object`, additional properties allowed
",True,model_contract,Controlled design expectation: model_contract; independent human/owner acceptance still required before merge.,True,model_contract,"TFG-MODEL-152: kod mijenja javni/serijalizovani model iz 'metadata' u 'attributes' (serialized_field_rename), dok docs-before eksplicitno navodi staru vrijednost; dokumentacija bi zato postala zastarjela.",approved,ef06b22ea1e8e5b7f1d786b99972a419eb868013c5c1a15d62b98698bb2cd5ef,f0b7939bd90270729c6d4caaed86ad2155dfcdb07a0b014052a66114ed9eb1ef,model_contract,rbi_test_forge,serialized_field_rename,cases/patches/rbi_test_forge/model_contract/TFG-MODEL-152.patch
CRPP2-TFG-MODEL_CONTRACT-153,controlled-v2/rbi-test-forge-copy,9401473,csharp,"[""TestGenerator/DocGuardContractLab-v2/model_contract/contracts_06.schema.json""]","--- a/TestGenerator/DocGuardContractLab-v2/model_contract/contracts_06.schema.json
+++ b/TestGenerator/DocGuardContractLab-v2/model_contract/contracts_06.schema.json
@@ -77,11 +77,8 @@
           ""type"": ""integer""
         },
         ""status"": {
-          ""enum"": [
-            ""active"",
-            ""inactive""
-          ],
-          ""type"": ""string""
+          ""minimum"": 0,
+          ""type"": ""integer""
         }
       },
       ""required"": [
","<!-- docs/docguard-contract-lab-v2/MODEL_CONTRACTS.md @ controlled-baseline:4ad7d36404dc95f9 -->
### TFG-MODEL-153 — `TFGPublicContract153`
- Serialized type: `object`
- Required fields: `id, status`
- `id`: `string(uuid)`
- `status`: `string`, allowed values `active|inactive`
- `score`: `integer`, minimum `0`
- `metadata`: `object`, additional properties allowed
",True,model_contract,Controlled design expectation: model_contract; independent human/owner acceptance still required before merge.,True,model_contract,"TFG-MODEL-153: kod mijenja javni/serijalizovani model iz 'status' u 'status:integer' (serialized_field_type_change), dok docs-before eksplicitno navodi staru vrijednost; dokumentacija bi zato postala zastarjela.",approved,5c7e9ded5f68e95535a40679541cb0561aacf7ea38c4209669fc1bc1a118ae55,34005038409d24526840df61df041c1a2013a96f1037c378129219c5c27bae66,model_contract,rbi_test_forge,serialized_field_type_change,cases/patches/rbi_test_forge/model_contract/TFG-MODEL-153.patch
CRPP2-TFG-MODEL_CONTRACT-154,controlled-v2/rbi-test-forge-copy,9401474,csharp,"[""TestGenerator/DocGuardContractLab-v2/model_contract/contracts_06.schema.json""]","--- a/TestGenerator/DocGuardContractLab-v2/model_contract/contracts_06.schema.json
+++ b/TestGenerator/DocGuardContractLab-v2/model_contract/contracts_06.schema.json
@@ -116,7 +116,8 @@
       },
       ""required"": [
         ""id"",
-        ""status""
+        ""status"",
+        ""score""
       ],
       ""title"": ""TFGPublicContract154"",
       ""type"": ""object""
","<!-- docs/docguard-contract-lab-v2/MODEL_CONTRACTS.md @ controlled-baseline:4ad7d36404dc95f9 -->
### TFG-MODEL-154 — `TFGPublicContract154`
- Serialized type: `object`
- Required fields: `id, status`
- `id`: `string(uuid)`
- `status`: `string`, allowed values `active|inactive`
- `score`: `integer`, minimum `0`
- `metadata`: `object`, additional properties allowed
",True,model_contract,Controlled design expectation: model_contract; independent human/owner acceptance still required before merge.,True,model_contract,"TFG-MODEL-154: kod mijenja javni/serijalizovani model iz 'id, status' u 'id, status, score' (required_field_change), dok docs-before eksplicitno navodi staru vrijednost; dokumentacija bi zato postala zastarjela.",approved,8467bad0411bb267eb039a932d6f676a52fafb94982a8a8f4b6ae9562febcdc8,c2b217665c98a70145790f20d5a319d9873950699a98217c15edcb91bc0ee0a1,model_contract,rbi_test_forge,required_field_change,cases/patches/rbi_test_forge/model_contract/TFG-MODEL-154.patch
CRPP2-TFG-MODEL_CONTRACT-155,controlled-v2/rbi-test-forge-copy,9401475,csharp,"[""TestGenerator/DocGuardContractLab-v2/model_contract/contracts_06.schema.json""]","--- a/TestGenerator/DocGuardContractLab-v2/model_contract/contracts_06.schema.json
+++ b/TestGenerator/DocGuardContractLab-v2/model_contract/contracts_06.schema.json
@@ -131,6 +131,10 @@
         ""metadata"": {
           ""additionalProperties"": true,
           ""type"": ""object""
+        },
+        ""revision"": {
+          ""minimum"": 1,
+          ""type"": ""integer""
         },
         ""score"": {
           ""minimum"": 0,
","<!-- docs/docguard-contract-lab-v2/MODEL_CONTRACTS.md @ controlled-baseline:4ad7d36404dc95f9 -->
### TFG-MODEL-155 — `TFGPublicContract155`
- Serialized type: `object`
- Required fields: `id, status`
- `id`: `string(uuid)`
- `status`: `string`, allowed values `active|inactive`
- `score`: `integer`, minimum `0`
- `metadata`: `object`, additional properties allowed
",True,model_contract,Controlled design expectation: model_contract; independent human/owner acceptance still required before merge.,True,model_contract,"TFG-MODEL-155: kod mijenja javni/serijalizovani model iz 'metadata' u 'revision:integer (new field)' (serialized_field_added), dok docs-before eksplicitno navodi staru vrijednost; dokumentacija bi zato postala zastarjela.",approved,ca30f5e04483a94fcf5c07ff4c98f445dfd31e20182c23bcdf07004638212e41,de265ff7e1208d4cda0e8acd30d1a84ffcb5fd70d168bbfc0d92aeacca57fc12,model_contract,rbi_test_forge,serialized_field_added,cases/patches/rbi_test_forge/model_contract/TFG-MODEL-155.patch
CRPP2-TFG-MODEL_CONTRACT-156,controlled-v2/rbi-test-forge-copy,9401476,csharp,"[""TestGenerator/DocGuardContractLab-v2/model_contract/contracts_06.schema.json""]","--- a/TestGenerator/DocGuardContractLab-v2/model_contract/contracts_06.schema.json
+++ b/TestGenerator/DocGuardContractLab-v2/model_contract/contracts_06.schema.json
@@ -154,13 +154,13 @@
     {
       ""contractId"": ""TFG-MODEL-156"",
       ""properties"": {
-        ""id"": {
-          ""format"": ""uuid"",
-          ""type"": ""string""
-        },
-        ""metadata"": {
-          ""additionalProperties"": true,
-          ""type"": ""object""
+        ""attributes"": {
+          ""additionalProperties"": true,
+          ""type"": ""object""
+        },
+        ""id"": {
+          ""format"": ""uuid"",
+          ""type"": ""string""
         },
         ""score"": {
           ""minimum"": 0,
","<!-- docs/docguard-contract-lab-v2/MODEL_CONTRACTS.md @ controlled-baseline:4ad7d36404dc95f9 -->
### TFG-MODEL-156 — `TFGPublicContract156`
- Serialized type: `object`
- Required fields: `id, status`
- `id`: `string(uuid)`
- `status`: `string`, allowed values `active|inactive`
- `score`: `integer`, minimum `0`
- `metadata`: `object`, additional properties allowed
",True,model_contract,Controlled design expectation: model_contract; independent human/owner acceptance still required before merge.,True,model_contract,"TFG-MODEL-156: kod mijenja javni/serijalizovani model iz 'metadata' u 'attributes' (serialized_field_rename), dok docs-before eksplicitno navodi staru vrijednost; dokumentacija bi zato postala zastarjela.",approved,8a59c0b6b5dfddd5dc7f1db7e1b84fe711fd8e66b2a4d7c4b45e5f16bc9e7cce,870bcfc3b1acc19f3bcd101fcb34d1399a7423d1e62ccb9b4287cf1139e40b6a,model_contract,rbi_test_forge,serialized_field_rename,cases/patches/rbi_test_forge/model_contract/TFG-MODEL-156.patch
CRPP2-TFG-MODEL_CONTRACT-157,controlled-v2/rbi-test-forge-copy,9401477,csharp,"[""TestGenerator/DocGuardContractLab-v2/model_contract/contracts_06.schema.json""]","--- a/TestGenerator/DocGuardContractLab-v2/model_contract/contracts_06.schema.json
+++ b/TestGenerator/DocGuardContractLab-v2/model_contract/contracts_06.schema.json
@@ -197,11 +197,8 @@
           ""type"": ""integer""
         },
         ""status"": {
-          ""enum"": [
-            ""active"",
-            ""inactive""
-          ],
-          ""type"": ""string""
+          ""minimum"": 0,
+          ""type"": ""integer""
         }
       },
       ""required"": [
","<!-- docs/docguard-contract-lab-v2/MODEL_CONTRACTS.md @ controlled-baseline:4ad7d36404dc95f9 -->
### TFG-MODEL-157 — `TFGPublicContract157`
- Serialized type: `object`
- Required fields: `id, status`
- `id`: `string(uuid)`
- `status`: `string`, allowed values `active|inactive`
- `score`: `integer`, minimum `0`
- `metadata`: `object`, additional properties allowed
",True,model_contract,Controlled design expectation: model_contract; independent human/owner acceptance still required before merge.,True,model_contract,"TFG-MODEL-157: kod mijenja javni/serijalizovani model iz 'status' u 'status:integer' (serialized_field_type_change), dok docs-before eksplicitno navodi staru vrijednost; dokumentacija bi zato postala zastarjela.",approved,2c1d359318e85e1000d436e196a645817c55e19c3a4d7186496efdff4aace2ce,940abfb23ca60643d4de37d57a9b00a780efe72328c28f18ae1d6f15658d1079,model_contract,rbi_test_forge,serialized_field_type_change,cases/patches/rbi_test_forge/model_contract/TFG-MODEL-157.patch
CRPP2-TFG-MODEL_CONTRACT-158,controlled-v2/rbi-test-forge-copy,9401478,csharp,"[""TestGenerator/DocGuardContractLab-v2/model_contract/contracts_06.schema.json""]","--- a/TestGenerator/DocGuardContractLab-v2/model_contract/contracts_06.schema.json
+++ b/TestGenerator/DocGuardContractLab-v2/model_contract/contracts_06.schema.json
@@ -236,7 +236,8 @@
       },
       ""required"": [
         ""id"",
-        ""status""
+        ""status"",
+        ""score""
       ],
       ""title"": ""TFGPublicContract158"",
       ""type"": ""object""
","<!-- docs/docguard-contract-lab-v2/MODEL_CONTRACTS.md @ controlled-baseline:4ad7d36404dc95f9 -->
### TFG-MODEL-158 — `TFGPublicContract158`
- Serialized type: `object`
- Required fields: `id, status`
- `id`: `string(uuid)`
- `status`: `string`, allowed values `active|inactive`
- `score`: `integer`, minimum `0`
- `metadata`: `object`, additional properties allowed
",True,model_contract,Controlled design expectation: model_contract; independent human/owner acceptance still required before merge.,True,model_contract,"TFG-MODEL-158: kod mijenja javni/serijalizovani model iz 'id, status' u 'id, status, score' (required_field_change), dok docs-before eksplicitno navodi staru vrijednost; dokumentacija bi zato postala zastarjela.",approved,92487a347d79c16490a6de23cd5e798b1da3a9153e4ccfe0d2ac91c1c1b8e8de,8b69c69379eeda4e014da804fdc74dbc33de2e770750a6b28ba5e6ed9517ac59,model_contract,rbi_test_forge,required_field_change,cases/patches/rbi_test_forge/model_contract/TFG-MODEL-158.patch
CRPP2-TFG-MODEL_CONTRACT-159,controlled-v2/rbi-test-forge-copy,9401479,csharp,"[""TestGenerator/DocGuardContractLab-v2/model_contract/contracts_06.schema.json""]","--- a/TestGenerator/DocGuardContractLab-v2/model_contract/contracts_06.schema.json
+++ b/TestGenerator/DocGuardContractLab-v2/model_contract/contracts_06.schema.json
@@ -251,6 +251,10 @@
         ""metadata"": {
           ""additionalProperties"": true,
           ""type"": ""object""
+        },
+        ""revision"": {
+          ""minimum"": 1,
+          ""type"": ""integer""
         },
         ""score"": {
           ""minimum"": 0,
","<!-- docs/docguard-contract-lab-v2/MODEL_CONTRACTS.md @ controlled-baseline:4ad7d36404dc95f9 -->
### TFG-MODEL-159 — `TFGPublicContract159`
- Serialized type: `object`
- Required fields: `id, status`
- `id`: `string(uuid)`
- `status`: `string`, allowed values `active|inactive`
- `score`: `integer`, minimum `0`
- `metadata`: `object`, additional properties allowed
",True,model_contract,Controlled design expectation: model_contract; independent human/owner acceptance still required before merge.,True,model_contract,"TFG-MODEL-159: kod mijenja javni/serijalizovani model iz 'metadata' u 'revision:integer (new field)' (serialized_field_added), dok docs-before eksplicitno navodi staru vrijednost; dokumentacija bi zato postala zastarjela.",approved,0979ab5e855458c11f8958cf11297709fe6ac2e7117e5fe4b2b92f74f6fa4d27,b38cfcc54194ded51ef834f208522cc366ff4b1013f98aaa9476041acd0106c8,model_contract,rbi_test_forge,serialized_field_added,cases/patches/rbi_test_forge/model_contract/TFG-MODEL-159.patch
CRPP2-TFG-MODEL_CONTRACT-160,controlled-v2/rbi-test-forge-copy,9401480,csharp,"[""TestGenerator/DocGuardContractLab-v2/model_contract/contracts_06.schema.json""]","--- a/TestGenerator/DocGuardContractLab-v2/model_contract/contracts_06.schema.json
+++ b/TestGenerator/DocGuardContractLab-v2/model_contract/contracts_06.schema.json
@@ -274,13 +274,13 @@
     {
       ""contractId"": ""TFG-MODEL-160"",
       ""properties"": {
-        ""id"": {
-          ""format"": ""uuid"",
-          ""type"": ""string""
-        },
-        ""metadata"": {
-          ""additionalProperties"": true,
-          ""type"": ""object""
+        ""attributes"": {
+          ""additionalProperties"": true,
+          ""type"": ""object""
+        },
+        ""id"": {
+          ""format"": ""uuid"",
+          ""type"": ""string""
         },
         ""score"": {
           ""minimum"": 0,
","<!-- docs/docguard-contract-lab-v2/MODEL_CONTRACTS.md @ controlled-baseline:4ad7d36404dc95f9 -->
### TFG-MODEL-160 — `TFGPublicContract160`
- Serialized type: `object`
- Required fields: `id, status`
- `id`: `string(uuid)`
- `status`: `string`, allowed values `active|inactive`
- `score`: `integer`, minimum `0`
- `metadata`: `object`, additional properties allowed
",True,model_contract,Controlled design expectation: model_contract; independent human/owner acceptance still required before merge.,True,model_contract,"TFG-MODEL-160: kod mijenja javni/serijalizovani model iz 'metadata' u 'attributes' (serialized_field_rename), dok docs-before eksplicitno navodi staru vrijednost; dokumentacija bi zato postala zastarjela.",approved,6f821a9526b2f93beff729d55c7058f7b39fe34345c0afdec541ec5796d457c0,dd6361fff7f5c4323af49027b842d47d9532c504309bda8a5ef1d3a7cc50eaa0,model_contract,rbi_test_forge,serialized_field_rename,cases/patches/rbi_test_forge/model_contract/TFG-MODEL-160.patch
CRPP2-TFG-MODEL_CONTRACT-161,controlled-v2/rbi-test-forge-copy,9401481,csharp,"[""TestGenerator/DocGuardContractLab-v2/model_contract/contracts_07.schema.json""]","--- a/TestGenerator/DocGuardContractLab-v2/model_contract/contracts_07.schema.json
+++ b/TestGenerator/DocGuardContractLab-v2/model_contract/contracts_07.schema.json
@@ -17,11 +17,8 @@
           ""type"": ""integer""
         },
         ""status"": {
-          ""enum"": [
-            ""active"",
-            ""inactive""
-          ],
-          ""type"": ""string""
+          ""minimum"": 0,
+          ""type"": ""integer""
         }
       },
       ""required"": [
","<!-- docs/docguard-contract-lab-v2/MODEL_CONTRACTS.md @ controlled-baseline:4ad7d36404dc95f9 -->
### TFG-MODEL-161 — `TFGPublicContract161`
- Serialized type: `object`
- Required fields: `id, status`
- `id`: `string(uuid)`
- `status`: `string`, allowed values `active|inactive`
- `score`: `integer`, minimum `0`
- `metadata`: `object`, additional properties allowed
",True,model_contract,Controlled design expectation: model_contract; independent human/owner acceptance still required before merge.,True,model_contract,"TFG-MODEL-161: kod mijenja javni/serijalizovani model iz 'status' u 'status:integer' (serialized_field_type_change), dok docs-before eksplicitno navodi staru vrijednost; dokumentacija bi zato postala zastarjela.",approved,c445bc84c97190b84c9a303b62d668848c2a6081604751c7678bc7dc419ee0de,ccc8a62d6b96e13903313f3b4e61544f14290bb28404da3c7241cca1b979417d,model_contract,rbi_test_forge,serialized_field_type_change,cases/patches/rbi_test_forge/model_contract/TFG-MODEL-161.patch
CRPP2-TFG-MODEL_CONTRACT-162,controlled-v2/rbi-test-forge-copy,9401482,csharp,"[""TestGenerator/DocGuardContractLab-v2/model_contract/contracts_07.schema.json""]","--- a/TestGenerator/DocGuardContractLab-v2/model_contract/contracts_07.schema.json
+++ b/TestGenerator/DocGuardContractLab-v2/model_contract/contracts_07.schema.json
@@ -56,7 +56,8 @@
       },
       ""required"": [
         ""id"",
-        ""status""
+        ""status"",
+        ""score""
       ],
       ""title"": ""TFGPublicContract162"",
       ""type"": ""object""
","<!-- docs/docguard-contract-lab-v2/MODEL_CONTRACTS.md @ controlled-baseline:4ad7d36404dc95f9 -->
### TFG-MODEL-162 — `TFGPublicContract162`
- Serialized type: `object`
- Required fields: `id, status`
- `id`: `string(uuid)`
- `status`: `string`, allowed values `active|inactive`
- `score`: `integer`, minimum `0`
- `metadata`: `object`, additional properties allowed
",True,model_contract,Controlled design expectation: model_contract; independent human/owner acceptance still required before merge.,True,model_contract,"TFG-MODEL-162: kod mijenja javni/serijalizovani model iz 'id, status' u 'id, status, score' (required_field_change), dok docs-before eksplicitno navodi staru vrijednost; dokumentacija bi zato postala zastarjela.",approved,8451ef0c85e47d91a2e76e89ecc6b14d1293088f13dd878064365f8eed3cded0,8277610ac5f77f67a8ed1585a781f14aa1e2a2ada30aa72812b023762b9fd946,model_contract,rbi_test_forge,required_field_change,cases/patches/rbi_test_forge/model_contract/TFG-MODEL-162.patch
CRPP2-TFG-MODEL_CONTRACT-163,controlled-v2/rbi-test-forge-copy,9401483,csharp,"[""TestGenerator/DocGuardContractLab-v2/model_contract/contracts_07.schema.json""]","--- a/TestGenerator/DocGuardContractLab-v2/model_contract/contracts_07.schema.json
+++ b/TestGenerator/DocGuardContractLab-v2/model_contract/contracts_07.schema.json
@@ -71,6 +71,10 @@
         ""metadata"": {
           ""additionalProperties"": true,
           ""type"": ""object""
+        },
+        ""revision"": {
+          ""minimum"": 1,
+          ""type"": ""integer""
         },
         ""score"": {
           ""minimum"": 0,
","<!-- docs/docguard-contract-lab-v2/MODEL_CONTRACTS.md @ controlled-baseline:4ad7d36404dc95f9 -->
### TFG-MODEL-163 — `TFGPublicContract163`
- Serialized type: `object`
- Required fields: `id, status`
- `id`: `string(uuid)`
- `status`: `string`, allowed values `active|inactive`
- `score`: `integer`, minimum `0`
- `metadata`: `object`, additional properties allowed
",True,model_contract,Controlled design expectation: model_contract; independent human/owner acceptance still required before merge.,True,model_contract,"TFG-MODEL-163: kod mijenja javni/serijalizovani model iz 'metadata' u 'revision:integer (new field)' (serialized_field_added), dok docs-before eksplicitno navodi staru vrijednost; dokumentacija bi zato postala zastarjela.",approved,ef3e684885839de249005a11d5fc72f4909e26199eba262012251925c6c73ea8,1575fb9a7c4b3f3101b9d8e55d5b8a5316de19a0836e21c2fbeeb4558e14b378,model_contract,rbi_test_forge,serialized_field_added,cases/patches/rbi_test_forge/model_contract/TFG-MODEL-163.patch
CRPP2-TFG-MODEL_CONTRACT-164,controlled-v2/rbi-test-forge-copy,9401484,csharp,"[""TestGenerator/DocGuardContractLab-v2/model_contract/contracts_07.schema.json""]","--- a/TestGenerator/DocGuardContractLab-v2/model_contract/contracts_07.schema.json
+++ b/TestGenerator/DocGuardContractLab-v2/model_contract/contracts_07.schema.json
@@ -94,13 +94,13 @@
     {
       ""contractId"": ""TFG-MODEL-164"",
       ""properties"": {
+        ""attributes"": {
+          ""additionalProperties"": true,
+          ""type"": ""object""
+        },
         ""id"": {
           ""format"": ""uuid"",
           ""type"": ""string""
-        },
-        ""metadata"": {
-          ""additionalProperties"": true,
-          ""type"": ""object""
         },
         ""score"": {
           ""minimum"": 0,
","<!-- docs/docguard-contract-lab-v2/MODEL_CONTRACTS.md @ controlled-baseline:4ad7d36404dc95f9 -->
### TFG-MODEL-164 — `TFGPublicContract164`
- Serialized type: `object`
- Required fields: `id, status`
- `id`: `string(uuid)`
- `status`: `string`, allowed values `active|inactive`
- `score`: `integer`, minimum `0`
- `metadata`: `object`, additional properties allowed
",True,model_contract,Controlled design expectation: model_contract; independent human/owner acceptance still required before merge.,True,model_contract,"TFG-MODEL-164: kod mijenja javni/serijalizovani model iz 'metadata' u 'attributes' (serialized_field_rename), dok docs-before eksplicitno navodi staru vrijednost; dokumentacija bi zato postala zastarjela.",approved,1505815608a4f8714c49a120d56c0feeca1a1fbdc9f47a75e7552b1a76c19e75,a3664b14e03da3a8b18bb4d947fabe0b25816407c8d6da76cde49a3921de8bd4,model_contract,rbi_test_forge,serialized_field_rename,cases/patches/rbi_test_forge/model_contract/TFG-MODEL-164.patch
CRPP2-TFG-MODEL_CONTRACT-165,controlled-v2/rbi-test-forge-copy,9401485,csharp,"[""TestGenerator/DocGuardContractLab-v2/model_contract/contracts_07.schema.json""]","--- a/TestGenerator/DocGuardContractLab-v2/model_contract/contracts_07.schema.json
+++ b/TestGenerator/DocGuardContractLab-v2/model_contract/contracts_07.schema.json
@@ -137,11 +137,8 @@
           ""type"": ""integer""
         },
         ""status"": {
-          ""enum"": [
-            ""active"",
-            ""inactive""
-          ],
-          ""type"": ""string""
+          ""minimum"": 0,
+          ""type"": ""integer""
         }
       },
       ""required"": [
","<!-- docs/docguard-contract-lab-v2/MODEL_CONTRACTS.md @ controlled-baseline:4ad7d36404dc95f9 -->
### TFG-MODEL-165 — `TFGPublicContract165`
- Serialized type: `object`
- Required fields: `id, status`
- `id`: `string(uuid)`
- `status`: `string`, allowed values `active|inactive`
- `score`: `integer`, minimum `0`
- `metadata`: `object`, additional properties allowed
",True,model_contract,Controlled design expectation: model_contract; independent human/owner acceptance still required before merge.,True,model_contract,"TFG-MODEL-165: kod mijenja javni/serijalizovani model iz 'status' u 'status:integer' (serialized_field_type_change), dok docs-before eksplicitno navodi staru vrijednost; dokumentacija bi zato postala zastarjela.",approved,0fc39a2b017a9feb6c945da9b52870c7a2459ac0f1ef1b70c84afcc33cbd09c4,517dc10be07b7f4d0aa47a8a3d3a0c5abc54ad143cd317a5d2e223fa21aa8b99,model_contract,rbi_test_forge,serialized_field_type_change,cases/patches/rbi_test_forge/model_contract/TFG-MODEL-165.patch
CRPP2-TFG-OTHER_DOCUMENTATION-101,controlled-v2/rbi-test-forge-copy,9401486,csharp,"[""TestGenerator/DocGuardContractLab-v2/other_documentation/contracts_01.json""]","--- a/TestGenerator/DocGuardContractLab-v2/other_documentation/contracts_01.json
+++ b/TestGenerator/DocGuardContractLab-v2/other_documentation/contracts_01.json
@@ -13,6 +13,7 @@
       ""steps"": [
         ""submitted"",
         ""validated"",
+        ""compliance_review"",
         ""approved"",
         ""published""
       ],
","<!-- docs/docguard-contract-lab-v2/WORKFLOWS_AND_OPERATIONS.md @ controlled-baseline:23e4b93a6b185e74 -->
### TFG-FLOW-101
- Workflow: `rbi_test_forge-approval-101`
- Required sequence: `submitted -> validated -> approved -> published`
- Architecture path: `frontend -> api -> queue -> database`
- Retry policy: `3 attempts`
- Approval roles: `operator, reviewer`
- Security gate: `dual-control`
",True,other_documentation,Controlled design expectation: other_documentation; independent human/owner acceptance still required before merge.,True,other_documentation,"TFG-FLOW-101: kod mijenja dokumentovani workflow/arhitekturu/operativno pravilo iz 'submitted -> validated -> approved -> published' u 'submitted -> validated -> compliance_review -> approved -> published' (business_workflow_step_added), dok docs-before eksplicitno navodi staru vrijednost; dokumentacija bi zato postala zastarjela.",approved,b325cf2bd62c5af2cf188808ccd6e7e304648bb9b40e41ae352e4aa4b3dfabcb,b9282bea142d86a038834a23664bbb6eab9ec467a02f44c7b054a3ee8e85eb77,other_documentation,rbi_test_forge,business_workflow_step_added,cases/patches/rbi_test_forge/other_documentation/TFG-FLOW-101.patch
CRPP2-TFG-OTHER_DOCUMENTATION-102,controlled-v2/rbi-test-forge-copy,9401487,csharp,"[""TestGenerator/DocGuardContractLab-v2/other_documentation/contracts_01.json""]","--- a/TestGenerator/DocGuardContractLab-v2/other_documentation/contracts_01.json
+++ b/TestGenerator/DocGuardContractLab-v2/other_documentation/contracts_01.json
@@ -23,7 +23,7 @@
         ""operator"",
         ""reviewer""
       ],
-      ""architecturePath"": ""frontend -> api -> queue -> database"",
+      ""architecturePath"": ""frontend -> api -> cache -> queue -> database"",
       ""contractId"": ""TFG-FLOW-102"",
       ""retryAttempts"": 3,
       ""securityGate"": ""dual-control"",
","<!-- docs/docguard-contract-lab-v2/WORKFLOWS_AND_OPERATIONS.md @ controlled-baseline:23e4b93a6b185e74 -->
### TFG-FLOW-102
- Workflow: `rbi_test_forge-approval-102`
- Required sequence: `submitted -> validated -> approved -> published`
- Architecture path: `frontend -> api -> queue -> database`
- Retry policy: `3 attempts`
- Approval roles: `operator, reviewer`
- Security gate: `dual-control`
",True,other_documentation,Controlled design expectation: other_documentation; independent human/owner acceptance still required before merge.,True,other_documentation,"TFG-FLOW-102: kod mijenja dokumentovani workflow/arhitekturu/operativno pravilo iz 'frontend -> api -> queue -> database' u 'frontend -> api -> cache -> queue -> database' (architecture_path_change), dok docs-before eksplicitno navodi staru vrijednost; dokumentacija bi zato postala zastarjela.",approved,8a33f043f0ae206345f25575818fc066758d0998b79dad9d658b53b77924a219,d25ae6d6ca9d93efe08c387a5a4a32b22b8590c30ffda1af38bdccfdde3686af,other_documentation,rbi_test_forge,architecture_path_change,cases/patches/rbi_test_forge/other_documentation/TFG-FLOW-102.patch
CRPP2-TFG-OTHER_DOCUMENTATION-103,controlled-v2/rbi-test-forge-copy,9401488,csharp,"[""TestGenerator/DocGuardContractLab-v2/other_documentation/contracts_01.json""]","--- a/TestGenerator/DocGuardContractLab-v2/other_documentation/contracts_01.json
+++ b/TestGenerator/DocGuardContractLab-v2/other_documentation/contracts_01.json
@@ -42,7 +42,7 @@
       ],
       ""architecturePath"": ""frontend -> api -> queue -> database"",
       ""contractId"": ""TFG-FLOW-103"",
-      ""retryAttempts"": 3,
+      ""retryAttempts"": 5,
       ""securityGate"": ""dual-control"",
       ""steps"": [
         ""submitted"",
","<!-- docs/docguard-contract-lab-v2/WORKFLOWS_AND_OPERATIONS.md @ controlled-baseline:23e4b93a6b185e74 -->
### TFG-FLOW-103
- Workflow: `rbi_test_forge-approval-103`
- Required sequence: `submitted -> validated -> approved -> published`
- Architecture path: `frontend -> api -> queue -> database`
- Retry policy: `3 attempts`
- Approval roles: `operator, reviewer`
- Security gate: `dual-control`
",True,other_documentation,Controlled design expectation: other_documentation; independent human/owner acceptance still required before merge.,True,other_documentation,"TFG-FLOW-103: kod mijenja dokumentovani workflow/arhitekturu/operativno pravilo iz '3' u '5' (operations_retry_policy_change), dok docs-before eksplicitno navodi staru vrijednost; dokumentacija bi zato postala zastarjela.",approved,dd856cb874e7adf07c203d91862f49423921e0c88260f1f98abd30282107bdc7,58ce4d846536a4cd444ae26de24effa2ff533e7d96042463b04b1a0548bd1bb9,other_documentation,rbi_test_forge,operations_retry_policy_change,cases/patches/rbi_test_forge/other_documentation/TFG-FLOW-103.patch
CRPP2-TFG-OTHER_DOCUMENTATION-104,controlled-v2/rbi-test-forge-copy,9401489,csharp,"[""TestGenerator/DocGuardContractLab-v2/other_documentation/contracts_01.json""]","--- a/TestGenerator/DocGuardContractLab-v2/other_documentation/contracts_01.json
+++ b/TestGenerator/DocGuardContractLab-v2/other_documentation/contracts_01.json
@@ -55,12 +55,13 @@
     {
       ""approvalRoles"": [
         ""operator"",
-        ""reviewer""
+        ""reviewer"",
+        ""compliance-officer""
       ],
       ""architecturePath"": ""frontend -> api -> queue -> database"",
       ""contractId"": ""TFG-FLOW-104"",
       ""retryAttempts"": 3,
-      ""securityGate"": ""dual-control"",
+      ""securityGate"": ""three-person-review"",
       ""steps"": [
         ""submitted"",
         ""validated"",
","<!-- docs/docguard-contract-lab-v2/WORKFLOWS_AND_OPERATIONS.md @ controlled-baseline:23e4b93a6b185e74 -->
### TFG-FLOW-104
- Workflow: `rbi_test_forge-approval-104`
- Required sequence: `submitted -> validated -> approved -> published`
- Architecture path: `frontend -> api -> queue -> database`
- Retry policy: `3 attempts`
- Approval roles: `operator, reviewer`
- Security gate: `dual-control`
",True,other_documentation,Controlled design expectation: other_documentation; independent human/owner acceptance still required before merge.,True,other_documentation,"TFG-FLOW-104: kod mijenja dokumentovani workflow/arhitekturu/operativno pravilo iz 'dual-control' u 'three-person-review' (security_approval_flow_change), dok docs-before eksplicitno navodi staru vrijednost; dokumentacija bi zato postala zastarjela.",approved,e0e1501daaf6c1e4c02c32b1ec6610687db89b5f0c84e5fbc2a0df9b7328da47,6184cb53c321bafbddba8715520bb4333a82ef5264e5eacd9f48348fe451019e,other_documentation,rbi_test_forge,security_approval_flow_change,cases/patches/rbi_test_forge/other_documentation/TFG-FLOW-104.patch
CRPP2-TFG-OTHER_DOCUMENTATION-105,controlled-v2/rbi-test-forge-copy,9401490,csharp,"[""TestGenerator/DocGuardContractLab-v2/other_documentation/contracts_01.json""]","--- a/TestGenerator/DocGuardContractLab-v2/other_documentation/contracts_01.json
+++ b/TestGenerator/DocGuardContractLab-v2/other_documentation/contracts_01.json
@@ -81,6 +81,7 @@
       ""steps"": [
         ""submitted"",
         ""validated"",
+        ""compliance_review"",
         ""approved"",
         ""published""
       ],
","<!-- docs/docguard-contract-lab-v2/WORKFLOWS_AND_OPERATIONS.md @ controlled-baseline:23e4b93a6b185e74 -->
### TFG-FLOW-105
- Workflow: `rbi_test_forge-approval-105`
- Required sequence: `submitted -> validated -> approved -> published`
- Architecture path: `frontend -> api -> queue -> database`
- Retry policy: `3 attempts`
- Approval roles: `operator, reviewer`
- Security gate: `dual-control`
",True,other_documentation,Controlled design expectation: other_documentation; independent human/owner acceptance still required before merge.,True,other_documentation,"TFG-FLOW-105: kod mijenja dokumentovani workflow/arhitekturu/operativno pravilo iz 'submitted -> validated -> approved -> published' u 'submitted -> validated -> compliance_review -> approved -> published' (business_workflow_step_added), dok docs-before eksplicitno navodi staru vrijednost; dokumentacija bi zato postala zastarjela.",approved,c41f00466443c367456a74c79030988b849cc642c0e87ca5b8169f24708f30fb,a2b2f29725efd74b61b99e29f8420a49250c304efbd1a9fccfba4b2ba5760081,other_documentation,rbi_test_forge,business_workflow_step_added,cases/patches/rbi_test_forge/other_documentation/TFG-FLOW-105.patch
CRPP2-TFG-OTHER_DOCUMENTATION-106,controlled-v2/rbi-test-forge-copy,9401491,csharp,"[""TestGenerator/DocGuardContractLab-v2/other_documentation/contracts_01.json""]","--- a/TestGenerator/DocGuardContractLab-v2/other_documentation/contracts_01.json
+++ b/TestGenerator/DocGuardContractLab-v2/other_documentation/contracts_01.json
@@ -91,7 +91,7 @@
         ""operator"",
         ""reviewer""
       ],
-      ""architecturePath"": ""frontend -> api -> queue -> database"",
+      ""architecturePath"": ""frontend -> api -> cache -> queue -> database"",
       ""contractId"": ""TFG-FLOW-106"",
       ""retryAttempts"": 3,
       ""securityGate"": ""dual-control"",
","<!-- docs/docguard-contract-lab-v2/WORKFLOWS_AND_OPERATIONS.md @ controlled-baseline:23e4b93a6b185e74 -->
### TFG-FLOW-106
- Workflow: `rbi_test_forge-approval-106`
- Required sequence: `submitted -> validated -> approved -> published`
- Architecture path: `frontend -> api -> queue -> database`
- Retry policy: `3 attempts`
- Approval roles: `operator, reviewer`
- Security gate: `dual-control`
",True,other_documentation,Controlled design expectation: other_documentation; independent human/owner acceptance still required before merge.,True,other_documentation,"TFG-FLOW-106: kod mijenja dokumentovani workflow/arhitekturu/operativno pravilo iz 'frontend -> api -> queue -> database' u 'frontend -> api -> cache -> queue -> database' (architecture_path_change), dok docs-before eksplicitno navodi staru vrijednost; dokumentacija bi zato postala zastarjela.",approved,8fbb72832791a14b04523c200df57583fa3a9ed8e72348ec29b399506cb94747,02ced305edea375ce1ba40e1b40e50fc34b8f2e694b102d80f474a0ecb99230b,other_documentation,rbi_test_forge,architecture_path_change,cases/patches/rbi_test_forge/other_documentation/TFG-FLOW-106.patch
CRPP2-TFG-OTHER_DOCUMENTATION-107,controlled-v2/rbi-test-forge-copy,9401492,csharp,"[""TestGenerator/DocGuardContractLab-v2/other_documentation/contracts_01.json""]","--- a/TestGenerator/DocGuardContractLab-v2/other_documentation/contracts_01.json
+++ b/TestGenerator/DocGuardContractLab-v2/other_documentation/contracts_01.json
@@ -110,7 +110,7 @@
       ],
       ""architecturePath"": ""frontend -> api -> queue -> database"",
       ""contractId"": ""TFG-FLOW-107"",
-      ""retryAttempts"": 3,
+      ""retryAttempts"": 5,
       ""securityGate"": ""dual-control"",
       ""steps"": [
         ""submitted"",
","<!-- docs/docguard-contract-lab-v2/WORKFLOWS_AND_OPERATIONS.md @ controlled-baseline:23e4b93a6b185e74 -->
### TFG-FLOW-107
- Workflow: `rbi_test_forge-approval-107`
- Required sequence: `submitted -> validated -> approved -> published`
- Architecture path: `frontend -> api -> queue -> database`
- Retry policy: `3 attempts`
- Approval roles: `operator, reviewer`
- Security gate: `dual-control`
",True,other_documentation,Controlled design expectation: other_documentation; independent human/owner acceptance still required before merge.,True,other_documentation,"TFG-FLOW-107: kod mijenja dokumentovani workflow/arhitekturu/operativno pravilo iz '3' u '5' (operations_retry_policy_change), dok docs-before eksplicitno navodi staru vrijednost; dokumentacija bi zato postala zastarjela.",approved,960f2673bbdd69fe700a4c6eda387484b61185b3aad76eb26a1e27ca8daf2389,e6545136cf8edb1cbd4a08c3f07533f2083b75e115a67d3394304452511ad9da,other_documentation,rbi_test_forge,operations_retry_policy_change,cases/patches/rbi_test_forge/other_documentation/TFG-FLOW-107.patch
CRPP2-TFG-OTHER_DOCUMENTATION-108,controlled-v2/rbi-test-forge-copy,9401493,csharp,"[""TestGenerator/DocGuardContractLab-v2/other_documentation/contracts_01.json""]","--- a/TestGenerator/DocGuardContractLab-v2/other_documentation/contracts_01.json
+++ b/TestGenerator/DocGuardContractLab-v2/other_documentation/contracts_01.json
@@ -123,12 +123,13 @@
     {
       ""approvalRoles"": [
         ""operator"",
-        ""reviewer""
+        ""reviewer"",
+        ""compliance-officer""
       ],
       ""architecturePath"": ""frontend -> api -> queue -> database"",
       ""contractId"": ""TFG-FLOW-108"",
       ""retryAttempts"": 3,
-      ""securityGate"": ""dual-control"",
+      ""securityGate"": ""three-person-review"",
       ""steps"": [
         ""submitted"",
         ""validated"",
","<!-- docs/docguard-contract-lab-v2/WORKFLOWS_AND_OPERATIONS.md @ controlled-baseline:23e4b93a6b185e74 -->
### TFG-FLOW-108
- Workflow: `rbi_test_forge-approval-108`
- Required sequence: `submitted -> validated -> approved -> published`
- Architecture path: `frontend -> api -> queue -> database`
- Retry policy: `3 attempts`
- Approval roles: `operator, reviewer`
- Security gate: `dual-control`
",True,other_documentation,Controlled design expectation: other_documentation; independent human/owner acceptance still required before merge.,True,other_documentation,"TFG-FLOW-108: kod mijenja dokumentovani workflow/arhitekturu/operativno pravilo iz 'dual-control' u 'three-person-review' (security_approval_flow_change), dok docs-before eksplicitno navodi staru vrijednost; dokumentacija bi zato postala zastarjela.",approved,3013b0600f9609b48de5097ea96ea2bb2dd1439a40f81fef53720b3b52b6e7f0,89c6a9aebbcbafed552be2ce7e49c9487003d9772e904d344d85f8ed2378e29d,other_documentation,rbi_test_forge,security_approval_flow_change,cases/patches/rbi_test_forge/other_documentation/TFG-FLOW-108.patch
CRPP2-TFG-OTHER_DOCUMENTATION-109,controlled-v2/rbi-test-forge-copy,9401494,csharp,"[""TestGenerator/DocGuardContractLab-v2/other_documentation/contracts_01.json""]","--- a/TestGenerator/DocGuardContractLab-v2/other_documentation/contracts_01.json
+++ b/TestGenerator/DocGuardContractLab-v2/other_documentation/contracts_01.json
@@ -149,6 +149,7 @@
       ""steps"": [
         ""submitted"",
         ""validated"",
+        ""compliance_review"",
         ""approved"",
         ""published""
       ],
","<!-- docs/docguard-contract-lab-v2/WORKFLOWS_AND_OPERATIONS.md @ controlled-baseline:23e4b93a6b185e74 -->
### TFG-FLOW-109
- Workflow: `rbi_test_forge-approval-109`
- Required sequence: `submitted -> validated -> approved -> published`
- Architecture path: `frontend -> api -> queue -> database`
- Retry policy: `3 attempts`
- Approval roles: `operator, reviewer`
- Security gate: `dual-control`
",True,other_documentation,Controlled design expectation: other_documentation; independent human/owner acceptance still required before merge.,True,other_documentation,"TFG-FLOW-109: kod mijenja dokumentovani workflow/arhitekturu/operativno pravilo iz 'submitted -> validated -> approved -> published' u 'submitted -> validated -> compliance_review -> approved -> published' (business_workflow_step_added), dok docs-before eksplicitno navodi staru vrijednost; dokumentacija bi zato postala zastarjela.",approved,16132a1498d414a755810cb5bf89ab7fd0b0037208267a2e489d62bf9c61ddf2,130c3e5180f7b28ddf5b4f1bc8ef5101105117b03c6264e7734667f31642eade,other_documentation,rbi_test_forge,business_workflow_step_added,cases/patches/rbi_test_forge/other_documentation/TFG-FLOW-109.patch
CRPP2-TFG-OTHER_DOCUMENTATION-110,controlled-v2/rbi-test-forge-copy,9401495,csharp,"[""TestGenerator/DocGuardContractLab-v2/other_documentation/contracts_01.json""]","--- a/TestGenerator/DocGuardContractLab-v2/other_documentation/contracts_01.json
+++ b/TestGenerator/DocGuardContractLab-v2/other_documentation/contracts_01.json
@@ -159,7 +159,7 @@
         ""operator"",
         ""reviewer""
       ],
-      ""architecturePath"": ""frontend -> api -> queue -> database"",
+      ""architecturePath"": ""frontend -> api -> cache -> queue -> database"",
       ""contractId"": ""TFG-FLOW-110"",
       ""retryAttempts"": 3,
       ""securityGate"": ""dual-control"",
","<!-- docs/docguard-contract-lab-v2/WORKFLOWS_AND_OPERATIONS.md @ controlled-baseline:23e4b93a6b185e74 -->
### TFG-FLOW-110
- Workflow: `rbi_test_forge-approval-110`
- Required sequence: `submitted -> validated -> approved -> published`
- Architecture path: `frontend -> api -> queue -> database`
- Retry policy: `3 attempts`
- Approval roles: `operator, reviewer`
- Security gate: `dual-control`
",True,other_documentation,Controlled design expectation: other_documentation; independent human/owner acceptance still required before merge.,True,other_documentation,"TFG-FLOW-110: kod mijenja dokumentovani workflow/arhitekturu/operativno pravilo iz 'frontend -> api -> queue -> database' u 'frontend -> api -> cache -> queue -> database' (architecture_path_change), dok docs-before eksplicitno navodi staru vrijednost; dokumentacija bi zato postala zastarjela.",approved,735561029e975dcb328b3f6266775778cb8c5ba0bc72eac0d667a010179cc02c,2bda1ab905998a4348dfdca5c7493e4f2f0b8a4a0b50e91441a731aaf896fe56,other_documentation,rbi_test_forge,architecture_path_change,cases/patches/rbi_test_forge/other_documentation/TFG-FLOW-110.patch
CRPP2-TFG-OTHER_DOCUMENTATION-111,controlled-v2/rbi-test-forge-copy,9401496,csharp,"[""TestGenerator/DocGuardContractLab-v2/other_documentation/contracts_02.json""]","--- a/TestGenerator/DocGuardContractLab-v2/other_documentation/contracts_02.json
+++ b/TestGenerator/DocGuardContractLab-v2/other_documentation/contracts_02.json
@@ -8,7 +8,7 @@
       ],
       ""architecturePath"": ""frontend -> api -> queue -> database"",
       ""contractId"": ""TFG-FLOW-111"",
-      ""retryAttempts"": 3,
+      ""retryAttempts"": 5,
       ""securityGate"": ""dual-control"",
       ""steps"": [
         ""submitted"",
","<!-- docs/docguard-contract-lab-v2/WORKFLOWS_AND_OPERATIONS.md @ controlled-baseline:23e4b93a6b185e74 -->
### TFG-FLOW-111
- Workflow: `rbi_test_forge-approval-111`
- Required sequence: `submitted -> validated -> approved -> published`
- Architecture path: `frontend -> api -> queue -> database`
- Retry policy: `3 attempts`
- Approval roles: `operator, reviewer`
- Security gate: `dual-control`
",True,other_documentation,Controlled design expectation: other_documentation; independent human/owner acceptance still required before merge.,True,other_documentation,"TFG-FLOW-111: kod mijenja dokumentovani workflow/arhitekturu/operativno pravilo iz '3' u '5' (operations_retry_policy_change), dok docs-before eksplicitno navodi staru vrijednost; dokumentacija bi zato postala zastarjela.",approved,154b88d43f7040be8bf43cbefda19178a1d5454be147536a5f2098b4a24622f6,020b03e8fcb6c909d9e29a7050a8b6e330c765c52d31d043a367f370f29f5679,other_documentation,rbi_test_forge,operations_retry_policy_change,cases/patches/rbi_test_forge/other_documentation/TFG-FLOW-111.patch
CRPP2-TFG-OTHER_DOCUMENTATION-112,controlled-v2/rbi-test-forge-copy,9401497,csharp,"[""TestGenerator/DocGuardContractLab-v2/other_documentation/contracts_02.json""]","--- a/TestGenerator/DocGuardContractLab-v2/other_documentation/contracts_02.json
+++ b/TestGenerator/DocGuardContractLab-v2/other_documentation/contracts_02.json
@@ -21,12 +21,13 @@
     {
       ""approvalRoles"": [
         ""operator"",
-        ""reviewer""
+        ""reviewer"",
+        ""compliance-officer""
       ],
       ""architecturePath"": ""frontend -> api -> queue -> database"",
       ""contractId"": ""TFG-FLOW-112"",
       ""retryAttempts"": 3,
-      ""securityGate"": ""dual-control"",
+      ""securityGate"": ""three-person-review"",
       ""steps"": [
         ""submitted"",
         ""validated"",
","<!-- docs/docguard-contract-lab-v2/WORKFLOWS_AND_OPERATIONS.md @ controlled-baseline:23e4b93a6b185e74 -->
### TFG-FLOW-112
- Workflow: `rbi_test_forge-approval-112`
- Required sequence: `submitted -> validated -> approved -> published`
- Architecture path: `frontend -> api -> queue -> database`
- Retry policy: `3 attempts`
- Approval roles: `operator, reviewer`
- Security gate: `dual-control`
",True,other_documentation,Controlled design expectation: other_documentation; independent human/owner acceptance still required before merge.,True,other_documentation,"TFG-FLOW-112: kod mijenja dokumentovani workflow/arhitekturu/operativno pravilo iz 'dual-control' u 'three-person-review' (security_approval_flow_change), dok docs-before eksplicitno navodi staru vrijednost; dokumentacija bi zato postala zastarjela.",approved,a5b91c8190f102b40e4e0a790899ebd2f7e5166ee0a588b7d80782c1601d2510,d41fbe007b3f5300a80f9a10c578658481b5dce8a119579246892917cb13a981,other_documentation,rbi_test_forge,security_approval_flow_change,cases/patches/rbi_test_forge/other_documentation/TFG-FLOW-112.patch
CRPP2-TFG-OTHER_DOCUMENTATION-113,controlled-v2/rbi-test-forge-copy,9401498,csharp,"[""TestGenerator/DocGuardContractLab-v2/other_documentation/contracts_02.json""]","--- a/TestGenerator/DocGuardContractLab-v2/other_documentation/contracts_02.json
+++ b/TestGenerator/DocGuardContractLab-v2/other_documentation/contracts_02.json
@@ -47,6 +47,7 @@
       ""steps"": [
         ""submitted"",
         ""validated"",
+        ""compliance_review"",
         ""approved"",
         ""published""
       ],
","<!-- docs/docguard-contract-lab-v2/WORKFLOWS_AND_OPERATIONS.md @ controlled-baseline:23e4b93a6b185e74 -->
### TFG-FLOW-113
- Workflow: `rbi_test_forge-approval-113`
- Required sequence: `submitted -> validated -> approved -> published`
- Architecture path: `frontend -> api -> queue -> database`
- Retry policy: `3 attempts`
- Approval roles: `operator, reviewer`
- Security gate: `dual-control`
",True,other_documentation,Controlled design expectation: other_documentation; independent human/owner acceptance still required before merge.,True,other_documentation,"TFG-FLOW-113: kod mijenja dokumentovani workflow/arhitekturu/operativno pravilo iz 'submitted -> validated -> approved -> published' u 'submitted -> validated -> compliance_review -> approved -> published' (business_workflow_step_added), dok docs-before eksplicitno navodi staru vrijednost; dokumentacija bi zato postala zastarjela.",approved,544d54d7dad56dd5b80e2658300892ee3393f788e7627a7b47b3fb523357d6fb,bf75de436052fbeddbcc1993b543c5b0583b6dee9bdd7a43f01210f715123230,other_documentation,rbi_test_forge,business_workflow_step_added,cases/patches/rbi_test_forge/other_documentation/TFG-FLOW-113.patch
CRPP2-TFG-OTHER_DOCUMENTATION-114,controlled-v2/rbi-test-forge-copy,9401499,csharp,"[""TestGenerator/DocGuardContractLab-v2/other_documentation/contracts_02.json""]","--- a/TestGenerator/DocGuardContractLab-v2/other_documentation/contracts_02.json
+++ b/TestGenerator/DocGuardContractLab-v2/other_documentation/contracts_02.json
@@ -57,7 +57,7 @@
         ""operator"",
         ""reviewer""
       ],
-      ""architecturePath"": ""frontend -> api -> queue -> database"",
+      ""architecturePath"": ""frontend -> api -> cache -> queue -> database"",
       ""contractId"": ""TFG-FLOW-114"",
       ""retryAttempts"": 3,
       ""securityGate"": ""dual-control"",
","<!-- docs/docguard-contract-lab-v2/WORKFLOWS_AND_OPERATIONS.md @ controlled-baseline:23e4b93a6b185e74 -->
### TFG-FLOW-114
- Workflow: `rbi_test_forge-approval-114`
- Required sequence: `submitted -> validated -> approved -> published`
- Architecture path: `frontend -> api -> queue -> database`
- Retry policy: `3 attempts`
- Approval roles: `operator, reviewer`
- Security gate: `dual-control`
",True,other_documentation,Controlled design expectation: other_documentation; independent human/owner acceptance still required before merge.,True,other_documentation,"TFG-FLOW-114: kod mijenja dokumentovani workflow/arhitekturu/operativno pravilo iz 'frontend -> api -> queue -> database' u 'frontend -> api -> cache -> queue -> database' (architecture_path_change), dok docs-before eksplicitno navodi staru vrijednost; dokumentacija bi zato postala zastarjela.",approved,fda79c8cf0bb7da0c8283718bb394591d5de9f491d172e4deb3b350f5b746948,b77e51d3c92b02322d17d02721908b57a1cabfadb2832a560fe1c064fce2fec0,other_documentation,rbi_test_forge,architecture_path_change,cases/patches/rbi_test_forge/other_documentation/TFG-FLOW-114.patch
CRPP2-TFG-OTHER_DOCUMENTATION-115,controlled-v2/rbi-test-forge-copy,9401500,csharp,"[""TestGenerator/DocGuardContractLab-v2/other_documentation/contracts_02.json""]","--- a/TestGenerator/DocGuardContractLab-v2/other_documentation/contracts_02.json
+++ b/TestGenerator/DocGuardContractLab-v2/other_documentation/contracts_02.json
@@ -76,7 +76,7 @@
       ],
       ""architecturePath"": ""frontend -> api -> queue -> database"",
       ""contractId"": ""TFG-FLOW-115"",
-      ""retryAttempts"": 3,
+      ""retryAttempts"": 5,
       ""securityGate"": ""dual-control"",
       ""steps"": [
         ""submitted"",
","<!-- docs/docguard-contract-lab-v2/WORKFLOWS_AND_OPERATIONS.md @ controlled-baseline:23e4b93a6b185e74 -->
### TFG-FLOW-115
- Workflow: `rbi_test_forge-approval-115`
- Required sequence: `submitted -> validated -> approved -> published`
- Architecture path: `frontend -> api -> queue -> database`
- Retry policy: `3 attempts`
- Approval roles: `operator, reviewer`
- Security gate: `dual-control`
",True,other_documentation,Controlled design expectation: other_documentation; independent human/owner acceptance still required before merge.,True,other_documentation,"TFG-FLOW-115: kod mijenja dokumentovani workflow/arhitekturu/operativno pravilo iz '3' u '5' (operations_retry_policy_change), dok docs-before eksplicitno navodi staru vrijednost; dokumentacija bi zato postala zastarjela.",approved,76316c6ff22bbbcac27a72a0b263b1ca12ae8b719e2299b26c5ae6dd63cef674,097cc6faac50d191b8dfc1da4533f3dd96e03ef884523caa53d0a3819780a32a,other_documentation,rbi_test_forge,operations_retry_policy_change,cases/patches/rbi_test_forge/other_documentation/TFG-FLOW-115.patch
