case_id,repository,pr_number,language,code_changed_files,code_diff_excerpt,docs_before_excerpt,suggested_docs_update_required,suggested_doc_category,suggested_notes,human_docs_update_required,human_doc_category,human_label_notes,review_status,review_row_hash,review_context_hash,synthetic_category_by_design,source_project_key,mutation_template,patch_path
CRPP2-RPP-DEVELOPER_SETUP-146,controlled-v2/rbi-related-parties-portal-copy,9400901,typescript,"[""src/Web/src/docguard-contract-lab-v2/developer_setup/contracts_05.json""]","--- a/src/Web/src/docguard-contract-lab-v2/developer_setup/contracts_05.json
+++ b/src/Web/src/docguard-contract-lab-v2/developer_setup/contracts_05.json
@@ -48,7 +48,7 @@
     },
     {
       ""contractId"": ""RPP-SETUP-146"",
-      ""developmentCommand"": ""pnpm dev -- --profile 146"",
+      ""developmentCommand"": ""pnpm dev -- --profile 146 --strict"",
       ""migrationCommand"": ""pnpm db:migrate --profile 146"",
       ""packageManager"": ""pnpm@9"",
       ""profile"": ""developer-profile-146"",
","<!-- docs/docguard-contract-lab-v2/DEVELOPER_SETUP.md @ controlled-baseline:ca20d71d16d7e70d -->
### RPP-SETUP-146
- Profile: `developer-profile-146`
- Required runtime: `Node.js 20.11`
- Package manager: `pnpm@9`
- Local development command: `pnpm dev -- --profile 146`
- Migration command: `pnpm db:migrate --profile 146`
",True,developer_setup,Controlled design expectation: developer_setup; independent human/owner acceptance still required before merge.,True,developer_setup,"RPP-SETUP-146: kod mijenja dokumentovani razvojni setup iz 'pnpm dev -- --profile 146' u 'pnpm dev -- --profile 146 --strict' (local_command_change), dok docs-before eksplicitno navodi staru vrijednost; dokumentacija bi zato postala zastarjela.",approved,048a87ad6ac3b9da4f3daa7e4696ddec20a5999d99bbb6703a5986cf57c72f32,f311809e5ca3c50e9e09e3764cc6152db290ae09faedd3ec039c07c08b54f869,developer_setup,rbi_related_parties_portal,local_command_change,cases/patches/rbi_related_parties_portal/developer_setup/RPP-SETUP-146.patch
CRPP2-RPP-DEVELOPER_SETUP-147,controlled-v2/rbi-related-parties-portal-copy,9400902,typescript,"[""src/Web/src/docguard-contract-lab-v2/developer_setup/contracts_05.json""]","--- a/src/Web/src/docguard-contract-lab-v2/developer_setup/contracts_05.json
+++ b/src/Web/src/docguard-contract-lab-v2/developer_setup/contracts_05.json
@@ -59,7 +59,7 @@
       ""contractId"": ""RPP-SETUP-147"",
       ""developmentCommand"": ""pnpm dev -- --profile 147"",
       ""migrationCommand"": ""pnpm db:migrate --profile 147"",
-      ""packageManager"": ""pnpm@9"",
+      ""packageManager"": ""pnpm@10"",
       ""profile"": ""developer-profile-147"",
       ""runtime"": ""Node.js"",
       ""runtimeVersion"": ""20.11""
","<!-- docs/docguard-contract-lab-v2/DEVELOPER_SETUP.md @ controlled-baseline:ca20d71d16d7e70d -->
### RPP-SETUP-147
- Profile: `developer-profile-147`
- Required runtime: `Node.js 20.11`
- Package manager: `pnpm@9`
- Local development command: `pnpm dev -- --profile 147`
- Migration command: `pnpm db:migrate --profile 147`
",True,developer_setup,Controlled design expectation: developer_setup; independent human/owner acceptance still required before merge.,True,developer_setup,"RPP-SETUP-147: kod mijenja dokumentovani razvojni setup iz 'pnpm@9' u 'pnpm@10' (package_manager_version_change), dok docs-before eksplicitno navodi staru vrijednost; dokumentacija bi zato postala zastarjela.",approved,417c8ab8c59cdad8b7e8e49d9ecfa233a8a6ddb022ad7851ce976b151b1b3a1c,36482a5f07d531ab3dd25deda19414770797c54d78df4e266a8e9b994cd15328,developer_setup,rbi_related_parties_portal,package_manager_version_change,cases/patches/rbi_related_parties_portal/developer_setup/RPP-SETUP-147.patch
CRPP2-RPP-DEVELOPER_SETUP-148,controlled-v2/rbi-related-parties-portal-copy,9400903,typescript,"[""src/Web/src/docguard-contract-lab-v2/developer_setup/contracts_05.json""]","--- a/src/Web/src/docguard-contract-lab-v2/developer_setup/contracts_05.json
+++ b/src/Web/src/docguard-contract-lab-v2/developer_setup/contracts_05.json
@@ -67,7 +67,7 @@
     {
       ""contractId"": ""RPP-SETUP-148"",
       ""developmentCommand"": ""pnpm dev -- --profile 148"",
-      ""migrationCommand"": ""pnpm db:migrate --profile 148"",
+      ""migrationCommand"": ""pnpm db:migrate --profile 148 --no-build"",
       ""packageManager"": ""pnpm@9"",
       ""profile"": ""developer-profile-148"",
       ""runtime"": ""Node.js"",
","<!-- docs/docguard-contract-lab-v2/DEVELOPER_SETUP.md @ controlled-baseline:ca20d71d16d7e70d -->
### RPP-SETUP-148
- Profile: `developer-profile-148`
- Required runtime: `Node.js 20.11`
- Package manager: `pnpm@9`
- Local development command: `pnpm dev -- --profile 148`
- Migration command: `pnpm db:migrate --profile 148`
",True,developer_setup,Controlled design expectation: developer_setup; independent human/owner acceptance still required before merge.,True,developer_setup,"RPP-SETUP-148: kod mijenja dokumentovani razvojni setup iz 'pnpm db:migrate --profile 148' u 'pnpm db:migrate --profile 148 --no-build' (migration_command_change), dok docs-before eksplicitno navodi staru vrijednost; dokumentacija bi zato postala zastarjela.",approved,5d56123c84fcd9fe62933502f7f10ac00cc7efa8adcabb39817ad0341678680e,838684893de8773fc3a7d0cd6cee8c09c841ad343b47738d2986eafc9e8d47c8,developer_setup,rbi_related_parties_portal,migration_command_change,cases/patches/rbi_related_parties_portal/developer_setup/RPP-SETUP-148.patch
CRPP2-RPP-DEVELOPER_SETUP-149,controlled-v2/rbi-related-parties-portal-copy,9400904,typescript,"[""src/Web/src/docguard-contract-lab-v2/developer_setup/contracts_05.json""]","--- a/src/Web/src/docguard-contract-lab-v2/developer_setup/contracts_05.json
+++ b/src/Web/src/docguard-contract-lab-v2/developer_setup/contracts_05.json
@@ -80,7 +80,7 @@
       ""packageManager"": ""pnpm@9"",
       ""profile"": ""developer-profile-149"",
       ""runtime"": ""Node.js"",
-      ""runtimeVersion"": ""20.11""
+      ""runtimeVersion"": ""22.0""
     },
     {
       ""contractId"": ""RPP-SETUP-150"",
","<!-- docs/docguard-contract-lab-v2/DEVELOPER_SETUP.md @ controlled-baseline:ca20d71d16d7e70d -->
### RPP-SETUP-149
- Profile: `developer-profile-149`
- Required runtime: `Node.js 20.11`
- Package manager: `pnpm@9`
- Local development command: `pnpm dev -- --profile 149`
- Migration command: `pnpm db:migrate --profile 149`
",True,developer_setup,Controlled design expectation: developer_setup; independent human/owner acceptance still required before merge.,True,developer_setup,"RPP-SETUP-149: kod mijenja dokumentovani razvojni setup iz '20.11' u '22.0' (runtime_requirement_change), dok docs-before eksplicitno navodi staru vrijednost; dokumentacija bi zato postala zastarjela.",approved,dee680a75f3df86e067fbf352b84685bef0b04146b40e24604c0830bcedaf24a,81cdc23f1cf33214011842a944eb53b5021caa35967b4acd1a93900b7c179c57,developer_setup,rbi_related_parties_portal,runtime_requirement_change,cases/patches/rbi_related_parties_portal/developer_setup/RPP-SETUP-149.patch
CRPP2-RPP-DEVELOPER_SETUP-150,controlled-v2/rbi-related-parties-portal-copy,9400905,typescript,"[""src/Web/src/docguard-contract-lab-v2/developer_setup/contracts_05.json""]","--- a/src/Web/src/docguard-contract-lab-v2/developer_setup/contracts_05.json
+++ b/src/Web/src/docguard-contract-lab-v2/developer_setup/contracts_05.json
@@ -84,7 +84,7 @@
     },
     {
       ""contractId"": ""RPP-SETUP-150"",
-      ""developmentCommand"": ""pnpm dev -- --profile 150"",
+      ""developmentCommand"": ""pnpm dev -- --profile 150 --strict"",
       ""migrationCommand"": ""pnpm db:migrate --profile 150"",
       ""packageManager"": ""pnpm@9"",
       ""profile"": ""developer-profile-150"",
","<!-- docs/docguard-contract-lab-v2/DEVELOPER_SETUP.md @ controlled-baseline:ca20d71d16d7e70d -->
### RPP-SETUP-150
- Profile: `developer-profile-150`
- Required runtime: `Node.js 20.11`
- Package manager: `pnpm@9`
- Local development command: `pnpm dev -- --profile 150`
- Migration command: `pnpm db:migrate --profile 150`
",True,developer_setup,Controlled design expectation: developer_setup; independent human/owner acceptance still required before merge.,True,developer_setup,"RPP-SETUP-150: kod mijenja dokumentovani razvojni setup iz 'pnpm dev -- --profile 150' u 'pnpm dev -- --profile 150 --strict' (local_command_change), dok docs-before eksplicitno navodi staru vrijednost; dokumentacija bi zato postala zastarjela.",approved,0d21eb0dcdf6d0e75ee8dd27b356918d49f9792b2534b3652946c6d838e383ca,a845b6c417ceb49270dbab2d8ab655903d631a7e466211dbc963c7c81f36c1f5,developer_setup,rbi_related_parties_portal,local_command_change,cases/patches/rbi_related_parties_portal/developer_setup/RPP-SETUP-150.patch
CRPP2-RPP-DEVELOPER_SETUP-151,controlled-v2/rbi-related-parties-portal-copy,9400906,typescript,"[""src/Web/src/docguard-contract-lab-v2/developer_setup/contracts_06.json""]","--- a/src/Web/src/docguard-contract-lab-v2/developer_setup/contracts_06.json
+++ b/src/Web/src/docguard-contract-lab-v2/developer_setup/contracts_06.json
@@ -5,7 +5,7 @@
       ""contractId"": ""RPP-SETUP-151"",
       ""developmentCommand"": ""pnpm dev -- --profile 151"",
       ""migrationCommand"": ""pnpm db:migrate --profile 151"",
-      ""packageManager"": ""pnpm@9"",
+      ""packageManager"": ""pnpm@10"",
       ""profile"": ""developer-profile-151"",
       ""runtime"": ""Node.js"",
       ""runtimeVersion"": ""20.11""
","<!-- docs/docguard-contract-lab-v2/DEVELOPER_SETUP.md @ controlled-baseline:ca20d71d16d7e70d -->
### RPP-SETUP-151
- Profile: `developer-profile-151`
- Required runtime: `Node.js 20.11`
- Package manager: `pnpm@9`
- Local development command: `pnpm dev -- --profile 151`
- Migration command: `pnpm db:migrate --profile 151`
",True,developer_setup,Controlled design expectation: developer_setup; independent human/owner acceptance still required before merge.,True,developer_setup,"RPP-SETUP-151: kod mijenja dokumentovani razvojni setup iz 'pnpm@9' u 'pnpm@10' (package_manager_version_change), dok docs-before eksplicitno navodi staru vrijednost; dokumentacija bi zato postala zastarjela.",approved,66fb8b921366dc73eaa8b6a0e7c9f5628dbe1ad26229970305927dba51c4a7f0,b0c075599890f50fb1a4df96e813700c2f2bcebec73c3dea0ab5c2c0ef558a35,developer_setup,rbi_related_parties_portal,package_manager_version_change,cases/patches/rbi_related_parties_portal/developer_setup/RPP-SETUP-151.patch
CRPP2-RPP-DEVELOPER_SETUP-152,controlled-v2/rbi-related-parties-portal-copy,9400907,typescript,"[""src/Web/src/docguard-contract-lab-v2/developer_setup/contracts_06.json""]","--- a/src/Web/src/docguard-contract-lab-v2/developer_setup/contracts_06.json
+++ b/src/Web/src/docguard-contract-lab-v2/developer_setup/contracts_06.json
@@ -13,7 +13,7 @@
     {
       ""contractId"": ""RPP-SETUP-152"",
       ""developmentCommand"": ""pnpm dev -- --profile 152"",
-      ""migrationCommand"": ""pnpm db:migrate --profile 152"",
+      ""migrationCommand"": ""pnpm db:migrate --profile 152 --no-build"",
       ""packageManager"": ""pnpm@9"",
       ""profile"": ""developer-profile-152"",
       ""runtime"": ""Node.js"",
","<!-- docs/docguard-contract-lab-v2/DEVELOPER_SETUP.md @ controlled-baseline:ca20d71d16d7e70d -->
### RPP-SETUP-152
- Profile: `developer-profile-152`
- Required runtime: `Node.js 20.11`
- Package manager: `pnpm@9`
- Local development command: `pnpm dev -- --profile 152`
- Migration command: `pnpm db:migrate --profile 152`
",True,developer_setup,Controlled design expectation: developer_setup; independent human/owner acceptance still required before merge.,True,developer_setup,"RPP-SETUP-152: kod mijenja dokumentovani razvojni setup iz 'pnpm db:migrate --profile 152' u 'pnpm db:migrate --profile 152 --no-build' (migration_command_change), dok docs-before eksplicitno navodi staru vrijednost; dokumentacija bi zato postala zastarjela.",approved,5a4209571e7934ea35a3484e3e413a678d131356898952857be832192653b8b5,1226c9155de4661bd385af459251bb636f4a4dab3f9777f7b1e97c362666b1e8,developer_setup,rbi_related_parties_portal,migration_command_change,cases/patches/rbi_related_parties_portal/developer_setup/RPP-SETUP-152.patch
CRPP2-RPP-DEVELOPER_SETUP-153,controlled-v2/rbi-related-parties-portal-copy,9400908,typescript,"[""src/Web/src/docguard-contract-lab-v2/developer_setup/contracts_06.json""]","--- a/src/Web/src/docguard-contract-lab-v2/developer_setup/contracts_06.json
+++ b/src/Web/src/docguard-contract-lab-v2/developer_setup/contracts_06.json
@@ -26,7 +26,7 @@
       ""packageManager"": ""pnpm@9"",
       ""profile"": ""developer-profile-153"",
       ""runtime"": ""Node.js"",
-      ""runtimeVersion"": ""20.11""
+      ""runtimeVersion"": ""22.0""
     },
     {
       ""contractId"": ""RPP-SETUP-154"",
","<!-- docs/docguard-contract-lab-v2/DEVELOPER_SETUP.md @ controlled-baseline:ca20d71d16d7e70d -->
### RPP-SETUP-153
- Profile: `developer-profile-153`
- Required runtime: `Node.js 20.11`
- Package manager: `pnpm@9`
- Local development command: `pnpm dev -- --profile 153`
- Migration command: `pnpm db:migrate --profile 153`
",True,developer_setup,Controlled design expectation: developer_setup; independent human/owner acceptance still required before merge.,True,developer_setup,"RPP-SETUP-153: kod mijenja dokumentovani razvojni setup iz '20.11' u '22.0' (runtime_requirement_change), dok docs-before eksplicitno navodi staru vrijednost; dokumentacija bi zato postala zastarjela.",approved,0d942a062da8a4044ddea2af9864b69f4a51f5d137fbed8f50587fe889677e80,eb71272e24a32deb5db664fdbc8cff40295b230e6d70c2180d414d57d96546ce,developer_setup,rbi_related_parties_portal,runtime_requirement_change,cases/patches/rbi_related_parties_portal/developer_setup/RPP-SETUP-153.patch
CRPP2-RPP-DEVELOPER_SETUP-154,controlled-v2/rbi-related-parties-portal-copy,9400909,typescript,"[""src/Web/src/docguard-contract-lab-v2/developer_setup/contracts_06.json""]","--- a/src/Web/src/docguard-contract-lab-v2/developer_setup/contracts_06.json
+++ b/src/Web/src/docguard-contract-lab-v2/developer_setup/contracts_06.json
@@ -30,7 +30,7 @@
     },
     {
       ""contractId"": ""RPP-SETUP-154"",
-      ""developmentCommand"": ""pnpm dev -- --profile 154"",
+      ""developmentCommand"": ""pnpm dev -- --profile 154 --strict"",
       ""migrationCommand"": ""pnpm db:migrate --profile 154"",
       ""packageManager"": ""pnpm@9"",
       ""profile"": ""developer-profile-154"",
","<!-- docs/docguard-contract-lab-v2/DEVELOPER_SETUP.md @ controlled-baseline:ca20d71d16d7e70d -->
### RPP-SETUP-154
- Profile: `developer-profile-154`
- Required runtime: `Node.js 20.11`
- Package manager: `pnpm@9`
- Local development command: `pnpm dev -- --profile 154`
- Migration command: `pnpm db:migrate --profile 154`
",True,developer_setup,Controlled design expectation: developer_setup; independent human/owner acceptance still required before merge.,True,developer_setup,"RPP-SETUP-154: kod mijenja dokumentovani razvojni setup iz 'pnpm dev -- --profile 154' u 'pnpm dev -- --profile 154 --strict' (local_command_change), dok docs-before eksplicitno navodi staru vrijednost; dokumentacija bi zato postala zastarjela.",approved,f010208f94f3956072ab837d849707dddd5144d783f14d05489ceb715bbd4041,9f5e229ceed46e1afa361f18436c61efa58403e3387c518aa79f5567c4fb2f2f,developer_setup,rbi_related_parties_portal,local_command_change,cases/patches/rbi_related_parties_portal/developer_setup/RPP-SETUP-154.patch
CRPP2-RPP-DEVELOPER_SETUP-155,controlled-v2/rbi-related-parties-portal-copy,9400910,typescript,"[""src/Web/src/docguard-contract-lab-v2/developer_setup/contracts_06.json""]","--- a/src/Web/src/docguard-contract-lab-v2/developer_setup/contracts_06.json
+++ b/src/Web/src/docguard-contract-lab-v2/developer_setup/contracts_06.json
@@ -41,7 +41,7 @@
       ""contractId"": ""RPP-SETUP-155"",
       ""developmentCommand"": ""pnpm dev -- --profile 155"",
       ""migrationCommand"": ""pnpm db:migrate --profile 155"",
-      ""packageManager"": ""pnpm@9"",
+      ""packageManager"": ""pnpm@10"",
       ""profile"": ""developer-profile-155"",
       ""runtime"": ""Node.js"",
       ""runtimeVersion"": ""20.11""
","<!-- docs/docguard-contract-lab-v2/DEVELOPER_SETUP.md @ controlled-baseline:ca20d71d16d7e70d -->
### RPP-SETUP-155
- Profile: `developer-profile-155`
- Required runtime: `Node.js 20.11`
- Package manager: `pnpm@9`
- Local development command: `pnpm dev -- --profile 155`
- Migration command: `pnpm db:migrate --profile 155`
",True,developer_setup,Controlled design expectation: developer_setup; independent human/owner acceptance still required before merge.,True,developer_setup,"RPP-SETUP-155: kod mijenja dokumentovani razvojni setup iz 'pnpm@9' u 'pnpm@10' (package_manager_version_change), dok docs-before eksplicitno navodi staru vrijednost; dokumentacija bi zato postala zastarjela.",approved,2c3a0ef35f56c7bf5ca02eaacc30bf9b1c62c968a1419e6d89a7b947e5ff17d9,cae2503b9e9d1ac910bc785859b6c2592ca7416062819f4fdf3a05a718eb8eab,developer_setup,rbi_related_parties_portal,package_manager_version_change,cases/patches/rbi_related_parties_portal/developer_setup/RPP-SETUP-155.patch
CRPP2-RPP-DEVELOPER_SETUP-156,controlled-v2/rbi-related-parties-portal-copy,9400911,typescript,"[""src/Web/src/docguard-contract-lab-v2/developer_setup/contracts_06.json""]","--- a/src/Web/src/docguard-contract-lab-v2/developer_setup/contracts_06.json
+++ b/src/Web/src/docguard-contract-lab-v2/developer_setup/contracts_06.json
@@ -49,7 +49,7 @@
     {
       ""contractId"": ""RPP-SETUP-156"",
       ""developmentCommand"": ""pnpm dev -- --profile 156"",
-      ""migrationCommand"": ""pnpm db:migrate --profile 156"",
+      ""migrationCommand"": ""pnpm db:migrate --profile 156 --no-build"",
       ""packageManager"": ""pnpm@9"",
       ""profile"": ""developer-profile-156"",
       ""runtime"": ""Node.js"",
","<!-- docs/docguard-contract-lab-v2/DEVELOPER_SETUP.md @ controlled-baseline:ca20d71d16d7e70d -->
### RPP-SETUP-156
- Profile: `developer-profile-156`
- Required runtime: `Node.js 20.11`
- Package manager: `pnpm@9`
- Local development command: `pnpm dev -- --profile 156`
- Migration command: `pnpm db:migrate --profile 156`
",True,developer_setup,Controlled design expectation: developer_setup; independent human/owner acceptance still required before merge.,True,developer_setup,"RPP-SETUP-156: kod mijenja dokumentovani razvojni setup iz 'pnpm db:migrate --profile 156' u 'pnpm db:migrate --profile 156 --no-build' (migration_command_change), dok docs-before eksplicitno navodi staru vrijednost; dokumentacija bi zato postala zastarjela.",approved,40fa8ce4d57db56607ff283e605b1f56e92b0bad125956d5b197cd1aed12fe15,1d322ec2e057735d429c84d2c96e74917ede85821e376226cfc66d5ca3d3dd8c,developer_setup,rbi_related_parties_portal,migration_command_change,cases/patches/rbi_related_parties_portal/developer_setup/RPP-SETUP-156.patch
CRPP2-RPP-DEVELOPER_SETUP-157,controlled-v2/rbi-related-parties-portal-copy,9400912,typescript,"[""src/Web/src/docguard-contract-lab-v2/developer_setup/contracts_06.json""]","--- a/src/Web/src/docguard-contract-lab-v2/developer_setup/contracts_06.json
+++ b/src/Web/src/docguard-contract-lab-v2/developer_setup/contracts_06.json
@@ -62,7 +62,7 @@
       ""packageManager"": ""pnpm@9"",
       ""profile"": ""developer-profile-157"",
       ""runtime"": ""Node.js"",
-      ""runtimeVersion"": ""20.11""
+      ""runtimeVersion"": ""22.0""
     },
     {
       ""contractId"": ""RPP-SETUP-158"",
","<!-- docs/docguard-contract-lab-v2/DEVELOPER_SETUP.md @ controlled-baseline:ca20d71d16d7e70d -->
### RPP-SETUP-157
- Profile: `developer-profile-157`
- Required runtime: `Node.js 20.11`
- Package manager: `pnpm@9`
- Local development command: `pnpm dev -- --profile 157`
- Migration command: `pnpm db:migrate --profile 157`
",True,developer_setup,Controlled design expectation: developer_setup; independent human/owner acceptance still required before merge.,True,developer_setup,"RPP-SETUP-157: kod mijenja dokumentovani razvojni setup iz '20.11' u '22.0' (runtime_requirement_change), dok docs-before eksplicitno navodi staru vrijednost; dokumentacija bi zato postala zastarjela.",approved,67c5bd4dde4d3b76078dfa2a26d756a7ff64bab17832320638386f504efcad7b,07dae008b2bdf3e74e300a94251f077d92fbd050ba4606804c758ec379b7f688,developer_setup,rbi_related_parties_portal,runtime_requirement_change,cases/patches/rbi_related_parties_portal/developer_setup/RPP-SETUP-157.patch
CRPP2-RPP-DEVELOPER_SETUP-158,controlled-v2/rbi-related-parties-portal-copy,9400913,typescript,"[""src/Web/src/docguard-contract-lab-v2/developer_setup/contracts_06.json""]","--- a/src/Web/src/docguard-contract-lab-v2/developer_setup/contracts_06.json
+++ b/src/Web/src/docguard-contract-lab-v2/developer_setup/contracts_06.json
@@ -66,7 +66,7 @@
     },
     {
       ""contractId"": ""RPP-SETUP-158"",
-      ""developmentCommand"": ""pnpm dev -- --profile 158"",
+      ""developmentCommand"": ""pnpm dev -- --profile 158 --strict"",
       ""migrationCommand"": ""pnpm db:migrate --profile 158"",
       ""packageManager"": ""pnpm@9"",
       ""profile"": ""developer-profile-158"",
","<!-- docs/docguard-contract-lab-v2/DEVELOPER_SETUP.md @ controlled-baseline:ca20d71d16d7e70d -->
### RPP-SETUP-158
- Profile: `developer-profile-158`
- Required runtime: `Node.js 20.11`
- Package manager: `pnpm@9`
- Local development command: `pnpm dev -- --profile 158`
- Migration command: `pnpm db:migrate --profile 158`
",True,developer_setup,Controlled design expectation: developer_setup; independent human/owner acceptance still required before merge.,True,developer_setup,"RPP-SETUP-158: kod mijenja dokumentovani razvojni setup iz 'pnpm dev -- --profile 158' u 'pnpm dev -- --profile 158 --strict' (local_command_change), dok docs-before eksplicitno navodi staru vrijednost; dokumentacija bi zato postala zastarjela.",approved,01a0bfaecb451b4d0182c7d0fa8334f8287b0d7bb0e25bfee7153c64132690d6,9f0a068e1cadf23b5c34fc1c35a113d9960e888ab3b63e98e2c0ea7b8f9c687c,developer_setup,rbi_related_parties_portal,local_command_change,cases/patches/rbi_related_parties_portal/developer_setup/RPP-SETUP-158.patch
CRPP2-RPP-DEVELOPER_SETUP-159,controlled-v2/rbi-related-parties-portal-copy,9400914,typescript,"[""src/Web/src/docguard-contract-lab-v2/developer_setup/contracts_06.json""]","--- a/src/Web/src/docguard-contract-lab-v2/developer_setup/contracts_06.json
+++ b/src/Web/src/docguard-contract-lab-v2/developer_setup/contracts_06.json
@@ -77,7 +77,7 @@
       ""contractId"": ""RPP-SETUP-159"",
       ""developmentCommand"": ""pnpm dev -- --profile 159"",
       ""migrationCommand"": ""pnpm db:migrate --profile 159"",
-      ""packageManager"": ""pnpm@9"",
+      ""packageManager"": ""pnpm@10"",
       ""profile"": ""developer-profile-159"",
       ""runtime"": ""Node.js"",
       ""runtimeVersion"": ""20.11""
","<!-- docs/docguard-contract-lab-v2/DEVELOPER_SETUP.md @ controlled-baseline:ca20d71d16d7e70d -->
### RPP-SETUP-159
- Profile: `developer-profile-159`
- Required runtime: `Node.js 20.11`
- Package manager: `pnpm@9`
- Local development command: `pnpm dev -- --profile 159`
- Migration command: `pnpm db:migrate --profile 159`
",True,developer_setup,Controlled design expectation: developer_setup; independent human/owner acceptance still required before merge.,True,developer_setup,"RPP-SETUP-159: kod mijenja dokumentovani razvojni setup iz 'pnpm@9' u 'pnpm@10' (package_manager_version_change), dok docs-before eksplicitno navodi staru vrijednost; dokumentacija bi zato postala zastarjela.",approved,8b6a05847f6a9e81e8a1270e62a6dafa60aa8a9a17cd187973fda41cc556f114,65c7a3f41f73ebd2a9623dcbb570ae66170e4debd546de65c6205ac687f4e2c0,developer_setup,rbi_related_parties_portal,package_manager_version_change,cases/patches/rbi_related_parties_portal/developer_setup/RPP-SETUP-159.patch
CRPP2-RPP-DEVELOPER_SETUP-160,controlled-v2/rbi-related-parties-portal-copy,9400915,typescript,"[""src/Web/src/docguard-contract-lab-v2/developer_setup/contracts_06.json""]","--- a/src/Web/src/docguard-contract-lab-v2/developer_setup/contracts_06.json
+++ b/src/Web/src/docguard-contract-lab-v2/developer_setup/contracts_06.json
@@ -85,7 +85,7 @@
     {
       ""contractId"": ""RPP-SETUP-160"",
       ""developmentCommand"": ""pnpm dev -- --profile 160"",
-      ""migrationCommand"": ""pnpm db:migrate --profile 160"",
+      ""migrationCommand"": ""pnpm db:migrate --profile 160 --no-build"",
       ""packageManager"": ""pnpm@9"",
       ""profile"": ""developer-profile-160"",
       ""runtime"": ""Node.js"",
","<!-- docs/docguard-contract-lab-v2/DEVELOPER_SETUP.md @ controlled-baseline:ca20d71d16d7e70d -->
### RPP-SETUP-160
- Profile: `developer-profile-160`
- Required runtime: `Node.js 20.11`
- Package manager: `pnpm@9`
- Local development command: `pnpm dev -- --profile 160`
- Migration command: `pnpm db:migrate --profile 160`
",True,developer_setup,Controlled design expectation: developer_setup; independent human/owner acceptance still required before merge.,True,developer_setup,"RPP-SETUP-160: kod mijenja dokumentovani razvojni setup iz 'pnpm db:migrate --profile 160' u 'pnpm db:migrate --profile 160 --no-build' (migration_command_change), dok docs-before eksplicitno navodi staru vrijednost; dokumentacija bi zato postala zastarjela.",approved,c9aec9ca95efdb35a860de2dc9ca26f9ad7ef762af3d975953f2954d5e237fc7,20b916a6f784b7e6687dab64a61d79894105a3da93e4010c87a07273e191f9b9,developer_setup,rbi_related_parties_portal,migration_command_change,cases/patches/rbi_related_parties_portal/developer_setup/RPP-SETUP-160.patch
CRPP2-RPP-DEVELOPER_SETUP-161,controlled-v2/rbi-related-parties-portal-copy,9400916,typescript,"[""src/Web/src/docguard-contract-lab-v2/developer_setup/contracts_07.json""]","--- a/src/Web/src/docguard-contract-lab-v2/developer_setup/contracts_07.json
+++ b/src/Web/src/docguard-contract-lab-v2/developer_setup/contracts_07.json
@@ -8,7 +8,7 @@
       ""packageManager"": ""pnpm@9"",
       ""profile"": ""developer-profile-161"",
       ""runtime"": ""Node.js"",
-      ""runtimeVersion"": ""20.11""
+      ""runtimeVersion"": ""22.0""
     },
     {
       ""contractId"": ""RPP-SETUP-162"",
","<!-- docs/docguard-contract-lab-v2/DEVELOPER_SETUP.md @ controlled-baseline:ca20d71d16d7e70d -->
### RPP-SETUP-161
- Profile: `developer-profile-161`
- Required runtime: `Node.js 20.11`
- Package manager: `pnpm@9`
- Local development command: `pnpm dev -- --profile 161`
- Migration command: `pnpm db:migrate --profile 161`
",True,developer_setup,Controlled design expectation: developer_setup; independent human/owner acceptance still required before merge.,True,developer_setup,"RPP-SETUP-161: kod mijenja dokumentovani razvojni setup iz '20.11' u '22.0' (runtime_requirement_change), dok docs-before eksplicitno navodi staru vrijednost; dokumentacija bi zato postala zastarjela.",approved,93ae457acbe43361867fea2e195b917b12cb3c0b9fd651f506a8e24727bed15e,3ac3babe644ca095ac2e93675e087b0924bcf3c58b7e07478aff309384081cd6,developer_setup,rbi_related_parties_portal,runtime_requirement_change,cases/patches/rbi_related_parties_portal/developer_setup/RPP-SETUP-161.patch
CRPP2-RPP-DEVELOPER_SETUP-162,controlled-v2/rbi-related-parties-portal-copy,9400917,typescript,"[""src/Web/src/docguard-contract-lab-v2/developer_setup/contracts_07.json""]","--- a/src/Web/src/docguard-contract-lab-v2/developer_setup/contracts_07.json
+++ b/src/Web/src/docguard-contract-lab-v2/developer_setup/contracts_07.json
@@ -12,7 +12,7 @@
     },
     {
       ""contractId"": ""RPP-SETUP-162"",
-      ""developmentCommand"": ""pnpm dev -- --profile 162"",
+      ""developmentCommand"": ""pnpm dev -- --profile 162 --strict"",
       ""migrationCommand"": ""pnpm db:migrate --profile 162"",
       ""packageManager"": ""pnpm@9"",
       ""profile"": ""developer-profile-162"",
","<!-- docs/docguard-contract-lab-v2/DEVELOPER_SETUP.md @ controlled-baseline:ca20d71d16d7e70d -->
### RPP-SETUP-162
- Profile: `developer-profile-162`
- Required runtime: `Node.js 20.11`
- Package manager: `pnpm@9`
- Local development command: `pnpm dev -- --profile 162`
- Migration command: `pnpm db:migrate --profile 162`
",True,developer_setup,Controlled design expectation: developer_setup; independent human/owner acceptance still required before merge.,True,developer_setup,"RPP-SETUP-162: kod mijenja dokumentovani razvojni setup iz 'pnpm dev -- --profile 162' u 'pnpm dev -- --profile 162 --strict' (local_command_change), dok docs-before eksplicitno navodi staru vrijednost; dokumentacija bi zato postala zastarjela.",approved,63b53e4b9c61ebd54a9f1a0a3f6098ee28b0432ff4c77c00604be175b7bc1b01,5657d68b989e6dbd6f05b7db6daa211be18d87e391ab90734fc54a972b81ee72,developer_setup,rbi_related_parties_portal,local_command_change,cases/patches/rbi_related_parties_portal/developer_setup/RPP-SETUP-162.patch
CRPP2-RPP-DEVELOPER_SETUP-163,controlled-v2/rbi-related-parties-portal-copy,9400918,typescript,"[""src/Web/src/docguard-contract-lab-v2/developer_setup/contracts_07.json""]","--- a/src/Web/src/docguard-contract-lab-v2/developer_setup/contracts_07.json
+++ b/src/Web/src/docguard-contract-lab-v2/developer_setup/contracts_07.json
@@ -23,7 +23,7 @@
       ""contractId"": ""RPP-SETUP-163"",
       ""developmentCommand"": ""pnpm dev -- --profile 163"",
       ""migrationCommand"": ""pnpm db:migrate --profile 163"",
-      ""packageManager"": ""pnpm@9"",
+      ""packageManager"": ""pnpm@10"",
       ""profile"": ""developer-profile-163"",
       ""runtime"": ""Node.js"",
       ""runtimeVersion"": ""20.11""
","<!-- docs/docguard-contract-lab-v2/DEVELOPER_SETUP.md @ controlled-baseline:ca20d71d16d7e70d -->
### RPP-SETUP-163
- Profile: `developer-profile-163`
- Required runtime: `Node.js 20.11`
- Package manager: `pnpm@9`
- Local development command: `pnpm dev -- --profile 163`
- Migration command: `pnpm db:migrate --profile 163`
",True,developer_setup,Controlled design expectation: developer_setup; independent human/owner acceptance still required before merge.,True,developer_setup,"RPP-SETUP-163: kod mijenja dokumentovani razvojni setup iz 'pnpm@9' u 'pnpm@10' (package_manager_version_change), dok docs-before eksplicitno navodi staru vrijednost; dokumentacija bi zato postala zastarjela.",approved,38715827936806b89435a2fcd602fc0b5b7833f2269bbcaf7b32c385fe3903df,a0a00eeb3974ed3a156602bfc613635c836a012ea4b33e684846e72be7d5f475,developer_setup,rbi_related_parties_portal,package_manager_version_change,cases/patches/rbi_related_parties_portal/developer_setup/RPP-SETUP-163.patch
CRPP2-RPP-DEVELOPER_SETUP-164,controlled-v2/rbi-related-parties-portal-copy,9400919,typescript,"[""src/Web/src/docguard-contract-lab-v2/developer_setup/contracts_07.json""]","--- a/src/Web/src/docguard-contract-lab-v2/developer_setup/contracts_07.json
+++ b/src/Web/src/docguard-contract-lab-v2/developer_setup/contracts_07.json
@@ -31,7 +31,7 @@
     {
       ""contractId"": ""RPP-SETUP-164"",
       ""developmentCommand"": ""pnpm dev -- --profile 164"",
-      ""migrationCommand"": ""pnpm db:migrate --profile 164"",
+      ""migrationCommand"": ""pnpm db:migrate --profile 164 --no-build"",
       ""packageManager"": ""pnpm@9"",
       ""profile"": ""developer-profile-164"",
       ""runtime"": ""Node.js"",
","<!-- docs/docguard-contract-lab-v2/DEVELOPER_SETUP.md @ controlled-baseline:ca20d71d16d7e70d -->
### RPP-SETUP-164
- Profile: `developer-profile-164`
- Required runtime: `Node.js 20.11`
- Package manager: `pnpm@9`
- Local development command: `pnpm dev -- --profile 164`
- Migration command: `pnpm db:migrate --profile 164`
",True,developer_setup,Controlled design expectation: developer_setup; independent human/owner acceptance still required before merge.,True,developer_setup,"RPP-SETUP-164: kod mijenja dokumentovani razvojni setup iz 'pnpm db:migrate --profile 164' u 'pnpm db:migrate --profile 164 --no-build' (migration_command_change), dok docs-before eksplicitno navodi staru vrijednost; dokumentacija bi zato postala zastarjela.",approved,2e1a8dc5399576cf54152fa13ef88515c3dd5807a44b0eb9f81b10ce4395a2cb,d1a3e54390cc39ba3aeff64c1278b9bf8c43723d50b39f55893ec8e8e8710fa3,developer_setup,rbi_related_parties_portal,migration_command_change,cases/patches/rbi_related_parties_portal/developer_setup/RPP-SETUP-164.patch
CRPP2-RPP-DEVELOPER_SETUP-165,controlled-v2/rbi-related-parties-portal-copy,9400920,typescript,"[""src/Web/src/docguard-contract-lab-v2/developer_setup/contracts_07.json""]","--- a/src/Web/src/docguard-contract-lab-v2/developer_setup/contracts_07.json
+++ b/src/Web/src/docguard-contract-lab-v2/developer_setup/contracts_07.json
@@ -44,7 +44,7 @@
       ""packageManager"": ""pnpm@9"",
       ""profile"": ""developer-profile-165"",
       ""runtime"": ""Node.js"",
-      ""runtimeVersion"": ""20.11""
+      ""runtimeVersion"": ""22.0""
     },
     {
       ""contractId"": ""RPP-SETUP-166"",
","<!-- docs/docguard-contract-lab-v2/DEVELOPER_SETUP.md @ controlled-baseline:ca20d71d16d7e70d -->
### RPP-SETUP-165
- Profile: `developer-profile-165`
- Required runtime: `Node.js 20.11`
- Package manager: `pnpm@9`
- Local development command: `pnpm dev -- --profile 165`
- Migration command: `pnpm db:migrate --profile 165`
",True,developer_setup,Controlled design expectation: developer_setup; independent human/owner acceptance still required before merge.,True,developer_setup,"RPP-SETUP-165: kod mijenja dokumentovani razvojni setup iz '20.11' u '22.0' (runtime_requirement_change), dok docs-before eksplicitno navodi staru vrijednost; dokumentacija bi zato postala zastarjela.",approved,8b66e91464427f1ac93e906602df7b4834b40cab97f23bff4d44622fa6b5256b,03a72e5108df9e4f348c7dc9c7c1ddc5a380cb3110859bc8881891afb2653c6e,developer_setup,rbi_related_parties_portal,runtime_requirement_change,cases/patches/rbi_related_parties_portal/developer_setup/RPP-SETUP-165.patch
CRPP2-RPP-DEVELOPER_SETUP-166,controlled-v2/rbi-related-parties-portal-copy,9400921,typescript,"[""src/Web/src/docguard-contract-lab-v2/developer_setup/contracts_07.json""]","--- a/src/Web/src/docguard-contract-lab-v2/developer_setup/contracts_07.json
+++ b/src/Web/src/docguard-contract-lab-v2/developer_setup/contracts_07.json
@@ -48,7 +48,7 @@
     },
     {
       ""contractId"": ""RPP-SETUP-166"",
-      ""developmentCommand"": ""pnpm dev -- --profile 166"",
+      ""developmentCommand"": ""pnpm dev -- --profile 166 --strict"",
       ""migrationCommand"": ""pnpm db:migrate --profile 166"",
       ""packageManager"": ""pnpm@9"",
       ""profile"": ""developer-profile-166"",
","<!-- docs/docguard-contract-lab-v2/DEVELOPER_SETUP.md @ controlled-baseline:ca20d71d16d7e70d -->
### RPP-SETUP-166
- Profile: `developer-profile-166`
- Required runtime: `Node.js 20.11`
- Package manager: `pnpm@9`
- Local development command: `pnpm dev -- --profile 166`
- Migration command: `pnpm db:migrate --profile 166`
",True,developer_setup,Controlled design expectation: developer_setup; independent human/owner acceptance still required before merge.,True,developer_setup,"RPP-SETUP-166: kod mijenja dokumentovani razvojni setup iz 'pnpm dev -- --profile 166' u 'pnpm dev -- --profile 166 --strict' (local_command_change), dok docs-before eksplicitno navodi staru vrijednost; dokumentacija bi zato postala zastarjela.",approved,7a2101b3ed71d3d3924b0919ab72dbccaf59a5953348d04b4300e16eb85f5a86,1ca9d5c057ca84feaa185c1405031f5925b530acabf3e6f2ddfd08b5f0cc097d,developer_setup,rbi_related_parties_portal,local_command_change,cases/patches/rbi_related_parties_portal/developer_setup/RPP-SETUP-166.patch
CRPP2-RPP-DEVELOPER_SETUP-167,controlled-v2/rbi-related-parties-portal-copy,9400922,typescript,"[""src/Web/src/docguard-contract-lab-v2/developer_setup/contracts_07.json""]","--- a/src/Web/src/docguard-contract-lab-v2/developer_setup/contracts_07.json
+++ b/src/Web/src/docguard-contract-lab-v2/developer_setup/contracts_07.json
@@ -59,7 +59,7 @@
       ""contractId"": ""RPP-SETUP-167"",
       ""developmentCommand"": ""pnpm dev -- --profile 167"",
       ""migrationCommand"": ""pnpm db:migrate --profile 167"",
-      ""packageManager"": ""pnpm@9"",
+      ""packageManager"": ""pnpm@10"",
       ""profile"": ""developer-profile-167"",
       ""runtime"": ""Node.js"",
       ""runtimeVersion"": ""20.11""
","<!-- docs/docguard-contract-lab-v2/DEVELOPER_SETUP.md @ controlled-baseline:ca20d71d16d7e70d -->
### RPP-SETUP-167
- Profile: `developer-profile-167`
- Required runtime: `Node.js 20.11`
- Package manager: `pnpm@9`
- Local development command: `pnpm dev -- --profile 167`
- Migration command: `pnpm db:migrate --profile 167`
",True,developer_setup,Controlled design expectation: developer_setup; independent human/owner acceptance still required before merge.,True,developer_setup,"RPP-SETUP-167: kod mijenja dokumentovani razvojni setup iz 'pnpm@9' u 'pnpm@10' (package_manager_version_change), dok docs-before eksplicitno navodi staru vrijednost; dokumentacija bi zato postala zastarjela.",approved,edfe147342db0acf150cec391dbc95e4922f6e96af8fc141d5ab89c8a6ca2cb9,a754006be3327278e36b91dbf8a485ce815e5f7b388f449cab603b52c9a872f1,developer_setup,rbi_related_parties_portal,package_manager_version_change,cases/patches/rbi_related_parties_portal/developer_setup/RPP-SETUP-167.patch
CRPP2-RPP-DEVELOPER_SETUP-168,controlled-v2/rbi-related-parties-portal-copy,9400923,typescript,"[""src/Web/src/docguard-contract-lab-v2/developer_setup/contracts_07.json""]","--- a/src/Web/src/docguard-contract-lab-v2/developer_setup/contracts_07.json
+++ b/src/Web/src/docguard-contract-lab-v2/developer_setup/contracts_07.json
@@ -67,7 +67,7 @@
     {
       ""contractId"": ""RPP-SETUP-168"",
       ""developmentCommand"": ""pnpm dev -- --profile 168"",
-      ""migrationCommand"": ""pnpm db:migrate --profile 168"",
+      ""migrationCommand"": ""pnpm db:migrate --profile 168 --no-build"",
       ""packageManager"": ""pnpm@9"",
       ""profile"": ""developer-profile-168"",
       ""runtime"": ""Node.js"",
","<!-- docs/docguard-contract-lab-v2/DEVELOPER_SETUP.md @ controlled-baseline:ca20d71d16d7e70d -->
### RPP-SETUP-168
- Profile: `developer-profile-168`
- Required runtime: `Node.js 20.11`
- Package manager: `pnpm@9`
- Local development command: `pnpm dev -- --profile 168`
- Migration command: `pnpm db:migrate --profile 168`
",True,developer_setup,Controlled design expectation: developer_setup; independent human/owner acceptance still required before merge.,True,developer_setup,"RPP-SETUP-168: kod mijenja dokumentovani razvojni setup iz 'pnpm db:migrate --profile 168' u 'pnpm db:migrate --profile 168 --no-build' (migration_command_change), dok docs-before eksplicitno navodi staru vrijednost; dokumentacija bi zato postala zastarjela.",approved,eac91d8acd1b82bd8dc0bfb273ddd861d0a0104fd7ec1e9fe5456455e70cbec5,a87ff4ae79a0ab626c6ca6a1349920e6ee12b475e5bfd898c3ee40e4c8d20aa3,developer_setup,rbi_related_parties_portal,migration_command_change,cases/patches/rbi_related_parties_portal/developer_setup/RPP-SETUP-168.patch
CRPP2-RPP-DEVELOPER_SETUP-169,controlled-v2/rbi-related-parties-portal-copy,9400924,typescript,"[""src/Web/src/docguard-contract-lab-v2/developer_setup/contracts_07.json""]","--- a/src/Web/src/docguard-contract-lab-v2/developer_setup/contracts_07.json
+++ b/src/Web/src/docguard-contract-lab-v2/developer_setup/contracts_07.json
@@ -80,7 +80,7 @@
       ""packageManager"": ""pnpm@9"",
       ""profile"": ""developer-profile-169"",
       ""runtime"": ""Node.js"",
-      ""runtimeVersion"": ""20.11""
+      ""runtimeVersion"": ""22.0""
     },
     {
       ""contractId"": ""RPP-SETUP-170"",
","<!-- docs/docguard-contract-lab-v2/DEVELOPER_SETUP.md @ controlled-baseline:ca20d71d16d7e70d -->
### RPP-SETUP-169
- Profile: `developer-profile-169`
- Required runtime: `Node.js 20.11`
- Package manager: `pnpm@9`
- Local development command: `pnpm dev -- --profile 169`
- Migration command: `pnpm db:migrate --profile 169`
",True,developer_setup,Controlled design expectation: developer_setup; independent human/owner acceptance still required before merge.,True,developer_setup,"RPP-SETUP-169: kod mijenja dokumentovani razvojni setup iz '20.11' u '22.0' (runtime_requirement_change), dok docs-before eksplicitno navodi staru vrijednost; dokumentacija bi zato postala zastarjela.",approved,286d7413ef10692a4e4b2b11c59afd31bc2342d8d2f0a4f4981f6196f8fbf926,cf1bf93b6f72e4b9e2be4c32dde8a6b27c3fb14e60ed7d4908039caff12d2936,developer_setup,rbi_related_parties_portal,runtime_requirement_change,cases/patches/rbi_related_parties_portal/developer_setup/RPP-SETUP-169.patch
CRPP2-RPP-DEVELOPER_SETUP-170,controlled-v2/rbi-related-parties-portal-copy,9400925,typescript,"[""src/Web/src/docguard-contract-lab-v2/developer_setup/contracts_07.json""]","--- a/src/Web/src/docguard-contract-lab-v2/developer_setup/contracts_07.json
+++ b/src/Web/src/docguard-contract-lab-v2/developer_setup/contracts_07.json
@@ -84,7 +84,7 @@
     },
     {
       ""contractId"": ""RPP-SETUP-170"",
-      ""developmentCommand"": ""pnpm dev -- --profile 170"",
+      ""developmentCommand"": ""pnpm dev -- --profile 170 --strict"",
       ""migrationCommand"": ""pnpm db:migrate --profile 170"",
       ""packageManager"": ""pnpm@9"",
       ""profile"": ""developer-profile-170"",
","<!-- docs/docguard-contract-lab-v2/DEVELOPER_SETUP.md @ controlled-baseline:ca20d71d16d7e70d -->
### RPP-SETUP-170
- Profile: `developer-profile-170`
- Required runtime: `Node.js 20.11`
- Package manager: `pnpm@9`
- Local development command: `pnpm dev -- --profile 170`
- Migration command: `pnpm db:migrate --profile 170`
",True,developer_setup,Controlled design expectation: developer_setup; independent human/owner acceptance still required before merge.,True,developer_setup,"RPP-SETUP-170: kod mijenja dokumentovani razvojni setup iz 'pnpm dev -- --profile 170' u 'pnpm dev -- --profile 170 --strict' (local_command_change), dok docs-before eksplicitno navodi staru vrijednost; dokumentacija bi zato postala zastarjela.",approved,0e640fe42c7d10ed1748d86a98661fbd8950a48579caa06bd6663effc99d1451,47f1503265e1834a925822a3e92c874db5120a2a049eb5915489a01df05a4fb5,developer_setup,rbi_related_parties_portal,local_command_change,cases/patches/rbi_related_parties_portal/developer_setup/RPP-SETUP-170.patch
CRPP2-RPP-DEVELOPER_SETUP-171,controlled-v2/rbi-related-parties-portal-copy,9400926,typescript,"[""src/Web/src/docguard-contract-lab-v2/developer_setup/contracts_08.json""]","--- a/src/Web/src/docguard-contract-lab-v2/developer_setup/contracts_08.json
+++ b/src/Web/src/docguard-contract-lab-v2/developer_setup/contracts_08.json
@@ -5,7 +5,7 @@
       ""contractId"": ""RPP-SETUP-171"",
       ""developmentCommand"": ""pnpm dev -- --profile 171"",
       ""migrationCommand"": ""pnpm db:migrate --profile 171"",
-      ""packageManager"": ""pnpm@9"",
+      ""packageManager"": ""pnpm@10"",
       ""profile"": ""developer-profile-171"",
       ""runtime"": ""Node.js"",
       ""runtimeVersion"": ""20.11""
","<!-- docs/docguard-contract-lab-v2/DEVELOPER_SETUP.md @ controlled-baseline:ca20d71d16d7e70d -->
### RPP-SETUP-171
- Profile: `developer-profile-171`
- Required runtime: `Node.js 20.11`
- Package manager: `pnpm@9`
- Local development command: `pnpm dev -- --profile 171`
- Migration command: `pnpm db:migrate --profile 171`
",True,developer_setup,Controlled design expectation: developer_setup; independent human/owner acceptance still required before merge.,True,developer_setup,"RPP-SETUP-171: kod mijenja dokumentovani razvojni setup iz 'pnpm@9' u 'pnpm@10' (package_manager_version_change), dok docs-before eksplicitno navodi staru vrijednost; dokumentacija bi zato postala zastarjela.",approved,f7b7c10921593f6b4c3ca0eb847c57db6caa7ab1f6944130b16190655f6a2892,b7f8e5a32b6caa8f65a162ecb757fb12617d471e6d2c43578b0d848ed68afbfa,developer_setup,rbi_related_parties_portal,package_manager_version_change,cases/patches/rbi_related_parties_portal/developer_setup/RPP-SETUP-171.patch
CRPP2-RPP-DEVELOPER_SETUP-172,controlled-v2/rbi-related-parties-portal-copy,9400927,typescript,"[""src/Web/src/docguard-contract-lab-v2/developer_setup/contracts_08.json""]","--- a/src/Web/src/docguard-contract-lab-v2/developer_setup/contracts_08.json
+++ b/src/Web/src/docguard-contract-lab-v2/developer_setup/contracts_08.json
@@ -13,7 +13,7 @@
     {
       ""contractId"": ""RPP-SETUP-172"",
       ""developmentCommand"": ""pnpm dev -- --profile 172"",
-      ""migrationCommand"": ""pnpm db:migrate --profile 172"",
+      ""migrationCommand"": ""pnpm db:migrate --profile 172 --no-build"",
       ""packageManager"": ""pnpm@9"",
       ""profile"": ""developer-profile-172"",
       ""runtime"": ""Node.js"",
","<!-- docs/docguard-contract-lab-v2/DEVELOPER_SETUP.md @ controlled-baseline:ca20d71d16d7e70d -->
### RPP-SETUP-172
- Profile: `developer-profile-172`
- Required runtime: `Node.js 20.11`
- Package manager: `pnpm@9`
- Local development command: `pnpm dev -- --profile 172`
- Migration command: `pnpm db:migrate --profile 172`
",True,developer_setup,Controlled design expectation: developer_setup; independent human/owner acceptance still required before merge.,True,developer_setup,"RPP-SETUP-172: kod mijenja dokumentovani razvojni setup iz 'pnpm db:migrate --profile 172' u 'pnpm db:migrate --profile 172 --no-build' (migration_command_change), dok docs-before eksplicitno navodi staru vrijednost; dokumentacija bi zato postala zastarjela.",approved,0b26df0b3fe9fd0ceeb4568ec5ad7e9ea5172b85a3492c78fcf7042bea69805a,af0532a1ebbfc2a540dfd348c8a2f49e763fc649c1d0ba4b3bbc49d8e9bb3bc2,developer_setup,rbi_related_parties_portal,migration_command_change,cases/patches/rbi_related_parties_portal/developer_setup/RPP-SETUP-172.patch
CRPP2-RPP-DEVELOPER_SETUP-173,controlled-v2/rbi-related-parties-portal-copy,9400928,typescript,"[""src/Web/src/docguard-contract-lab-v2/developer_setup/contracts_08.json""]","--- a/src/Web/src/docguard-contract-lab-v2/developer_setup/contracts_08.json
+++ b/src/Web/src/docguard-contract-lab-v2/developer_setup/contracts_08.json
@@ -26,7 +26,7 @@
       ""packageManager"": ""pnpm@9"",
       ""profile"": ""developer-profile-173"",
       ""runtime"": ""Node.js"",
-      ""runtimeVersion"": ""20.11""
+      ""runtimeVersion"": ""22.0""
     },
     {
       ""contractId"": ""RPP-SETUP-174"",
","<!-- docs/docguard-contract-lab-v2/DEVELOPER_SETUP.md @ controlled-baseline:ca20d71d16d7e70d -->
### RPP-SETUP-173
- Profile: `developer-profile-173`
- Required runtime: `Node.js 20.11`
- Package manager: `pnpm@9`
- Local development command: `pnpm dev -- --profile 173`
- Migration command: `pnpm db:migrate --profile 173`
",True,developer_setup,Controlled design expectation: developer_setup; independent human/owner acceptance still required before merge.,True,developer_setup,"RPP-SETUP-173: kod mijenja dokumentovani razvojni setup iz '20.11' u '22.0' (runtime_requirement_change), dok docs-before eksplicitno navodi staru vrijednost; dokumentacija bi zato postala zastarjela.",approved,aa57d16460e2797cfb5828113e1ba1c5bd9c255a0b7ccd98308c5bf6f3a784b8,19517ab9bd788241df40f564eeee4ddba7437e7eaea4c04d4225a576271df8bf,developer_setup,rbi_related_parties_portal,runtime_requirement_change,cases/patches/rbi_related_parties_portal/developer_setup/RPP-SETUP-173.patch
CRPP2-RPP-DEVELOPER_SETUP-174,controlled-v2/rbi-related-parties-portal-copy,9400929,typescript,"[""src/Web/src/docguard-contract-lab-v2/developer_setup/contracts_08.json""]","--- a/src/Web/src/docguard-contract-lab-v2/developer_setup/contracts_08.json
+++ b/src/Web/src/docguard-contract-lab-v2/developer_setup/contracts_08.json
@@ -30,7 +30,7 @@
     },
     {
       ""contractId"": ""RPP-SETUP-174"",
-      ""developmentCommand"": ""pnpm dev -- --profile 174"",
+      ""developmentCommand"": ""pnpm dev -- --profile 174 --strict"",
       ""migrationCommand"": ""pnpm db:migrate --profile 174"",
       ""packageManager"": ""pnpm@9"",
       ""profile"": ""developer-profile-174"",
","<!-- docs/docguard-contract-lab-v2/DEVELOPER_SETUP.md @ controlled-baseline:ca20d71d16d7e70d -->
### RPP-SETUP-174
- Profile: `developer-profile-174`
- Required runtime: `Node.js 20.11`
- Package manager: `pnpm@9`
- Local development command: `pnpm dev -- --profile 174`
- Migration command: `pnpm db:migrate --profile 174`
",True,developer_setup,Controlled design expectation: developer_setup; independent human/owner acceptance still required before merge.,True,developer_setup,"RPP-SETUP-174: kod mijenja dokumentovani razvojni setup iz 'pnpm dev -- --profile 174' u 'pnpm dev -- --profile 174 --strict' (local_command_change), dok docs-before eksplicitno navodi staru vrijednost; dokumentacija bi zato postala zastarjela.",approved,76981875c38a34eaab76fabcce456dbd2782df3ae360421662ab3506dbe3e8bb,3683392e907eaf7d0a030f68f4ead5c39bb172ea0c794264277cbfbbcb713aa0,developer_setup,rbi_related_parties_portal,local_command_change,cases/patches/rbi_related_parties_portal/developer_setup/RPP-SETUP-174.patch
CRPP2-RPP-DEVELOPER_SETUP-175,controlled-v2/rbi-related-parties-portal-copy,9400930,typescript,"[""src/Web/src/docguard-contract-lab-v2/developer_setup/contracts_08.json""]","--- a/src/Web/src/docguard-contract-lab-v2/developer_setup/contracts_08.json
+++ b/src/Web/src/docguard-contract-lab-v2/developer_setup/contracts_08.json
@@ -41,7 +41,7 @@
       ""contractId"": ""RPP-SETUP-175"",
       ""developmentCommand"": ""pnpm dev -- --profile 175"",
       ""migrationCommand"": ""pnpm db:migrate --profile 175"",
-      ""packageManager"": ""pnpm@9"",
+      ""packageManager"": ""pnpm@10"",
       ""profile"": ""developer-profile-175"",
       ""runtime"": ""Node.js"",
       ""runtimeVersion"": ""20.11""
","<!-- docs/docguard-contract-lab-v2/DEVELOPER_SETUP.md @ controlled-baseline:ca20d71d16d7e70d -->
### RPP-SETUP-175
- Profile: `developer-profile-175`
- Required runtime: `Node.js 20.11`
- Package manager: `pnpm@9`
- Local development command: `pnpm dev -- --profile 175`
- Migration command: `pnpm db:migrate --profile 175`
",True,developer_setup,Controlled design expectation: developer_setup; independent human/owner acceptance still required before merge.,True,developer_setup,"RPP-SETUP-175: kod mijenja dokumentovani razvojni setup iz 'pnpm@9' u 'pnpm@10' (package_manager_version_change), dok docs-before eksplicitno navodi staru vrijednost; dokumentacija bi zato postala zastarjela.",approved,d7c2c5f73d92d6f164d1c84af44b1dd87c546f2f2e625c96305428b5b6f7d885,007014f6d0e86c2e789ceb7c0214f9a2c890a02019c9f7ceb413df5590aa86fe,developer_setup,rbi_related_parties_portal,package_manager_version_change,cases/patches/rbi_related_parties_portal/developer_setup/RPP-SETUP-175.patch
CRPP2-RPP-DEVELOPER_SETUP-176,controlled-v2/rbi-related-parties-portal-copy,9400931,typescript,"[""src/Web/src/docguard-contract-lab-v2/developer_setup/contracts_08.json""]","--- a/src/Web/src/docguard-contract-lab-v2/developer_setup/contracts_08.json
+++ b/src/Web/src/docguard-contract-lab-v2/developer_setup/contracts_08.json
@@ -49,7 +49,7 @@
     {
       ""contractId"": ""RPP-SETUP-176"",
       ""developmentCommand"": ""pnpm dev -- --profile 176"",
-      ""migrationCommand"": ""pnpm db:migrate --profile 176"",
+      ""migrationCommand"": ""pnpm db:migrate --profile 176 --no-build"",
       ""packageManager"": ""pnpm@9"",
       ""profile"": ""developer-profile-176"",
       ""runtime"": ""Node.js"",
","<!-- docs/docguard-contract-lab-v2/DEVELOPER_SETUP.md @ controlled-baseline:ca20d71d16d7e70d -->
### RPP-SETUP-176
- Profile: `developer-profile-176`
- Required runtime: `Node.js 20.11`
- Package manager: `pnpm@9`
- Local development command: `pnpm dev -- --profile 176`
- Migration command: `pnpm db:migrate --profile 176`
",True,developer_setup,Controlled design expectation: developer_setup; independent human/owner acceptance still required before merge.,True,developer_setup,"RPP-SETUP-176: kod mijenja dokumentovani razvojni setup iz 'pnpm db:migrate --profile 176' u 'pnpm db:migrate --profile 176 --no-build' (migration_command_change), dok docs-before eksplicitno navodi staru vrijednost; dokumentacija bi zato postala zastarjela.",approved,2c7d6e868503caa488bfc6a66cd7b1c20d36449af203d0c5af331ad6edab8844,eb1eef4bec1be1d01a3504e24acf4e257afb39d6a301b2af51c29c18ff417b3e,developer_setup,rbi_related_parties_portal,migration_command_change,cases/patches/rbi_related_parties_portal/developer_setup/RPP-SETUP-176.patch
CRPP2-RPP-DEVELOPER_SETUP-177,controlled-v2/rbi-related-parties-portal-copy,9400932,typescript,"[""src/Web/src/docguard-contract-lab-v2/developer_setup/contracts_08.json""]","--- a/src/Web/src/docguard-contract-lab-v2/developer_setup/contracts_08.json
+++ b/src/Web/src/docguard-contract-lab-v2/developer_setup/contracts_08.json
@@ -62,7 +62,7 @@
       ""packageManager"": ""pnpm@9"",
       ""profile"": ""developer-profile-177"",
       ""runtime"": ""Node.js"",
-      ""runtimeVersion"": ""20.11""
+      ""runtimeVersion"": ""22.0""
     },
     {
       ""contractId"": ""RPP-SETUP-178"",
","<!-- docs/docguard-contract-lab-v2/DEVELOPER_SETUP.md @ controlled-baseline:ca20d71d16d7e70d -->
### RPP-SETUP-177
- Profile: `developer-profile-177`
- Required runtime: `Node.js 20.11`
- Package manager: `pnpm@9`
- Local development command: `pnpm dev -- --profile 177`
- Migration command: `pnpm db:migrate --profile 177`
",True,developer_setup,Controlled design expectation: developer_setup; independent human/owner acceptance still required before merge.,True,developer_setup,"RPP-SETUP-177: kod mijenja dokumentovani razvojni setup iz '20.11' u '22.0' (runtime_requirement_change), dok docs-before eksplicitno navodi staru vrijednost; dokumentacija bi zato postala zastarjela.",approved,5d0966e2bbba78b7e3c74acb1ec68040da6e532efab4e55efae5a2d3a2b6bee9,7fe573a7a06097750eff348f7a28d36439045c0caae5730d60d3e68bc46617b5,developer_setup,rbi_related_parties_portal,runtime_requirement_change,cases/patches/rbi_related_parties_portal/developer_setup/RPP-SETUP-177.patch
CRPP2-RPP-DEVELOPER_SETUP-178,controlled-v2/rbi-related-parties-portal-copy,9400933,typescript,"[""src/Web/src/docguard-contract-lab-v2/developer_setup/contracts_08.json""]","--- a/src/Web/src/docguard-contract-lab-v2/developer_setup/contracts_08.json
+++ b/src/Web/src/docguard-contract-lab-v2/developer_setup/contracts_08.json
@@ -66,7 +66,7 @@
     },
     {
       ""contractId"": ""RPP-SETUP-178"",
-      ""developmentCommand"": ""pnpm dev -- --profile 178"",
+      ""developmentCommand"": ""pnpm dev -- --profile 178 --strict"",
       ""migrationCommand"": ""pnpm db:migrate --profile 178"",
       ""packageManager"": ""pnpm@9"",
       ""profile"": ""developer-profile-178"",
","<!-- docs/docguard-contract-lab-v2/DEVELOPER_SETUP.md @ controlled-baseline:ca20d71d16d7e70d -->
### RPP-SETUP-178
- Profile: `developer-profile-178`
- Required runtime: `Node.js 20.11`
- Package manager: `pnpm@9`
- Local development command: `pnpm dev -- --profile 178`
- Migration command: `pnpm db:migrate --profile 178`
",True,developer_setup,Controlled design expectation: developer_setup; independent human/owner acceptance still required before merge.,True,developer_setup,"RPP-SETUP-178: kod mijenja dokumentovani razvojni setup iz 'pnpm dev -- --profile 178' u 'pnpm dev -- --profile 178 --strict' (local_command_change), dok docs-before eksplicitno navodi staru vrijednost; dokumentacija bi zato postala zastarjela.",approved,ac6aa74337a1122b699b779305ba143f06b197ff2c8be149efa48f7ec792fe7e,8e183c0b1c8a1d91d548e61d35f2b0f85515c8847c242d42acf680c51b2055b0,developer_setup,rbi_related_parties_portal,local_command_change,cases/patches/rbi_related_parties_portal/developer_setup/RPP-SETUP-178.patch
CRPP2-RPP-DEVELOPER_SETUP-179,controlled-v2/rbi-related-parties-portal-copy,9400934,typescript,"[""src/Web/src/docguard-contract-lab-v2/developer_setup/contracts_08.json""]","--- a/src/Web/src/docguard-contract-lab-v2/developer_setup/contracts_08.json
+++ b/src/Web/src/docguard-contract-lab-v2/developer_setup/contracts_08.json
@@ -77,7 +77,7 @@
       ""contractId"": ""RPP-SETUP-179"",
       ""developmentCommand"": ""pnpm dev -- --profile 179"",
       ""migrationCommand"": ""pnpm db:migrate --profile 179"",
-      ""packageManager"": ""pnpm@9"",
+      ""packageManager"": ""pnpm@10"",
       ""profile"": ""developer-profile-179"",
       ""runtime"": ""Node.js"",
       ""runtimeVersion"": ""20.11""
","<!-- docs/docguard-contract-lab-v2/DEVELOPER_SETUP.md @ controlled-baseline:ca20d71d16d7e70d -->
### RPP-SETUP-179
- Profile: `developer-profile-179`
- Required runtime: `Node.js 20.11`
- Package manager: `pnpm@9`
- Local development command: `pnpm dev -- --profile 179`
- Migration command: `pnpm db:migrate --profile 179`
",True,developer_setup,Controlled design expectation: developer_setup; independent human/owner acceptance still required before merge.,True,developer_setup,"RPP-SETUP-179: kod mijenja dokumentovani razvojni setup iz 'pnpm@9' u 'pnpm@10' (package_manager_version_change), dok docs-before eksplicitno navodi staru vrijednost; dokumentacija bi zato postala zastarjela.",approved,b4d049b98c0e5c86140115238dfc4b5ffbe59bb02ef4f42adece773bfe7a1385,252aecac74ba7a2f6c17c51024863774ea9480471168ca504e55b80d156e63cc,developer_setup,rbi_related_parties_portal,package_manager_version_change,cases/patches/rbi_related_parties_portal/developer_setup/RPP-SETUP-179.patch
CRPP2-RPP-DEVELOPER_SETUP-180,controlled-v2/rbi-related-parties-portal-copy,9400935,typescript,"[""src/Web/src/docguard-contract-lab-v2/developer_setup/contracts_08.json""]","--- a/src/Web/src/docguard-contract-lab-v2/developer_setup/contracts_08.json
+++ b/src/Web/src/docguard-contract-lab-v2/developer_setup/contracts_08.json
@@ -85,7 +85,7 @@
     {
       ""contractId"": ""RPP-SETUP-180"",
       ""developmentCommand"": ""pnpm dev -- --profile 180"",
-      ""migrationCommand"": ""pnpm db:migrate --profile 180"",
+      ""migrationCommand"": ""pnpm db:migrate --profile 180 --no-build"",
       ""packageManager"": ""pnpm@9"",
       ""profile"": ""developer-profile-180"",
       ""runtime"": ""Node.js"",
","<!-- docs/docguard-contract-lab-v2/DEVELOPER_SETUP.md @ controlled-baseline:ca20d71d16d7e70d -->
### RPP-SETUP-180
- Profile: `developer-profile-180`
- Required runtime: `Node.js 20.11`
- Package manager: `pnpm@9`
- Local development command: `pnpm dev -- --profile 180`
- Migration command: `pnpm db:migrate --profile 180`
",True,developer_setup,Controlled design expectation: developer_setup; independent human/owner acceptance still required before merge.,True,developer_setup,"RPP-SETUP-180: kod mijenja dokumentovani razvojni setup iz 'pnpm db:migrate --profile 180' u 'pnpm db:migrate --profile 180 --no-build' (migration_command_change), dok docs-before eksplicitno navodi staru vrijednost; dokumentacija bi zato postala zastarjela.",approved,700f5a312902877606b60c91f700c45351bc7feba8db14dbb0e2e38e0b82c9c6,550c945ab07fa473097b597fcf575c9fa3f4e7020d2095055e7f2a869762c40b,developer_setup,rbi_related_parties_portal,migration_command_change,cases/patches/rbi_related_parties_portal/developer_setup/RPP-SETUP-180.patch
CRPP2-RPP-DEVELOPER_SETUP-181,controlled-v2/rbi-related-parties-portal-copy,9400936,typescript,"[""src/Web/src/docguard-contract-lab-v2/developer_setup/contracts_09.json""]","--- a/src/Web/src/docguard-contract-lab-v2/developer_setup/contracts_09.json
+++ b/src/Web/src/docguard-contract-lab-v2/developer_setup/contracts_09.json
@@ -8,7 +8,7 @@
       ""packageManager"": ""pnpm@9"",
       ""profile"": ""developer-profile-181"",
       ""runtime"": ""Node.js"",
-      ""runtimeVersion"": ""20.11""
+      ""runtimeVersion"": ""22.0""
     },
     {
       ""contractId"": ""RPP-SETUP-182"",
","<!-- docs/docguard-contract-lab-v2/DEVELOPER_SETUP.md @ controlled-baseline:ca20d71d16d7e70d -->
### RPP-SETUP-181
- Profile: `developer-profile-181`
- Required runtime: `Node.js 20.11`
- Package manager: `pnpm@9`
- Local development command: `pnpm dev -- --profile 181`
- Migration command: `pnpm db:migrate --profile 181`
",True,developer_setup,Controlled design expectation: developer_setup; independent human/owner acceptance still required before merge.,True,developer_setup,"RPP-SETUP-181: kod mijenja dokumentovani razvojni setup iz '20.11' u '22.0' (runtime_requirement_change), dok docs-before eksplicitno navodi staru vrijednost; dokumentacija bi zato postala zastarjela.",approved,71ba7ac668c7d338a8217bb89e06dd510002ea4a1439029201bfc8c7cdb6816d,ac801820f9b05d584e5fdc413fae992427c5da0697acaa17a59155e7531225a4,developer_setup,rbi_related_parties_portal,runtime_requirement_change,cases/patches/rbi_related_parties_portal/developer_setup/RPP-SETUP-181.patch
CRPP2-RPP-DEVELOPER_SETUP-182,controlled-v2/rbi-related-parties-portal-copy,9400937,typescript,"[""src/Web/src/docguard-contract-lab-v2/developer_setup/contracts_09.json""]","--- a/src/Web/src/docguard-contract-lab-v2/developer_setup/contracts_09.json
+++ b/src/Web/src/docguard-contract-lab-v2/developer_setup/contracts_09.json
@@ -12,7 +12,7 @@
     },
     {
       ""contractId"": ""RPP-SETUP-182"",
-      ""developmentCommand"": ""pnpm dev -- --profile 182"",
+      ""developmentCommand"": ""pnpm dev -- --profile 182 --strict"",
       ""migrationCommand"": ""pnpm db:migrate --profile 182"",
       ""packageManager"": ""pnpm@9"",
       ""profile"": ""developer-profile-182"",
","<!-- docs/docguard-contract-lab-v2/DEVELOPER_SETUP.md @ controlled-baseline:ca20d71d16d7e70d -->
### RPP-SETUP-182
- Profile: `developer-profile-182`
- Required runtime: `Node.js 20.11`
- Package manager: `pnpm@9`
- Local development command: `pnpm dev -- --profile 182`
- Migration command: `pnpm db:migrate --profile 182`
",True,developer_setup,Controlled design expectation: developer_setup; independent human/owner acceptance still required before merge.,True,developer_setup,"RPP-SETUP-182: kod mijenja dokumentovani razvojni setup iz 'pnpm dev -- --profile 182' u 'pnpm dev -- --profile 182 --strict' (local_command_change), dok docs-before eksplicitno navodi staru vrijednost; dokumentacija bi zato postala zastarjela.",approved,b12707c6f56efdc6a45382e71caf43b511ba960a63d74772495c9b03bb57450e,c0b74aaaf5eb5ff6a4fd7d0986af207e63022884dfd7f830c10949e4dfc5bb06,developer_setup,rbi_related_parties_portal,local_command_change,cases/patches/rbi_related_parties_portal/developer_setup/RPP-SETUP-182.patch
CRPP2-RPP-DEVELOPER_SETUP-183,controlled-v2/rbi-related-parties-portal-copy,9400938,typescript,"[""src/Web/src/docguard-contract-lab-v2/developer_setup/contracts_09.json""]","--- a/src/Web/src/docguard-contract-lab-v2/developer_setup/contracts_09.json
+++ b/src/Web/src/docguard-contract-lab-v2/developer_setup/contracts_09.json
@@ -23,7 +23,7 @@
       ""contractId"": ""RPP-SETUP-183"",
       ""developmentCommand"": ""pnpm dev -- --profile 183"",
       ""migrationCommand"": ""pnpm db:migrate --profile 183"",
-      ""packageManager"": ""pnpm@9"",
+      ""packageManager"": ""pnpm@10"",
       ""profile"": ""developer-profile-183"",
       ""runtime"": ""Node.js"",
       ""runtimeVersion"": ""20.11""
","<!-- docs/docguard-contract-lab-v2/DEVELOPER_SETUP.md @ controlled-baseline:ca20d71d16d7e70d -->
### RPP-SETUP-183
- Profile: `developer-profile-183`
- Required runtime: `Node.js 20.11`
- Package manager: `pnpm@9`
- Local development command: `pnpm dev -- --profile 183`
- Migration command: `pnpm db:migrate --profile 183`
",True,developer_setup,Controlled design expectation: developer_setup; independent human/owner acceptance still required before merge.,True,developer_setup,"RPP-SETUP-183: kod mijenja dokumentovani razvojni setup iz 'pnpm@9' u 'pnpm@10' (package_manager_version_change), dok docs-before eksplicitno navodi staru vrijednost; dokumentacija bi zato postala zastarjela.",approved,5b5d0cb0155d8bc83c3175b622316fb470d53c214fab284eb128c269dfb0d7c6,026a008a94de3e35d2ce17638bee3028d22841a321348dd9d24856b02d3f2949,developer_setup,rbi_related_parties_portal,package_manager_version_change,cases/patches/rbi_related_parties_portal/developer_setup/RPP-SETUP-183.patch
CRPP2-RPP-DEVELOPER_SETUP-184,controlled-v2/rbi-related-parties-portal-copy,9400939,typescript,"[""src/Web/src/docguard-contract-lab-v2/developer_setup/contracts_09.json""]","--- a/src/Web/src/docguard-contract-lab-v2/developer_setup/contracts_09.json
+++ b/src/Web/src/docguard-contract-lab-v2/developer_setup/contracts_09.json
@@ -31,7 +31,7 @@
     {
       ""contractId"": ""RPP-SETUP-184"",
       ""developmentCommand"": ""pnpm dev -- --profile 184"",
-      ""migrationCommand"": ""pnpm db:migrate --profile 184"",
+      ""migrationCommand"": ""pnpm db:migrate --profile 184 --no-build"",
       ""packageManager"": ""pnpm@9"",
       ""profile"": ""developer-profile-184"",
       ""runtime"": ""Node.js"",
","<!-- docs/docguard-contract-lab-v2/DEVELOPER_SETUP.md @ controlled-baseline:ca20d71d16d7e70d -->
### RPP-SETUP-184
- Profile: `developer-profile-184`
- Required runtime: `Node.js 20.11`
- Package manager: `pnpm@9`
- Local development command: `pnpm dev -- --profile 184`
- Migration command: `pnpm db:migrate --profile 184`
",True,developer_setup,Controlled design expectation: developer_setup; independent human/owner acceptance still required before merge.,True,developer_setup,"RPP-SETUP-184: kod mijenja dokumentovani razvojni setup iz 'pnpm db:migrate --profile 184' u 'pnpm db:migrate --profile 184 --no-build' (migration_command_change), dok docs-before eksplicitno navodi staru vrijednost; dokumentacija bi zato postala zastarjela.",approved,6f8bf31eaaa913e8f8e6cea81ab03d7a42b125dd239c20fad856459ff3a0206d,0aa57fbb4a17236579a476d8b7428e8307a1fd3a034ca338a6bba722ba60c513,developer_setup,rbi_related_parties_portal,migration_command_change,cases/patches/rbi_related_parties_portal/developer_setup/RPP-SETUP-184.patch
CRPP2-RPP-DEVELOPER_SETUP-185,controlled-v2/rbi-related-parties-portal-copy,9400940,typescript,"[""src/Web/src/docguard-contract-lab-v2/developer_setup/contracts_09.json""]","--- a/src/Web/src/docguard-contract-lab-v2/developer_setup/contracts_09.json
+++ b/src/Web/src/docguard-contract-lab-v2/developer_setup/contracts_09.json
@@ -44,7 +44,7 @@
       ""packageManager"": ""pnpm@9"",
       ""profile"": ""developer-profile-185"",
       ""runtime"": ""Node.js"",
-      ""runtimeVersion"": ""20.11""
+      ""runtimeVersion"": ""22.0""
     },
     {
       ""contractId"": ""RPP-SETUP-186"",
","<!-- docs/docguard-contract-lab-v2/DEVELOPER_SETUP.md @ controlled-baseline:ca20d71d16d7e70d -->
### RPP-SETUP-185
- Profile: `developer-profile-185`
- Required runtime: `Node.js 20.11`
- Package manager: `pnpm@9`
- Local development command: `pnpm dev -- --profile 185`
- Migration command: `pnpm db:migrate --profile 185`
",True,developer_setup,Controlled design expectation: developer_setup; independent human/owner acceptance still required before merge.,True,developer_setup,"RPP-SETUP-185: kod mijenja dokumentovani razvojni setup iz '20.11' u '22.0' (runtime_requirement_change), dok docs-before eksplicitno navodi staru vrijednost; dokumentacija bi zato postala zastarjela.",approved,ebfc1cc595f9b68243fffd803bcd194d82dc1d121edc299947c3fc546cb6d146,b47e8fde95e887ed3e6308286f6db7bf8d1d6be317eca65402d7c5dd07a712d0,developer_setup,rbi_related_parties_portal,runtime_requirement_change,cases/patches/rbi_related_parties_portal/developer_setup/RPP-SETUP-185.patch
CRPP2-RPP-DEVELOPER_SETUP-186,controlled-v2/rbi-related-parties-portal-copy,9400941,typescript,"[""src/Web/src/docguard-contract-lab-v2/developer_setup/contracts_09.json""]","--- a/src/Web/src/docguard-contract-lab-v2/developer_setup/contracts_09.json
+++ b/src/Web/src/docguard-contract-lab-v2/developer_setup/contracts_09.json
@@ -48,7 +48,7 @@
     },
     {
       ""contractId"": ""RPP-SETUP-186"",
-      ""developmentCommand"": ""pnpm dev -- --profile 186"",
+      ""developmentCommand"": ""pnpm dev -- --profile 186 --strict"",
       ""migrationCommand"": ""pnpm db:migrate --profile 186"",
       ""packageManager"": ""pnpm@9"",
       ""profile"": ""developer-profile-186"",
","<!-- docs/docguard-contract-lab-v2/DEVELOPER_SETUP.md @ controlled-baseline:ca20d71d16d7e70d -->
### RPP-SETUP-186
- Profile: `developer-profile-186`
- Required runtime: `Node.js 20.11`
- Package manager: `pnpm@9`
- Local development command: `pnpm dev -- --profile 186`
- Migration command: `pnpm db:migrate --profile 186`
",True,developer_setup,Controlled design expectation: developer_setup; independent human/owner acceptance still required before merge.,True,developer_setup,"RPP-SETUP-186: kod mijenja dokumentovani razvojni setup iz 'pnpm dev -- --profile 186' u 'pnpm dev -- --profile 186 --strict' (local_command_change), dok docs-before eksplicitno navodi staru vrijednost; dokumentacija bi zato postala zastarjela.",approved,53184d00cf6d561d9ca44cb9dee345ad2b5486a0fd762b1016955d0cf07320e2,e24d0ba53097eec8784fd2d5aacf2ddb1e428d26d406ed8d5a0b1b4521cc8475,developer_setup,rbi_related_parties_portal,local_command_change,cases/patches/rbi_related_parties_portal/developer_setup/RPP-SETUP-186.patch
CRPP2-RPP-DEVELOPER_SETUP-187,controlled-v2/rbi-related-parties-portal-copy,9400942,typescript,"[""src/Web/src/docguard-contract-lab-v2/developer_setup/contracts_09.json""]","--- a/src/Web/src/docguard-contract-lab-v2/developer_setup/contracts_09.json
+++ b/src/Web/src/docguard-contract-lab-v2/developer_setup/contracts_09.json
@@ -59,7 +59,7 @@
       ""contractId"": ""RPP-SETUP-187"",
       ""developmentCommand"": ""pnpm dev -- --profile 187"",
       ""migrationCommand"": ""pnpm db:migrate --profile 187"",
-      ""packageManager"": ""pnpm@9"",
+      ""packageManager"": ""pnpm@10"",
       ""profile"": ""developer-profile-187"",
       ""runtime"": ""Node.js"",
       ""runtimeVersion"": ""20.11""
","<!-- docs/docguard-contract-lab-v2/DEVELOPER_SETUP.md @ controlled-baseline:ca20d71d16d7e70d -->
### RPP-SETUP-187
- Profile: `developer-profile-187`
- Required runtime: `Node.js 20.11`
- Package manager: `pnpm@9`
- Local development command: `pnpm dev -- --profile 187`
- Migration command: `pnpm db:migrate --profile 187`
",True,developer_setup,Controlled design expectation: developer_setup; independent human/owner acceptance still required before merge.,True,developer_setup,"RPP-SETUP-187: kod mijenja dokumentovani razvojni setup iz 'pnpm@9' u 'pnpm@10' (package_manager_version_change), dok docs-before eksplicitno navodi staru vrijednost; dokumentacija bi zato postala zastarjela.",approved,4f4992505dc25272d9583cfe204c239a0681ad1119da81a48c1aef8b3bc71b72,723d93b2b69b59f87ff49b4a1617ddeceb6e58599af7ced664d2be5e9baf7fc5,developer_setup,rbi_related_parties_portal,package_manager_version_change,cases/patches/rbi_related_parties_portal/developer_setup/RPP-SETUP-187.patch
CRPP2-RPP-DEVELOPER_SETUP-188,controlled-v2/rbi-related-parties-portal-copy,9400943,typescript,"[""src/Web/src/docguard-contract-lab-v2/developer_setup/contracts_09.json""]","--- a/src/Web/src/docguard-contract-lab-v2/developer_setup/contracts_09.json
+++ b/src/Web/src/docguard-contract-lab-v2/developer_setup/contracts_09.json
@@ -67,7 +67,7 @@
     {
       ""contractId"": ""RPP-SETUP-188"",
       ""developmentCommand"": ""pnpm dev -- --profile 188"",
-      ""migrationCommand"": ""pnpm db:migrate --profile 188"",
+      ""migrationCommand"": ""pnpm db:migrate --profile 188 --no-build"",
       ""packageManager"": ""pnpm@9"",
       ""profile"": ""developer-profile-188"",
       ""runtime"": ""Node.js"",
","<!-- docs/docguard-contract-lab-v2/DEVELOPER_SETUP.md @ controlled-baseline:ca20d71d16d7e70d -->
### RPP-SETUP-188
- Profile: `developer-profile-188`
- Required runtime: `Node.js 20.11`
- Package manager: `pnpm@9`
- Local development command: `pnpm dev -- --profile 188`
- Migration command: `pnpm db:migrate --profile 188`
",True,developer_setup,Controlled design expectation: developer_setup; independent human/owner acceptance still required before merge.,True,developer_setup,"RPP-SETUP-188: kod mijenja dokumentovani razvojni setup iz 'pnpm db:migrate --profile 188' u 'pnpm db:migrate --profile 188 --no-build' (migration_command_change), dok docs-before eksplicitno navodi staru vrijednost; dokumentacija bi zato postala zastarjela.",approved,af34490be5bf7124ceac1942e6ba1ca5a73122a0f70f6a54b2f0f6ef663a36f6,3d6c4a38a13aa3bdae16f4dec99bfc7a60df608a9c7f9051306f303a60ab47f6,developer_setup,rbi_related_parties_portal,migration_command_change,cases/patches/rbi_related_parties_portal/developer_setup/RPP-SETUP-188.patch
CRPP2-RPP-DEVELOPER_SETUP-189,controlled-v2/rbi-related-parties-portal-copy,9400944,typescript,"[""src/Web/src/docguard-contract-lab-v2/developer_setup/contracts_09.json""]","--- a/src/Web/src/docguard-contract-lab-v2/developer_setup/contracts_09.json
+++ b/src/Web/src/docguard-contract-lab-v2/developer_setup/contracts_09.json
@@ -80,7 +80,7 @@
       ""packageManager"": ""pnpm@9"",
       ""profile"": ""developer-profile-189"",
       ""runtime"": ""Node.js"",
-      ""runtimeVersion"": ""20.11""
+      ""runtimeVersion"": ""22.0""
     },
     {
       ""contractId"": ""RPP-SETUP-190"",
","<!-- docs/docguard-contract-lab-v2/DEVELOPER_SETUP.md @ controlled-baseline:ca20d71d16d7e70d -->
### RPP-SETUP-189
- Profile: `developer-profile-189`
- Required runtime: `Node.js 20.11`
- Package manager: `pnpm@9`
- Local development command: `pnpm dev -- --profile 189`
- Migration command: `pnpm db:migrate --profile 189`
",True,developer_setup,Controlled design expectation: developer_setup; independent human/owner acceptance still required before merge.,True,developer_setup,"RPP-SETUP-189: kod mijenja dokumentovani razvojni setup iz '20.11' u '22.0' (runtime_requirement_change), dok docs-before eksplicitno navodi staru vrijednost; dokumentacija bi zato postala zastarjela.",approved,ac08b3bb0c053f243ab059b3f39b3d3ae0de970d08f4f1f31012512ce9e946c9,2e4e6a3ac85ed7f456a8d1d0cc2b59a512807de3aa500e1360db069d80fcdeb8,developer_setup,rbi_related_parties_portal,runtime_requirement_change,cases/patches/rbi_related_parties_portal/developer_setup/RPP-SETUP-189.patch
CRPP2-RPP-DEVELOPER_SETUP-190,controlled-v2/rbi-related-parties-portal-copy,9400945,typescript,"[""src/Web/src/docguard-contract-lab-v2/developer_setup/contracts_09.json""]","--- a/src/Web/src/docguard-contract-lab-v2/developer_setup/contracts_09.json
+++ b/src/Web/src/docguard-contract-lab-v2/developer_setup/contracts_09.json
@@ -84,7 +84,7 @@
     },
     {
       ""contractId"": ""RPP-SETUP-190"",
-      ""developmentCommand"": ""pnpm dev -- --profile 190"",
+      ""developmentCommand"": ""pnpm dev -- --profile 190 --strict"",
       ""migrationCommand"": ""pnpm db:migrate --profile 190"",
       ""packageManager"": ""pnpm@9"",
       ""profile"": ""developer-profile-190"",
","<!-- docs/docguard-contract-lab-v2/DEVELOPER_SETUP.md @ controlled-baseline:ca20d71d16d7e70d -->
### RPP-SETUP-190
- Profile: `developer-profile-190`
- Required runtime: `Node.js 20.11`
- Package manager: `pnpm@9`
- Local development command: `pnpm dev -- --profile 190`
- Migration command: `pnpm db:migrate --profile 190`
",True,developer_setup,Controlled design expectation: developer_setup; independent human/owner acceptance still required before merge.,True,developer_setup,"RPP-SETUP-190: kod mijenja dokumentovani razvojni setup iz 'pnpm dev -- --profile 190' u 'pnpm dev -- --profile 190 --strict' (local_command_change), dok docs-before eksplicitno navodi staru vrijednost; dokumentacija bi zato postala zastarjela.",approved,62d9d0498f4b91382941259d1cbf5a15852b116dd8e97f2f0b23d7b8d2635364,ba87d2aa0e259d9198de041dc497dabb35a90533a97dbce91d9200fe8113d882,developer_setup,rbi_related_parties_portal,local_command_change,cases/patches/rbi_related_parties_portal/developer_setup/RPP-SETUP-190.patch
CRPP2-RPP-DEVELOPER_SETUP-191,controlled-v2/rbi-related-parties-portal-copy,9400946,typescript,"[""src/Web/src/docguard-contract-lab-v2/developer_setup/contracts_10.json""]","--- a/src/Web/src/docguard-contract-lab-v2/developer_setup/contracts_10.json
+++ b/src/Web/src/docguard-contract-lab-v2/developer_setup/contracts_10.json
@@ -5,7 +5,7 @@
       ""contractId"": ""RPP-SETUP-191"",
       ""developmentCommand"": ""pnpm dev -- --profile 191"",
       ""migrationCommand"": ""pnpm db:migrate --profile 191"",
-      ""packageManager"": ""pnpm@9"",
+      ""packageManager"": ""pnpm@10"",
       ""profile"": ""developer-profile-191"",
       ""runtime"": ""Node.js"",
       ""runtimeVersion"": ""20.11""
","<!-- docs/docguard-contract-lab-v2/DEVELOPER_SETUP.md @ controlled-baseline:ca20d71d16d7e70d -->
### RPP-SETUP-191
- Profile: `developer-profile-191`
- Required runtime: `Node.js 20.11`
- Package manager: `pnpm@9`
- Local development command: `pnpm dev -- --profile 191`
- Migration command: `pnpm db:migrate --profile 191`
",True,developer_setup,Controlled design expectation: developer_setup; independent human/owner acceptance still required before merge.,True,developer_setup,"RPP-SETUP-191: kod mijenja dokumentovani razvojni setup iz 'pnpm@9' u 'pnpm@10' (package_manager_version_change), dok docs-before eksplicitno navodi staru vrijednost; dokumentacija bi zato postala zastarjela.",approved,31f58a52f21a9050569a5c6553baf988dc7e5c0731d3517ded7c051b674578df,641a8da6799f0f0189ef98ee1a6d40532b3aa77021f988d7bfbc7960ef3ab1f8,developer_setup,rbi_related_parties_portal,package_manager_version_change,cases/patches/rbi_related_parties_portal/developer_setup/RPP-SETUP-191.patch
CRPP2-RPP-DEVELOPER_SETUP-192,controlled-v2/rbi-related-parties-portal-copy,9400947,typescript,"[""src/Web/src/docguard-contract-lab-v2/developer_setup/contracts_10.json""]","--- a/src/Web/src/docguard-contract-lab-v2/developer_setup/contracts_10.json
+++ b/src/Web/src/docguard-contract-lab-v2/developer_setup/contracts_10.json
@@ -13,7 +13,7 @@
     {
       ""contractId"": ""RPP-SETUP-192"",
       ""developmentCommand"": ""pnpm dev -- --profile 192"",
-      ""migrationCommand"": ""pnpm db:migrate --profile 192"",
+      ""migrationCommand"": ""pnpm db:migrate --profile 192 --no-build"",
       ""packageManager"": ""pnpm@9"",
       ""profile"": ""developer-profile-192"",
       ""runtime"": ""Node.js"",
","<!-- docs/docguard-contract-lab-v2/DEVELOPER_SETUP.md @ controlled-baseline:ca20d71d16d7e70d -->
### RPP-SETUP-192
- Profile: `developer-profile-192`
- Required runtime: `Node.js 20.11`
- Package manager: `pnpm@9`
- Local development command: `pnpm dev -- --profile 192`
- Migration command: `pnpm db:migrate --profile 192`
",True,developer_setup,Controlled design expectation: developer_setup; independent human/owner acceptance still required before merge.,True,developer_setup,"RPP-SETUP-192: kod mijenja dokumentovani razvojni setup iz 'pnpm db:migrate --profile 192' u 'pnpm db:migrate --profile 192 --no-build' (migration_command_change), dok docs-before eksplicitno navodi staru vrijednost; dokumentacija bi zato postala zastarjela.",approved,9f08c5c137c0db424f6b834db9cd44f3c435025d51cc180ec9075612d317d959,211d58672dc9b28871321bbdf452f76eb2edc6e435eec45e7726c1013e1b43cc,developer_setup,rbi_related_parties_portal,migration_command_change,cases/patches/rbi_related_parties_portal/developer_setup/RPP-SETUP-192.patch
CRPP2-RPP-DEVELOPER_SETUP-193,controlled-v2/rbi-related-parties-portal-copy,9400948,typescript,"[""src/Web/src/docguard-contract-lab-v2/developer_setup/contracts_10.json""]","--- a/src/Web/src/docguard-contract-lab-v2/developer_setup/contracts_10.json
+++ b/src/Web/src/docguard-contract-lab-v2/developer_setup/contracts_10.json
@@ -26,7 +26,7 @@
       ""packageManager"": ""pnpm@9"",
       ""profile"": ""developer-profile-193"",
       ""runtime"": ""Node.js"",
-      ""runtimeVersion"": ""20.11""
+      ""runtimeVersion"": ""22.0""
     },
     {
       ""contractId"": ""RPP-SETUP-194"",
","<!-- docs/docguard-contract-lab-v2/DEVELOPER_SETUP.md @ controlled-baseline:ca20d71d16d7e70d -->
### RPP-SETUP-193
- Profile: `developer-profile-193`
- Required runtime: `Node.js 20.11`
- Package manager: `pnpm@9`
- Local development command: `pnpm dev -- --profile 193`
- Migration command: `pnpm db:migrate --profile 193`
",True,developer_setup,Controlled design expectation: developer_setup; independent human/owner acceptance still required before merge.,True,developer_setup,"RPP-SETUP-193: kod mijenja dokumentovani razvojni setup iz '20.11' u '22.0' (runtime_requirement_change), dok docs-before eksplicitno navodi staru vrijednost; dokumentacija bi zato postala zastarjela.",approved,77e0830907d08570281f73c73581b7fb887f2e5066a5485381486ac7ac16e0c1,92e6ae61a0f842f8483fd82ac29ec61258c4461db52b553bc837e922fded4cb0,developer_setup,rbi_related_parties_portal,runtime_requirement_change,cases/patches/rbi_related_parties_portal/developer_setup/RPP-SETUP-193.patch
CRPP2-RPP-DEVELOPER_SETUP-194,controlled-v2/rbi-related-parties-portal-copy,9400949,typescript,"[""src/Web/src/docguard-contract-lab-v2/developer_setup/contracts_10.json""]","--- a/src/Web/src/docguard-contract-lab-v2/developer_setup/contracts_10.json
+++ b/src/Web/src/docguard-contract-lab-v2/developer_setup/contracts_10.json
@@ -30,7 +30,7 @@
     },
     {
       ""contractId"": ""RPP-SETUP-194"",
-      ""developmentCommand"": ""pnpm dev -- --profile 194"",
+      ""developmentCommand"": ""pnpm dev -- --profile 194 --strict"",
       ""migrationCommand"": ""pnpm db:migrate --profile 194"",
       ""packageManager"": ""pnpm@9"",
       ""profile"": ""developer-profile-194"",
","<!-- docs/docguard-contract-lab-v2/DEVELOPER_SETUP.md @ controlled-baseline:ca20d71d16d7e70d -->
### RPP-SETUP-194
- Profile: `developer-profile-194`
- Required runtime: `Node.js 20.11`
- Package manager: `pnpm@9`
- Local development command: `pnpm dev -- --profile 194`
- Migration command: `pnpm db:migrate --profile 194`
",True,developer_setup,Controlled design expectation: developer_setup; independent human/owner acceptance still required before merge.,True,developer_setup,"RPP-SETUP-194: kod mijenja dokumentovani razvojni setup iz 'pnpm dev -- --profile 194' u 'pnpm dev -- --profile 194 --strict' (local_command_change), dok docs-before eksplicitno navodi staru vrijednost; dokumentacija bi zato postala zastarjela.",approved,58c57f2927c4fdfbd4825a14aaf12d0596dc71efedb68f93bcd5582a089e2e65,fbb9073dcb72cdf3b15f0e3b720f2d3cded7338e957a9e0fc8c2435a50f85724,developer_setup,rbi_related_parties_portal,local_command_change,cases/patches/rbi_related_parties_portal/developer_setup/RPP-SETUP-194.patch
CRPP2-RPP-DEVELOPER_SETUP-195,controlled-v2/rbi-related-parties-portal-copy,9400950,typescript,"[""src/Web/src/docguard-contract-lab-v2/developer_setup/contracts_10.json""]","--- a/src/Web/src/docguard-contract-lab-v2/developer_setup/contracts_10.json
+++ b/src/Web/src/docguard-contract-lab-v2/developer_setup/contracts_10.json
@@ -41,7 +41,7 @@
       ""contractId"": ""RPP-SETUP-195"",
       ""developmentCommand"": ""pnpm dev -- --profile 195"",
       ""migrationCommand"": ""pnpm db:migrate --profile 195"",
-      ""packageManager"": ""pnpm@9"",
+      ""packageManager"": ""pnpm@10"",
       ""profile"": ""developer-profile-195"",
       ""runtime"": ""Node.js"",
       ""runtimeVersion"": ""20.11""
","<!-- docs/docguard-contract-lab-v2/DEVELOPER_SETUP.md @ controlled-baseline:ca20d71d16d7e70d -->
### RPP-SETUP-195
- Profile: `developer-profile-195`
- Required runtime: `Node.js 20.11`
- Package manager: `pnpm@9`
- Local development command: `pnpm dev -- --profile 195`
- Migration command: `pnpm db:migrate --profile 195`
",True,developer_setup,Controlled design expectation: developer_setup; independent human/owner acceptance still required before merge.,True,developer_setup,"RPP-SETUP-195: kod mijenja dokumentovani razvojni setup iz 'pnpm@9' u 'pnpm@10' (package_manager_version_change), dok docs-before eksplicitno navodi staru vrijednost; dokumentacija bi zato postala zastarjela.",approved,85b4fee4758aba4833e553b73032b6236bd9f5c41f865dec3ac9be16b39bdb56,37a0d0dac28adfb8d955430ab7ed874268241eb6c472d3adb67fa73271e78651,developer_setup,rbi_related_parties_portal,package_manager_version_change,cases/patches/rbi_related_parties_portal/developer_setup/RPP-SETUP-195.patch
CRPP2-RPP-DEVELOPER_SETUP-196,controlled-v2/rbi-related-parties-portal-copy,9400951,typescript,"[""src/Web/src/docguard-contract-lab-v2/developer_setup/contracts_10.json""]","--- a/src/Web/src/docguard-contract-lab-v2/developer_setup/contracts_10.json
+++ b/src/Web/src/docguard-contract-lab-v2/developer_setup/contracts_10.json
@@ -49,7 +49,7 @@
     {
       ""contractId"": ""RPP-SETUP-196"",
       ""developmentCommand"": ""pnpm dev -- --profile 196"",
-      ""migrationCommand"": ""pnpm db:migrate --profile 196"",
+      ""migrationCommand"": ""pnpm db:migrate --profile 196 --no-build"",
       ""packageManager"": ""pnpm@9"",
       ""profile"": ""developer-profile-196"",
       ""runtime"": ""Node.js"",
","<!-- docs/docguard-contract-lab-v2/DEVELOPER_SETUP.md @ controlled-baseline:ca20d71d16d7e70d -->
### RPP-SETUP-196
- Profile: `developer-profile-196`
- Required runtime: `Node.js 20.11`
- Package manager: `pnpm@9`
- Local development command: `pnpm dev -- --profile 196`
- Migration command: `pnpm db:migrate --profile 196`
",True,developer_setup,Controlled design expectation: developer_setup; independent human/owner acceptance still required before merge.,True,developer_setup,"RPP-SETUP-196: kod mijenja dokumentovani razvojni setup iz 'pnpm db:migrate --profile 196' u 'pnpm db:migrate --profile 196 --no-build' (migration_command_change), dok docs-before eksplicitno navodi staru vrijednost; dokumentacija bi zato postala zastarjela.",approved,33b4c37b779193a37c15af530e6bf5a9a009a98becf513bf37226e6343d2e7a5,e1ff8e4301d1d1dd1dc15593081a3d08b180b44554a60151ac17298250650614,developer_setup,rbi_related_parties_portal,migration_command_change,cases/patches/rbi_related_parties_portal/developer_setup/RPP-SETUP-196.patch
CRPP2-RPP-DEVELOPER_SETUP-197,controlled-v2/rbi-related-parties-portal-copy,9400952,typescript,"[""src/Web/src/docguard-contract-lab-v2/developer_setup/contracts_10.json""]","--- a/src/Web/src/docguard-contract-lab-v2/developer_setup/contracts_10.json
+++ b/src/Web/src/docguard-contract-lab-v2/developer_setup/contracts_10.json
@@ -62,7 +62,7 @@
       ""packageManager"": ""pnpm@9"",
       ""profile"": ""developer-profile-197"",
       ""runtime"": ""Node.js"",
-      ""runtimeVersion"": ""20.11""
+      ""runtimeVersion"": ""22.0""
     },
     {
       ""contractId"": ""RPP-SETUP-198"",
","<!-- docs/docguard-contract-lab-v2/DEVELOPER_SETUP.md @ controlled-baseline:ca20d71d16d7e70d -->
### RPP-SETUP-197
- Profile: `developer-profile-197`
- Required runtime: `Node.js 20.11`
- Package manager: `pnpm@9`
- Local development command: `pnpm dev -- --profile 197`
- Migration command: `pnpm db:migrate --profile 197`
",True,developer_setup,Controlled design expectation: developer_setup; independent human/owner acceptance still required before merge.,True,developer_setup,"RPP-SETUP-197: kod mijenja dokumentovani razvojni setup iz '20.11' u '22.0' (runtime_requirement_change), dok docs-before eksplicitno navodi staru vrijednost; dokumentacija bi zato postala zastarjela.",approved,12003674a310de8596bc122b3794d467dd2f305c078ce48f65cf31f6b787954d,ad54e20641a79cb5fa89cc67a9d0fad89f25129dac7d7462c559e03aa8a3d690,developer_setup,rbi_related_parties_portal,runtime_requirement_change,cases/patches/rbi_related_parties_portal/developer_setup/RPP-SETUP-197.patch
CRPP2-RPP-DEVELOPER_SETUP-198,controlled-v2/rbi-related-parties-portal-copy,9400953,typescript,"[""src/Web/src/docguard-contract-lab-v2/developer_setup/contracts_10.json""]","--- a/src/Web/src/docguard-contract-lab-v2/developer_setup/contracts_10.json
+++ b/src/Web/src/docguard-contract-lab-v2/developer_setup/contracts_10.json
@@ -66,7 +66,7 @@
     },
     {
       ""contractId"": ""RPP-SETUP-198"",
-      ""developmentCommand"": ""pnpm dev -- --profile 198"",
+      ""developmentCommand"": ""pnpm dev -- --profile 198 --strict"",
       ""migrationCommand"": ""pnpm db:migrate --profile 198"",
       ""packageManager"": ""pnpm@9"",
       ""profile"": ""developer-profile-198"",
","<!-- docs/docguard-contract-lab-v2/DEVELOPER_SETUP.md @ controlled-baseline:ca20d71d16d7e70d -->
### RPP-SETUP-198
- Profile: `developer-profile-198`
- Required runtime: `Node.js 20.11`
- Package manager: `pnpm@9`
- Local development command: `pnpm dev -- --profile 198`
- Migration command: `pnpm db:migrate --profile 198`
",True,developer_setup,Controlled design expectation: developer_setup; independent human/owner acceptance still required before merge.,True,developer_setup,"RPP-SETUP-198: kod mijenja dokumentovani razvojni setup iz 'pnpm dev -- --profile 198' u 'pnpm dev -- --profile 198 --strict' (local_command_change), dok docs-before eksplicitno navodi staru vrijednost; dokumentacija bi zato postala zastarjela.",approved,97c0a02cb7b612ce1482f1fe9b8a5a2b4cb79254247283f50befe2c767eae031,6363aa68bc9357963a734213582afecee52d399ada61c355fd44ff1f88ea9ae5,developer_setup,rbi_related_parties_portal,local_command_change,cases/patches/rbi_related_parties_portal/developer_setup/RPP-SETUP-198.patch
CRPP2-RPP-DEVELOPER_SETUP-199,controlled-v2/rbi-related-parties-portal-copy,9400954,typescript,"[""src/Web/src/docguard-contract-lab-v2/developer_setup/contracts_10.json""]","--- a/src/Web/src/docguard-contract-lab-v2/developer_setup/contracts_10.json
+++ b/src/Web/src/docguard-contract-lab-v2/developer_setup/contracts_10.json
@@ -77,7 +77,7 @@
       ""contractId"": ""RPP-SETUP-199"",
       ""developmentCommand"": ""pnpm dev -- --profile 199"",
       ""migrationCommand"": ""pnpm db:migrate --profile 199"",
-      ""packageManager"": ""pnpm@9"",
+      ""packageManager"": ""pnpm@10"",
       ""profile"": ""developer-profile-199"",
       ""runtime"": ""Node.js"",
       ""runtimeVersion"": ""20.11""
","<!-- docs/docguard-contract-lab-v2/DEVELOPER_SETUP.md @ controlled-baseline:ca20d71d16d7e70d -->
### RPP-SETUP-199
- Profile: `developer-profile-199`
- Required runtime: `Node.js 20.11`
- Package manager: `pnpm@9`
- Local development command: `pnpm dev -- --profile 199`
- Migration command: `pnpm db:migrate --profile 199`
",True,developer_setup,Controlled design expectation: developer_setup; independent human/owner acceptance still required before merge.,True,developer_setup,"RPP-SETUP-199: kod mijenja dokumentovani razvojni setup iz 'pnpm@9' u 'pnpm@10' (package_manager_version_change), dok docs-before eksplicitno navodi staru vrijednost; dokumentacija bi zato postala zastarjela.",approved,16dd1ef199382008498ff7a75e2de44b84208034a7bba1e0491901f3fae6b830,0fa34384994de30f43a5822c4cd270767b8429a517dc5a387677f3d0b7dce6b0,developer_setup,rbi_related_parties_portal,package_manager_version_change,cases/patches/rbi_related_parties_portal/developer_setup/RPP-SETUP-199.patch
CRPP2-RPP-DEVELOPER_SETUP-200,controlled-v2/rbi-related-parties-portal-copy,9400955,typescript,"[""src/Web/src/docguard-contract-lab-v2/developer_setup/contracts_10.json""]","--- a/src/Web/src/docguard-contract-lab-v2/developer_setup/contracts_10.json
+++ b/src/Web/src/docguard-contract-lab-v2/developer_setup/contracts_10.json
@@ -85,7 +85,7 @@
     {
       ""contractId"": ""RPP-SETUP-200"",
       ""developmentCommand"": ""pnpm dev -- --profile 200"",
-      ""migrationCommand"": ""pnpm db:migrate --profile 200"",
+      ""migrationCommand"": ""pnpm db:migrate --profile 200 --no-build"",
       ""packageManager"": ""pnpm@9"",
       ""profile"": ""developer-profile-200"",
       ""runtime"": ""Node.js"",
","<!-- docs/docguard-contract-lab-v2/DEVELOPER_SETUP.md @ controlled-baseline:ca20d71d16d7e70d -->
### RPP-SETUP-200
- Profile: `developer-profile-200`
- Required runtime: `Node.js 20.11`
- Package manager: `pnpm@9`
- Local development command: `pnpm dev -- --profile 200`
- Migration command: `pnpm db:migrate --profile 200`
",True,developer_setup,Controlled design expectation: developer_setup; independent human/owner acceptance still required before merge.,True,developer_setup,"RPP-SETUP-200: kod mijenja dokumentovani razvojni setup iz 'pnpm db:migrate --profile 200' u 'pnpm db:migrate --profile 200 --no-build' (migration_command_change), dok docs-before eksplicitno navodi staru vrijednost; dokumentacija bi zato postala zastarjela.",approved,49c2518d1f34ec2d9e8f7dffa50f4dde9a49d6035e35fd6349e5505863354c4a,f6492c990ea479ba8d01149fd533f99b4d63808200dd68efbdc13dba6396a4b4,developer_setup,rbi_related_parties_portal,migration_command_change,cases/patches/rbi_related_parties_portal/developer_setup/RPP-SETUP-200.patch
CRPP2-RPP-DEVELOPER_SETUP-201,controlled-v2/rbi-related-parties-portal-copy,9400956,typescript,"[""src/Web/src/docguard-contract-lab-v2/developer_setup/contracts_11.json""]","--- a/src/Web/src/docguard-contract-lab-v2/developer_setup/contracts_11.json
+++ b/src/Web/src/docguard-contract-lab-v2/developer_setup/contracts_11.json
@@ -8,7 +8,7 @@
       ""packageManager"": ""pnpm@9"",
       ""profile"": ""developer-profile-201"",
       ""runtime"": ""Node.js"",
-      ""runtimeVersion"": ""20.11""
+      ""runtimeVersion"": ""22.0""
     },
     {
       ""contractId"": ""RPP-SETUP-202"",
","<!-- docs/docguard-contract-lab-v2/DEVELOPER_SETUP.md @ controlled-baseline:ca20d71d16d7e70d -->
### RPP-SETUP-201
- Profile: `developer-profile-201`
- Required runtime: `Node.js 20.11`
- Package manager: `pnpm@9`
- Local development command: `pnpm dev -- --profile 201`
- Migration command: `pnpm db:migrate --profile 201`
",True,developer_setup,Controlled design expectation: developer_setup; independent human/owner acceptance still required before merge.,True,developer_setup,"RPP-SETUP-201: kod mijenja dokumentovani razvojni setup iz '20.11' u '22.0' (runtime_requirement_change), dok docs-before eksplicitno navodi staru vrijednost; dokumentacija bi zato postala zastarjela.",approved,5194603d04c5234633e4fc24fb718d7285380dea6056a6322ad88ef6a3741071,b3cbd54984864d7842e3aa6dfbb904a4e2491bdb3bfabbd9d95e2d331c3cc9a1,developer_setup,rbi_related_parties_portal,runtime_requirement_change,cases/patches/rbi_related_parties_portal/developer_setup/RPP-SETUP-201.patch
CRPP2-RPP-DEVELOPER_SETUP-202,controlled-v2/rbi-related-parties-portal-copy,9400957,typescript,"[""src/Web/src/docguard-contract-lab-v2/developer_setup/contracts_11.json""]","--- a/src/Web/src/docguard-contract-lab-v2/developer_setup/contracts_11.json
+++ b/src/Web/src/docguard-contract-lab-v2/developer_setup/contracts_11.json
@@ -12,7 +12,7 @@
     },
     {
       ""contractId"": ""RPP-SETUP-202"",
-      ""developmentCommand"": ""pnpm dev -- --profile 202"",
+      ""developmentCommand"": ""pnpm dev -- --profile 202 --strict"",
       ""migrationCommand"": ""pnpm db:migrate --profile 202"",
       ""packageManager"": ""pnpm@9"",
       ""profile"": ""developer-profile-202"",
","<!-- docs/docguard-contract-lab-v2/DEVELOPER_SETUP.md @ controlled-baseline:ca20d71d16d7e70d -->
### RPP-SETUP-202
- Profile: `developer-profile-202`
- Required runtime: `Node.js 20.11`
- Package manager: `pnpm@9`
- Local development command: `pnpm dev -- --profile 202`
- Migration command: `pnpm db:migrate --profile 202`
",True,developer_setup,Controlled design expectation: developer_setup; independent human/owner acceptance still required before merge.,True,developer_setup,"RPP-SETUP-202: kod mijenja dokumentovani razvojni setup iz 'pnpm dev -- --profile 202' u 'pnpm dev -- --profile 202 --strict' (local_command_change), dok docs-before eksplicitno navodi staru vrijednost; dokumentacija bi zato postala zastarjela.",approved,794744e618c7d75097efbd9db1331d1b206a94fac631c93d1eeeda401123287d,1f853845f47fd629748bfff6ec6091d2fa1e4d6ecebcdfd57c3b7461c0c46753,developer_setup,rbi_related_parties_portal,local_command_change,cases/patches/rbi_related_parties_portal/developer_setup/RPP-SETUP-202.patch
CRPP2-RPP-DEVELOPER_SETUP-203,controlled-v2/rbi-related-parties-portal-copy,9400958,typescript,"[""src/Web/src/docguard-contract-lab-v2/developer_setup/contracts_11.json""]","--- a/src/Web/src/docguard-contract-lab-v2/developer_setup/contracts_11.json
+++ b/src/Web/src/docguard-contract-lab-v2/developer_setup/contracts_11.json
@@ -23,7 +23,7 @@
       ""contractId"": ""RPP-SETUP-203"",
       ""developmentCommand"": ""pnpm dev -- --profile 203"",
       ""migrationCommand"": ""pnpm db:migrate --profile 203"",
-      ""packageManager"": ""pnpm@9"",
+      ""packageManager"": ""pnpm@10"",
       ""profile"": ""developer-profile-203"",
       ""runtime"": ""Node.js"",
       ""runtimeVersion"": ""20.11""
","<!-- docs/docguard-contract-lab-v2/DEVELOPER_SETUP.md @ controlled-baseline:ca20d71d16d7e70d -->
### RPP-SETUP-203
- Profile: `developer-profile-203`
- Required runtime: `Node.js 20.11`
- Package manager: `pnpm@9`
- Local development command: `pnpm dev -- --profile 203`
- Migration command: `pnpm db:migrate --profile 203`
",True,developer_setup,Controlled design expectation: developer_setup; independent human/owner acceptance still required before merge.,True,developer_setup,"RPP-SETUP-203: kod mijenja dokumentovani razvojni setup iz 'pnpm@9' u 'pnpm@10' (package_manager_version_change), dok docs-before eksplicitno navodi staru vrijednost; dokumentacija bi zato postala zastarjela.",approved,0a2ccb7003557e7cad76bf10590be89e9dfc54655738d4371b92285c23a1242b,0c3b37634d595ca84df7f8e98ec43f639aec1a5e06ec01b3c4410899d8432a16,developer_setup,rbi_related_parties_portal,package_manager_version_change,cases/patches/rbi_related_parties_portal/developer_setup/RPP-SETUP-203.patch
CRPP2-RPP-DEVELOPER_SETUP-204,controlled-v2/rbi-related-parties-portal-copy,9400959,typescript,"[""src/Web/src/docguard-contract-lab-v2/developer_setup/contracts_11.json""]","--- a/src/Web/src/docguard-contract-lab-v2/developer_setup/contracts_11.json
+++ b/src/Web/src/docguard-contract-lab-v2/developer_setup/contracts_11.json
@@ -31,7 +31,7 @@
     {
       ""contractId"": ""RPP-SETUP-204"",
       ""developmentCommand"": ""pnpm dev -- --profile 204"",
-      ""migrationCommand"": ""pnpm db:migrate --profile 204"",
+      ""migrationCommand"": ""pnpm db:migrate --profile 204 --no-build"",
       ""packageManager"": ""pnpm@9"",
       ""profile"": ""developer-profile-204"",
       ""runtime"": ""Node.js"",
","<!-- docs/docguard-contract-lab-v2/DEVELOPER_SETUP.md @ controlled-baseline:ca20d71d16d7e70d -->
### RPP-SETUP-204
- Profile: `developer-profile-204`
- Required runtime: `Node.js 20.11`
- Package manager: `pnpm@9`
- Local development command: `pnpm dev -- --profile 204`
- Migration command: `pnpm db:migrate --profile 204`
",True,developer_setup,Controlled design expectation: developer_setup; independent human/owner acceptance still required before merge.,True,developer_setup,"RPP-SETUP-204: kod mijenja dokumentovani razvojni setup iz 'pnpm db:migrate --profile 204' u 'pnpm db:migrate --profile 204 --no-build' (migration_command_change), dok docs-before eksplicitno navodi staru vrijednost; dokumentacija bi zato postala zastarjela.",approved,874dcf84a7303e74cf1ea05bc7cc0c719c0063ce5f49b8cf5b7485f7358139cf,edad09b5fa468bb529b806a0472e223c5031ab97d14b1b88693abec9b2f82af6,developer_setup,rbi_related_parties_portal,migration_command_change,cases/patches/rbi_related_parties_portal/developer_setup/RPP-SETUP-204.patch
CRPP2-RPP-DEVELOPER_SETUP-205,controlled-v2/rbi-related-parties-portal-copy,9400960,typescript,"[""src/Web/src/docguard-contract-lab-v2/developer_setup/contracts_11.json""]","--- a/src/Web/src/docguard-contract-lab-v2/developer_setup/contracts_11.json
+++ b/src/Web/src/docguard-contract-lab-v2/developer_setup/contracts_11.json
@@ -44,7 +44,7 @@
       ""packageManager"": ""pnpm@9"",
       ""profile"": ""developer-profile-205"",
       ""runtime"": ""Node.js"",
-      ""runtimeVersion"": ""20.11""
+      ""runtimeVersion"": ""22.0""
     },
     {
       ""contractId"": ""RPP-SETUP-206"",
","<!-- docs/docguard-contract-lab-v2/DEVELOPER_SETUP.md @ controlled-baseline:ca20d71d16d7e70d -->
### RPP-SETUP-205
- Profile: `developer-profile-205`
- Required runtime: `Node.js 20.11`
- Package manager: `pnpm@9`
- Local development command: `pnpm dev -- --profile 205`
- Migration command: `pnpm db:migrate --profile 205`
",True,developer_setup,Controlled design expectation: developer_setup; independent human/owner acceptance still required before merge.,True,developer_setup,"RPP-SETUP-205: kod mijenja dokumentovani razvojni setup iz '20.11' u '22.0' (runtime_requirement_change), dok docs-before eksplicitno navodi staru vrijednost; dokumentacija bi zato postala zastarjela.",approved,445a91b59c37c0a7c24b731f78791a5688657c4ee84b700327b137c3787d4b49,7f44e4289d298cdfdb6a357ffeedc5cedc2217dd8ffe383544d46079df7332da,developer_setup,rbi_related_parties_portal,runtime_requirement_change,cases/patches/rbi_related_parties_portal/developer_setup/RPP-SETUP-205.patch
CRPP2-RPP-DEVELOPER_SETUP-206,controlled-v2/rbi-related-parties-portal-copy,9400961,typescript,"[""src/Web/src/docguard-contract-lab-v2/developer_setup/contracts_11.json""]","--- a/src/Web/src/docguard-contract-lab-v2/developer_setup/contracts_11.json
+++ b/src/Web/src/docguard-contract-lab-v2/developer_setup/contracts_11.json
@@ -48,7 +48,7 @@
     },
     {
       ""contractId"": ""RPP-SETUP-206"",
-      ""developmentCommand"": ""pnpm dev -- --profile 206"",
+      ""developmentCommand"": ""pnpm dev -- --profile 206 --strict"",
       ""migrationCommand"": ""pnpm db:migrate --profile 206"",
       ""packageManager"": ""pnpm@9"",
       ""profile"": ""developer-profile-206"",
","<!-- docs/docguard-contract-lab-v2/DEVELOPER_SETUP.md @ controlled-baseline:ca20d71d16d7e70d -->
### RPP-SETUP-206
- Profile: `developer-profile-206`
- Required runtime: `Node.js 20.11`
- Package manager: `pnpm@9`
- Local development command: `pnpm dev -- --profile 206`
- Migration command: `pnpm db:migrate --profile 206`
",True,developer_setup,Controlled design expectation: developer_setup; independent human/owner acceptance still required before merge.,True,developer_setup,"RPP-SETUP-206: kod mijenja dokumentovani razvojni setup iz 'pnpm dev -- --profile 206' u 'pnpm dev -- --profile 206 --strict' (local_command_change), dok docs-before eksplicitno navodi staru vrijednost; dokumentacija bi zato postala zastarjela.",approved,130a1208269ef8b119f1d9d128ffeb17a2ca3ca566f1d063139a93b23c0ce78c,ea19e652c93448acfe0782e71a528390cefa32f678e102d9ab61c29ffdfad599,developer_setup,rbi_related_parties_portal,local_command_change,cases/patches/rbi_related_parties_portal/developer_setup/RPP-SETUP-206.patch
CRPP2-RPP-DEVELOPER_SETUP-207,controlled-v2/rbi-related-parties-portal-copy,9400962,typescript,"[""src/Web/src/docguard-contract-lab-v2/developer_setup/contracts_11.json""]","--- a/src/Web/src/docguard-contract-lab-v2/developer_setup/contracts_11.json
+++ b/src/Web/src/docguard-contract-lab-v2/developer_setup/contracts_11.json
@@ -59,7 +59,7 @@
       ""contractId"": ""RPP-SETUP-207"",
       ""developmentCommand"": ""pnpm dev -- --profile 207"",
       ""migrationCommand"": ""pnpm db:migrate --profile 207"",
-      ""packageManager"": ""pnpm@9"",
+      ""packageManager"": ""pnpm@10"",
       ""profile"": ""developer-profile-207"",
       ""runtime"": ""Node.js"",
       ""runtimeVersion"": ""20.11""
","<!-- docs/docguard-contract-lab-v2/DEVELOPER_SETUP.md @ controlled-baseline:ca20d71d16d7e70d -->
### RPP-SETUP-207
- Profile: `developer-profile-207`
- Required runtime: `Node.js 20.11`
- Package manager: `pnpm@9`
- Local development command: `pnpm dev -- --profile 207`
- Migration command: `pnpm db:migrate --profile 207`
",True,developer_setup,Controlled design expectation: developer_setup; independent human/owner acceptance still required before merge.,True,developer_setup,"RPP-SETUP-207: kod mijenja dokumentovani razvojni setup iz 'pnpm@9' u 'pnpm@10' (package_manager_version_change), dok docs-before eksplicitno navodi staru vrijednost; dokumentacija bi zato postala zastarjela.",approved,a836fc2b2a1f1a00fd535f55b23ee8508dc0edf5f1601f67f14d56b45ab59b50,6710df1f6bcde49d23d18a8e23a4a2228e580e1bc669d1fcb3f02c16413fdd38,developer_setup,rbi_related_parties_portal,package_manager_version_change,cases/patches/rbi_related_parties_portal/developer_setup/RPP-SETUP-207.patch
CRPP2-RPP-DEVELOPER_SETUP-208,controlled-v2/rbi-related-parties-portal-copy,9400963,typescript,"[""src/Web/src/docguard-contract-lab-v2/developer_setup/contracts_11.json""]","--- a/src/Web/src/docguard-contract-lab-v2/developer_setup/contracts_11.json
+++ b/src/Web/src/docguard-contract-lab-v2/developer_setup/contracts_11.json
@@ -67,7 +67,7 @@
     {
       ""contractId"": ""RPP-SETUP-208"",
       ""developmentCommand"": ""pnpm dev -- --profile 208"",
-      ""migrationCommand"": ""pnpm db:migrate --profile 208"",
+      ""migrationCommand"": ""pnpm db:migrate --profile 208 --no-build"",
       ""packageManager"": ""pnpm@9"",
       ""profile"": ""developer-profile-208"",
       ""runtime"": ""Node.js"",
","<!-- docs/docguard-contract-lab-v2/DEVELOPER_SETUP.md @ controlled-baseline:ca20d71d16d7e70d -->
### RPP-SETUP-208
- Profile: `developer-profile-208`
- Required runtime: `Node.js 20.11`
- Package manager: `pnpm@9`
- Local development command: `pnpm dev -- --profile 208`
- Migration command: `pnpm db:migrate --profile 208`
",True,developer_setup,Controlled design expectation: developer_setup; independent human/owner acceptance still required before merge.,True,developer_setup,"RPP-SETUP-208: kod mijenja dokumentovani razvojni setup iz 'pnpm db:migrate --profile 208' u 'pnpm db:migrate --profile 208 --no-build' (migration_command_change), dok docs-before eksplicitno navodi staru vrijednost; dokumentacija bi zato postala zastarjela.",approved,35e66baf91d12fd7441037f1545d19ff51256843c1457070b0c4e1483c29bcaa,fc49c511ef78fc170f670c54b6d5c8f9fe99228bf1128886f84452cd2f237533,developer_setup,rbi_related_parties_portal,migration_command_change,cases/patches/rbi_related_parties_portal/developer_setup/RPP-SETUP-208.patch
CRPP2-RPP-DEVELOPER_SETUP-209,controlled-v2/rbi-related-parties-portal-copy,9400964,typescript,"[""src/Web/src/docguard-contract-lab-v2/developer_setup/contracts_11.json""]","--- a/src/Web/src/docguard-contract-lab-v2/developer_setup/contracts_11.json
+++ b/src/Web/src/docguard-contract-lab-v2/developer_setup/contracts_11.json
@@ -80,7 +80,7 @@
       ""packageManager"": ""pnpm@9"",
       ""profile"": ""developer-profile-209"",
       ""runtime"": ""Node.js"",
-      ""runtimeVersion"": ""20.11""
+      ""runtimeVersion"": ""22.0""
     },
     {
       ""contractId"": ""RPP-SETUP-210"",
","<!-- docs/docguard-contract-lab-v2/DEVELOPER_SETUP.md @ controlled-baseline:ca20d71d16d7e70d -->
### RPP-SETUP-209
- Profile: `developer-profile-209`
- Required runtime: `Node.js 20.11`
- Package manager: `pnpm@9`
- Local development command: `pnpm dev -- --profile 209`
- Migration command: `pnpm db:migrate --profile 209`
",True,developer_setup,Controlled design expectation: developer_setup; independent human/owner acceptance still required before merge.,True,developer_setup,"RPP-SETUP-209: kod mijenja dokumentovani razvojni setup iz '20.11' u '22.0' (runtime_requirement_change), dok docs-before eksplicitno navodi staru vrijednost; dokumentacija bi zato postala zastarjela.",approved,eff1afbc6ebb5105674b89f73eed87199f8ff008f1e4a78be0ddc8b7e8bd0a5c,2b78fe64bcc4ef002b779f29aae3d1258dc3af6c92dab5398d440fabfa3fe405,developer_setup,rbi_related_parties_portal,runtime_requirement_change,cases/patches/rbi_related_parties_portal/developer_setup/RPP-SETUP-209.patch
CRPP2-RPP-DEVELOPER_SETUP-210,controlled-v2/rbi-related-parties-portal-copy,9400965,typescript,"[""src/Web/src/docguard-contract-lab-v2/developer_setup/contracts_11.json""]","--- a/src/Web/src/docguard-contract-lab-v2/developer_setup/contracts_11.json
+++ b/src/Web/src/docguard-contract-lab-v2/developer_setup/contracts_11.json
@@ -84,7 +84,7 @@
     },
     {
       ""contractId"": ""RPP-SETUP-210"",
-      ""developmentCommand"": ""pnpm dev -- --profile 210"",
+      ""developmentCommand"": ""pnpm dev -- --profile 210 --strict"",
       ""migrationCommand"": ""pnpm db:migrate --profile 210"",
       ""packageManager"": ""pnpm@9"",
       ""profile"": ""developer-profile-210"",
","<!-- docs/docguard-contract-lab-v2/DEVELOPER_SETUP.md @ controlled-baseline:ca20d71d16d7e70d -->
### RPP-SETUP-210
- Profile: `developer-profile-210`
- Required runtime: `Node.js 20.11`
- Package manager: `pnpm@9`
- Local development command: `pnpm dev -- --profile 210`
- Migration command: `pnpm db:migrate --profile 210`
",True,developer_setup,Controlled design expectation: developer_setup; independent human/owner acceptance still required before merge.,True,developer_setup,"RPP-SETUP-210: kod mijenja dokumentovani razvojni setup iz 'pnpm dev -- --profile 210' u 'pnpm dev -- --profile 210 --strict' (local_command_change), dok docs-before eksplicitno navodi staru vrijednost; dokumentacija bi zato postala zastarjela.",approved,5c3ebaba153c46458726d595f17e4f1bcb1fda718a47172f2e3ab03aad8500c9,ca3d822737cdab5650fede466512b200ec6744626ca369df5d63fb11b2f5e6f8,developer_setup,rbi_related_parties_portal,local_command_change,cases/patches/rbi_related_parties_portal/developer_setup/RPP-SETUP-210.patch
CRPP2-RPP-DEVELOPER_SETUP-211,controlled-v2/rbi-related-parties-portal-copy,9400966,typescript,"[""src/Web/src/docguard-contract-lab-v2/developer_setup/contracts_12.json""]","--- a/src/Web/src/docguard-contract-lab-v2/developer_setup/contracts_12.json
+++ b/src/Web/src/docguard-contract-lab-v2/developer_setup/contracts_12.json
@@ -5,7 +5,7 @@
       ""contractId"": ""RPP-SETUP-211"",
       ""developmentCommand"": ""pnpm dev -- --profile 211"",
       ""migrationCommand"": ""pnpm db:migrate --profile 211"",
-      ""packageManager"": ""pnpm@9"",
+      ""packageManager"": ""pnpm@10"",
       ""profile"": ""developer-profile-211"",
       ""runtime"": ""Node.js"",
       ""runtimeVersion"": ""20.11""
","<!-- docs/docguard-contract-lab-v2/DEVELOPER_SETUP.md @ controlled-baseline:ca20d71d16d7e70d -->
### RPP-SETUP-211
- Profile: `developer-profile-211`
- Required runtime: `Node.js 20.11`
- Package manager: `pnpm@9`
- Local development command: `pnpm dev -- --profile 211`
- Migration command: `pnpm db:migrate --profile 211`
",True,developer_setup,Controlled design expectation: developer_setup; independent human/owner acceptance still required before merge.,True,developer_setup,"RPP-SETUP-211: kod mijenja dokumentovani razvojni setup iz 'pnpm@9' u 'pnpm@10' (package_manager_version_change), dok docs-before eksplicitno navodi staru vrijednost; dokumentacija bi zato postala zastarjela.",approved,45f8ad7232e67f3521d220260b16dd4633d945996bc056233b89e0bb17b90373,f0e30e46d00262ae5fd3d8c5e3a1b1a44b136d581312ad198b43c9ae2ada92aa,developer_setup,rbi_related_parties_portal,package_manager_version_change,cases/patches/rbi_related_parties_portal/developer_setup/RPP-SETUP-211.patch
CRPP2-RPP-DEVELOPER_SETUP-212,controlled-v2/rbi-related-parties-portal-copy,9400967,typescript,"[""src/Web/src/docguard-contract-lab-v2/developer_setup/contracts_12.json""]","--- a/src/Web/src/docguard-contract-lab-v2/developer_setup/contracts_12.json
+++ b/src/Web/src/docguard-contract-lab-v2/developer_setup/contracts_12.json
@@ -13,7 +13,7 @@
     {
       ""contractId"": ""RPP-SETUP-212"",
       ""developmentCommand"": ""pnpm dev -- --profile 212"",
-      ""migrationCommand"": ""pnpm db:migrate --profile 212"",
+      ""migrationCommand"": ""pnpm db:migrate --profile 212 --no-build"",
       ""packageManager"": ""pnpm@9"",
       ""profile"": ""developer-profile-212"",
       ""runtime"": ""Node.js"",
","<!-- docs/docguard-contract-lab-v2/DEVELOPER_SETUP.md @ controlled-baseline:ca20d71d16d7e70d -->
### RPP-SETUP-212
- Profile: `developer-profile-212`
- Required runtime: `Node.js 20.11`
- Package manager: `pnpm@9`
- Local development command: `pnpm dev -- --profile 212`
- Migration command: `pnpm db:migrate --profile 212`
",True,developer_setup,Controlled design expectation: developer_setup; independent human/owner acceptance still required before merge.,True,developer_setup,"RPP-SETUP-212: kod mijenja dokumentovani razvojni setup iz 'pnpm db:migrate --profile 212' u 'pnpm db:migrate --profile 212 --no-build' (migration_command_change), dok docs-before eksplicitno navodi staru vrijednost; dokumentacija bi zato postala zastarjela.",approved,67cf3cfd32b224e95d5bab2ce437742e5bbc1e21885d4afdd0b5676e72baff2b,e931729a5fe4ff79e922e9e52880e79c9d7cc5a1e4df66ff65f8985981c0002f,developer_setup,rbi_related_parties_portal,migration_command_change,cases/patches/rbi_related_parties_portal/developer_setup/RPP-SETUP-212.patch
CRPP2-RPP-DEVELOPER_SETUP-213,controlled-v2/rbi-related-parties-portal-copy,9400968,typescript,"[""src/Web/src/docguard-contract-lab-v2/developer_setup/contracts_12.json""]","--- a/src/Web/src/docguard-contract-lab-v2/developer_setup/contracts_12.json
+++ b/src/Web/src/docguard-contract-lab-v2/developer_setup/contracts_12.json
@@ -26,7 +26,7 @@
       ""packageManager"": ""pnpm@9"",
       ""profile"": ""developer-profile-213"",
       ""runtime"": ""Node.js"",
-      ""runtimeVersion"": ""20.11""
+      ""runtimeVersion"": ""22.0""
     },
     {
       ""contractId"": ""RPP-SETUP-214"",
","<!-- docs/docguard-contract-lab-v2/DEVELOPER_SETUP.md @ controlled-baseline:ca20d71d16d7e70d -->
### RPP-SETUP-213
- Profile: `developer-profile-213`
- Required runtime: `Node.js 20.11`
- Package manager: `pnpm@9`
- Local development command: `pnpm dev -- --profile 213`
- Migration command: `pnpm db:migrate --profile 213`
",True,developer_setup,Controlled design expectation: developer_setup; independent human/owner acceptance still required before merge.,True,developer_setup,"RPP-SETUP-213: kod mijenja dokumentovani razvojni setup iz '20.11' u '22.0' (runtime_requirement_change), dok docs-before eksplicitno navodi staru vrijednost; dokumentacija bi zato postala zastarjela.",approved,e98959e2b24f74b45bdd9d6f2e05c5b4cb62c408d9f6f07021f9738d019a1f76,0d94f72d688b7d07f69cc86e6f9a4673e496c63cb366127b608c3d56be1b63cd,developer_setup,rbi_related_parties_portal,runtime_requirement_change,cases/patches/rbi_related_parties_portal/developer_setup/RPP-SETUP-213.patch
CRPP2-RPP-DEVELOPER_SETUP-214,controlled-v2/rbi-related-parties-portal-copy,9400969,typescript,"[""src/Web/src/docguard-contract-lab-v2/developer_setup/contracts_12.json""]","--- a/src/Web/src/docguard-contract-lab-v2/developer_setup/contracts_12.json
+++ b/src/Web/src/docguard-contract-lab-v2/developer_setup/contracts_12.json
@@ -30,7 +30,7 @@
     },
     {
       ""contractId"": ""RPP-SETUP-214"",
-      ""developmentCommand"": ""pnpm dev -- --profile 214"",
+      ""developmentCommand"": ""pnpm dev -- --profile 214 --strict"",
       ""migrationCommand"": ""pnpm db:migrate --profile 214"",
       ""packageManager"": ""pnpm@9"",
       ""profile"": ""developer-profile-214"",
","<!-- docs/docguard-contract-lab-v2/DEVELOPER_SETUP.md @ controlled-baseline:ca20d71d16d7e70d -->
### RPP-SETUP-214
- Profile: `developer-profile-214`
- Required runtime: `Node.js 20.11`
- Package manager: `pnpm@9`
- Local development command: `pnpm dev -- --profile 214`
- Migration command: `pnpm db:migrate --profile 214`
",True,developer_setup,Controlled design expectation: developer_setup; independent human/owner acceptance still required before merge.,True,developer_setup,"RPP-SETUP-214: kod mijenja dokumentovani razvojni setup iz 'pnpm dev -- --profile 214' u 'pnpm dev -- --profile 214 --strict' (local_command_change), dok docs-before eksplicitno navodi staru vrijednost; dokumentacija bi zato postala zastarjela.",approved,c813218642d4f38c729e553c9e3695af304d7637e1c1c5e0b60f86a67bd09d00,f9815fc692f7a46ddb26efc06b5affa356ab81059f26486e6a7daca2e2e8c927,developer_setup,rbi_related_parties_portal,local_command_change,cases/patches/rbi_related_parties_portal/developer_setup/RPP-SETUP-214.patch
CRPP2-RPP-DEVELOPER_SETUP-215,controlled-v2/rbi-related-parties-portal-copy,9400970,typescript,"[""src/Web/src/docguard-contract-lab-v2/developer_setup/contracts_12.json""]","--- a/src/Web/src/docguard-contract-lab-v2/developer_setup/contracts_12.json
+++ b/src/Web/src/docguard-contract-lab-v2/developer_setup/contracts_12.json
@@ -41,7 +41,7 @@
       ""contractId"": ""RPP-SETUP-215"",
       ""developmentCommand"": ""pnpm dev -- --profile 215"",
       ""migrationCommand"": ""pnpm db:migrate --profile 215"",
-      ""packageManager"": ""pnpm@9"",
+      ""packageManager"": ""pnpm@10"",
       ""profile"": ""developer-profile-215"",
       ""runtime"": ""Node.js"",
       ""runtimeVersion"": ""20.11""
","<!-- docs/docguard-contract-lab-v2/DEVELOPER_SETUP.md @ controlled-baseline:ca20d71d16d7e70d -->
### RPP-SETUP-215
- Profile: `developer-profile-215`
- Required runtime: `Node.js 20.11`
- Package manager: `pnpm@9`
- Local development command: `pnpm dev -- --profile 215`
- Migration command: `pnpm db:migrate --profile 215`
",True,developer_setup,Controlled design expectation: developer_setup; independent human/owner acceptance still required before merge.,True,developer_setup,"RPP-SETUP-215: kod mijenja dokumentovani razvojni setup iz 'pnpm@9' u 'pnpm@10' (package_manager_version_change), dok docs-before eksplicitno navodi staru vrijednost; dokumentacija bi zato postala zastarjela.",approved,bfe8a10087e9319d26e435fa643cf631af965d663471a8c11d183710fefe94f1,4e6d9c91312102685b1c11a14bcd73185eff9618f109c401fcc5790b17d9f9fc,developer_setup,rbi_related_parties_portal,package_manager_version_change,cases/patches/rbi_related_parties_portal/developer_setup/RPP-SETUP-215.patch
CRPP2-RPP-DEVELOPER_SETUP-216,controlled-v2/rbi-related-parties-portal-copy,9400971,typescript,"[""src/Web/src/docguard-contract-lab-v2/developer_setup/contracts_12.json""]","--- a/src/Web/src/docguard-contract-lab-v2/developer_setup/contracts_12.json
+++ b/src/Web/src/docguard-contract-lab-v2/developer_setup/contracts_12.json
@@ -49,7 +49,7 @@
     {
       ""contractId"": ""RPP-SETUP-216"",
       ""developmentCommand"": ""pnpm dev -- --profile 216"",
-      ""migrationCommand"": ""pnpm db:migrate --profile 216"",
+      ""migrationCommand"": ""pnpm db:migrate --profile 216 --no-build"",
       ""packageManager"": ""pnpm@9"",
       ""profile"": ""developer-profile-216"",
       ""runtime"": ""Node.js"",
","<!-- docs/docguard-contract-lab-v2/DEVELOPER_SETUP.md @ controlled-baseline:ca20d71d16d7e70d -->
### RPP-SETUP-216
- Profile: `developer-profile-216`
- Required runtime: `Node.js 20.11`
- Package manager: `pnpm@9`
- Local development command: `pnpm dev -- --profile 216`
- Migration command: `pnpm db:migrate --profile 216`
",True,developer_setup,Controlled design expectation: developer_setup; independent human/owner acceptance still required before merge.,True,developer_setup,"RPP-SETUP-216: kod mijenja dokumentovani razvojni setup iz 'pnpm db:migrate --profile 216' u 'pnpm db:migrate --profile 216 --no-build' (migration_command_change), dok docs-before eksplicitno navodi staru vrijednost; dokumentacija bi zato postala zastarjela.",approved,8946cbeb9b57d53902d98bd3d38ccc7099391968e0d8a8f4db68656a2b2df884,8d9ada887f399e732073af0867a74488af0159693fd31ef73bdf64548d434d16,developer_setup,rbi_related_parties_portal,migration_command_change,cases/patches/rbi_related_parties_portal/developer_setup/RPP-SETUP-216.patch
CRPP2-RPP-DEVELOPER_SETUP-217,controlled-v2/rbi-related-parties-portal-copy,9400972,typescript,"[""src/Web/src/docguard-contract-lab-v2/developer_setup/contracts_12.json""]","--- a/src/Web/src/docguard-contract-lab-v2/developer_setup/contracts_12.json
+++ b/src/Web/src/docguard-contract-lab-v2/developer_setup/contracts_12.json
@@ -62,7 +62,7 @@
       ""packageManager"": ""pnpm@9"",
       ""profile"": ""developer-profile-217"",
       ""runtime"": ""Node.js"",
-      ""runtimeVersion"": ""20.11""
+      ""runtimeVersion"": ""22.0""
     },
     {
       ""contractId"": ""RPP-SETUP-218"",
","<!-- docs/docguard-contract-lab-v2/DEVELOPER_SETUP.md @ controlled-baseline:ca20d71d16d7e70d -->
### RPP-SETUP-217
- Profile: `developer-profile-217`
- Required runtime: `Node.js 20.11`
- Package manager: `pnpm@9`
- Local development command: `pnpm dev -- --profile 217`
- Migration command: `pnpm db:migrate --profile 217`
",True,developer_setup,Controlled design expectation: developer_setup; independent human/owner acceptance still required before merge.,True,developer_setup,"RPP-SETUP-217: kod mijenja dokumentovani razvojni setup iz '20.11' u '22.0' (runtime_requirement_change), dok docs-before eksplicitno navodi staru vrijednost; dokumentacija bi zato postala zastarjela.",approved,7083af67181789c5334051adbf63ad9b73580de2e1253411c1f042b298a3e7d9,23cf3bd16fb46d453043ff4baf25698724ba4c82b3e04592779be342cd211536,developer_setup,rbi_related_parties_portal,runtime_requirement_change,cases/patches/rbi_related_parties_portal/developer_setup/RPP-SETUP-217.patch
CRPP2-RPP-DEVELOPER_SETUP-218,controlled-v2/rbi-related-parties-portal-copy,9400973,typescript,"[""src/Web/src/docguard-contract-lab-v2/developer_setup/contracts_12.json""]","--- a/src/Web/src/docguard-contract-lab-v2/developer_setup/contracts_12.json
+++ b/src/Web/src/docguard-contract-lab-v2/developer_setup/contracts_12.json
@@ -66,7 +66,7 @@
     },
     {
       ""contractId"": ""RPP-SETUP-218"",
-      ""developmentCommand"": ""pnpm dev -- --profile 218"",
+      ""developmentCommand"": ""pnpm dev -- --profile 218 --strict"",
       ""migrationCommand"": ""pnpm db:migrate --profile 218"",
       ""packageManager"": ""pnpm@9"",
       ""profile"": ""developer-profile-218"",
","<!-- docs/docguard-contract-lab-v2/DEVELOPER_SETUP.md @ controlled-baseline:ca20d71d16d7e70d -->
### RPP-SETUP-218
- Profile: `developer-profile-218`
- Required runtime: `Node.js 20.11`
- Package manager: `pnpm@9`
- Local development command: `pnpm dev -- --profile 218`
- Migration command: `pnpm db:migrate --profile 218`
",True,developer_setup,Controlled design expectation: developer_setup; independent human/owner acceptance still required before merge.,True,developer_setup,"RPP-SETUP-218: kod mijenja dokumentovani razvojni setup iz 'pnpm dev -- --profile 218' u 'pnpm dev -- --profile 218 --strict' (local_command_change), dok docs-before eksplicitno navodi staru vrijednost; dokumentacija bi zato postala zastarjela.",approved,d9325b97ba5b5a8567221981ac0207358c3fc7e551010358052d3558c402a803,f1b9f11bab7118392dda379c6a615d26c2b7002ff5f07fe5765ca4778b71c36a,developer_setup,rbi_related_parties_portal,local_command_change,cases/patches/rbi_related_parties_portal/developer_setup/RPP-SETUP-218.patch
CRPP2-RPP-DEVELOPER_SETUP-219,controlled-v2/rbi-related-parties-portal-copy,9400974,typescript,"[""src/Web/src/docguard-contract-lab-v2/developer_setup/contracts_12.json""]","--- a/src/Web/src/docguard-contract-lab-v2/developer_setup/contracts_12.json
+++ b/src/Web/src/docguard-contract-lab-v2/developer_setup/contracts_12.json
@@ -77,7 +77,7 @@
       ""contractId"": ""RPP-SETUP-219"",
       ""developmentCommand"": ""pnpm dev -- --profile 219"",
       ""migrationCommand"": ""pnpm db:migrate --profile 219"",
-      ""packageManager"": ""pnpm@9"",
+      ""packageManager"": ""pnpm@10"",
       ""profile"": ""developer-profile-219"",
       ""runtime"": ""Node.js"",
       ""runtimeVersion"": ""20.11""
","<!-- docs/docguard-contract-lab-v2/DEVELOPER_SETUP.md @ controlled-baseline:ca20d71d16d7e70d -->
### RPP-SETUP-219
- Profile: `developer-profile-219`
- Required runtime: `Node.js 20.11`
- Package manager: `pnpm@9`
- Local development command: `pnpm dev -- --profile 219`
- Migration command: `pnpm db:migrate --profile 219`
",True,developer_setup,Controlled design expectation: developer_setup; independent human/owner acceptance still required before merge.,True,developer_setup,"RPP-SETUP-219: kod mijenja dokumentovani razvojni setup iz 'pnpm@9' u 'pnpm@10' (package_manager_version_change), dok docs-before eksplicitno navodi staru vrijednost; dokumentacija bi zato postala zastarjela.",approved,88c1bf6c673261a283405a7553b3f4b0ffb1648c2a3773e95394df1f926a86f7,588ddc06910bfa7d3104bf1e0c6bb1887d65e9b4116b34320957bda5eee3373e,developer_setup,rbi_related_parties_portal,package_manager_version_change,cases/patches/rbi_related_parties_portal/developer_setup/RPP-SETUP-219.patch
CRPP2-RPP-DEVELOPER_SETUP-220,controlled-v2/rbi-related-parties-portal-copy,9400975,typescript,"[""src/Web/src/docguard-contract-lab-v2/developer_setup/contracts_12.json""]","--- a/src/Web/src/docguard-contract-lab-v2/developer_setup/contracts_12.json
+++ b/src/Web/src/docguard-contract-lab-v2/developer_setup/contracts_12.json
@@ -85,7 +85,7 @@
     {
       ""contractId"": ""RPP-SETUP-220"",
       ""developmentCommand"": ""pnpm dev -- --profile 220"",
-      ""migrationCommand"": ""pnpm db:migrate --profile 220"",
+      ""migrationCommand"": ""pnpm db:migrate --profile 220 --no-build"",
       ""packageManager"": ""pnpm@9"",
       ""profile"": ""developer-profile-220"",
       ""runtime"": ""Node.js"",
","<!-- docs/docguard-contract-lab-v2/DEVELOPER_SETUP.md @ controlled-baseline:ca20d71d16d7e70d -->
### RPP-SETUP-220
- Profile: `developer-profile-220`
- Required runtime: `Node.js 20.11`
- Package manager: `pnpm@9`
- Local development command: `pnpm dev -- --profile 220`
- Migration command: `pnpm db:migrate --profile 220`
",True,developer_setup,Controlled design expectation: developer_setup; independent human/owner acceptance still required before merge.,True,developer_setup,"RPP-SETUP-220: kod mijenja dokumentovani razvojni setup iz 'pnpm db:migrate --profile 220' u 'pnpm db:migrate --profile 220 --no-build' (migration_command_change), dok docs-before eksplicitno navodi staru vrijednost; dokumentacija bi zato postala zastarjela.",approved,3be390673e66957959013c10d23b370109c01c509a7d668e9cc24d21f49686a4,147952bdc21998e054376f99877ba7e9f62947a5141a35ab087281b223d2ba03,developer_setup,rbi_related_parties_portal,migration_command_change,cases/patches/rbi_related_parties_portal/developer_setup/RPP-SETUP-220.patch
CRPP2-RPP-MODEL_CONTRACT-101,controlled-v2/rbi-related-parties-portal-copy,9400976,typescript,"[""src/Web/src/docguard-contract-lab-v2/model_contract/contracts_01.schema.json""]","--- a/src/Web/src/docguard-contract-lab-v2/model_contract/contracts_01.schema.json
+++ b/src/Web/src/docguard-contract-lab-v2/model_contract/contracts_01.schema.json
@@ -17,11 +17,8 @@
           ""type"": ""integer""
         },
         ""status"": {
-          ""enum"": [
-            ""active"",
-            ""inactive""
-          ],
-          ""type"": ""string""
+          ""minimum"": 0,
+          ""type"": ""integer""
         }
       },
       ""required"": [
","<!-- docs/docguard-contract-lab-v2/MODEL_CONTRACTS.md @ controlled-baseline:b833cf74b1013c49 -->
### RPP-MODEL-101 — `RPPPublicContract101`
- Serialized type: `object`
- Required fields: `id, status`
- `id`: `string(uuid)`
- `status`: `string`, allowed values `active|inactive`
- `score`: `integer`, minimum `0`
- `metadata`: `object`, additional properties allowed
",True,model_contract,Controlled design expectation: model_contract; independent human/owner acceptance still required before merge.,True,model_contract,"RPP-MODEL-101: kod mijenja javni/serijalizovani model iz 'status' u 'status:integer' (serialized_field_type_change), dok docs-before eksplicitno navodi staru vrijednost; dokumentacija bi zato postala zastarjela.",approved,b7b11871ec3b331be8339446e0bc737cc2ccea4b8080ece16fbe95613f7ca14f,cb680247320334c6c24bff89850bb765e211049d44255c36e832d70d96579a05,model_contract,rbi_related_parties_portal,serialized_field_type_change,cases/patches/rbi_related_parties_portal/model_contract/RPP-MODEL-101.patch
CRPP2-RPP-MODEL_CONTRACT-102,controlled-v2/rbi-related-parties-portal-copy,9400977,typescript,"[""src/Web/src/docguard-contract-lab-v2/model_contract/contracts_01.schema.json""]","--- a/src/Web/src/docguard-contract-lab-v2/model_contract/contracts_01.schema.json
+++ b/src/Web/src/docguard-contract-lab-v2/model_contract/contracts_01.schema.json
@@ -56,7 +56,8 @@
       },
       ""required"": [
         ""id"",
-        ""status""
+        ""status"",
+        ""score""
       ],
       ""title"": ""RPPPublicContract102"",
       ""type"": ""object""
","<!-- docs/docguard-contract-lab-v2/MODEL_CONTRACTS.md @ controlled-baseline:b833cf74b1013c49 -->
### RPP-MODEL-102 — `RPPPublicContract102`
- Serialized type: `object`
- Required fields: `id, status`
- `id`: `string(uuid)`
- `status`: `string`, allowed values `active|inactive`
- `score`: `integer`, minimum `0`
- `metadata`: `object`, additional properties allowed
",True,model_contract,Controlled design expectation: model_contract; independent human/owner acceptance still required before merge.,True,model_contract,"RPP-MODEL-102: kod mijenja javni/serijalizovani model iz 'id, status' u 'id, status, score' (required_field_change), dok docs-before eksplicitno navodi staru vrijednost; dokumentacija bi zato postala zastarjela.",approved,e20f421bec5c64f16fa28face451890c15db02ea708591e3a5c2afd795b808fd,e3027f54d3f4e224f180fe4c1f4022688a9f90e7ad7f06ee06b9622e42c8df8b,model_contract,rbi_related_parties_portal,required_field_change,cases/patches/rbi_related_parties_portal/model_contract/RPP-MODEL-102.patch
CRPP2-RPP-MODEL_CONTRACT-103,controlled-v2/rbi-related-parties-portal-copy,9400978,typescript,"[""src/Web/src/docguard-contract-lab-v2/model_contract/contracts_01.schema.json""]","--- a/src/Web/src/docguard-contract-lab-v2/model_contract/contracts_01.schema.json
+++ b/src/Web/src/docguard-contract-lab-v2/model_contract/contracts_01.schema.json
@@ -71,6 +71,10 @@
         ""metadata"": {
           ""additionalProperties"": true,
           ""type"": ""object""
+        },
+        ""revision"": {
+          ""minimum"": 1,
+          ""type"": ""integer""
         },
         ""score"": {
           ""minimum"": 0,
","<!-- docs/docguard-contract-lab-v2/MODEL_CONTRACTS.md @ controlled-baseline:b833cf74b1013c49 -->
### RPP-MODEL-103 — `RPPPublicContract103`
- Serialized type: `object`
- Required fields: `id, status`
- `id`: `string(uuid)`
- `status`: `string`, allowed values `active|inactive`
- `score`: `integer`, minimum `0`
- `metadata`: `object`, additional properties allowed
",True,model_contract,Controlled design expectation: model_contract; independent human/owner acceptance still required before merge.,True,model_contract,"RPP-MODEL-103: kod mijenja javni/serijalizovani model iz 'metadata' u 'revision:integer (new field)' (serialized_field_added), dok docs-before eksplicitno navodi staru vrijednost; dokumentacija bi zato postala zastarjela.",approved,b049c94db1823a90724a04bbd9f90a3804f9b6c0943ba378e82298963f50c922,4fb463b11cfba00a42c9b66e5e775574f7fbb87172e959c7c3f22f32c454e7c4,model_contract,rbi_related_parties_portal,serialized_field_added,cases/patches/rbi_related_parties_portal/model_contract/RPP-MODEL-103.patch
CRPP2-RPP-MODEL_CONTRACT-104,controlled-v2/rbi-related-parties-portal-copy,9400979,typescript,"[""src/Web/src/docguard-contract-lab-v2/model_contract/contracts_01.schema.json""]","--- a/src/Web/src/docguard-contract-lab-v2/model_contract/contracts_01.schema.json
+++ b/src/Web/src/docguard-contract-lab-v2/model_contract/contracts_01.schema.json
@@ -94,13 +94,13 @@
     {
       ""contractId"": ""RPP-MODEL-104"",
       ""properties"": {
-        ""id"": {
-          ""format"": ""uuid"",
-          ""type"": ""string""
-        },
-        ""metadata"": {
-          ""additionalProperties"": true,
-          ""type"": ""object""
+        ""attributes"": {
+          ""additionalProperties"": true,
+          ""type"": ""object""
+        },
+        ""id"": {
+          ""format"": ""uuid"",
+          ""type"": ""string""
         },
         ""score"": {
           ""minimum"": 0,
","<!-- docs/docguard-contract-lab-v2/MODEL_CONTRACTS.md @ controlled-baseline:b833cf74b1013c49 -->
### RPP-MODEL-104 — `RPPPublicContract104`
- Serialized type: `object`
- Required fields: `id, status`
- `id`: `string(uuid)`
- `status`: `string`, allowed values `active|inactive`
- `score`: `integer`, minimum `0`
- `metadata`: `object`, additional properties allowed
",True,model_contract,Controlled design expectation: model_contract; independent human/owner acceptance still required before merge.,True,model_contract,"RPP-MODEL-104: kod mijenja javni/serijalizovani model iz 'metadata' u 'attributes' (serialized_field_rename), dok docs-before eksplicitno navodi staru vrijednost; dokumentacija bi zato postala zastarjela.",approved,4bdbe216b891893ecb2874f5869963d6a43d5dca0868429a7af67e4e78c03c09,15d862bb35685e59baf4d06435b4d0f94c8c7d89b8e4f6adacb9fcffb9eea1c1,model_contract,rbi_related_parties_portal,serialized_field_rename,cases/patches/rbi_related_parties_portal/model_contract/RPP-MODEL-104.patch
CRPP2-RPP-MODEL_CONTRACT-105,controlled-v2/rbi-related-parties-portal-copy,9400980,typescript,"[""src/Web/src/docguard-contract-lab-v2/model_contract/contracts_01.schema.json""]","--- a/src/Web/src/docguard-contract-lab-v2/model_contract/contracts_01.schema.json
+++ b/src/Web/src/docguard-contract-lab-v2/model_contract/contracts_01.schema.json
@@ -137,11 +137,8 @@
           ""type"": ""integer""
         },
         ""status"": {
-          ""enum"": [
-            ""active"",
-            ""inactive""
-          ],
-          ""type"": ""string""
+          ""minimum"": 0,
+          ""type"": ""integer""
         }
       },
       ""required"": [
","<!-- docs/docguard-contract-lab-v2/MODEL_CONTRACTS.md @ controlled-baseline:b833cf74b1013c49 -->
### RPP-MODEL-105 — `RPPPublicContract105`
- Serialized type: `object`
- Required fields: `id, status`
- `id`: `string(uuid)`
- `status`: `string`, allowed values `active|inactive`
- `score`: `integer`, minimum `0`
- `metadata`: `object`, additional properties allowed
",True,model_contract,Controlled design expectation: model_contract; independent human/owner acceptance still required before merge.,True,model_contract,"RPP-MODEL-105: kod mijenja javni/serijalizovani model iz 'status' u 'status:integer' (serialized_field_type_change), dok docs-before eksplicitno navodi staru vrijednost; dokumentacija bi zato postala zastarjela.",approved,2f73195bf6e839eefdaabb2d401b308d8a1098c0a15500cc4a84c2e7ac6d15e4,fa86c9d035ef941b55f079739be1c0f2cc06a0dad80e22ca57e5377b26f9ec0e,model_contract,rbi_related_parties_portal,serialized_field_type_change,cases/patches/rbi_related_parties_portal/model_contract/RPP-MODEL-105.patch
CRPP2-RPP-MODEL_CONTRACT-106,controlled-v2/rbi-related-parties-portal-copy,9400981,typescript,"[""src/Web/src/docguard-contract-lab-v2/model_contract/contracts_01.schema.json""]","--- a/src/Web/src/docguard-contract-lab-v2/model_contract/contracts_01.schema.json
+++ b/src/Web/src/docguard-contract-lab-v2/model_contract/contracts_01.schema.json
@@ -176,7 +176,8 @@
       },
       ""required"": [
         ""id"",
-        ""status""
+        ""status"",
+        ""score""
       ],
       ""title"": ""RPPPublicContract106"",
       ""type"": ""object""
","<!-- docs/docguard-contract-lab-v2/MODEL_CONTRACTS.md @ controlled-baseline:b833cf74b1013c49 -->
### RPP-MODEL-106 — `RPPPublicContract106`
- Serialized type: `object`
- Required fields: `id, status`
- `id`: `string(uuid)`
- `status`: `string`, allowed values `active|inactive`
- `score`: `integer`, minimum `0`
- `metadata`: `object`, additional properties allowed
",True,model_contract,Controlled design expectation: model_contract; independent human/owner acceptance still required before merge.,True,model_contract,"RPP-MODEL-106: kod mijenja javni/serijalizovani model iz 'id, status' u 'id, status, score' (required_field_change), dok docs-before eksplicitno navodi staru vrijednost; dokumentacija bi zato postala zastarjela.",approved,ded8fb2f81a1a67627cfe0d2a73d573621acd5557c1177fce6e94e07b1794a8b,40868de69e225e5ded8f5edbe9f195e0d2d89412cc5fa3c43c7e2af32b0bc670,model_contract,rbi_related_parties_portal,required_field_change,cases/patches/rbi_related_parties_portal/model_contract/RPP-MODEL-106.patch
CRPP2-RPP-MODEL_CONTRACT-107,controlled-v2/rbi-related-parties-portal-copy,9400982,typescript,"[""src/Web/src/docguard-contract-lab-v2/model_contract/contracts_01.schema.json""]","--- a/src/Web/src/docguard-contract-lab-v2/model_contract/contracts_01.schema.json
+++ b/src/Web/src/docguard-contract-lab-v2/model_contract/contracts_01.schema.json
@@ -191,6 +191,10 @@
         ""metadata"": {
           ""additionalProperties"": true,
           ""type"": ""object""
+        },
+        ""revision"": {
+          ""minimum"": 1,
+          ""type"": ""integer""
         },
         ""score"": {
           ""minimum"": 0,
","<!-- docs/docguard-contract-lab-v2/MODEL_CONTRACTS.md @ controlled-baseline:b833cf74b1013c49 -->
### RPP-MODEL-107 — `RPPPublicContract107`
- Serialized type: `object`
- Required fields: `id, status`
- `id`: `string(uuid)`
- `status`: `string`, allowed values `active|inactive`
- `score`: `integer`, minimum `0`
- `metadata`: `object`, additional properties allowed
",True,model_contract,Controlled design expectation: model_contract; independent human/owner acceptance still required before merge.,True,model_contract,"RPP-MODEL-107: kod mijenja javni/serijalizovani model iz 'metadata' u 'revision:integer (new field)' (serialized_field_added), dok docs-before eksplicitno navodi staru vrijednost; dokumentacija bi zato postala zastarjela.",approved,78db881d89a861b7000ac9f439ba9f2e3fa1be57588ef3f6d3758f259a498d41,c7117666f5c903558490348881096a20b6061cd7a576bfb435b280dd2ed7e44e,model_contract,rbi_related_parties_portal,serialized_field_added,cases/patches/rbi_related_parties_portal/model_contract/RPP-MODEL-107.patch
CRPP2-RPP-MODEL_CONTRACT-108,controlled-v2/rbi-related-parties-portal-copy,9400983,typescript,"[""src/Web/src/docguard-contract-lab-v2/model_contract/contracts_01.schema.json""]","--- a/src/Web/src/docguard-contract-lab-v2/model_contract/contracts_01.schema.json
+++ b/src/Web/src/docguard-contract-lab-v2/model_contract/contracts_01.schema.json
@@ -214,13 +214,13 @@
     {
       ""contractId"": ""RPP-MODEL-108"",
       ""properties"": {
-        ""id"": {
-          ""format"": ""uuid"",
-          ""type"": ""string""
-        },
-        ""metadata"": {
-          ""additionalProperties"": true,
-          ""type"": ""object""
+        ""attributes"": {
+          ""additionalProperties"": true,
+          ""type"": ""object""
+        },
+        ""id"": {
+          ""format"": ""uuid"",
+          ""type"": ""string""
         },
         ""score"": {
           ""minimum"": 0,
","<!-- docs/docguard-contract-lab-v2/MODEL_CONTRACTS.md @ controlled-baseline:b833cf74b1013c49 -->
### RPP-MODEL-108 — `RPPPublicContract108`
- Serialized type: `object`
- Required fields: `id, status`
- `id`: `string(uuid)`
- `status`: `string`, allowed values `active|inactive`
- `score`: `integer`, minimum `0`
- `metadata`: `object`, additional properties allowed
",True,model_contract,Controlled design expectation: model_contract; independent human/owner acceptance still required before merge.,True,model_contract,"RPP-MODEL-108: kod mijenja javni/serijalizovani model iz 'metadata' u 'attributes' (serialized_field_rename), dok docs-before eksplicitno navodi staru vrijednost; dokumentacija bi zato postala zastarjela.",approved,b20f74693a72639ad64cfd8865b236fe0bb17de4039cd210ce3089f67c699c0b,2286309c7efafa610a1adffaff412c880b7663dceee312354b093bb3f58c54c1,model_contract,rbi_related_parties_portal,serialized_field_rename,cases/patches/rbi_related_parties_portal/model_contract/RPP-MODEL-108.patch
CRPP2-RPP-MODEL_CONTRACT-109,controlled-v2/rbi-related-parties-portal-copy,9400984,typescript,"[""src/Web/src/docguard-contract-lab-v2/model_contract/contracts_01.schema.json""]","--- a/src/Web/src/docguard-contract-lab-v2/model_contract/contracts_01.schema.json
+++ b/src/Web/src/docguard-contract-lab-v2/model_contract/contracts_01.schema.json
@@ -257,11 +257,8 @@
           ""type"": ""integer""
         },
         ""status"": {
-          ""enum"": [
-            ""active"",
-            ""inactive""
-          ],
-          ""type"": ""string""
+          ""minimum"": 0,
+          ""type"": ""integer""
         }
       },
       ""required"": [
","<!-- docs/docguard-contract-lab-v2/MODEL_CONTRACTS.md @ controlled-baseline:b833cf74b1013c49 -->
### RPP-MODEL-109 — `RPPPublicContract109`
- Serialized type: `object`
- Required fields: `id, status`
- `id`: `string(uuid)`
- `status`: `string`, allowed values `active|inactive`
- `score`: `integer`, minimum `0`
- `metadata`: `object`, additional properties allowed
",True,model_contract,Controlled design expectation: model_contract; independent human/owner acceptance still required before merge.,True,model_contract,"RPP-MODEL-109: kod mijenja javni/serijalizovani model iz 'status' u 'status:integer' (serialized_field_type_change), dok docs-before eksplicitno navodi staru vrijednost; dokumentacija bi zato postala zastarjela.",approved,31ca2f3ba6b8207c1f5f9ebf92877d48f0821632c643b66da648f425dfb40807,610ff993fdfd6a884879ac143703ed724914e1c547f768e86c53d0644b5f947d,model_contract,rbi_related_parties_portal,serialized_field_type_change,cases/patches/rbi_related_parties_portal/model_contract/RPP-MODEL-109.patch
CRPP2-RPP-MODEL_CONTRACT-110,controlled-v2/rbi-related-parties-portal-copy,9400985,typescript,"[""src/Web/src/docguard-contract-lab-v2/model_contract/contracts_01.schema.json""]","--- a/src/Web/src/docguard-contract-lab-v2/model_contract/contracts_01.schema.json
+++ b/src/Web/src/docguard-contract-lab-v2/model_contract/contracts_01.schema.json
@@ -296,7 +296,8 @@
       },
       ""required"": [
         ""id"",
-        ""status""
+        ""status"",
+        ""score""
       ],
       ""title"": ""RPPPublicContract110"",
       ""type"": ""object""
","<!-- docs/docguard-contract-lab-v2/MODEL_CONTRACTS.md @ controlled-baseline:b833cf74b1013c49 -->
### RPP-MODEL-110 — `RPPPublicContract110`
- Serialized type: `object`
- Required fields: `id, status`
- `id`: `string(uuid)`
- `status`: `string`, allowed values `active|inactive`
- `score`: `integer`, minimum `0`
- `metadata`: `object`, additional properties allowed
",True,model_contract,Controlled design expectation: model_contract; independent human/owner acceptance still required before merge.,True,model_contract,"RPP-MODEL-110: kod mijenja javni/serijalizovani model iz 'id, status' u 'id, status, score' (required_field_change), dok docs-before eksplicitno navodi staru vrijednost; dokumentacija bi zato postala zastarjela.",approved,b026dc37ebafb67a01e6fd47ba69c0fe349aaf9bbf69b12be4b111bc565054f5,cb9175f23f2a42808e0ef89c461b508e4b3a8d55879c164d9c3b837ab673809f,model_contract,rbi_related_parties_portal,required_field_change,cases/patches/rbi_related_parties_portal/model_contract/RPP-MODEL-110.patch
CRPP2-RPP-MODEL_CONTRACT-111,controlled-v2/rbi-related-parties-portal-copy,9400986,typescript,"[""src/Web/src/docguard-contract-lab-v2/model_contract/contracts_02.schema.json""]","--- a/src/Web/src/docguard-contract-lab-v2/model_contract/contracts_02.schema.json
+++ b/src/Web/src/docguard-contract-lab-v2/model_contract/contracts_02.schema.json
@@ -11,6 +11,10 @@
         ""metadata"": {
           ""additionalProperties"": true,
           ""type"": ""object""
+        },
+        ""revision"": {
+          ""minimum"": 1,
+          ""type"": ""integer""
         },
         ""score"": {
           ""minimum"": 0,
","<!-- docs/docguard-contract-lab-v2/MODEL_CONTRACTS.md @ controlled-baseline:b833cf74b1013c49 -->
### RPP-MODEL-111 — `RPPPublicContract111`
- Serialized type: `object`
- Required fields: `id, status`
- `id`: `string(uuid)`
- `status`: `string`, allowed values `active|inactive`
- `score`: `integer`, minimum `0`
- `metadata`: `object`, additional properties allowed
",True,model_contract,Controlled design expectation: model_contract; independent human/owner acceptance still required before merge.,True,model_contract,"RPP-MODEL-111: kod mijenja javni/serijalizovani model iz 'metadata' u 'revision:integer (new field)' (serialized_field_added), dok docs-before eksplicitno navodi staru vrijednost; dokumentacija bi zato postala zastarjela.",approved,7df8c08b020db52c0afca98d1083aee5dc3ccfcaac79965042bcfddcf4e81541,6d6c5a2c7dd52ff1a7ec083de420671824af42075ab3c5bb10fe54c8c33989c7,model_contract,rbi_related_parties_portal,serialized_field_added,cases/patches/rbi_related_parties_portal/model_contract/RPP-MODEL-111.patch
CRPP2-RPP-MODEL_CONTRACT-112,controlled-v2/rbi-related-parties-portal-copy,9400987,typescript,"[""src/Web/src/docguard-contract-lab-v2/model_contract/contracts_02.schema.json""]","--- a/src/Web/src/docguard-contract-lab-v2/model_contract/contracts_02.schema.json
+++ b/src/Web/src/docguard-contract-lab-v2/model_contract/contracts_02.schema.json
@@ -34,13 +34,13 @@
     {
       ""contractId"": ""RPP-MODEL-112"",
       ""properties"": {
-        ""id"": {
-          ""format"": ""uuid"",
-          ""type"": ""string""
-        },
-        ""metadata"": {
-          ""additionalProperties"": true,
-          ""type"": ""object""
+        ""attributes"": {
+          ""additionalProperties"": true,
+          ""type"": ""object""
+        },
+        ""id"": {
+          ""format"": ""uuid"",
+          ""type"": ""string""
         },
         ""score"": {
           ""minimum"": 0,
","<!-- docs/docguard-contract-lab-v2/MODEL_CONTRACTS.md @ controlled-baseline:b833cf74b1013c49 -->
### RPP-MODEL-112 — `RPPPublicContract112`
- Serialized type: `object`
- Required fields: `id, status`
- `id`: `string(uuid)`
- `status`: `string`, allowed values `active|inactive`
- `score`: `integer`, minimum `0`
- `metadata`: `object`, additional properties allowed
",True,model_contract,Controlled design expectation: model_contract; independent human/owner acceptance still required before merge.,True,model_contract,"RPP-MODEL-112: kod mijenja javni/serijalizovani model iz 'metadata' u 'attributes' (serialized_field_rename), dok docs-before eksplicitno navodi staru vrijednost; dokumentacija bi zato postala zastarjela.",approved,4197e02ce26589d169e6c5dcd4c4cf4fc48d539058d0f0de019846155938b1fc,d1744d562e8100f3320709034025dae844e5c430eb44ba5dbb53dea08ece2b01,model_contract,rbi_related_parties_portal,serialized_field_rename,cases/patches/rbi_related_parties_portal/model_contract/RPP-MODEL-112.patch
CRPP2-RPP-MODEL_CONTRACT-113,controlled-v2/rbi-related-parties-portal-copy,9400988,typescript,"[""src/Web/src/docguard-contract-lab-v2/model_contract/contracts_02.schema.json""]","--- a/src/Web/src/docguard-contract-lab-v2/model_contract/contracts_02.schema.json
+++ b/src/Web/src/docguard-contract-lab-v2/model_contract/contracts_02.schema.json
@@ -77,11 +77,8 @@
           ""type"": ""integer""
         },
         ""status"": {
-          ""enum"": [
-            ""active"",
-            ""inactive""
-          ],
-          ""type"": ""string""
+          ""minimum"": 0,
+          ""type"": ""integer""
         }
       },
       ""required"": [
","<!-- docs/docguard-contract-lab-v2/MODEL_CONTRACTS.md @ controlled-baseline:b833cf74b1013c49 -->
### RPP-MODEL-113 — `RPPPublicContract113`
- Serialized type: `object`
- Required fields: `id, status`
- `id`: `string(uuid)`
- `status`: `string`, allowed values `active|inactive`
- `score`: `integer`, minimum `0`
- `metadata`: `object`, additional properties allowed
",True,model_contract,Controlled design expectation: model_contract; independent human/owner acceptance still required before merge.,True,model_contract,"RPP-MODEL-113: kod mijenja javni/serijalizovani model iz 'status' u 'status:integer' (serialized_field_type_change), dok docs-before eksplicitno navodi staru vrijednost; dokumentacija bi zato postala zastarjela.",approved,cfe1eb4d94ad846ff20aaec5f72b6c1804c7275f2ba319f390d83a9c4132068a,f23c8c7467e7d41d17132346a827097cfef7524417691c28895b871d5d3d7cb7,model_contract,rbi_related_parties_portal,serialized_field_type_change,cases/patches/rbi_related_parties_portal/model_contract/RPP-MODEL-113.patch
CRPP2-RPP-MODEL_CONTRACT-114,controlled-v2/rbi-related-parties-portal-copy,9400989,typescript,"[""src/Web/src/docguard-contract-lab-v2/model_contract/contracts_02.schema.json""]","--- a/src/Web/src/docguard-contract-lab-v2/model_contract/contracts_02.schema.json
+++ b/src/Web/src/docguard-contract-lab-v2/model_contract/contracts_02.schema.json
@@ -116,7 +116,8 @@
       },
       ""required"": [
         ""id"",
-        ""status""
+        ""status"",
+        ""score""
       ],
       ""title"": ""RPPPublicContract114"",
       ""type"": ""object""
","<!-- docs/docguard-contract-lab-v2/MODEL_CONTRACTS.md @ controlled-baseline:b833cf74b1013c49 -->
### RPP-MODEL-114 — `RPPPublicContract114`
- Serialized type: `object`
- Required fields: `id, status`
- `id`: `string(uuid)`
- `status`: `string`, allowed values `active|inactive`
- `score`: `integer`, minimum `0`
- `metadata`: `object`, additional properties allowed
",True,model_contract,Controlled design expectation: model_contract; independent human/owner acceptance still required before merge.,True,model_contract,"RPP-MODEL-114: kod mijenja javni/serijalizovani model iz 'id, status' u 'id, status, score' (required_field_change), dok docs-before eksplicitno navodi staru vrijednost; dokumentacija bi zato postala zastarjela.",approved,6ab586d2f597c8e72692b2b83dde189f6d722c56da111ef62226ce6905b0fb89,05a7023caa826b01af46c26940fed0cc037b11c3901c00010c4bd8c230895686,model_contract,rbi_related_parties_portal,required_field_change,cases/patches/rbi_related_parties_portal/model_contract/RPP-MODEL-114.patch
CRPP2-RPP-MODEL_CONTRACT-115,controlled-v2/rbi-related-parties-portal-copy,9400990,typescript,"[""src/Web/src/docguard-contract-lab-v2/model_contract/contracts_02.schema.json""]","--- a/src/Web/src/docguard-contract-lab-v2/model_contract/contracts_02.schema.json
+++ b/src/Web/src/docguard-contract-lab-v2/model_contract/contracts_02.schema.json
@@ -131,6 +131,10 @@
         ""metadata"": {
           ""additionalProperties"": true,
           ""type"": ""object""
+        },
+        ""revision"": {
+          ""minimum"": 1,
+          ""type"": ""integer""
         },
         ""score"": {
           ""minimum"": 0,
","<!-- docs/docguard-contract-lab-v2/MODEL_CONTRACTS.md @ controlled-baseline:b833cf74b1013c49 -->
### RPP-MODEL-115 — `RPPPublicContract115`
- Serialized type: `object`
- Required fields: `id, status`
- `id`: `string(uuid)`
- `status`: `string`, allowed values `active|inactive`
- `score`: `integer`, minimum `0`
- `metadata`: `object`, additional properties allowed
",True,model_contract,Controlled design expectation: model_contract; independent human/owner acceptance still required before merge.,True,model_contract,"RPP-MODEL-115: kod mijenja javni/serijalizovani model iz 'metadata' u 'revision:integer (new field)' (serialized_field_added), dok docs-before eksplicitno navodi staru vrijednost; dokumentacija bi zato postala zastarjela.",approved,cd505b4befb835f683c2e91d22dbe843e5ebed8837ab12ee65f60c9b6cf8acf7,f0c45466e5d811ee4fdabbef30c77858b910936840ae7e1969fb538e0e4ff103,model_contract,rbi_related_parties_portal,serialized_field_added,cases/patches/rbi_related_parties_portal/model_contract/RPP-MODEL-115.patch
CRPP2-RPP-MODEL_CONTRACT-116,controlled-v2/rbi-related-parties-portal-copy,9400991,typescript,"[""src/Web/src/docguard-contract-lab-v2/model_contract/contracts_02.schema.json""]","--- a/src/Web/src/docguard-contract-lab-v2/model_contract/contracts_02.schema.json
+++ b/src/Web/src/docguard-contract-lab-v2/model_contract/contracts_02.schema.json
@@ -154,13 +154,13 @@
     {
       ""contractId"": ""RPP-MODEL-116"",
       ""properties"": {
-        ""id"": {
-          ""format"": ""uuid"",
-          ""type"": ""string""
-        },
-        ""metadata"": {
-          ""additionalProperties"": true,
-          ""type"": ""object""
+        ""attributes"": {
+          ""additionalProperties"": true,
+          ""type"": ""object""
+        },
+        ""id"": {
+          ""format"": ""uuid"",
+          ""type"": ""string""
         },
         ""score"": {
           ""minimum"": 0,
","<!-- docs/docguard-contract-lab-v2/MODEL_CONTRACTS.md @ controlled-baseline:b833cf74b1013c49 -->
### RPP-MODEL-116 — `RPPPublicContract116`
- Serialized type: `object`
- Required fields: `id, status`
- `id`: `string(uuid)`
- `status`: `string`, allowed values `active|inactive`
- `score`: `integer`, minimum `0`
- `metadata`: `object`, additional properties allowed
",True,model_contract,Controlled design expectation: model_contract; independent human/owner acceptance still required before merge.,True,model_contract,"RPP-MODEL-116: kod mijenja javni/serijalizovani model iz 'metadata' u 'attributes' (serialized_field_rename), dok docs-before eksplicitno navodi staru vrijednost; dokumentacija bi zato postala zastarjela.",approved,177939a9c5e03b45b4ebabd59cc92a150217110107693f72b29a9eeecbe0c520,246b8bbebb9c7d5362eaff097a6efd47bae555dda0349776483b4bbecb68f6e1,model_contract,rbi_related_parties_portal,serialized_field_rename,cases/patches/rbi_related_parties_portal/model_contract/RPP-MODEL-116.patch
CRPP2-RPP-MODEL_CONTRACT-117,controlled-v2/rbi-related-parties-portal-copy,9400992,typescript,"[""src/Web/src/docguard-contract-lab-v2/model_contract/contracts_02.schema.json""]","--- a/src/Web/src/docguard-contract-lab-v2/model_contract/contracts_02.schema.json
+++ b/src/Web/src/docguard-contract-lab-v2/model_contract/contracts_02.schema.json
@@ -197,11 +197,8 @@
           ""type"": ""integer""
         },
         ""status"": {
-          ""enum"": [
-            ""active"",
-            ""inactive""
-          ],
-          ""type"": ""string""
+          ""minimum"": 0,
+          ""type"": ""integer""
         }
       },
       ""required"": [
","<!-- docs/docguard-contract-lab-v2/MODEL_CONTRACTS.md @ controlled-baseline:b833cf74b1013c49 -->
### RPP-MODEL-117 — `RPPPublicContract117`
- Serialized type: `object`
- Required fields: `id, status`
- `id`: `string(uuid)`
- `status`: `string`, allowed values `active|inactive`
- `score`: `integer`, minimum `0`
- `metadata`: `object`, additional properties allowed
",True,model_contract,Controlled design expectation: model_contract; independent human/owner acceptance still required before merge.,True,model_contract,"RPP-MODEL-117: kod mijenja javni/serijalizovani model iz 'status' u 'status:integer' (serialized_field_type_change), dok docs-before eksplicitno navodi staru vrijednost; dokumentacija bi zato postala zastarjela.",approved,00222e7e71789550ddf64e850886d8c5921f9f6f4203d944122bb0267ff02f41,b605740da04820fa17748f0375de71ae0c03e0351f555b1cf0b84751108dc7cd,model_contract,rbi_related_parties_portal,serialized_field_type_change,cases/patches/rbi_related_parties_portal/model_contract/RPP-MODEL-117.patch
CRPP2-RPP-MODEL_CONTRACT-118,controlled-v2/rbi-related-parties-portal-copy,9400993,typescript,"[""src/Web/src/docguard-contract-lab-v2/model_contract/contracts_02.schema.json""]","--- a/src/Web/src/docguard-contract-lab-v2/model_contract/contracts_02.schema.json
+++ b/src/Web/src/docguard-contract-lab-v2/model_contract/contracts_02.schema.json
@@ -236,7 +236,8 @@
       },
       ""required"": [
         ""id"",
-        ""status""
+        ""status"",
+        ""score""
       ],
       ""title"": ""RPPPublicContract118"",
       ""type"": ""object""
","<!-- docs/docguard-contract-lab-v2/MODEL_CONTRACTS.md @ controlled-baseline:b833cf74b1013c49 -->
### RPP-MODEL-118 — `RPPPublicContract118`
- Serialized type: `object`
- Required fields: `id, status`
- `id`: `string(uuid)`
- `status`: `string`, allowed values `active|inactive`
- `score`: `integer`, minimum `0`
- `metadata`: `object`, additional properties allowed
",True,model_contract,Controlled design expectation: model_contract; independent human/owner acceptance still required before merge.,True,model_contract,"RPP-MODEL-118: kod mijenja javni/serijalizovani model iz 'id, status' u 'id, status, score' (required_field_change), dok docs-before eksplicitno navodi staru vrijednost; dokumentacija bi zato postala zastarjela.",approved,5372bca98788c160bd4b465ffa66d3ec204802b13d959e2841ffbe3220defa47,14cb720044619ed8162faf1515e5cfca006daa643ab5a739bc51d086f9c830a4,model_contract,rbi_related_parties_portal,required_field_change,cases/patches/rbi_related_parties_portal/model_contract/RPP-MODEL-118.patch
CRPP2-RPP-MODEL_CONTRACT-119,controlled-v2/rbi-related-parties-portal-copy,9400994,typescript,"[""src/Web/src/docguard-contract-lab-v2/model_contract/contracts_02.schema.json""]","--- a/src/Web/src/docguard-contract-lab-v2/model_contract/contracts_02.schema.json
+++ b/src/Web/src/docguard-contract-lab-v2/model_contract/contracts_02.schema.json
@@ -251,6 +251,10 @@
         ""metadata"": {
           ""additionalProperties"": true,
           ""type"": ""object""
+        },
+        ""revision"": {
+          ""minimum"": 1,
+          ""type"": ""integer""
         },
         ""score"": {
           ""minimum"": 0,
","<!-- docs/docguard-contract-lab-v2/MODEL_CONTRACTS.md @ controlled-baseline:b833cf74b1013c49 -->
### RPP-MODEL-119 — `RPPPublicContract119`
- Serialized type: `object`
- Required fields: `id, status`
- `id`: `string(uuid)`
- `status`: `string`, allowed values `active|inactive`
- `score`: `integer`, minimum `0`
- `metadata`: `object`, additional properties allowed
",True,model_contract,Controlled design expectation: model_contract; independent human/owner acceptance still required before merge.,True,model_contract,"RPP-MODEL-119: kod mijenja javni/serijalizovani model iz 'metadata' u 'revision:integer (new field)' (serialized_field_added), dok docs-before eksplicitno navodi staru vrijednost; dokumentacija bi zato postala zastarjela.",approved,e32b23db933b6e0b0f148037b34979e5c6b47a41f7c79f274a47ebea56798fa8,e6cade963f46f9ca8a6472a83229f7a5976d16a27709c089bcab022098be5bfd,model_contract,rbi_related_parties_portal,serialized_field_added,cases/patches/rbi_related_parties_portal/model_contract/RPP-MODEL-119.patch
CRPP2-RPP-MODEL_CONTRACT-120,controlled-v2/rbi-related-parties-portal-copy,9400995,typescript,"[""src/Web/src/docguard-contract-lab-v2/model_contract/contracts_02.schema.json""]","--- a/src/Web/src/docguard-contract-lab-v2/model_contract/contracts_02.schema.json
+++ b/src/Web/src/docguard-contract-lab-v2/model_contract/contracts_02.schema.json
@@ -274,13 +274,13 @@
     {
       ""contractId"": ""RPP-MODEL-120"",
       ""properties"": {
-        ""id"": {
-          ""format"": ""uuid"",
-          ""type"": ""string""
-        },
-        ""metadata"": {
-          ""additionalProperties"": true,
-          ""type"": ""object""
+        ""attributes"": {
+          ""additionalProperties"": true,
+          ""type"": ""object""
+        },
+        ""id"": {
+          ""format"": ""uuid"",
+          ""type"": ""string""
         },
         ""score"": {
           ""minimum"": 0,
","<!-- docs/docguard-contract-lab-v2/MODEL_CONTRACTS.md @ controlled-baseline:b833cf74b1013c49 -->
### RPP-MODEL-120 — `RPPPublicContract120`
- Serialized type: `object`
- Required fields: `id, status`
- `id`: `string(uuid)`
- `status`: `string`, allowed values `active|inactive`
- `score`: `integer`, minimum `0`
- `metadata`: `object`, additional properties allowed
",True,model_contract,Controlled design expectation: model_contract; independent human/owner acceptance still required before merge.,True,model_contract,"RPP-MODEL-120: kod mijenja javni/serijalizovani model iz 'metadata' u 'attributes' (serialized_field_rename), dok docs-before eksplicitno navodi staru vrijednost; dokumentacija bi zato postala zastarjela.",approved,62d5a0a3ab0b7170f42946abafca5ba3e56f3199834b029d03b527422c2952d8,c57d8bb7d6dbb9c20f9e7789c735a8d0c1537e5362089d732aa981456b21859b,model_contract,rbi_related_parties_portal,serialized_field_rename,cases/patches/rbi_related_parties_portal/model_contract/RPP-MODEL-120.patch
CRPP2-RPP-MODEL_CONTRACT-121,controlled-v2/rbi-related-parties-portal-copy,9400996,typescript,"[""src/Web/src/docguard-contract-lab-v2/model_contract/contracts_03.schema.json""]","--- a/src/Web/src/docguard-contract-lab-v2/model_contract/contracts_03.schema.json
+++ b/src/Web/src/docguard-contract-lab-v2/model_contract/contracts_03.schema.json
@@ -17,11 +17,8 @@
           ""type"": ""integer""
         },
         ""status"": {
-          ""enum"": [
-            ""active"",
-            ""inactive""
-          ],
-          ""type"": ""string""
+          ""minimum"": 0,
+          ""type"": ""integer""
         }
       },
       ""required"": [
","<!-- docs/docguard-contract-lab-v2/MODEL_CONTRACTS.md @ controlled-baseline:b833cf74b1013c49 -->
### RPP-MODEL-121 — `RPPPublicContract121`
- Serialized type: `object`
- Required fields: `id, status`
- `id`: `string(uuid)`
- `status`: `string`, allowed values `active|inactive`
- `score`: `integer`, minimum `0`
- `metadata`: `object`, additional properties allowed
",True,model_contract,Controlled design expectation: model_contract; independent human/owner acceptance still required before merge.,True,model_contract,"RPP-MODEL-121: kod mijenja javni/serijalizovani model iz 'status' u 'status:integer' (serialized_field_type_change), dok docs-before eksplicitno navodi staru vrijednost; dokumentacija bi zato postala zastarjela.",approved,de245ee7801f5eae5cb55dca3a075e8d30ec976068e0c92f9b1b37921bffaafe,30885680b9904619ca9486f34ccb451b293211bec7570e05c60a49a6dcca6073,model_contract,rbi_related_parties_portal,serialized_field_type_change,cases/patches/rbi_related_parties_portal/model_contract/RPP-MODEL-121.patch
CRPP2-RPP-MODEL_CONTRACT-122,controlled-v2/rbi-related-parties-portal-copy,9400997,typescript,"[""src/Web/src/docguard-contract-lab-v2/model_contract/contracts_03.schema.json""]","--- a/src/Web/src/docguard-contract-lab-v2/model_contract/contracts_03.schema.json
+++ b/src/Web/src/docguard-contract-lab-v2/model_contract/contracts_03.schema.json
@@ -56,7 +56,8 @@
       },
       ""required"": [
         ""id"",
-        ""status""
+        ""status"",
+        ""score""
       ],
       ""title"": ""RPPPublicContract122"",
       ""type"": ""object""
","<!-- docs/docguard-contract-lab-v2/MODEL_CONTRACTS.md @ controlled-baseline:b833cf74b1013c49 -->
### RPP-MODEL-122 — `RPPPublicContract122`
- Serialized type: `object`
- Required fields: `id, status`
- `id`: `string(uuid)`
- `status`: `string`, allowed values `active|inactive`
- `score`: `integer`, minimum `0`
- `metadata`: `object`, additional properties allowed
",True,model_contract,Controlled design expectation: model_contract; independent human/owner acceptance still required before merge.,True,model_contract,"RPP-MODEL-122: kod mijenja javni/serijalizovani model iz 'id, status' u 'id, status, score' (required_field_change), dok docs-before eksplicitno navodi staru vrijednost; dokumentacija bi zato postala zastarjela.",approved,565c063a84bab5c49ca791e549a375c6b91a3eb21e8dba46b4459676c60dd7f4,fa0529c18a8c4673b41e5e57f97b585a2adcef29ee6d4d7045c2ce92a30e135f,model_contract,rbi_related_parties_portal,required_field_change,cases/patches/rbi_related_parties_portal/model_contract/RPP-MODEL-122.patch
CRPP2-RPP-MODEL_CONTRACT-123,controlled-v2/rbi-related-parties-portal-copy,9400998,typescript,"[""src/Web/src/docguard-contract-lab-v2/model_contract/contracts_03.schema.json""]","--- a/src/Web/src/docguard-contract-lab-v2/model_contract/contracts_03.schema.json
+++ b/src/Web/src/docguard-contract-lab-v2/model_contract/contracts_03.schema.json
@@ -71,6 +71,10 @@
         ""metadata"": {
           ""additionalProperties"": true,
           ""type"": ""object""
+        },
+        ""revision"": {
+          ""minimum"": 1,
+          ""type"": ""integer""
         },
         ""score"": {
           ""minimum"": 0,
","<!-- docs/docguard-contract-lab-v2/MODEL_CONTRACTS.md @ controlled-baseline:b833cf74b1013c49 -->
### RPP-MODEL-123 — `RPPPublicContract123`
- Serialized type: `object`
- Required fields: `id, status`
- `id`: `string(uuid)`
- `status`: `string`, allowed values `active|inactive`
- `score`: `integer`, minimum `0`
- `metadata`: `object`, additional properties allowed
",True,model_contract,Controlled design expectation: model_contract; independent human/owner acceptance still required before merge.,True,model_contract,"RPP-MODEL-123: kod mijenja javni/serijalizovani model iz 'metadata' u 'revision:integer (new field)' (serialized_field_added), dok docs-before eksplicitno navodi staru vrijednost; dokumentacija bi zato postala zastarjela.",approved,125b324ae983e23b5be58cccef94180e3b11e371be41bcceba8abed5fd64cbc5,d8671cc1e752f1e3134320ab5edd7a1692658c40bb8ccddb6285e3a92064c79f,model_contract,rbi_related_parties_portal,serialized_field_added,cases/patches/rbi_related_parties_portal/model_contract/RPP-MODEL-123.patch
CRPP2-RPP-MODEL_CONTRACT-124,controlled-v2/rbi-related-parties-portal-copy,9400999,typescript,"[""src/Web/src/docguard-contract-lab-v2/model_contract/contracts_03.schema.json""]","--- a/src/Web/src/docguard-contract-lab-v2/model_contract/contracts_03.schema.json
+++ b/src/Web/src/docguard-contract-lab-v2/model_contract/contracts_03.schema.json
@@ -94,13 +94,13 @@
     {
       ""contractId"": ""RPP-MODEL-124"",
       ""properties"": {
-        ""id"": {
-          ""format"": ""uuid"",
-          ""type"": ""string""
-        },
-        ""metadata"": {
-          ""additionalProperties"": true,
-          ""type"": ""object""
+        ""attributes"": {
+          ""additionalProperties"": true,
+          ""type"": ""object""
+        },
+        ""id"": {
+          ""format"": ""uuid"",
+          ""type"": ""string""
         },
         ""score"": {
           ""minimum"": 0,
","<!-- docs/docguard-contract-lab-v2/MODEL_CONTRACTS.md @ controlled-baseline:b833cf74b1013c49 -->
### RPP-MODEL-124 — `RPPPublicContract124`
- Serialized type: `object`
- Required fields: `id, status`
- `id`: `string(uuid)`
- `status`: `string`, allowed values `active|inactive`
- `score`: `integer`, minimum `0`
- `metadata`: `object`, additional properties allowed
",True,model_contract,Controlled design expectation: model_contract; independent human/owner acceptance still required before merge.,True,model_contract,"RPP-MODEL-124: kod mijenja javni/serijalizovani model iz 'metadata' u 'attributes' (serialized_field_rename), dok docs-before eksplicitno navodi staru vrijednost; dokumentacija bi zato postala zastarjela.",approved,93357b1ae146d40a42ae065a93d9840c497828de3459cee56fc031e0fe6a5578,9af23fcb9004a6e9366637e6823d2a40908bee41d3ebbcd5b54a2df983179bcd,model_contract,rbi_related_parties_portal,serialized_field_rename,cases/patches/rbi_related_parties_portal/model_contract/RPP-MODEL-124.patch
CRPP2-RPP-MODEL_CONTRACT-125,controlled-v2/rbi-related-parties-portal-copy,9401000,typescript,"[""src/Web/src/docguard-contract-lab-v2/model_contract/contracts_03.schema.json""]","--- a/src/Web/src/docguard-contract-lab-v2/model_contract/contracts_03.schema.json
+++ b/src/Web/src/docguard-contract-lab-v2/model_contract/contracts_03.schema.json
@@ -137,11 +137,8 @@
           ""type"": ""integer""
         },
         ""status"": {
-          ""enum"": [
-            ""active"",
-            ""inactive""
-          ],
-          ""type"": ""string""
+          ""minimum"": 0,
+          ""type"": ""integer""
         }
       },
       ""required"": [
","<!-- docs/docguard-contract-lab-v2/MODEL_CONTRACTS.md @ controlled-baseline:b833cf74b1013c49 -->
### RPP-MODEL-125 — `RPPPublicContract125`
- Serialized type: `object`
- Required fields: `id, status`
- `id`: `string(uuid)`
- `status`: `string`, allowed values `active|inactive`
- `score`: `integer`, minimum `0`
- `metadata`: `object`, additional properties allowed
",True,model_contract,Controlled design expectation: model_contract; independent human/owner acceptance still required before merge.,True,model_contract,"RPP-MODEL-125: kod mijenja javni/serijalizovani model iz 'status' u 'status:integer' (serialized_field_type_change), dok docs-before eksplicitno navodi staru vrijednost; dokumentacija bi zato postala zastarjela.",approved,91d6203a030fc7ffe611d16347ee98e04ad03875933c231f23437727134f0bcd,fffc7aa52e1d7f400120c2b89e627daff9c70ff80d2ed0d3746cac65a8c98645,model_contract,rbi_related_parties_portal,serialized_field_type_change,cases/patches/rbi_related_parties_portal/model_contract/RPP-MODEL-125.patch
